# Blender 5.0.1
# www.blender.org
mtllib Arrow.mtl
o Arrow
v -36.135201 0.670700 0.594200
v -36.213299 0.680000 0.605500
v -36.136200 0.652700 0.649200
v -36.066200 0.649900 0.616100
v -36.341499 0.685000 0.615000
v -36.247200 0.654400 0.670300
v -36.037899 0.617300 0.689900
v -35.981800 0.617100 0.641900
v -36.129200 0.614100 0.725700
v -36.514702 0.681500 0.617800
v -36.728802 0.669100 0.615700
v -36.616600 0.634900 0.683000
v -36.406399 0.648900 0.681200
v -36.468800 0.583200 0.758800
v -36.266800 0.602900 0.749600
v -36.084999 0.398000 0.921000
v -35.956501 0.479500 0.873700
v -36.108002 0.542900 0.818100
v -36.294701 0.510400 0.838100
v -35.891399 0.518000 0.817800
v -36.004700 0.566600 0.777000
v -35.855000 0.536700 0.753000
v -35.836601 0.543900 0.680000
v -35.903999 0.579400 0.663500
v -35.940800 0.576700 0.725400
v 20.770500 0.488800 0.331700
v 20.770500 0.518100 0.421900
v 20.866501 0.534700 0.422300
v 20.866501 0.504100 0.332300
v 20.770500 0.527900 0.515000
v 20.866501 0.544900 0.515000
v 20.976101 0.555200 0.422700
v 20.976101 0.522800 0.333100
v 20.976000 0.566000 0.515000
v 20.770500 0.518100 0.608200
v 20.770500 0.488800 0.698400
v 20.866501 0.504100 0.697800
v 20.866501 0.534700 0.607800
v 20.976000 0.522800 0.697000
v 20.976000 0.555200 0.607400
v 21.186899 0.560600 0.695500
v 21.187000 0.596400 0.606500
v 21.086901 0.576700 0.606900
v 21.086800 0.542500 0.696200
v 21.187201 0.608400 0.515100
v 21.087000 0.588100 0.515000
v 21.187401 0.596500 0.423600
v 21.187599 0.560700 0.334600
v 21.087099 0.542600 0.333900
v 21.087000 0.576700 0.423200
v 34.722000 0.615200 0.876300
v 34.409801 1.051200 0.788900
v 33.617699 1.051200 0.850000
v 33.742699 0.645700 0.924000
v 34.159500 1.450000 0.718200
v 33.438099 1.459900 0.768400
v 32.521599 1.051100 0.873800
v 32.595100 0.652000 0.942300
v 32.425999 1.459900 0.791600
v 33.881401 1.779200 0.661400
v 33.616901 1.981900 0.622600
v 33.125900 2.073800 0.627800
v 33.250401 1.808300 0.694300
v 32.255100 2.121300 0.631000
v 32.328499 1.829600 0.707900
v 29.533100 1.936900 0.640600
v 29.554199 1.666600 0.721500
v 31.087799 1.786000 0.715300
v 31.047199 2.077600 0.634700
v 29.579599 1.327300 0.806900
v 31.136700 1.420400 0.801700
v 29.605000 0.958100 0.886700
v 29.626301 0.598400 0.950900
v 31.226299 0.637400 0.949100
v 31.185499 1.023300 0.883200
v 29.533800 1.937000 0.389500
v 29.521000 2.099200 0.455900
v 31.023001 2.252700 0.459400
v 31.047400 2.077700 0.395400
v 29.516600 2.153200 0.515100
v 31.014700 2.311000 0.515000
v 32.232300 2.296400 0.460900
v 32.255199 2.121300 0.399100
v 32.233501 2.354800 0.515000
v 29.520599 2.099100 0.574200
v 31.022800 2.252600 0.570700
v 32.232300 2.296400 0.569200
v 33.789501 2.066400 0.576700
v 33.135799 2.233300 0.569400
v 33.873600 2.108100 0.515000
v 33.174400 2.286500 0.515000
v 33.789501 2.066400 0.453400
v 33.616901 1.981900 0.407500
v 33.125900 2.073800 0.402300
v 33.135799 2.233300 0.460700
v 20.770500 0.440000 0.782700
v 20.866501 0.453000 0.782100
v 20.770500 0.374400 0.857900
v 20.866501 0.384500 0.857300
v 20.976000 0.468900 0.781200
v 20.976000 0.396900 0.856700
v 20.770500 0.294700 0.920700
v 20.770500 0.203700 0.967900
v 20.866501 0.208000 0.967700
v 20.866501 0.301800 0.920300
v 20.976000 0.213100 0.967500
v 20.976000 0.310500 0.919900
v 21.187300 0.223400 0.967000
v 21.187099 0.327800 0.919000
v 21.087000 0.319500 0.919400
v 21.087000 0.218500 0.967200
v 21.187000 0.421700 0.855300
v 21.086901 0.409900 0.856000
v 21.186899 0.500800 0.779700
v 21.086800 0.485500 0.780400
v -35.869301 0.331400 0.951100
v -35.838501 0.423300 0.903400
v -35.758202 0.283800 0.963500
v -35.750500 0.376000 0.916100
v -35.807201 0.474500 0.841700
v -35.742699 0.437200 0.853400
v -35.688702 0.248000 0.967800
v -35.631599 0.223100 0.968000
v -35.631599 0.312700 0.920900
v -35.688702 0.339100 0.920600
v -35.631699 0.385200 0.858200
v -35.688702 0.407200 0.857700
v -35.631802 0.480500 0.698800
v -35.688801 0.487900 0.698200
v -35.688801 0.455600 0.782500
v -35.631699 0.441000 0.783100
v -35.736801 0.499800 0.695800
v -35.738602 0.476300 0.779000
v -35.783501 0.517900 0.690300
v -35.790798 0.503300 0.770000
v 20.700199 0.479600 0.698900
v 20.700199 0.432100 0.783200
v 20.214701 0.475000 0.699100
v 20.214701 0.428100 0.783500
v 20.700199 0.368200 0.858300
v 20.214701 0.364900 0.858500
v 18.873199 0.473400 0.699300
v 16.235001 0.473300 0.699300
v 16.235001 0.426500 0.783700
v 18.873199 0.426600 0.783600
v 16.235100 0.363400 0.858700
v 18.873199 0.363700 0.858700
v 16.235100 0.198400 0.968200
v 18.873301 0.198700 0.968100
v 18.873301 0.286900 0.921200
v 16.235100 0.286600 0.921200
v 20.214701 0.199400 0.968100
v 20.214701 0.287900 0.921100
v 20.700199 0.200900 0.968000
v 20.700199 0.290300 0.921000
v -35.557899 0.432200 0.783500
v -35.557999 0.476200 0.699200
v -35.557800 0.372000 0.858600
v -35.041302 0.427800 0.783700
v -35.041500 0.474000 0.699400
v -35.041100 0.365400 0.858700
v -35.557598 0.208200 0.968100
v -35.557701 0.296900 0.921200
v -35.040798 0.200700 0.968200
v -35.040901 0.289000 0.921300
v -30.975000 0.198200 0.968200
v -30.975201 0.286300 0.921300
v -33.655399 0.286300 0.921300
v -33.655201 0.198200 0.968200
v -30.975401 0.363200 0.858800
v -33.655602 0.363200 0.858800
v -30.975700 0.426300 0.783800
v -30.976101 0.473200 0.699400
v -33.656200 0.473200 0.699400
v -33.655899 0.426300 0.783800
v -36.098801 -0.640200 0.592900
v -36.039902 -0.627800 0.620500
v -36.120701 -0.639700 0.649900
v -36.184200 -0.655600 0.601600
v -35.967098 -0.604800 0.651800
v -36.030800 -0.611300 0.693600
v -36.238400 -0.647100 0.669200
v -36.322102 -0.668700 0.610800
v -36.126202 -0.611500 0.726300
v -35.896301 -0.572900 0.671900
v -35.832802 -0.540600 0.684200
v -35.853500 -0.535400 0.754700
v -35.937698 -0.574100 0.728800
v -35.890999 -0.517700 0.818300
v -36.003899 -0.565900 0.777900
v -36.084999 -0.398000 0.921000
v -36.294701 -0.510400 0.838100
v -36.108002 -0.542900 0.818100
v -35.956501 -0.479500 0.873700
v -36.468201 -0.582700 0.758700
v -36.265701 -0.601900 0.749300
v -36.614300 -0.632900 0.682400
v -36.723000 -0.664300 0.614100
v -36.503101 -0.671700 0.614700
v -36.401798 -0.645000 0.680000
v 35.580002 -0.357600 0.858800
v 35.515701 -0.357600 0.858800
v 35.515701 -0.455100 0.702500
v 35.580002 -0.455100 0.702500
v 35.396599 -0.380200 0.860600
v 35.416698 -0.482600 0.703700
v 35.515598 -0.487600 0.515000
v 35.579899 -0.487600 0.515000
v 35.428398 -0.516400 0.515000
v 35.172199 -0.447900 0.866000
v 34.722000 -0.615200 0.876300
v 35.049301 -0.748800 0.699700
v 35.252399 -0.565300 0.707400
v 35.137798 -0.784400 0.515000
v 35.299198 -0.602700 0.515000
v 34.722000 -0.615200 0.153800
v 35.172199 -0.447900 0.164100
v 35.252399 -0.565300 0.322700
v 35.049301 -0.748800 0.330400
v 35.396599 -0.380200 0.169500
v 35.416698 -0.482600 0.326300
v 35.515598 -0.357600 0.171300
v 35.579899 -0.357600 0.171300
v 35.579899 -0.455100 0.327500
v 35.515598 -0.455100 0.327500
v 29.532700 -1.936800 0.389500
v 29.520100 -2.099000 0.455900
v 27.737900 -1.832900 0.450100
v 27.743200 -1.693000 0.379600
v 29.515900 -2.153100 0.515000
v 27.736200 -1.879600 0.515000
v 25.880800 -1.509100 0.443100
v 25.882401 -1.396500 0.367800
v 25.880501 -1.546700 0.515000
v 29.520201 -2.099000 0.574200
v 29.533001 -1.936900 0.640600
v 27.743900 -1.693100 0.650500
v 27.738199 -1.833000 0.580000
v 25.883499 -1.396600 0.662300
v 25.881300 -1.509200 0.587000
v 22.763500 -0.845600 0.684200
v 22.762800 -0.907600 0.599800
v 24.154600 -1.182500 0.594000
v 24.155399 -1.097400 0.674200
v 22.762300 -0.928300 0.515000
v 24.154100 -1.210800 0.515000
v 22.762100 -0.907500 0.430200
v 22.761999 -0.845500 0.345900
v 24.154100 -1.097200 0.355900
v 24.153900 -1.182400 0.436100
v 33.742699 -0.645700 0.924000
v 33.617699 -1.051200 0.850000
v 34.409801 -1.051200 0.788900
v 32.595100 -0.652000 0.942300
v 32.521599 -1.051100 0.873800
v 33.438099 -1.459800 0.768400
v 34.159500 -1.450000 0.718200
v 32.426102 -1.459900 0.791600
v 31.226299 -0.637400 0.949100
v 29.626301 -0.598400 0.950900
v 29.605101 -0.958100 0.886700
v 31.185600 -1.023300 0.883200
v 29.579700 -1.327300 0.806900
v 31.136700 -1.420400 0.801700
v 31.047100 -2.077600 0.634700
v 31.087799 -1.786000 0.715300
v 29.554199 -1.666500 0.721500
v 32.255100 -2.121300 0.631000
v 32.328499 -1.829500 0.707900
v 33.125900 -2.073700 0.627800
v 33.616901 -1.981800 0.622600
v 33.881401 -1.779200 0.661400
v 33.250401 -1.808300 0.694300
v 33.135799 -2.233200 0.569400
v 33.789501 -2.066400 0.576700
v 32.232201 -2.296400 0.569200
v 33.174400 -2.286500 0.515000
v 33.873600 -2.108000 0.515000
v 32.233398 -2.354800 0.515000
v 31.022699 -2.252600 0.570700
v 31.014500 -2.310900 0.515000
v 31.047001 -2.077600 0.395400
v 31.022600 -2.252600 0.459400
v 32.255100 -2.121300 0.399100
v 32.232201 -2.296400 0.460900
v 33.125900 -2.073700 0.402300
v 33.616901 -1.981800 0.407500
v 33.789501 -2.066400 0.453400
v 33.135799 -2.233200 0.460700
v 20.770500 -0.488800 0.698400
v 20.866501 -0.504100 0.697800
v 20.866501 -0.453000 0.782100
v 20.770500 -0.440000 0.782700
v 20.976000 -0.522800 0.697000
v 20.976000 -0.468900 0.781200
v 20.866501 -0.384500 0.857300
v 20.770500 -0.374400 0.857900
v 20.976000 -0.396900 0.856700
v 21.086800 -0.542500 0.696200
v 21.186701 -0.560600 0.695500
v 21.186899 -0.500800 0.779700
v 21.086901 -0.485500 0.780400
v 21.187099 -0.421700 0.855300
v 21.086901 -0.409900 0.856000
v 21.187300 -0.223400 0.967000
v 21.087000 -0.218500 0.967200
v 21.087000 -0.319500 0.919400
v 21.187201 -0.327800 0.919000
v 20.976101 -0.213100 0.967500
v 20.976000 -0.310500 0.919900
v 20.866501 -0.208000 0.967700
v 20.770500 -0.203700 0.967900
v 20.770500 -0.294700 0.920700
v 20.866501 -0.301800 0.920300
v -35.838501 -0.423300 0.903400
v -35.869301 -0.331400 0.951100
v -35.806999 -0.474400 0.841900
v -35.750500 -0.376000 0.916100
v -35.758202 -0.283800 0.963500
v -35.742599 -0.437200 0.853400
v -35.781898 -0.516600 0.691900
v -35.790199 -0.502800 0.770700
v -35.736401 -0.499400 0.696300
v -35.738400 -0.476200 0.779200
v -35.631802 -0.480500 0.698800
v -35.631699 -0.441000 0.783100
v -35.688801 -0.455600 0.782500
v -35.688801 -0.487900 0.698200
v -35.631699 -0.385200 0.858200
v -35.688702 -0.407200 0.857700
v -35.631599 -0.312700 0.920900
v -35.631599 -0.223100 0.968000
v -35.688702 -0.248000 0.967800
v -35.688702 -0.339100 0.920600
v 20.700199 -0.432100 0.783200
v 20.700199 -0.479600 0.698900
v 20.700199 -0.368200 0.858300
v 20.214701 -0.428100 0.783500
v 20.214701 -0.475000 0.699100
v 20.214701 -0.364900 0.858500
v 20.700199 -0.200900 0.968000
v 20.700199 -0.290300 0.921000
v 20.214701 -0.199400 0.968100
v 20.214701 -0.287900 0.921100
v 16.235100 -0.198400 0.968200
v 16.235100 -0.286600 0.921200
v 18.873301 -0.286900 0.921200
v 18.873301 -0.198700 0.968100
v 16.235100 -0.363400 0.858700
v 18.873199 -0.363700 0.858700
v 16.235001 -0.426500 0.783700
v 16.235001 -0.473300 0.699300
v 18.873199 -0.473400 0.699300
v 18.873199 -0.426600 0.783600
v -35.557999 -0.476200 0.699200
v -35.557899 -0.432200 0.783500
v -35.041500 -0.474000 0.699400
v -35.041302 -0.427800 0.783700
v -35.557800 -0.372000 0.858600
v -35.041100 -0.365400 0.858700
v -33.656200 -0.473200 0.699400
v -30.976101 -0.473200 0.699400
v -30.975700 -0.426300 0.783800
v -33.655899 -0.426300 0.783800
v -30.975401 -0.363200 0.858800
v -33.655602 -0.363200 0.858800
v -30.974899 -0.198200 0.968200
v -33.655201 -0.198200 0.968200
v -33.655399 -0.286300 0.921300
v -30.975100 -0.286300 0.921300
v -35.040798 -0.200700 0.968200
v -35.040901 -0.289000 0.921300
v -35.557598 -0.208200 0.968100
v -35.557701 -0.296900 0.921200
v -35.632099 -0.480500 0.331300
v -35.632000 -0.504300 0.421700
v -35.688900 -0.507200 0.422000
v -35.688900 -0.487900 0.331900
v -35.632000 -0.512200 0.515000
v -35.688900 -0.513700 0.515000
v -35.738300 -0.513600 0.424900
v -35.741600 -0.499900 0.335800
v -35.735199 -0.517800 0.516300
v -35.631901 -0.504300 0.608400
v -35.688801 -0.507200 0.608100
v -35.734901 -0.513200 0.607700
v -35.817902 -0.541700 0.607800
v -35.776001 -0.524100 0.607600
v -35.817902 -0.542000 0.529000
v -35.777000 -0.526600 0.520200
v -35.842201 -0.544900 0.451200
v -35.901402 -0.550400 0.370000
v -35.802700 -0.518500 0.345900
v -35.789600 -0.525700 0.432500
v -35.866501 -0.568100 0.608500
v -35.922699 -0.595400 0.601700
v -35.861801 -0.565900 0.544900
v -35.907799 -0.587500 0.560200
v -36.074699 -0.634900 0.557300
v -35.987499 -0.616300 0.579200
v -36.035702 -0.618600 0.507000
v -35.945499 -0.599800 0.532600
v -35.895599 -0.572800 0.487200
v -35.980900 -0.589400 0.447500
v 35.984299 -0.357600 0.858800
v 36.216202 -0.357600 0.858800
v 36.216099 -0.195000 0.952500
v 35.984299 -0.195000 0.952500
v 36.501301 -0.357600 0.858800
v 36.501202 -0.195000 0.952500
v 36.216099 0.000000 0.983800
v 35.984299 0.000000 0.983800
v 36.501202 0.000000 0.983800
v 36.821899 -0.357600 0.858800
v 37.160400 -0.357600 0.858800
v 37.160301 -0.195000 0.952500
v 36.821899 -0.195000 0.952500
v 37.160301 0.000000 0.983800
v 36.821899 0.000000 0.983800
v 37.160599 0.357600 0.858800
v 36.822102 0.357600 0.858800
v 36.821899 0.195000 0.952500
v 37.160400 0.195000 0.952500
v 36.501301 0.357600 0.858800
v 36.501202 0.195000 0.952500
v 36.216099 0.357600 0.858800
v 35.984200 0.357600 0.858800
v 35.984299 0.195000 0.952500
v 36.216099 0.195000 0.952500
v -36.097401 -0.199100 0.959000
v -36.445900 -0.190400 0.924400
v -36.491100 -0.356500 0.889200
v -36.100201 0.000000 0.969700
v -36.441299 0.000000 0.935200
v -36.885101 -0.168500 0.880500
v -36.924702 -0.319000 0.849400
v -36.874500 0.000000 0.890600
v -36.097401 0.199100 0.959000
v -36.491100 0.356500 0.889200
v -36.445900 0.190400 0.924400
v -36.924702 0.319000 0.849400
v -36.885101 0.168500 0.880500
v -37.877300 0.242900 0.757300
v -37.884701 0.126000 0.777400
v -37.370800 0.147400 0.830600
v -37.391102 0.281600 0.804700
v -37.887199 0.000000 0.784100
v -37.364101 0.000000 0.839300
v -37.884701 -0.125900 0.777400
v -37.877300 -0.242800 0.757300
v -37.391102 -0.281500 0.804700
v -37.370800 -0.147300 0.830600
v -35.883701 -0.180400 0.980700
v -35.761799 -0.151800 0.992200
v -35.886902 0.000000 0.991000
v -35.762600 0.000000 1.001900
v -35.631500 -0.115900 0.996200
v -35.688702 -0.130600 0.996200
v -35.631500 0.000000 1.005600
v -35.688702 0.000000 1.005600
v -35.688702 0.130600 0.996200
v -35.631500 0.115900 0.996200
v -35.761799 0.151800 0.992200
v -35.883701 0.180400 0.980700
v 31.250700 -0.305200 0.988700
v 29.639000 -0.287100 0.989400
v 32.626400 -0.311400 0.985100
v 31.258900 0.000000 1.001900
v 29.643200 0.000000 1.002200
v 32.631401 0.000000 1.000100
v 34.615601 -0.285700 0.964200
v 33.766399 -0.306300 0.975200
v 34.587399 0.000000 0.989600
v 33.752899 0.000000 0.995100
v 33.766399 0.306300 0.975200
v 34.615601 0.285700 0.964200
v 32.626400 0.311400 0.985100
v 29.639000 0.287100 0.989400
v 31.250700 0.305200 0.988700
v 20.770500 -0.104000 0.996200
v 20.700199 -0.102700 0.996200
v 20.770500 0.000000 1.005600
v 20.700199 0.000000 1.005600
v 20.214701 -0.101900 0.996300
v 20.214701 0.000000 1.005700
v 20.770500 0.104000 0.996200
v 20.700199 0.102700 0.996200
v 20.214701 0.101900 0.996300
v 16.235100 0.101400 0.996300
v 18.873301 0.101600 0.996300
v 16.235100 0.000000 1.005700
v 18.873301 0.000000 1.005700
v 16.235100 -0.101400 0.996300
v 18.873301 -0.101600 0.996300
v 20.866501 -0.106000 0.996100
v 20.976101 -0.108400 0.996000
v 20.866501 0.000000 1.005600
v 20.976101 0.000000 1.005500
v 21.187401 -0.113200 0.995800
v 21.087099 -0.110900 0.995900
v 21.187401 0.000000 1.005400
v 21.087099 0.000000 1.005500
v 21.087000 0.110900 0.995900
v 21.187401 0.113200 0.995800
v 20.976101 0.108400 0.996000
v 20.866501 0.106000 0.996100
v -35.557499 -0.107100 0.996300
v -35.040699 -0.102800 0.996300
v -35.557499 0.000000 1.005700
v -35.040699 0.000000 1.005700
v -30.974800 -0.101300 0.996300
v -33.655102 -0.101300 0.996300
v -30.974800 0.000000 1.005700
v -33.655102 0.000000 1.005700
v -33.655102 0.101300 0.996300
v -30.974800 0.101300 0.996300
v -35.040699 0.102800 0.996300
v -35.557499 0.107100 0.996300
v 35.118999 -0.245300 0.957400
v 35.383301 -0.207600 0.953700
v 35.099098 0.000000 0.986200
v 35.378300 0.000000 0.984400
v 35.580002 -0.195000 0.952500
v 35.515701 -0.195000 0.952500
v 35.579899 0.000000 0.983800
v 35.515701 0.000000 0.983800
v 35.579899 0.357600 0.858800
v 35.515598 0.357600 0.858800
v 35.515598 0.195000 0.952500
v 35.579899 0.195000 0.952500
v 35.396599 0.380200 0.860600
v 35.383301 0.207600 0.953700
v 35.172199 0.447900 0.866000
v 35.118999 0.245300 0.957400
v -39.477299 0.129800 0.454300
v -39.644001 0.121600 0.486800
v -39.322399 0.214600 0.487800
v -39.199600 0.219300 0.457200
v -39.699501 0.118900 0.515000
v -39.363300 0.213100 0.515000
v -38.914398 0.320600 0.487800
v -38.836201 0.317900 0.457800
v -38.940498 0.321500 0.515000
v -39.644001 0.121600 0.543300
v -39.477299 0.129800 0.575800
v -39.199600 0.219300 0.572900
v -39.322399 0.214600 0.542300
v -38.836201 0.317900 0.572300
v -38.914398 0.320600 0.542300
v -37.983700 0.501600 0.585800
v -38.020100 0.520600 0.548200
v -38.462299 0.426800 0.544600
v -38.412701 0.415300 0.577500
v -38.032299 0.527000 0.515000
v -38.478901 0.430600 0.515000
v -38.020100 0.520600 0.481900
v -37.983700 0.501600 0.444300
v -38.412701 0.415300 0.452600
v -38.462299 0.426800 0.485500
v 16.234800 0.473300 0.330700
v 11.858900 0.473300 0.330700
v 11.859000 0.501400 0.421300
v 16.234900 0.501400 0.421300
v 6.179700 0.473200 0.330700
v 6.179900 0.501400 0.421300
v 11.859100 0.510700 0.515000
v 16.234900 0.510700 0.515000
v 6.180000 0.510700 0.515000
v -0.368200 0.473200 0.330700
v -7.350600 0.473200 0.330700
v -7.350400 0.501400 0.421300
v -0.368100 0.501400 0.421300
v -7.350100 0.510700 0.515000
v -0.367900 0.510700 0.515000
v -7.349600 0.473200 0.699400
v -0.367500 0.473200 0.699400
v -0.367700 0.501400 0.608800
v -7.349900 0.501400 0.608800
v 6.180300 0.473200 0.699400
v 6.180100 0.501400 0.608800
v 11.859200 0.473300 0.699400
v 16.235001 0.501400 0.608800
v 11.859100 0.501400 0.608800
v 34.722000 0.615200 0.153800
v 34.409801 1.051200 0.241200
v 34.833801 1.078700 0.363000
v 35.049301 0.748800 0.330400
v 34.159500 1.450000 0.311900
v 34.576801 1.460400 0.403200
v 34.953701 1.099300 0.515000
v 35.137798 0.784400 0.515000
v 34.709400 1.470600 0.515000
v 33.881401 1.779200 0.368700
v 34.249199 1.799200 0.433800
v 34.367298 1.821500 0.515000
v 34.249199 1.799200 0.596300
v 34.576801 1.460400 0.626900
v 35.049301 0.748800 0.699700
v 34.833698 1.078700 0.667100
v 20.700199 0.479600 0.331200
v 20.700199 0.508100 0.421600
v 20.214701 0.475000 0.331000
v 20.214701 0.503100 0.421500
v 20.700199 0.517600 0.515000
v 20.214701 0.512500 0.515000
v 18.873100 0.473400 0.330800
v 18.873199 0.501400 0.421400
v 18.873199 0.510800 0.515000
v 18.873199 0.501400 0.608700
v 20.214701 0.503100 0.608600
v 20.700199 0.508100 0.608500
v -36.135201 0.670700 0.435900
v -36.213299 0.680000 0.424600
v -36.246899 0.696400 0.469500
v -36.127899 0.679500 0.470000
v -36.341499 0.685000 0.415100
v -36.394901 0.703400 0.466100
v -36.252800 0.701900 0.515000
v -36.123299 0.683800 0.515000
v -36.411400 0.709600 0.515000
v -36.514702 0.681500 0.412300
v -36.728802 0.669100 0.414400
v -36.796101 0.689700 0.468100
v -36.579700 0.701000 0.466100
v -36.818501 0.696500 0.515000
v -36.601299 0.707500 0.515000
v -36.579700 0.701000 0.564000
v -36.796101 0.689700 0.562000
v -36.394901 0.703400 0.564000
v -36.127899 0.679500 0.560100
v -36.246899 0.696400 0.560500
v -36.711399 -0.649500 0.406200
v -36.776199 -0.670900 0.461300
v -37.031101 -0.662600 0.468300
v -36.972599 -0.640100 0.416200
v -36.801399 -0.681600 0.510100
v -37.051998 -0.671500 0.513100
v -37.315800 -0.636200 0.473700
v -37.268501 -0.612900 0.426000
v -37.331902 -0.644400 0.514500
v -36.784500 -0.679900 0.558900
v -36.977299 -0.646000 0.609900
v -37.034401 -0.666200 0.557900
v -37.269699 -0.614400 0.603100
v -37.316601 -0.637100 0.555400
v -37.983700 -0.501500 0.585800
v -38.020100 -0.520500 0.548200
v -37.641701 -0.589600 0.552000
v -37.603901 -0.567100 0.594700
v -38.032299 -0.526900 0.515000
v -37.654301 -0.597200 0.515000
v -38.020100 -0.520500 0.481900
v -37.983700 -0.501500 0.444300
v -37.603901 -0.567100 0.435400
v -37.641701 -0.589600 0.478100
v -35.558701 -0.476200 0.330900
v -35.558498 -0.502500 0.421400
v -35.042500 -0.474000 0.330700
v -35.042301 -0.501600 0.421300
v -35.558399 -0.511300 0.515000
v -35.042000 -0.510900 0.515000
v -33.657501 -0.473200 0.330700
v -30.977600 -0.473200 0.330700
v -30.977301 -0.501400 0.421300
v -33.657200 -0.501400 0.421300
v -30.976900 -0.510700 0.515000
v -33.656898 -0.510700 0.515000
v -33.656502 -0.501400 0.608800
v -30.976500 -0.501400 0.608800
v -35.041801 -0.501600 0.608800
v -35.558201 -0.502500 0.608700
v 20.770500 -0.488800 0.331700
v 20.770500 -0.518100 0.421900
v 20.700199 -0.508100 0.421600
v 20.700199 -0.479600 0.331200
v 20.770500 -0.527900 0.515000
v 20.700199 -0.517600 0.515000
v 20.214701 -0.503100 0.421500
v 20.214701 -0.475000 0.331000
v 20.214701 -0.512500 0.515000
v 20.770500 -0.518100 0.608200
v 20.700199 -0.508100 0.608500
v 20.214701 -0.503100 0.608600
v 16.235001 -0.501400 0.608800
v 18.873199 -0.501400 0.608700
v 16.234900 -0.510700 0.515000
v 18.873199 -0.510800 0.515000
v 16.234900 -0.501400 0.421300
v 16.234800 -0.473300 0.330700
v 18.873100 -0.473400 0.330800
v 18.873199 -0.501400 0.421400
v -36.130699 -0.616200 0.437700
v -36.078999 -0.588800 0.371000
v -36.175800 -0.641700 0.498700
v -36.324001 -0.644100 0.443900
v -36.271400 -0.621000 0.384400
v -36.356201 -0.663300 0.500600
v -36.198101 -0.655500 0.552300
v -36.358398 -0.672800 0.555400
v -36.556499 -0.681600 0.557800
v -36.567101 -0.677800 0.505100
v -36.479900 -0.642100 0.395800
v -36.539902 -0.663500 0.452500
v -36.066200 0.649900 0.414000
v -36.136200 0.652700 0.380900
v -35.981800 0.617100 0.388200
v -36.037899 0.617300 0.340200
v -36.247200 0.654400 0.359700
v -36.129200 0.614100 0.304400
v -35.903999 0.579400 0.366600
v -35.836601 0.543900 0.350100
v -35.855000 0.536700 0.277100
v -35.940800 0.576700 0.304700
v -35.891399 0.518000 0.212200
v -36.004700 0.566600 0.253100
v -36.084999 0.398000 0.109100
v -36.294701 0.510400 0.192000
v -36.108002 0.542900 0.212000
v -35.956501 0.479500 0.156400
v -36.468800 0.583200 0.271300
v -36.266800 0.602900 0.280500
v -36.616600 0.634900 0.347100
v -36.406399 0.648900 0.348900
v 35.579899 0.455100 0.702500
v 35.515598 0.455100 0.702500
v 35.579899 0.487600 0.515000
v 35.515598 0.487600 0.515000
v 35.416698 0.482600 0.703700
v 35.428398 0.516400 0.515000
v 35.579899 0.455100 0.327500
v 35.579899 0.357600 0.171300
v 35.515598 0.357600 0.171300
v 35.515598 0.455100 0.327500
v 35.396599 0.380200 0.169500
v 35.416698 0.482600 0.326300
v 35.252399 0.565300 0.322700
v 35.172199 0.447900 0.164100
v 35.299198 0.602700 0.515000
v 35.252399 0.565300 0.707400
v 33.742699 0.645700 0.106100
v 33.617699 1.051200 0.180100
v 32.595100 0.652000 0.087800
v 32.521702 1.051200 0.156300
v 33.438099 1.459900 0.261600
v 32.426102 1.459900 0.238500
v 31.226299 0.637400 0.081000
v 29.626400 0.598400 0.079200
v 29.605499 0.958200 0.143400
v 31.185699 1.023300 0.146900
v 29.580299 1.327400 0.223200
v 31.136900 1.420400 0.228400
v 31.088100 1.786100 0.314800
v 29.555000 1.666700 0.308600
v 32.328499 1.829600 0.322200
v 33.250401 1.808300 0.335800
v 20.866501 0.453000 0.248000
v 20.770500 0.440000 0.247400
v 20.976101 0.468900 0.248800
v 20.866501 0.384500 0.172700
v 20.770500 0.374400 0.172200
v 20.976101 0.396900 0.173400
v 21.187599 0.501000 0.250500
v 21.087200 0.485600 0.249700
v 21.187700 0.421900 0.174800
v 21.087200 0.409900 0.174100
v 21.187500 0.223500 0.063100
v 21.087099 0.218500 0.062900
v 21.087099 0.319500 0.110700
v 21.187599 0.327800 0.111100
v 20.976101 0.213100 0.062600
v 20.976101 0.310500 0.110200
v 20.866501 0.208000 0.062400
v 20.770500 0.203700 0.062200
v 20.770500 0.294700 0.109400
v 20.866501 0.301800 0.109800
v 38.502201 0.357600 0.171300
v 38.172600 0.357600 0.171300
v 38.168098 0.455100 0.327500
v 38.491501 0.455100 0.327500
v 37.838299 0.357600 0.171300
v 37.837002 0.455100 0.327500
v 38.159199 0.487600 0.515000
v 38.470200 0.487600 0.515000
v 37.834301 0.487600 0.515000
v 37.500999 0.357600 0.171300
v 37.162102 0.357600 0.171300
v 37.161800 0.455100 0.327500
v 37.500702 0.455100 0.327500
v 37.161400 0.487600 0.515000
v 37.500198 0.487600 0.515000
v 37.499100 0.357600 0.858800
v 37.499599 0.455100 0.702500
v 37.160999 0.455100 0.702500
v 37.830002 0.357600 0.858800
v 37.831600 0.455100 0.702500
v 38.145401 0.357600 0.858800
v 38.437698 0.357600 0.858800
v 38.448700 0.455100 0.702500
v 38.150200 0.455100 0.702500
v -35.838501 0.423300 0.126700
v -35.869301 0.331400 0.079000
v -35.807201 0.474500 0.188400
v -35.750599 0.376000 0.114000
v -35.758301 0.283800 0.066600
v -35.742699 0.437200 0.176700
v -35.783501 0.517900 0.339800
v -35.790798 0.503300 0.260100
v -35.736801 0.499800 0.334300
v -35.738602 0.476300 0.251100
v -35.632099 0.480500 0.331300
v -35.632198 0.441000 0.246900
v -35.688900 0.455600 0.247600
v -35.688900 0.487900 0.331900
v -35.632301 0.385200 0.171800
v -35.688999 0.407200 0.172400
v -35.632301 0.312700 0.109200
v -35.632301 0.223100 0.062100
v -35.688999 0.248000 0.062300
v -35.688999 0.339100 0.109500
v 20.700199 0.432100 0.246900
v 20.700199 0.368200 0.171800
v 20.214701 0.428100 0.246600
v 20.214600 0.364900 0.171600
v 20.700199 0.200900 0.062100
v 20.700199 0.290300 0.109100
v 20.214600 0.199400 0.062000
v 20.214600 0.287900 0.109000
v 16.234699 0.198400 0.061900
v 16.234699 0.286600 0.108800
v 18.873100 0.286900 0.108900
v 18.873100 0.198700 0.062000
v 16.234800 0.363400 0.171400
v 18.873100 0.363700 0.171400
v 16.234800 0.426500 0.246400
v 18.873100 0.426600 0.246500
v -35.558701 0.476200 0.330900
v -35.558800 0.432200 0.246600
v -35.042500 0.474000 0.330700
v -35.042702 0.427800 0.246400
v -35.558998 0.372000 0.171500
v -35.042900 0.365400 0.171400
v -33.657501 0.473200 0.330700
v -30.977600 0.473200 0.330700
v -30.978001 0.426300 0.246300
v -33.657799 0.426300 0.246300
v -30.978300 0.363200 0.171300
v -33.658100 0.363200 0.171300
v -30.978800 0.198200 0.061900
v -33.658501 0.198200 0.061900
v -33.658298 0.286300 0.108800
v -30.978600 0.286300 0.108800
v -35.043201 0.200700 0.061900
v -35.043098 0.289000 0.108800
v -35.559101 0.208200 0.062000
v -35.559101 0.296900 0.108900
v -35.778999 0.526700 0.604200
v -35.825600 0.548200 0.599400
v -35.735699 0.513800 0.606900
v -35.777599 0.529600 0.515000
v -35.821899 0.549600 0.515000
v -35.735298 0.518500 0.515000
v -35.631901 0.504300 0.608400
v -35.688801 0.507200 0.608100
v -35.632000 0.512200 0.515000
v -35.688900 0.513700 0.515000
v -35.688900 0.507200 0.422000
v -35.632000 0.504300 0.421700
v -35.735699 0.513800 0.423200
v -35.825600 0.548200 0.430700
v -35.778999 0.526600 0.425900
v -35.881901 0.581000 0.438300
v -35.949600 0.617900 0.448600
v -35.874500 0.581500 0.515000
v -35.939499 0.618600 0.515000
v -36.030201 0.652000 0.461000
v -36.020599 0.654400 0.515000
v -36.030201 0.652000 0.569000
v -35.949600 0.617900 0.581500
v -35.881901 0.581000 0.591700
v -36.036900 -0.569000 0.300800
v -35.897099 -0.533500 0.278700
v -36.207600 -0.599700 0.320800
v -36.038200 -0.551300 0.239700
v -35.906700 -0.510600 0.206500
v -36.169800 -0.579400 0.273900
v -36.609600 -0.618800 0.338100
v -36.392399 -0.616800 0.330800
v -36.471802 -0.572600 0.262900
v -36.272800 -0.581500 0.263700
v -36.086601 -0.395900 0.107100
v -35.960800 -0.473400 0.150700
v -36.117001 -0.530300 0.200400
v -36.299000 -0.504300 0.186400
v 34.409801 -1.051200 0.241200
v 33.617699 -1.051200 0.180100
v 33.742699 -0.645700 0.106100
v 34.159500 -1.450000 0.311900
v 33.438099 -1.459800 0.261600
v 32.521599 -1.051100 0.156300
v 32.595001 -0.652000 0.087800
v 32.425999 -1.459900 0.238500
v 33.881401 -1.779200 0.368700
v 33.250401 -1.808300 0.335800
v 32.328400 -1.829500 0.322200
v 29.553699 -1.666500 0.308600
v 31.087601 -1.786000 0.314800
v 29.579000 -1.327200 0.223200
v 31.136400 -1.420300 0.228400
v 29.604300 -0.958100 0.143400
v 29.625500 -0.598300 0.079200
v 31.226000 -0.637400 0.081000
v 31.185301 -1.023300 0.146900
v 20.770500 -0.203700 0.062200
v 20.866501 -0.208000 0.062400
v 20.866501 -0.301800 0.109800
v 20.770500 -0.294700 0.109400
v 20.976000 -0.213100 0.062600
v 20.976000 -0.310500 0.110200
v 20.866501 -0.384500 0.172700
v 20.770500 -0.374400 0.172200
v 20.976000 -0.396900 0.173400
v 21.086700 -0.218500 0.062900
v 21.186501 -0.223400 0.063100
v 21.186399 -0.327700 0.111100
v 21.086700 -0.319500 0.110700
v 21.186399 -0.421700 0.174700
v 21.086599 -0.409800 0.174100
v 21.186399 -0.560500 0.334600
v 21.086700 -0.542500 0.333900
v 21.086599 -0.485500 0.249700
v 21.186399 -0.500800 0.250400
v 20.976000 -0.522800 0.333100
v 20.976000 -0.468900 0.248800
v 20.866501 -0.504100 0.332300
v 20.770500 -0.440000 0.247400
v 20.866501 -0.453000 0.248000
v 39.465199 -0.315000 0.817500
v 39.335602 -0.340600 0.842300
v 39.294201 -0.433400 0.693500
v 39.419601 -0.401000 0.680000
v 39.111801 -0.353300 0.854700
v 39.079700 -0.449700 0.700300
v 39.211300 -0.464400 0.515000
v 39.328400 -0.429600 0.515000
v 39.015598 -0.481800 0.515000
v 38.823299 -0.357600 0.858800
v 38.499500 -0.357600 0.858800
v 38.489300 -0.455100 0.702500
v 38.802700 -0.455100 0.702500
v 38.468800 -0.487600 0.515000
v 38.761398 -0.487600 0.515000
v 38.438400 -0.357600 0.171300
v 38.699902 -0.357600 0.171300
v 38.720200 -0.455100 0.327500
v 38.448399 -0.455100 0.327500
v 38.919701 -0.353300 0.175400
v 38.951599 -0.449700 0.329800
v 39.087200 -0.340600 0.187800
v 39.191601 -0.315000 0.212600
v 39.237202 -0.401000 0.350100
v 39.128502 -0.433400 0.336600
v -35.869999 -0.330400 0.078000
v -35.840199 -0.420900 0.124500
v -35.758499 -0.283500 0.066300
v -35.750999 -0.375400 0.113500
v -35.812698 -0.471700 0.186500
v -35.744099 -0.436500 0.176200
v -35.688999 -0.248000 0.062300
v -35.632301 -0.223100 0.062100
v -35.632301 -0.312700 0.109200
v -35.688999 -0.339100 0.109500
v -35.632301 -0.385200 0.171800
v -35.688999 -0.407200 0.172400
v -35.688900 -0.455600 0.247600
v -35.632198 -0.441000 0.246900
v -35.742298 -0.476100 0.251600
v -35.805302 -0.502300 0.262100
v 20.700199 -0.432100 0.246900
v 20.214701 -0.428100 0.246600
v 20.700199 -0.368200 0.171800
v 20.214600 -0.364900 0.171600
v 16.234800 -0.426500 0.246400
v 18.873100 -0.426600 0.246500
v 16.234800 -0.363400 0.171400
v 18.873100 -0.363700 0.171400
v 16.234699 -0.198400 0.061900
v 18.873100 -0.198700 0.062000
v 18.873100 -0.286900 0.108900
v 16.234699 -0.286600 0.108800
v 20.214600 -0.199400 0.062000
v 20.214600 -0.287900 0.109000
v 20.700199 -0.200900 0.062100
v 20.700199 -0.290300 0.109100
v -35.558800 -0.432200 0.246600
v -35.558998 -0.372000 0.171500
v -35.042702 -0.427800 0.246400
v -35.042900 -0.365400 0.171300
v -35.559101 -0.208200 0.062000
v -35.559101 -0.296900 0.108900
v -35.043201 -0.200700 0.061900
v -35.043098 -0.289000 0.108800
v -30.978800 -0.198200 0.061900
v -30.978600 -0.286300 0.108800
v -33.658298 -0.286300 0.108800
v -33.658501 -0.198200 0.061900
v -30.978300 -0.363200 0.171300
v -33.658100 -0.363200 0.171300
v -30.978001 -0.426300 0.246300
v -33.657799 -0.426300 0.246300
v 35.984402 0.357600 0.171300
v 36.216499 0.357600 0.171300
v 36.216499 0.195000 0.077500
v 35.984402 0.195000 0.077500
v 36.501999 0.357600 0.171300
v 36.501999 0.195000 0.077500
v 36.216400 0.000000 0.046300
v 35.984299 0.000000 0.046300
v 36.501801 0.000000 0.046300
v 36.823101 0.357600 0.171300
v 37.161999 0.195000 0.077500
v 36.823101 0.195000 0.077500
v 37.161701 0.000000 0.046300
v 36.822899 0.000000 0.046300
v 37.160999 -0.357600 0.171300
v 36.822300 -0.357600 0.171300
v 36.822601 -0.195000 0.077500
v 37.161301 -0.195000 0.077500
v 36.501400 -0.357600 0.171300
v 36.501598 -0.195000 0.077500
v 36.216202 -0.357600 0.171300
v 35.984200 -0.357600 0.171300
v 35.984299 -0.195000 0.077500
v 36.216202 -0.195000 0.077500
v -37.877300 0.242900 0.272800
v -37.391102 0.281600 0.225400
v -37.370800 0.147400 0.199400
v -37.884701 0.126000 0.252700
v -36.924702 0.319000 0.180700
v -36.885101 0.168500 0.149600
v -37.364101 0.000000 0.190800
v -37.887199 0.000000 0.246000
v -36.874500 0.000000 0.139500
v -36.491100 0.356500 0.140900
v -36.097401 0.199100 0.071100
v -36.445900 0.190400 0.105700
v -36.100300 0.000100 0.060300
v -36.441399 0.000100 0.094800
v -36.491901 -0.355500 0.140000
v -36.446201 -0.190100 0.105400
v -36.097801 -0.198600 0.070700
v -36.924900 -0.318700 0.180500
v -36.885201 -0.168400 0.149500
v -37.391102 -0.281500 0.225400
v -37.877300 -0.242800 0.272800
v -37.884701 -0.125900 0.252700
v -37.370800 -0.147300 0.199400
v -35.883999 -0.180100 0.049100
v -35.886902 0.000100 0.039000
v -35.761902 -0.151800 0.037800
v -35.762699 0.000000 0.028200
v -35.883701 0.180400 0.049400
v -35.761902 0.151800 0.037800
v -35.632401 0.115900 0.033900
v -35.688999 0.130600 0.033900
v -35.632401 0.000000 0.024500
v -35.688999 0.000000 0.024500
v -35.632401 -0.115900 0.033900
v -35.688999 -0.130600 0.033900
v 29.638300 -0.287000 0.040700
v 31.250500 -0.305200 0.041400
v 29.642799 0.000000 0.027900
v 31.258699 0.000000 0.028200
v 32.626301 -0.311400 0.045000
v 32.631401 0.000000 0.030000
v 29.638800 0.287100 0.040700
v 31.250601 0.305300 0.041400
v 32.626301 0.311400 0.045000
v 34.615601 0.285700 0.065900
v 33.766399 0.306300 0.054900
v 34.587399 0.000000 0.040500
v 33.752899 0.000000 0.035000
v 34.615601 -0.285700 0.065900
v 33.766399 -0.306300 0.054900
v 20.700199 -0.102700 0.033900
v 20.770500 -0.104000 0.033900
v 20.214600 -0.101900 0.033800
v 20.700199 0.000000 0.024500
v 20.770500 0.000000 0.024500
v 20.214600 0.000000 0.024400
v 16.234699 -0.101400 0.033800
v 18.873100 -0.101600 0.033800
v 16.234699 0.000000 0.024400
v 18.873100 0.000000 0.024400
v 18.873100 0.101600 0.033800
v 16.234699 0.101400 0.033800
v 20.214600 0.101900 0.033800
v 20.770500 0.104000 0.033900
v 20.700199 0.102700 0.033900
v 20.866501 -0.106000 0.034000
v 20.866501 0.000000 0.024500
v 20.976000 -0.108400 0.034100
v 20.976000 0.000000 0.024600
v 20.866501 0.106000 0.034000
v 20.976000 0.108400 0.034100
v 21.187201 0.113200 0.034300
v 21.087000 0.110900 0.034200
v 21.187000 0.000000 0.024700
v 21.086901 0.000000 0.024600
v 21.186701 -0.113100 0.034300
v 21.086800 -0.110900 0.034200
v -35.559200 -0.107100 0.033800
v -35.559200 0.000000 0.024400
v -35.043301 -0.102800 0.033800
v -35.043301 0.000000 0.024400
v -35.559200 0.107100 0.033800
v -35.043301 0.102800 0.033800
v -30.978901 0.101300 0.033800
v -33.658600 0.101300 0.033800
v -30.978901 0.000000 0.024400
v -33.658600 0.000000 0.024400
v -30.978901 -0.101300 0.033800
v -33.658600 -0.101300 0.033800
v 35.118999 -0.245300 0.072700
v 35.099098 0.000000 0.043900
v 35.383301 -0.207600 0.076300
v 35.378300 0.000000 0.045700
v 35.118999 0.245300 0.072700
v 35.383301 0.207600 0.076300
v 35.579899 0.195000 0.077500
v 35.515598 0.195000 0.077500
v 35.579899 0.000000 0.046300
v 35.515598 0.000000 0.046300
v 35.579899 -0.195000 0.077500
v 35.515598 -0.195000 0.077500
v -39.836899 0.054400 0.543900
v -39.644001 0.060000 0.577500
v -39.901199 0.052500 0.515000
v -39.901199 0.000000 0.544100
v -39.699501 0.000000 0.578100
v -39.968498 0.000000 0.515000
v -39.644001 0.060000 0.452600
v -39.836899 0.054400 0.486200
v -39.699501 0.000000 0.452000
v -39.901199 0.000000 0.486000
v -39.477299 -0.129700 0.454300
v -39.644001 -0.121500 0.486800
v -39.836899 -0.054300 0.486200
v -39.644001 -0.059900 0.452600
v -39.699501 -0.118800 0.515000
v -39.901199 -0.052400 0.515000
v -39.644001 -0.121500 0.543300
v -39.477299 -0.129700 0.575800
v -39.644001 -0.059900 0.577500
v -39.836899 -0.054300 0.543900
v 34.833698 -1.078700 0.363000
v 34.953701 -1.099300 0.515000
v 34.576801 -1.460300 0.403200
v 34.709400 -1.470600 0.515000
v 34.833801 -1.078700 0.667100
v 34.576801 -1.460300 0.626900
v 34.249199 -1.799200 0.596300
v 34.367298 -1.821400 0.515000
v 34.249199 -1.799200 0.433800
v -36.979599 0.648000 0.610500
v -36.880501 0.611000 0.676700
v -37.270302 0.615000 0.603300
v -37.191101 0.576200 0.664700
v -36.753101 0.554600 0.750900
v -37.096100 0.517300 0.731800
v -37.603901 0.567100 0.594700
v -37.923000 0.469800 0.632500
v -37.540901 0.529500 0.649100
v -37.872002 0.418800 0.680900
v -37.474098 0.472000 0.707300
v -37.424801 0.389500 0.761400
v -37.864899 0.341800 0.723800
v -37.001099 0.433400 0.796600
v -36.608398 0.473800 0.826500
v -36.608398 -0.473800 0.826500
v -37.001099 -0.433400 0.796600
v -36.752800 -0.554300 0.750900
v -37.096001 -0.517200 0.731800
v -37.864899 -0.341700 0.723800
v -37.424801 -0.389500 0.761400
v -37.872002 -0.418700 0.680900
v -37.474098 -0.471900 0.707300
v -37.540901 -0.529500 0.649200
v -37.923000 -0.469700 0.632500
v -37.190800 -0.576000 0.664600
v -36.879601 -0.610200 0.676500
v -38.408199 -0.103500 0.723300
v -38.370098 -0.201800 0.709700
v -38.420898 0.000000 0.727900
v -38.900902 -0.083400 0.670400
v -38.825600 -0.166100 0.662600
v -38.925999 0.000000 0.673000
v -38.370098 0.201900 0.709700
v -38.408199 0.103500 0.723300
v -38.825600 0.166200 0.662600
v -38.900902 0.083500 0.670400
v -39.322399 0.069400 0.620800
v -39.199600 0.143400 0.616800
v -39.363300 0.000000 0.622100
v -39.199600 -0.143300 0.616800
v -39.322399 -0.069300 0.620800
v -37.641701 0.589700 0.478100
v -37.603901 0.567100 0.435400
v -37.654301 0.597200 0.515000
v -37.317799 0.638200 0.474400
v -37.270302 0.615000 0.426800
v -37.333599 0.645900 0.515000
v -37.641701 0.589700 0.552000
v -37.317799 0.638200 0.555700
v -37.039001 0.670100 0.559100
v -37.058800 0.677500 0.515000
v -36.979599 0.648000 0.419500
v -37.039001 0.670100 0.471000
v -38.462299 -0.426700 0.485500
v -38.412701 -0.415200 0.452600
v -38.478901 -0.430500 0.515000
v -38.914398 -0.320500 0.487800
v -38.836201 -0.317800 0.457800
v -38.940498 -0.321400 0.515000
v -38.412701 -0.415200 0.577500
v -38.462299 -0.426700 0.544600
v -38.836201 -0.317800 0.572300
v -38.914398 -0.320500 0.542300
v -39.322399 -0.214500 0.542300
v -39.199600 -0.219200 0.572900
v -39.363300 -0.213000 0.515000
v -39.199600 -0.219200 0.457200
v -39.322399 -0.214500 0.487800
v -36.880501 0.611000 0.353400
v -36.753101 0.554600 0.279200
v -37.191101 0.576200 0.365400
v -37.096100 0.517300 0.298300
v -36.608398 0.473800 0.203600
v -37.001099 0.433400 0.233500
v -37.864899 0.341800 0.306300
v -37.424801 0.389500 0.268700
v -37.872002 0.418800 0.349200
v -37.474098 0.472000 0.322800
v -37.923000 0.469800 0.397600
v -37.540901 0.529500 0.380900
v -36.610100 -0.471400 0.201400
v -36.754200 -0.550300 0.275800
v -37.001598 -0.432800 0.232900
v -37.096298 -0.516200 0.297500
v -36.877701 -0.604600 0.349800
v -37.190399 -0.574600 0.364500
v -37.923000 -0.469700 0.397600
v -37.540901 -0.529500 0.380900
v -37.872002 -0.418700 0.349200
v -37.474098 -0.471900 0.322800
v -37.864899 -0.341700 0.306300
v -37.424801 -0.389500 0.268700
v -38.408199 0.103500 0.306800
v -38.370098 0.201900 0.320400
v -38.420898 0.000000 0.302200
v -38.900902 0.083500 0.359700
v -38.825600 0.166200 0.367500
v -38.925999 0.000000 0.357000
v -38.370098 -0.201800 0.320400
v -38.408199 -0.103500 0.306800
v -38.825600 -0.166100 0.367500
v -38.900902 -0.083400 0.359700
v -39.322399 -0.069300 0.409300
v -39.199600 -0.143300 0.413300
v -39.363300 0.000000 0.408000
v -39.199600 0.143400 0.413300
v -39.322399 0.069400 0.409300
v 39.230499 0.129300 0.392100
v 39.190899 0.139400 0.444100
v 39.132500 0.069500 0.449300
v 39.190899 0.074700 0.382700
v 39.148998 0.143400 0.515000
v 39.103298 0.070400 0.515000
v 39.103298 0.000000 0.448500
v 39.148998 0.000000 0.379100
v 39.088001 0.000000 0.515000
v 39.130001 0.139400 0.586000
v 39.136902 0.129300 0.638000
v 39.130001 0.074700 0.647400
v 39.102901 0.069500 0.580800
v 39.148998 0.000000 0.651000
v 39.103298 0.000000 0.581600
v 39.230499 -0.129200 0.638000
v 39.190899 -0.139300 0.586000
v 39.132500 -0.069400 0.580800
v 39.190899 -0.074600 0.647400
v 39.148998 -0.143300 0.515000
v 39.103298 -0.070300 0.515000
v 39.130001 -0.139300 0.444100
v 39.136902 -0.129200 0.392100
v 39.130001 -0.074600 0.382700
v 39.102901 -0.069400 0.449300
v 39.465801 0.315100 0.212600
v 39.420101 0.401000 0.350100
v 39.430000 0.346900 0.372600
v 39.471500 0.272500 0.253900
v 39.328701 0.429600 0.515000
v 39.346901 0.371600 0.515000
v 39.368401 0.280300 0.399300
v 39.403000 0.221500 0.303400
v 39.300800 0.299300 0.515000
v 39.237301 0.401000 0.680000
v 39.191502 0.315100 0.817500
v 39.222198 0.272500 0.776200
v 39.263802 0.346900 0.657500
v 39.204899 0.221500 0.726700
v 39.236401 0.280300 0.630800
v 39.183102 0.210400 0.604800
v 39.165401 0.170300 0.677400
v 39.224800 0.221400 0.515000
v 39.309502 0.170300 0.352700
v 39.279202 0.210400 0.425300
v 39.471298 -0.272500 0.776200
v 39.429798 -0.148600 0.847400
v 39.419601 -0.171800 0.900000
v 39.403000 -0.221400 0.726700
v 39.368401 -0.121100 0.782900
v 39.346699 0.000000 0.871200
v 39.328300 0.000000 0.927500
v 39.300800 0.000000 0.801100
v 39.309502 -0.170300 0.677400
v 39.279202 -0.094100 0.715500
v 39.224800 0.000000 0.725900
v 39.183102 0.094200 0.715500
v 39.236401 0.121100 0.782900
v 39.237099 0.171900 0.900000
v 39.263699 0.148700 0.847400
v 39.429798 -0.346800 0.657500
v 39.346802 -0.371600 0.515000
v 39.368401 -0.280200 0.630800
v 39.300800 -0.299200 0.515000
v 39.222301 -0.272500 0.253900
v 39.263802 -0.346800 0.372600
v 39.205002 -0.221400 0.303400
v 39.236401 -0.280200 0.399300
v 39.183102 -0.210300 0.425300
v 39.165401 -0.170300 0.352700
v 39.224800 -0.221400 0.515000
v 39.279202 -0.210300 0.604800
v 39.430000 0.148700 0.182600
v 39.420101 0.171900 0.130100
v 39.368401 0.121100 0.247200
v 39.346901 0.000000 0.158900
v 39.328800 0.000000 0.102600
v 39.300800 0.000000 0.229000
v 39.279202 0.094200 0.314600
v 39.224800 0.000000 0.304200
v 39.183102 -0.094100 0.314600
v 39.236401 -0.121100 0.247200
v 39.237400 -0.171800 0.130100
v 39.263901 -0.148600 0.182600
v -38.994900 0.227000 0.610100
v -38.700100 0.247500 0.649500
v -38.705898 0.313500 0.607800
v -38.565601 0.307000 0.637600
v -38.306702 0.290100 0.687000
v -38.274502 0.358100 0.655900
v -38.329899 0.396100 0.617000
v -38.994900 -0.226900 0.610100
v -38.705898 -0.313400 0.607800
v -38.700100 -0.247400 0.649600
v -38.565601 -0.306900 0.637600
v -38.329899 -0.396000 0.617000
v -38.274502 -0.358000 0.655900
v -38.306702 -0.290000 0.687000
v -38.994900 0.227000 0.420000
v -38.705898 0.313500 0.422300
v -38.700100 0.247500 0.380500
v -38.565601 0.307000 0.392500
v -38.329899 0.396100 0.413100
v -38.274502 0.358100 0.374200
v -38.306702 0.290100 0.343100
v -38.994900 -0.226900 0.420000
v -38.700100 -0.247400 0.380500
v -38.705898 -0.313400 0.422300
v -38.565601 -0.306900 0.392500
v -38.306702 -0.290000 0.343100
v -38.274502 -0.358000 0.374200
v -38.329899 -0.396000 0.413100
v -26.573999 0.198200 0.968200
v -26.574200 0.286300 0.921300
v -20.882601 0.198200 0.968200
v -20.882799 0.286300 0.921300
v -26.574499 0.363200 0.858800
v -20.882999 0.363200 0.858800
v -14.330800 0.198200 0.968200
v -7.348900 0.198200 0.968200
v -7.349000 0.286300 0.921300
v -14.331000 0.286300 0.921300
v -7.349200 0.363200 0.858800
v -14.331200 0.363200 0.858800
v -14.331700 0.473200 0.699400
v -14.331400 0.426300 0.783800
v -7.349400 0.426300 0.783800
v -20.883600 0.473200 0.699400
v -20.883301 0.426300 0.783800
v -26.575199 0.473200 0.699400
v -26.574800 0.426400 0.783800
v -26.575199 -0.473200 0.699400
v -26.574800 -0.426300 0.783800
v -20.883699 -0.473200 0.699400
v -20.883301 -0.426300 0.783800
v -26.574499 -0.363200 0.858800
v -20.882999 -0.363200 0.858800
v -14.331700 -0.473200 0.699400
v -7.349600 -0.473200 0.699400
v -7.349400 -0.426300 0.783800
v -14.331400 -0.426300 0.783800
v -7.349200 -0.363200 0.858800
v -14.331200 -0.363200 0.858800
v -7.348900 -0.198200 0.968200
v -14.330800 -0.198200 0.968200
v -14.331000 -0.286300 0.921300
v -7.349000 -0.286300 0.921300
v -20.882601 -0.198200 0.968200
v -20.882799 -0.286300 0.921300
v -26.573999 -0.198200 0.968200
v -26.574200 -0.286300 0.921300
v -26.573900 -0.101300 0.996300
v -20.882500 -0.101300 0.996300
v -26.573900 0.000000 1.005700
v -20.882401 0.000000 1.005700
v -7.348800 -0.101300 0.996300
v -14.330700 -0.101300 0.996300
v -7.348800 0.000000 1.005700
v -14.330700 0.000000 1.005700
v -14.330700 0.101300 0.996300
v -7.348800 0.101300 0.996300
v -20.882500 0.101300 0.996300
v -26.573900 0.101300 0.996300
v -33.657200 0.501400 0.421300
v -30.977301 0.501400 0.421300
v -35.042301 0.501600 0.421300
v -33.656898 0.510700 0.515000
v -30.976900 0.510700 0.515000
v -35.042000 0.510900 0.515000
v -35.558498 0.502500 0.421400
v -35.558399 0.511300 0.515000
v -35.558201 0.502500 0.608700
v -35.041801 0.501600 0.608800
v -30.976500 0.501400 0.608800
v -33.656502 0.501400 0.608800
v -26.576799 -0.473200 0.330700
v -26.576401 -0.501400 0.421300
v -20.885099 -0.473200 0.330700
v -20.884800 -0.501400 0.421300
v -26.576000 -0.510700 0.515000
v -20.884399 -0.510700 0.515000
v -14.333000 -0.473200 0.330700
v -7.350600 -0.473200 0.330700
v -7.350400 -0.501400 0.421300
v -14.332700 -0.501400 0.421300
v -7.350100 -0.510700 0.515000
v -14.332400 -0.510700 0.515000
v -14.332000 -0.501400 0.608800
v -7.349900 -0.501400 0.608800
v -20.884001 -0.501400 0.608800
v -26.575600 -0.501400 0.608800
v -26.576799 0.473200 0.330700
v -26.577101 0.426300 0.246300
v -20.885099 0.473200 0.330700
v -20.885500 0.426300 0.246300
v -26.577400 0.363200 0.171300
v -20.885799 0.363200 0.171300
v -14.333000 0.473200 0.330700
v -7.350900 0.426300 0.246300
v -14.333300 0.426300 0.246300
v -7.351100 0.363200 0.171300
v -14.333600 0.363200 0.171300
v -7.351400 0.198200 0.061900
v -14.333900 0.198200 0.061900
v -14.333800 0.286300 0.108800
v -7.351200 0.286300 0.108800
v -20.886200 0.198200 0.061900
v -20.886000 0.286300 0.108800
v -26.577900 0.198200 0.061900
v -26.577700 0.286300 0.108800
v -26.577900 -0.198200 0.061900
v -26.577700 -0.286300 0.108800
v -20.886200 -0.198200 0.061900
v -20.886000 -0.286300 0.108800
v -26.577400 -0.363200 0.171300
v -20.885799 -0.363200 0.171300
v -14.333900 -0.198200 0.061900
v -7.351400 -0.198200 0.061900
v -7.351200 -0.286300 0.108800
v -14.333800 -0.286300 0.108800
v -7.351100 -0.363200 0.171300
v -14.333600 -0.363200 0.171300
v -14.333300 -0.426300 0.246300
v -7.350900 -0.426300 0.246300
v -20.885500 -0.426300 0.246300
v -26.577101 -0.426300 0.246300
v -26.577999 0.101300 0.033800
v -20.886299 0.101300 0.033800
v -26.578100 0.000000 0.024400
v -20.886400 0.000000 0.024400
v -7.351400 0.101300 0.033800
v -14.334000 0.101300 0.033800
v -7.351500 0.000000 0.024400
v -14.334100 0.000000 0.024400
v -14.334000 -0.101300 0.033800
v -7.351400 -0.101300 0.033800
v -20.886299 -0.101300 0.033800
v -26.577999 -0.101300 0.033800
v 22.764000 0.845800 0.684200
v 24.155899 1.097500 0.674200
v 24.156000 1.182800 0.594000
v 22.764299 0.907900 0.599900
v 25.883801 1.396700 0.662300
v 25.882401 1.509400 0.587000
v 24.156601 1.211400 0.515100
v 22.765100 0.928800 0.515100
v 25.882401 1.547100 0.515100
v 27.744101 1.693200 0.650500
v 27.738899 1.833100 0.580000
v 27.737400 1.879800 0.515100
v 27.745501 1.693500 0.379600
v 27.739700 1.833300 0.450100
v 25.886000 1.397100 0.367800
v 25.883699 1.509700 0.443100
v 24.158701 1.098000 0.355900
v 22.767000 0.846400 0.345900
v 22.766100 0.908300 0.430300
v 24.157600 1.183100 0.436200
v 21.264799 0.227200 0.966900
v 21.264500 0.334100 0.918700
v 21.460199 0.236800 0.966400
v 21.459700 0.350200 0.917900
v 21.264200 0.430900 0.854900
v 21.459200 0.454000 0.853600
v 21.914101 0.259000 0.965500
v 22.767300 0.300900 0.963700
v 22.766300 0.458200 0.912300
v 21.913401 0.387700 0.915900
v 22.765301 0.609200 0.845400
v 21.912701 0.507900 0.850800
v 21.911800 0.691600 0.690300
v 21.912100 0.611800 0.774200
v 22.764400 0.742300 0.767700
v 21.458700 0.609700 0.693600
v 21.458799 0.542400 0.777600
v 21.263901 0.574500 0.695000
v 21.264000 0.512600 0.779100
v 21.086700 -0.576700 0.606900
v 21.186600 -0.596400 0.606500
v 20.976000 -0.555200 0.607400
v 21.086700 -0.588000 0.515000
v 21.186501 -0.608300 0.515000
v 20.976000 -0.566000 0.515000
v 20.866501 -0.534700 0.607800
v 20.866501 -0.544900 0.515000
v 20.866501 -0.534700 0.422300
v 20.976000 -0.555200 0.422700
v 21.186501 -0.596400 0.423600
v 21.086700 -0.576600 0.423200
v 21.263700 -0.574500 0.695000
v 21.264000 -0.512600 0.779100
v 21.458300 -0.609600 0.693600
v 21.458799 -0.542400 0.777600
v 21.264299 -0.430900 0.854900
v 21.459400 -0.454000 0.853600
v 21.911400 -0.691500 0.690300
v 22.764500 -0.742300 0.767700
v 21.912100 -0.611800 0.774200
v 22.765600 -0.609200 0.845400
v 21.912901 -0.507900 0.850800
v 22.767500 -0.301000 0.963700
v 21.914301 -0.259100 0.965500
v 21.913700 -0.387700 0.915900
v 22.766600 -0.458200 0.912300
v 21.460300 -0.236800 0.966400
v 21.459900 -0.350300 0.917800
v 21.264900 -0.227200 0.966900
v 21.264601 -0.334100 0.918700
v 21.264999 -0.114900 0.995800
v 21.460501 -0.119400 0.995600
v 21.264999 0.000000 1.005400
v 21.460600 0.000000 1.005300
v 22.767900 -0.149100 0.994500
v 21.914600 -0.129700 0.995200
v 22.768101 0.000000 1.004800
v 21.914700 0.000000 1.005100
v 21.914499 0.129700 0.995200
v 22.767799 0.149100 0.994500
v 21.460501 0.119400 0.995600
v 21.264999 0.114900 0.995800
v 24.159599 0.956000 0.273000
v 22.767799 0.742900 0.262500
v 25.889200 1.209300 0.285600
v 24.160400 0.775200 0.193600
v 22.768200 0.609700 0.184800
v 25.892700 0.971900 0.204000
v 27.754801 1.460300 0.298100
v 27.765800 1.166900 0.214500
v 27.785400 0.531800 0.076300
v 27.776600 0.846400 0.137600
v 25.898500 0.451000 0.072800
v 25.896000 0.710600 0.130600
v 24.160900 0.369600 0.069300
v 22.767900 0.301200 0.066400
v 22.768299 0.458600 0.117800
v 24.160900 0.573700 0.123600
v 22.763901 -0.300800 0.066400
v 24.157301 -0.369300 0.069300
v 24.156200 -0.573200 0.123600
v 22.763100 -0.458100 0.117700
v 25.895700 -0.450700 0.072800
v 25.892401 -0.710200 0.130600
v 24.155300 -0.774600 0.193500
v 22.762501 -0.609000 0.184700
v 25.888700 -0.971400 0.204000
v 27.783600 -0.531600 0.076300
v 27.774200 -0.846100 0.137600
v 27.763201 -1.166600 0.214500
v 27.752300 -1.459900 0.298100
v 25.885201 -1.208700 0.285600
v 22.762199 -0.742100 0.262400
v 24.154600 -0.955200 0.273000
v 24.160400 0.181000 0.036800
v 22.767200 0.149300 0.035600
v 25.899599 0.218700 0.038200
v 24.159599 0.000100 0.025900
v 22.766100 0.000100 0.025300
v 25.899401 0.000100 0.026600
v 27.790400 0.256100 0.039600
v 27.791800 0.000000 0.027300
v 27.789400 -0.256000 0.039600
v 25.898001 -0.218500 0.038200
v 22.764999 -0.149000 0.035600
v 24.158501 -0.180700 0.036800
v -14.332700 0.501400 0.421300
v -20.884800 0.501400 0.421300
v -14.332400 0.510700 0.515000
v -20.884399 0.510700 0.515000
v -26.576401 0.501400 0.421300
v -26.576000 0.510700 0.515000
v -26.575600 0.501400 0.608800
v -20.884001 0.501400 0.608800
v -14.332000 0.501400 0.608800
v -0.366900 0.198200 0.968200
v -0.367000 0.286300 0.921300
v 6.180600 0.198200 0.968200
v 6.180600 0.286400 0.921300
v -0.367100 0.363200 0.858800
v 6.180500 0.363200 0.858800
v 11.859400 0.198300 0.968200
v 11.859400 0.286400 0.921300
v 11.859300 0.363300 0.858800
v 11.859300 0.426400 0.783800
v 6.180400 0.426400 0.783800
v -0.367300 0.426300 0.783800
v -0.367500 -0.473200 0.699400
v -0.367300 -0.426300 0.783800
v 6.180300 -0.473200 0.699400
v 6.180400 -0.426400 0.783800
v -0.367100 -0.363200 0.858800
v 6.180500 -0.363200 0.858800
v 11.859200 -0.473300 0.699400
v 11.859300 -0.426400 0.783800
v 11.859300 -0.363300 0.858800
v 11.859400 -0.198300 0.968200
v 11.859400 -0.286400 0.921300
v 6.180600 -0.198200 0.968200
v 6.180600 -0.286400 0.921300
v -0.366900 -0.198200 0.968200
v -0.367000 -0.286300 0.921300
v -0.366900 -0.101300 0.996300
v 6.180700 -0.101300 0.996300
v -0.366800 0.000000 1.005700
v 6.180700 0.000000 1.005700
v 11.859500 -0.101300 0.996300
v 11.859500 0.000000 1.005700
v 11.859500 0.101300 0.996300
v 6.180700 0.101300 0.996300
v -0.366900 0.101300 0.996300
v -0.368200 -0.473200 0.330700
v -0.368100 -0.501400 0.421300
v 6.179700 -0.473200 0.330700
v 6.179900 -0.501400 0.421300
v -0.367900 -0.510700 0.515000
v 6.180000 -0.510700 0.515000
v 11.858900 -0.473300 0.330700
v 11.859000 -0.501400 0.421300
v 11.859100 -0.510700 0.515000
v 11.859100 -0.501400 0.608800
v 6.180100 -0.501400 0.608800
v -0.367700 -0.501400 0.608800
v -0.368400 0.426300 0.246300
v 6.179600 0.426400 0.246300
v -0.368600 0.363200 0.171300
v 6.179500 0.363200 0.171300
v 11.858800 0.426400 0.246300
v 11.858800 0.363300 0.171300
v 11.858700 0.198300 0.061900
v 11.858700 0.286400 0.108800
v 6.179300 0.198200 0.061900
v 6.179400 0.286400 0.108800
v -0.368800 0.198200 0.061900
v -0.368700 0.286300 0.108800
v -0.368800 -0.198200 0.061900
v -0.368700 -0.286300 0.108800
v 6.179400 -0.198200 0.061900
v 6.179400 -0.286400 0.108800
v -0.368600 -0.363200 0.171300
v 6.179500 -0.363200 0.171300
v 11.858700 -0.198300 0.061900
v 11.858700 -0.286400 0.108800
v 11.858800 -0.363300 0.171300
v 11.858800 -0.426400 0.246300
v 6.179600 -0.426400 0.246300
v -0.368400 -0.426300 0.246300
v -0.368900 0.101300 0.033800
v 6.179300 0.101300 0.033800
v -0.368900 0.000000 0.024400
v 6.179300 0.000000 0.024400
v 11.858600 0.101300 0.033800
v 11.858600 0.000000 0.024400
v 11.858600 -0.101300 0.033800
v 6.179300 -0.101300 0.033800
v -0.368900 -0.101300 0.033800
v 35.823399 -0.357600 0.171300
v 35.823399 -0.195000 0.077500
v 35.715000 -0.357600 0.171300
v 35.715000 -0.195000 0.077500
v 35.823502 0.000000 0.046300
v 35.715000 0.000000 0.046300
v 35.640099 -0.357600 0.171300
v 35.640099 -0.195000 0.077500
v 35.640099 0.000000 0.046300
v 35.640099 0.357600 0.171300
v 35.640099 0.195000 0.077500
v 35.715000 0.357600 0.171300
v 35.715000 0.195000 0.077500
v 35.823502 0.357600 0.171300
v 35.823502 0.195000 0.077500
v 35.823502 0.455100 0.327500
v 35.984402 0.455100 0.327500
v 35.715000 0.455100 0.327500
v 35.823502 0.487600 0.515000
v 35.984299 0.487600 0.515000
v 35.715000 0.487600 0.515000
v 35.640099 0.455100 0.327500
v 35.640099 0.487600 0.515000
v 35.640099 0.357600 0.858800
v 35.640099 0.455100 0.702500
v 35.715099 0.357600 0.858800
v 35.715000 0.455100 0.702500
v 35.823502 0.357600 0.858800
v 35.984299 0.455100 0.702500
v 35.823502 0.455100 0.702500
v 35.823502 0.195000 0.952500
v 35.715099 0.195000 0.952500
v 35.823601 0.000000 0.983800
v 35.715099 0.000000 0.983800
v 35.640202 0.195000 0.952500
v 35.640202 0.000000 0.983800
v 35.640202 -0.357600 0.858800
v 35.640202 -0.195000 0.952500
v 35.715099 -0.357600 0.858800
v 35.715099 -0.195000 0.952500
v 35.823601 -0.357600 0.858800
v 35.823601 -0.195000 0.952500
v 35.823601 -0.455100 0.702500
v 35.984299 -0.455100 0.702500
v 35.715099 -0.455100 0.702500
v 35.823502 -0.487600 0.515000
v 35.984299 -0.487600 0.515000
v 35.715099 -0.487600 0.515000
v 35.640202 -0.455100 0.702500
v 35.640099 -0.487600 0.515000
v 35.640099 -0.455100 0.327500
v 35.715000 -0.455100 0.327500
v 35.984200 -0.455100 0.327500
v 35.823502 -0.455100 0.327500
v 24.156700 -0.955400 0.757100
v 25.886900 -1.208800 0.744500
v 24.158100 -0.774800 0.836600
v 25.890900 -0.971500 0.826100
v 27.753300 -1.460000 0.732000
v 27.764601 -1.166700 0.815600
v 27.785200 -0.531700 0.953800
v 27.775801 -0.846200 0.892500
v 25.898199 -0.450800 0.957300
v 25.894899 -0.710300 0.899500
v 24.160500 -0.369400 0.960800
v 24.159401 -0.573400 0.906500
v 24.161100 -0.180900 0.993300
v 25.900101 -0.218600 0.991900
v 24.161301 0.000000 1.004200
v 25.900700 0.000000 1.003500
v 27.790800 -0.256100 0.990500
v 27.792601 0.000000 1.002800
v 27.785101 0.531700 0.953800
v 27.790701 0.256100 0.990500
v 25.898001 0.450800 0.957300
v 25.900000 0.218600 0.991900
v 24.160299 0.369400 0.960800
v 24.160999 0.180800 0.993300
v 24.159100 0.573400 0.906500
v 25.894600 0.710300 0.899500
v 24.157801 0.774700 0.836600
v 25.890699 0.971500 0.826100
v 27.775700 0.846200 0.892500
v 27.764400 1.166700 0.815600
v 27.753300 1.460000 0.732000
v 25.886801 1.208800 0.744500
v 24.156601 0.955400 0.757100
v 21.910801 -0.739400 0.603400
v 21.457899 -0.649900 0.605300
v 21.910400 -0.755300 0.515000
v 21.457600 -0.663300 0.515000
v 21.263399 -0.611500 0.606200
v 21.263300 -0.623900 0.515000
v 21.263000 -0.574400 0.335100
v 21.263100 -0.611500 0.423900
v 21.457300 -0.609500 0.336500
v 21.457399 -0.649900 0.424700
v 21.910000 -0.691400 0.339800
v 21.910101 -0.739300 0.426600
v 21.910000 -0.611600 0.255900
v 21.457199 -0.542300 0.252500
v 21.910101 -0.507700 0.179300
v 21.457199 -0.453900 0.176500
v 21.262899 -0.512500 0.251000
v 21.262899 -0.430800 0.175200
v 21.263300 -0.227100 0.063200
v 21.263000 -0.334100 0.111400
v 21.457800 -0.236700 0.063600
v 21.457399 -0.350100 0.112200
v 21.911100 -0.258900 0.064600
v 21.910500 -0.387600 0.114100
v 21.912001 -0.129600 0.034900
v 21.458500 -0.119300 0.034500
v 21.913000 0.000100 0.025000
v 21.459200 0.000100 0.024800
v 21.263700 -0.114900 0.034300
v 21.264200 0.000000 0.024700
v 21.265100 0.227300 0.063200
v 21.264700 0.115000 0.034300
v 21.460699 0.236900 0.063600
v 21.459999 0.119500 0.034500
v 21.914700 0.259200 0.064600
v 21.913900 0.129800 0.034900
v 21.915199 0.388000 0.114200
v 21.461100 0.350500 0.112300
v 21.915300 0.508400 0.179400
v 21.461201 0.454400 0.176500
v 21.265400 0.334300 0.111400
v 21.265499 0.431100 0.175200
v 21.265301 0.574800 0.335200
v 21.265499 0.512900 0.251000
v 21.460800 0.610100 0.336600
v 21.461100 0.542900 0.252500
v 21.914600 0.692200 0.339800
v 21.915100 0.612400 0.256000
v 21.913799 0.740000 0.426700
v 21.460199 0.650400 0.424800
v 21.912901 0.755800 0.515100
v 21.459600 0.663700 0.515100
v 21.264900 0.611800 0.423900
v 21.264500 0.624100 0.515100
v 21.264099 0.611700 0.606200
v 21.459000 0.650200 0.605400
v 21.912201 0.739700 0.603500
v 38.802399 -0.195000 0.952500
v 38.488998 -0.195000 0.952500
v 39.079601 -0.192700 0.947300
v 38.761002 0.000000 0.983800
v 38.468300 0.000000 0.983800
v 39.015301 0.000000 0.978200
v 39.294102 -0.185800 0.931500
v 39.211102 0.000000 0.961300
v 39.086899 0.340600 0.842300
v 39.128201 0.185800 0.931500
v 38.919300 0.353300 0.854700
v 38.951099 0.192700 0.947300
v 38.699299 0.357600 0.858800
v 38.447701 0.195000 0.952500
v 38.719700 0.195000 0.952500
v 38.720501 0.455100 0.702500
v 38.951801 0.449700 0.700300
v 38.762600 0.487600 0.515000
v 39.016499 0.481800 0.515000
v 39.128700 0.433400 0.693500
v 39.211899 0.464400 0.515000
v 39.336700 0.340600 0.187800
v 39.295101 0.433400 0.336600
v 39.113602 0.353300 0.175400
v 39.081200 0.449700 0.329800
v 38.825600 0.357600 0.171300
v 38.804600 0.455100 0.327500
v 38.804798 0.195000 0.077500
v 38.491798 0.195000 0.077500
v 39.081402 0.192700 0.082800
v 38.763000 0.000000 0.046300
v 38.470600 0.000000 0.046300
v 39.016800 0.000000 0.051900
v 39.295200 0.185800 0.098600
v 39.212101 0.000000 0.068800
v 39.128899 -0.185800 0.098600
v 38.952202 -0.192700 0.082800
v 38.449402 -0.195000 0.077500
v 38.721100 -0.195000 0.077500
v 38.169800 -0.357600 0.858800
v 38.165798 -0.455100 0.702500
v 37.835800 -0.357600 0.858800
v 37.834900 -0.455100 0.702500
v 38.157799 -0.487600 0.515000
v 37.833000 -0.487600 0.515000
v 37.498798 -0.357600 0.858800
v 37.160500 -0.455100 0.702500
v 37.498901 -0.455100 0.702500
v 37.160599 -0.487600 0.515000
v 37.499100 -0.487600 0.515000
v 37.499699 -0.357600 0.171300
v 37.499298 -0.455100 0.327500
v 37.160702 -0.455100 0.327500
v 37.830601 -0.357600 0.171300
v 37.831200 -0.455100 0.327500
v 38.146099 -0.357600 0.171300
v 38.149799 -0.455100 0.327500
v 37.498699 -0.195000 0.952500
v 37.834599 -0.195000 0.952500
v 37.498699 0.000000 0.983800
v 37.832600 0.000000 0.983800
v 38.165600 -0.195000 0.952500
v 38.157299 0.000000 0.983800
v 38.149200 0.195000 0.952500
v 37.830601 0.195000 0.952500
v 37.498798 0.195000 0.952500
v 36.823002 0.455100 0.327500
v 36.501900 0.455100 0.327500
v 36.822701 0.487600 0.515000
v 36.501701 0.487600 0.515000
v 36.216400 0.455100 0.327500
v 36.216301 0.487600 0.515000
v 36.216202 0.455100 0.702500
v 36.501499 0.455100 0.702500
v 36.822300 0.455100 0.702500
v 37.500900 0.195000 0.077500
v 37.837200 0.195000 0.077500
v 37.500599 0.000000 0.046300
v 37.834801 0.000000 0.046300
v 38.168400 0.195000 0.077500
v 38.159698 0.000000 0.046300
v 38.150799 -0.195000 0.077500
v 37.832199 -0.195000 0.077500
v 37.500099 -0.195000 0.077500
v 36.821999 -0.455100 0.702500
v 36.501301 -0.455100 0.702500
v 36.822102 -0.487600 0.515000
v 36.501301 -0.487600 0.515000
v 36.216202 -0.455100 0.702500
v 36.216099 -0.487600 0.515000
v 36.216099 -0.455100 0.327500
v 36.501400 -0.455100 0.327500
v 36.822201 -0.455100 0.327500
vn 0.1810 0.9405 0.2876
vn 0.1052 0.9390 0.3274
vn 0.1427 0.9153 0.3766
vn 0.2361 0.9328 0.2723
vn 0.0242 0.9217 0.3873
vn 0.0472 0.8790 0.4745
vn 0.2050 0.9019 0.3802
vn 0.3243 0.9148 0.2407
vn 0.0853 0.8499 0.5200
vn -0.0338 0.8967 0.4414
vn -0.0695 0.8689 0.4900
vn -0.0714 0.7944 0.6031
vn -0.0262 0.8355 0.5489
vn -0.0701 0.7020 0.7087
vn -0.0089 0.7746 0.6324
vn -0.0611 0.3848 0.9210
vn 0.0547 0.6379 0.7681
vn 0.0122 0.7016 0.7125
vn -0.0696 0.5757 0.8147
vn 0.2155 0.8059 0.5514
vn 0.1381 0.8305 0.5396
vn 0.3511 0.8819 0.3147
vn 0.4196 0.8950 0.1512
vn 0.4001 0.8968 0.1886
vn 0.2816 0.8943 0.3478
vn -0.1271 0.9052 -0.4056
vn -0.1527 0.9666 -0.2056
vn -0.1713 0.9618 -0.2134
vn -0.1436 0.8945 -0.4234
vn -0.1586 0.9873 0.0002
vn -0.1805 0.9836 0.0014
vn -0.1789 0.9575 -0.2263
vn -0.1500 0.8843 -0.4421
vn -0.1905 0.9817 0.0014
vn -0.1489 0.9671 0.2063
vn -0.1242 0.9057 0.4054
vn -0.1435 0.8961 0.4199
vn -0.1704 0.9615 0.2156
vn -0.1497 0.8864 0.4380
vn -0.1798 0.9571 0.2273
vn -0.1572 0.8667 0.4735
vn -0.1880 0.9500 0.2492
vn -0.1842 0.9533 0.2394
vn -0.1530 0.8760 0.4575
vn -0.1976 0.9803 -0.0000
vn -0.1956 0.9807 0.0014
vn -0.1828 0.9510 -0.2495
vn -0.1507 0.8661 -0.4766
vn -0.1524 0.8741 -0.4612
vn -0.1843 0.9539 -0.2369
vn 0.1557 0.3173 0.9354
vn 0.1647 0.2804 0.9456
vn 0.0462 0.2071 0.9772
vn 0.0354 0.1696 0.9849
vn 0.1401 0.2674 0.9534
vn 0.0474 0.2241 0.9734
vn 0.0118 0.1877 0.9821
vn 0.0099 0.1481 0.9889
vn 0.0112 0.2126 0.9771
vn 0.1102 0.2889 0.9510
vn 0.0792 0.3035 0.9495
vn 0.0408 0.3001 0.9530
vn 0.0412 0.2442 0.9688
vn 0.0058 0.2959 0.9552
vn 0.0086 0.2411 0.9705
vn -0.0312 0.3317 0.9429
vn -0.0188 0.2646 0.9642
vn -0.0094 0.2489 0.9685
vn -0.0167 0.3038 0.9526
vn -0.0114 0.2273 0.9737
vn -0.0047 0.2156 0.9765
vn -0.0063 0.1933 0.9811
vn -0.0029 0.1494 0.9888
vn 0.0004 0.1444 0.9895
vn -0.0017 0.1851 0.9827
vn -0.0354 0.3308 -0.9430
vn -0.0717 0.5697 -0.8187
vn -0.0339 0.5283 -0.8484
vn -0.0160 0.3030 -0.9529
vn -0.1251 0.9921 0.0001
vn -0.0698 0.9976 0.0008
vn 0.0094 0.5229 -0.8523
vn 0.0065 0.2960 -0.9552
vn 0.0180 0.9998 -0.0003
vn -0.0667 0.5701 0.8189
vn -0.0354 0.5278 0.8487
vn 0.0080 0.5226 0.8525
vn 0.1742 0.4945 0.8516
vn 0.0725 0.5283 0.8460
vn 0.4087 0.9126 0.0093
vn 0.1753 0.9845 -0.0022
vn 0.1659 0.5109 -0.8435
vn 0.0732 0.3065 -0.9490
vn 0.0411 0.3009 -0.9528
vn 0.0736 0.5286 -0.8457
vn -0.0915 0.8089 0.5808
vn -0.1067 0.7962 0.5955
vn -0.0588 0.6870 0.7242
vn -0.0693 0.6740 0.7355
vn -0.1106 0.7813 0.6143
vn -0.0715 0.6580 0.7496
vn -0.0315 0.5409 0.8405
vn -0.0140 0.3680 0.9297
vn -0.0156 0.3629 0.9317
vn -0.0377 0.5304 0.8469
vn -0.0159 0.3546 0.9349
vn -0.0387 0.5169 0.8552
vn -0.0165 0.3371 0.9413
vn -0.0407 0.4910 0.8702
vn -0.0391 0.5029 0.8635
vn -0.0158 0.3462 0.9380
vn -0.0744 0.6269 0.7755
vn -0.0716 0.6417 0.7636
vn -0.1153 0.7520 0.6490
vn -0.1113 0.7663 0.6327
vn 0.0024 0.3288 0.9444
vn 0.1378 0.5814 0.8019
vn 0.0753 0.3329 0.9400
vn 0.2203 0.5568 0.8009
vn 0.2856 0.7727 0.5668
vn 0.3301 0.7393 0.5869
vn 0.1255 0.3395 0.9322
vn 0.1028 0.3489 0.9315
vn 0.1780 0.5479 0.8174
vn 0.2447 0.5437 0.8028
vn 0.2046 0.7167 0.6667
vn 0.3043 0.7206 0.6230
vn 0.0984 0.9362 0.3374
vn 0.1767 0.9454 0.2740
vn 0.2714 0.8572 0.4376
vn 0.1706 0.8479 0.5019
vn 0.2827 0.9361 0.2094
vn 0.3497 0.8609 0.3696
vn 0.3701 0.9145 0.1634
vn 0.3688 0.8712 0.3241
vn -0.0635 0.9145 0.3996
vn -0.0483 0.8172 0.5743
vn -0.0050 0.9193 0.3934
vn -0.0039 0.8233 0.5676
vn -0.0322 0.6943 0.7190
vn -0.0027 0.7005 0.7136
vn -0.0006 0.9199 0.3921
vn -0.0000 0.9196 0.3928
vn -0.0000 0.8238 0.5669
vn -0.0004 0.8238 0.5668
vn -0.0000 0.7014 0.7127
vn -0.0003 0.7016 0.7126
vn -0.0000 0.3762 0.9265
vn -0.0001 0.3760 0.9266
vn -0.0002 0.5529 0.8332
vn -0.0000 0.5531 0.8331
vn -0.0006 0.3748 0.9271
vn -0.0016 0.5520 0.8338
vn -0.0076 0.3713 0.9285
vn -0.0180 0.5463 0.8374
vn 0.0474 0.8383 0.5431
vn 0.0289 0.9269 0.3741
vn 0.0622 0.7129 0.6986
vn 0.0032 0.8273 0.5618
vn 0.0022 0.9216 0.3881
vn 0.0042 0.7043 0.7099
vn 0.0357 0.3618 0.9316
vn 0.0595 0.5534 0.8308
vn 0.0028 0.3735 0.9276
vn 0.0043 0.5537 0.8327
vn -0.0000 0.5529 0.8333
vn 0.0005 0.5526 0.8335
vn 0.0003 0.3757 0.9267
vn -0.0000 0.7010 0.7132
vn 0.0004 0.7012 0.7130
vn -0.0000 0.8235 0.5674
vn -0.0000 0.9194 0.3934
vn 0.0002 0.9195 0.3932
vn 0.0003 0.8235 0.5674
vn 0.1834 -0.9828 0.0211
vn 0.2181 -0.9715 0.0927
vn 0.1492 -0.9644 0.2182
vn 0.1275 -0.9894 0.0694
vn 0.2933 -0.9405 0.1717
vn 0.1948 -0.9293 0.3138
vn 0.0620 -0.9320 0.3571
vn 0.0558 -0.9841 0.1686
vn 0.0840 -0.8753 0.4763
vn 0.3861 -0.9045 0.1812
vn 0.4163 -0.8968 0.1497
vn 0.3503 -0.8829 0.3128
vn 0.2758 -0.9009 0.3350
vn 0.2153 -0.8055 0.5520
vn 0.1348 -0.8354 0.5329
vn -0.0606 -0.3844 0.9212
vn -0.0609 -0.5948 0.8015
vn 0.0108 -0.7053 0.7089
vn 0.0545 -0.6376 0.7684
vn -0.0627 -0.7228 0.6882
vn -0.0078 -0.7938 0.6081
vn -0.0575 -0.8280 0.5577
vn -0.0440 -0.9178 0.3947
vn -0.0044 -0.9582 0.2860
vn -0.0133 -0.8794 0.4759
vn -0.0000 -0.6946 0.7194
vn 0.0751 -0.6810 0.7284
vn 0.1333 -0.9225 0.3622
vn -0.0000 -0.9342 0.3567
vn 0.1836 -0.6379 0.7479
vn 0.3462 -0.8561 0.3838
vn 0.1577 -0.9875 -0.0044
vn -0.0000 -1.0000 -0.0000
vn 0.4235 -0.9057 -0.0192
vn 0.2190 -0.5205 0.8253
vn 0.1518 -0.3345 0.9301
vn 0.4926 -0.5498 0.6746
vn 0.4853 -0.7190 0.4975
vn 0.7830 -0.6220 -0.0094
vn 0.6280 -0.7776 -0.0306
vn 0.1592 -0.3176 -0.9348
vn 0.2141 -0.5672 -0.7953
vn 0.4544 -0.7229 -0.5205
vn 0.5285 -0.4700 -0.7070
vn 0.1773 -0.6572 -0.7326
vn 0.3219 -0.8607 -0.3944
vn 0.0704 -0.6858 -0.7244
vn -0.0000 -0.6947 -0.7193
vn -0.0000 -0.9342 -0.3568
vn 0.1228 -0.9222 -0.3666
vn -0.0341 -0.3319 -0.9427
vn -0.0717 -0.5697 -0.8187
vn -0.1014 -0.6448 -0.7576
vn -0.0529 -0.3914 -0.9187
vn -0.1258 -0.9921 -0.0005
vn -0.1603 -0.9871 -0.0018
vn -0.1302 -0.7365 -0.6638
vn -0.0749 -0.4814 -0.8733
vn -0.1801 -0.9836 -0.0017
vn -0.0667 -0.5702 0.8188
vn -0.0325 -0.3307 0.9432
vn -0.0517 -0.3867 0.9208
vn -0.1011 -0.6454 0.7571
vn -0.0730 -0.4755 0.8767
vn -0.1307 -0.7375 0.6626
vn -0.1268 -0.7144 0.6881
vn -0.1773 -0.8913 0.4173
vn -0.1559 -0.8260 0.5417
vn -0.0985 -0.5921 0.7998
vn -0.1958 -0.9806 0.0001
vn -0.1916 -0.9815 -0.0002
vn -0.1674 -0.8930 -0.4177
vn -0.1214 -0.7191 -0.6842
vn -0.1009 -0.5990 -0.7944
vn -0.1555 -0.8251 -0.5432
vn 0.0307 -0.1757 0.9840
vn 0.0461 -0.2070 0.9773
vn 0.1647 -0.2804 0.9456
vn 0.0088 -0.1494 0.9887
vn 0.0113 -0.1864 0.9824
vn 0.0474 -0.2241 0.9734
vn 0.1401 -0.2674 0.9534
vn 0.0112 -0.2126 0.9771
vn -0.0001 -0.1440 0.9896
vn -0.0036 -0.1494 0.9888
vn -0.0078 -0.1935 0.9811
vn -0.0017 -0.1852 0.9827
vn -0.0135 -0.2273 0.9737
vn -0.0047 -0.2156 0.9765
vn -0.0167 -0.3039 0.9526
vn -0.0094 -0.2474 0.9689
vn -0.0214 -0.2645 0.9641
vn 0.0058 -0.2960 0.9552
vn 0.0086 -0.2405 0.9706
vn 0.0409 -0.3003 0.9530
vn 0.0792 -0.3036 0.9495
vn 0.1102 -0.2889 0.9510
vn 0.0413 -0.2448 0.9687
vn 0.0725 -0.5283 0.8460
vn 0.1742 -0.4945 0.8516
vn 0.0080 -0.5227 0.8525
vn 0.1753 -0.9845 -0.0022
vn 0.4087 -0.9126 0.0093
vn 0.0180 -0.9998 -0.0004
vn -0.0354 -0.5278 0.8486
vn -0.0699 -0.9976 0.0006
vn -0.0160 -0.3030 -0.9529
vn -0.0340 -0.5282 -0.8484
vn 0.0065 -0.2960 -0.9552
vn 0.0094 -0.5229 -0.8523
vn 0.0413 -0.3011 -0.9527
vn 0.0732 -0.3065 -0.9490
vn 0.1660 -0.5109 -0.8435
vn 0.0737 -0.5289 -0.8455
vn -0.1242 -0.9057 0.4054
vn -0.1435 -0.8961 0.4200
vn -0.1067 -0.7962 0.5955
vn -0.0915 -0.8089 0.5808
vn -0.1505 -0.8861 0.4385
vn -0.1106 -0.7813 0.6143
vn -0.0693 -0.6740 0.7355
vn -0.0588 -0.6870 0.7242
vn -0.0720 -0.6575 0.7500
vn -0.1529 -0.8760 0.4574
vn -0.1530 -0.8668 0.4746
vn -0.1106 -0.7523 0.6494
vn -0.1117 -0.7660 0.6330
vn -0.0707 -0.6275 0.7754
vn -0.0716 -0.6417 0.7636
vn -0.0155 -0.3376 0.9412
vn -0.0161 -0.3445 0.9386
vn -0.0390 -0.5029 0.8635
vn -0.0386 -0.4914 0.8700
vn -0.0158 -0.3533 0.9354
vn -0.0390 -0.5166 0.8553
vn -0.0157 -0.3614 0.9323
vn -0.0125 -0.3681 0.9297
vn -0.0315 -0.5409 0.8405
vn -0.0377 -0.5304 0.8469
vn 0.1377 -0.5812 0.8020
vn 0.0026 -0.3316 0.9434
vn 0.2859 -0.7726 0.5668
vn 0.2203 -0.5567 0.8010
vn 0.0787 -0.3384 0.9377
vn 0.3303 -0.7391 0.5871
vn 0.3645 -0.9174 0.1599
vn 0.3686 -0.8714 0.3236
vn 0.2790 -0.9374 0.2083
vn 0.3499 -0.8608 0.3697
vn 0.1021 -0.9372 0.3336
vn 0.1706 -0.8479 0.5019
vn 0.2715 -0.8572 0.4376
vn 0.1757 -0.9456 0.2738
vn 0.2046 -0.7167 0.6667
vn 0.3044 -0.7206 0.6230
vn 0.1780 -0.5479 0.8174
vn 0.1069 -0.3550 0.9287
vn 0.1312 -0.3467 0.9288
vn 0.2447 -0.5437 0.8028
vn -0.0483 -0.8172 0.5743
vn -0.0637 -0.9145 0.3995
vn -0.0322 -0.6943 0.7190
vn -0.0036 -0.8226 0.5686
vn -0.0050 -0.9193 0.3936
vn -0.0027 -0.7007 0.7135
vn -0.0076 -0.3713 0.9285
vn -0.0181 -0.5463 0.8374
vn -0.0006 -0.3748 0.9271
vn -0.0015 -0.5516 0.8341
vn -0.0000 -0.3762 0.9265
vn -0.0000 -0.5531 0.8331
vn -0.0002 -0.5529 0.8332
vn -0.0001 -0.3760 0.9266
vn -0.0000 -0.7014 0.7127
vn -0.0003 -0.7016 0.7126
vn -0.0000 -0.8238 0.5669
vn -0.0000 -0.9196 0.3928
vn -0.0006 -0.9199 0.3921
vn -0.0005 -0.8240 0.5666
vn 0.0261 -0.9286 0.3702
vn 0.0474 -0.8383 0.5431
vn 0.0017 -0.9217 0.3878
vn 0.0031 -0.8272 0.5619
vn 0.0622 -0.7128 0.6986
vn 0.0042 -0.7043 0.7099
vn 0.0002 -0.9195 0.3931
vn -0.0000 -0.9193 0.3935
vn -0.0000 -0.8235 0.5674
vn 0.0003 -0.8235 0.5674
vn -0.0000 -0.7011 0.7131
vn 0.0004 -0.7011 0.7130
vn 0.0003 -0.3757 0.9267
vn 0.0005 -0.5526 0.8335
vn -0.0000 -0.5529 0.8333
vn 0.0030 -0.3742 0.9273
vn 0.0044 -0.5542 0.8324
vn 0.0381 -0.3644 0.9305
vn 0.0595 -0.5534 0.8308
vn 0.0928 -0.9391 -0.3310
vn 0.0330 -0.9851 -0.1688
vn 0.0883 -0.9855 -0.1447
vn 0.1662 -0.9512 -0.2600
vn 0.0223 -0.9998 -0.0012
vn 0.0621 -0.9980 -0.0064
vn 0.1733 -0.9785 -0.1122
vn 0.2380 -0.9514 -0.1953
vn 0.1531 -0.9882 -0.0090
vn 0.0465 -0.9850 0.1662
vn 0.0945 -0.9867 0.1323
vn 0.1958 -0.9759 0.0963
vn 0.4280 -0.9022 0.0533
vn 0.3206 -0.9449 0.0664
vn 0.3981 -0.9164 -0.0419
vn 0.2788 -0.9602 -0.0190
vn 0.3388 -0.9324 -0.1262
vn 0.2557 -0.9505 -0.1768
vn 0.2724 -0.9496 -0.1551
vn 0.2708 -0.9579 -0.0950
vn 0.4479 -0.8918 0.0636
vn 0.3682 -0.9285 0.0475
vn 0.4342 -0.8991 -0.0562
vn 0.3924 -0.9178 -0.0606
vn 0.1946 -0.9763 -0.0952
vn 0.2628 -0.9645 -0.0259
vn 0.2080 -0.9540 -0.2160
vn 0.3083 -0.9410 -0.1398
vn 0.3453 -0.9236 -0.1663
vn 0.2282 -0.9411 -0.2496
vn -0.0000 -0.3344 0.9424
vn -0.0000 -0.0000 1.0000
vn -0.0000 0.6946 0.7194
vn -0.0000 0.3344 0.9424
vn -0.0958 -0.1267 0.9873
vn -0.1016 -0.1191 0.9877
vn -0.1067 -0.2795 0.9542
vn -0.0991 -0.0000 0.9951
vn -0.1013 -0.0000 0.9949
vn -0.1049 -0.1139 0.9879
vn -0.1114 -0.2634 0.9582
vn -0.1033 -0.0000 0.9947
vn -0.0940 0.1259 0.9876
vn -0.1010 0.2941 0.9504
vn -0.1024 0.1173 0.9878
vn -0.1100 0.2666 0.9575
vn -0.1054 0.1136 0.9879
vn -0.1134 0.2542 0.9605
vn -0.1071 0.1153 0.9875
vn -0.1067 0.1138 0.9878
vn -0.1124 0.2576 0.9597
vn -0.1050 0.0003 0.9945
vn -0.1047 -0.0000 0.9945
vn -0.1071 -0.1153 0.9875
vn -0.1134 -0.2542 0.9605
vn -0.1129 -0.2565 0.9599
vn -0.1067 -0.1139 0.9878
vn -0.0755 -0.1311 0.9885
vn -0.0355 -0.1388 0.9897
vn -0.0924 0.0012 0.9957
vn -0.0668 0.0023 0.9978
vn 0.0306 -0.1626 0.9862
vn 0.0157 -0.1510 0.9884
vn 0.0018 0.0026 1.0000
vn -0.0227 0.0030 0.9997
vn 0.0170 0.1552 0.9877
vn 0.0298 0.1652 0.9858
vn -0.0324 0.1432 0.9892
vn -0.0731 0.1334 0.9884
vn 0.0009 -0.0831 0.9965
vn -0.0009 -0.0845 0.9964
vn 0.0051 -0.0873 0.9962
vn 0.0010 -0.0000 1.0000
vn 0.0001 -0.0000 1.0000
vn 0.0043 -0.0000 1.0000
vn 0.0275 -0.1641 0.9861
vn 0.0123 -0.1079 0.9941
vn 0.0107 0.0032 0.9999
vn 0.0081 0.0018 1.0000
vn 0.0192 0.1132 0.9934
vn 0.0317 0.1760 0.9839
vn 0.0070 0.0882 0.9961
vn -0.0008 0.0837 0.9965
vn 0.0012 0.0818 0.9967
vn -0.0025 -0.1824 0.9832
vn -0.0021 -0.1837 0.9830
vn 0.0002 0.0002 1.0000
vn -0.0001 -0.1855 0.9826
vn -0.0040 0.1821 0.9833
vn -0.0016 0.1838 0.9830
vn -0.0001 0.1855 0.9826
vn -0.0000 0.1862 0.9825
vn -0.0000 0.1861 0.9825
vn -0.0000 -0.1862 0.9825
vn -0.0000 -0.1861 0.9825
vn -0.0035 -0.1799 0.9837
vn -0.0040 -0.1758 0.9844
vn -0.0001 -0.0003 1.0000
vn -0.0003 -0.0000 1.0000
vn -0.0037 -0.1698 0.9855
vn -0.0037 -0.1728 0.9850
vn -0.0005 -0.0000 1.0000
vn -0.0000 -0.0003 1.0000
vn -0.0036 0.1721 0.9851
vn -0.0042 0.1695 0.9855
vn -0.0036 0.1754 0.9845
vn -0.0039 0.1792 0.9838
vn 0.0122 -0.1737 0.9847
vn 0.0012 -0.1838 0.9830
vn 0.0009 0.0011 1.0000
vn 0.0002 -0.0000 1.0000
vn -0.0000 -0.1863 0.9825
vn 0.0001 -0.1858 0.9826
vn 0.0001 0.1858 0.9826
vn -0.0000 0.1863 0.9825
vn 0.0007 0.1840 0.9829
vn 0.0104 0.1746 0.9846
vn 0.0569 -0.2431 0.9683
vn 0.0549 -0.3016 0.9519
vn 0.0127 0.0054 0.9999
vn 0.0109 0.0056 0.9999
vn 0.0238 -0.3250 0.9454
vn 0.0040 0.0020 1.0000
vn 0.0688 0.6768 0.7329
vn 0.0176 0.3276 0.9446
vn 0.1725 0.6267 0.7599
vn 0.0481 0.3110 0.9492
vn 0.2037 0.5020 0.8405
vn 0.0487 0.2659 0.9628
vn -0.1700 0.5118 -0.8421
vn -0.2271 0.7171 -0.6589
vn -0.2283 0.8172 -0.5292
vn -0.1825 0.6471 -0.7402
vn -0.3114 0.9502 -0.0118
vn -0.2684 0.9633 -0.0050
vn -0.2206 0.8731 -0.4348
vn -0.1858 0.7329 -0.6545
vn -0.2445 0.9696 -0.0014
vn -0.2293 0.7353 0.6378
vn -0.1629 0.4732 0.8658
vn -0.1828 0.6389 0.7473
vn -0.2259 0.8286 0.5123
vn -0.1853 0.7330 0.6545
vn -0.2179 0.8773 0.4276
vn -0.1561 0.7651 0.6247
vn -0.1807 0.8913 0.4159
vn -0.2021 0.8900 0.4087
vn -0.1740 0.7607 0.6253
vn -0.1991 0.9800 0.0004
vn -0.2230 0.9748 -0.0000
vn -0.1800 0.8917 -0.4153
vn -0.1563 0.7644 -0.6255
vn -0.1742 0.7602 -0.6259
vn -0.2027 0.8897 -0.4091
vn -0.0000 0.9196 -0.3928
vn -0.0000 0.9195 -0.3930
vn -0.0000 0.9800 -0.1990
vn -0.0000 0.9801 -0.1985
vn -0.0000 0.9194 -0.3932
vn -0.0000 0.9800 -0.1989
vn -0.0000 1.0000 -0.0001
vn -0.0000 0.9194 -0.3934
vn -0.0000 0.9193 -0.3935
vn -0.0000 0.9193 0.3935
vn -0.0000 0.9800 0.1990
vn -0.0000 0.9194 0.3932
vn -0.0000 0.9800 0.1988
vn -0.0000 0.9195 0.3930
vn -0.0000 0.9801 0.1986
vn 0.1631 0.3004 -0.9398
vn 0.1511 0.2719 -0.9504
vn 0.4784 0.4011 -0.7812
vn 0.5286 0.4699 -0.7070
vn 0.1298 0.2552 -0.9581
vn 0.3908 0.3985 -0.8298
vn 0.8333 0.5522 0.0248
vn 0.7830 0.6220 -0.0094
vn 0.7763 0.6299 0.0222
vn 0.1033 0.2738 -0.9562
vn 0.2892 0.4539 -0.8428
vn 0.6326 0.7743 0.0169
vn 0.2878 0.4487 0.8461
vn 0.3928 0.3967 0.8297
vn 0.4926 0.5498 0.6746
vn 0.4811 0.3880 0.7862
vn -0.0627 0.9151 -0.3983
vn -0.0730 0.9764 -0.2033
vn -0.0048 0.9192 -0.3938
vn -0.0055 0.9798 -0.1998
vn -0.0773 0.9970 -0.0004
vn -0.0058 1.0000 -0.0001
vn -0.0005 0.9196 -0.3928
vn -0.0006 0.9800 -0.1988
vn -0.0006 1.0000 -0.0001
vn -0.0006 0.9801 0.1987
vn -0.0057 0.9799 0.1993
vn -0.0742 0.9764 0.2026
vn 0.1670 0.9426 -0.2893
vn 0.1073 0.9403 -0.3230
vn 0.0895 0.9759 -0.1989
vn 0.1885 0.9639 -0.1883
vn 0.0260 0.9231 -0.3837
vn 0.0153 0.9736 -0.2279
vn 0.0904 0.9959 -0.0006
vn 0.2086 0.9780 0.0023
vn 0.0122 0.9999 0.0004
vn -0.0333 0.8964 -0.4420
vn -0.0717 0.8675 -0.4922
vn -0.0707 0.9482 -0.3097
vn -0.0351 0.9631 -0.2670
vn -0.0704 0.9975 -0.0002
vn -0.0370 0.9993 0.0011
vn -0.0365 0.9624 0.2691
vn -0.0664 0.9500 0.3051
vn 0.0135 0.9734 0.2286
vn 0.2001 0.9608 0.1919
vn 0.0899 0.9765 0.1958
vn -0.0185 -0.9117 -0.4104
vn -0.0137 -0.9531 -0.3025
vn -0.0695 -0.9354 -0.3466
vn -0.0734 -0.8586 -0.5074
vn -0.0231 -0.9957 -0.0899
vn -0.0773 -0.9962 -0.0399
vn -0.1163 -0.9156 -0.3849
vn -0.1107 -0.8120 -0.5731
vn -0.1264 -0.9919 -0.0111
vn -0.0346 -0.9818 0.1867
vn -0.0820 -0.8636 0.4974
vn -0.0788 -0.9516 0.2971
vn -0.1126 -0.8145 0.5692
vn -0.1187 -0.9209 0.3714
vn -0.1565 -0.7644 0.6255
vn -0.1801 -0.8917 0.4153
vn -0.1523 -0.9001 0.4082
vn -0.1367 -0.7808 0.6096
vn -0.1991 -0.9800 -0.0004
vn -0.1671 -0.9859 -0.0001
vn -0.1807 -0.8913 -0.4159
vn -0.1563 -0.7651 -0.6247
vn -0.1370 -0.7803 -0.6103
vn -0.1528 -0.8999 -0.4084
vn 0.0290 -0.9269 -0.3741
vn 0.0156 -0.9827 -0.1845
vn 0.0022 -0.9216 -0.3882
vn 0.0014 -0.9807 -0.1956
vn 0.0078 -1.0000 0.0014
vn 0.0007 -1.0000 -0.0001
vn 0.0002 -0.9195 -0.3931
vn -0.0000 -0.9193 -0.3935
vn -0.0000 -0.9800 -0.1990
vn 0.0002 -0.9801 -0.1986
vn -0.0000 -1.0000 -0.0001
vn 0.0001 -1.0000 -0.0001
vn 0.0001 -0.9801 0.1986
vn -0.0000 -0.9800 0.1990
vn 0.0011 -0.9809 0.1945
vn 0.0116 -0.9824 0.1867
vn -0.1299 -0.9059 -0.4030
vn -0.1528 -0.9666 -0.2057
vn -0.0727 -0.9763 -0.2038
vn -0.0626 -0.9150 -0.3985
vn -0.1586 -0.9873 0.0002
vn -0.0774 -0.9970 -0.0005
vn -0.0055 -0.9798 -0.1998
vn -0.0048 -0.9194 -0.3933
vn -0.0058 -1.0000 -0.0001
vn -0.1488 -0.9671 0.2063
vn -0.0742 -0.9764 0.2026
vn -0.0057 -0.9799 0.1993
vn -0.0000 -0.9801 0.1986
vn -0.0006 -0.9801 0.1987
vn -0.0006 -1.0000 -0.0001
vn -0.0000 -0.9801 -0.1985
vn -0.0000 -0.9196 -0.3928
vn -0.0005 -0.9198 -0.3923
vn -0.0006 -0.9800 -0.1988
vn 0.1569 -0.9487 -0.2745
vn 0.1776 -0.9620 -0.2076
vn 0.1390 -0.9596 -0.2448
vn 0.0994 -0.9559 -0.2764
vn 0.1103 -0.9630 -0.2460
vn 0.0817 -0.9715 -0.2224
vn 0.1264 -0.9851 -0.1170
vn 0.0631 -0.9962 -0.0601
vn 0.0110 -0.9985 0.0529
vn 0.0299 -0.9866 -0.1603
vn 0.0414 -0.9460 -0.3216
vn 0.0441 -0.9596 -0.2779
vn 0.2313 0.9306 -0.2836
vn 0.1428 0.9153 -0.3765
vn 0.3202 0.9117 -0.2573
vn 0.2050 0.9019 -0.3802
vn 0.0471 0.8790 -0.4745
vn 0.0854 0.8500 -0.5199
vn 0.3983 0.8944 -0.2035
vn 0.4244 0.8919 -0.1562
vn 0.3511 0.8819 -0.3146
vn 0.2817 0.8945 -0.3471
vn 0.2155 0.8059 -0.5514
vn 0.1382 0.8306 -0.5395
vn -0.0611 0.3848 -0.9210
vn -0.0696 0.5757 -0.8147
vn 0.0121 0.7016 -0.7125
vn 0.0547 0.6379 -0.7682
vn -0.0701 0.7020 -0.7087
vn -0.0094 0.7744 -0.6327
vn -0.0711 0.7942 -0.6035
vn -0.0263 0.8355 -0.5489
vn -0.0000 0.9342 0.3567
vn 0.1334 0.9225 0.3622
vn -0.0000 1.0000 -0.0000
vn 0.1577 0.9875 -0.0044
vn 0.3463 0.8560 0.3838
vn 0.4235 0.9057 -0.0192
vn -0.0000 0.9342 -0.3568
vn -0.0000 0.6947 -0.7193
vn 0.0641 0.6816 -0.7289
vn 0.1228 0.9222 -0.3666
vn 0.1661 0.6462 -0.7449
vn 0.3219 0.8607 -0.3944
vn 0.4544 0.7229 -0.5205
vn 0.1989 0.5495 -0.8115
vn 0.6280 0.7776 -0.0306
vn 0.4853 0.7190 0.4975
vn 0.0354 0.1696 -0.9849
vn 0.0462 0.2071 -0.9772
vn 0.0099 0.1481 -0.9889
vn 0.0113 0.1863 -0.9824
vn 0.0474 0.2241 -0.9734
vn 0.0112 0.2126 -0.9771
vn 0.0004 0.1439 -0.9896
vn -0.0035 0.1505 -0.9886
vn -0.0078 0.1935 -0.9811
vn -0.0017 0.1851 -0.9827
vn -0.0135 0.2273 -0.9737
vn -0.0047 0.2164 -0.9763
vn -0.0094 0.2476 -0.9688
vn -0.0214 0.2645 -0.9641
vn 0.0086 0.2405 -0.9706
vn 0.0412 0.2444 -0.9688
vn -0.1072 0.7957 -0.5962
vn -0.0915 0.8089 -0.5808
vn -0.1106 0.7812 -0.6143
vn -0.0693 0.6740 -0.7355
vn -0.0588 0.6870 -0.7242
vn -0.0716 0.6579 -0.7497
vn -0.1105 0.7528 -0.6489
vn -0.1113 0.7663 -0.6328
vn -0.0710 0.6275 -0.7754
vn -0.0717 0.6415 -0.7638
vn -0.0150 0.3381 -0.9410
vn -0.0159 0.3462 -0.9380
vn -0.0389 0.5032 -0.8633
vn -0.0381 0.4915 -0.8700
vn -0.0160 0.3545 -0.9349
vn -0.0391 0.5165 -0.8554
vn -0.0156 0.3629 -0.9317
vn -0.0137 0.3682 -0.9297
vn -0.0315 0.5409 -0.8405
vn -0.0376 0.5305 -0.8469
vn 0.1379 0.5814 -0.8019
vn 0.0025 0.3289 -0.9444
vn 0.2860 0.7731 -0.5662
vn 0.2207 0.5567 -0.8009
vn 0.0756 0.3329 -0.9399
vn 0.3307 0.7391 -0.5869
vn 0.3761 0.9135 -0.1552
vn 0.3690 0.8711 -0.3241
vn 0.2872 0.9379 -0.1944
vn 0.3503 0.8606 -0.3697
vn 0.0965 0.9400 -0.3272
vn 0.1714 0.8477 -0.5020
vn 0.2723 0.8569 -0.4377
vn 0.1778 0.9494 -0.2589
vn 0.2059 0.7163 -0.6667
vn 0.3055 0.7202 -0.6229
vn 0.1794 0.5476 -0.8173
vn 0.1037 0.3488 -0.9314
vn 0.1260 0.3396 -0.9321
vn 0.2459 0.5434 -0.8026
vn -0.0482 0.8172 -0.5743
vn -0.0321 0.6943 -0.7190
vn -0.0039 0.8232 -0.5677
vn -0.0025 0.7002 -0.7139
vn -0.0073 0.3706 -0.9288
vn -0.0172 0.5466 -0.8372
vn -0.0006 0.3748 -0.9271
vn -0.0015 0.5516 -0.8341
vn -0.0000 0.3760 -0.9266
vn -0.0000 0.5531 -0.8331
vn -0.0002 0.5529 -0.8332
vn -0.0001 0.3759 -0.9267
vn -0.0000 0.7016 -0.7126
vn -0.0003 0.7016 -0.7125
vn -0.0000 0.8237 -0.5670
vn -0.0004 0.8238 -0.5669
vn 0.0261 0.9285 -0.3703
vn 0.0477 0.8382 -0.5432
vn 0.0017 0.9218 -0.3877
vn 0.0031 0.8272 -0.5619
vn 0.0627 0.7127 -0.6986
vn 0.0043 0.7043 -0.7099
vn 0.0002 0.9195 -0.3931
vn -0.0000 0.8235 -0.5674
vn 0.0003 0.8234 -0.5674
vn -0.0000 0.7011 -0.7131
vn 0.0004 0.7011 -0.7131
vn -0.0000 0.3762 -0.9265
vn 0.0003 0.3762 -0.9265
vn 0.0005 0.5532 -0.8331
vn -0.0000 0.5529 -0.8333
vn 0.0028 0.3735 -0.9276
vn 0.0043 0.5538 -0.8326
vn 0.0361 0.3617 -0.9316
vn 0.0600 0.5532 -0.8309
vn 0.3453 0.9354 0.0764
vn 0.4457 0.8917 0.0791
vn 0.2114 0.9723 0.0994
vn 0.3362 0.9418 -0.0031
vn 0.4633 0.8862 0.0019
vn 0.1840 0.9829 -0.0057
vn 0.0417 0.9856 0.1638
vn 0.0988 0.9862 0.1330
vn 0.0223 0.9997 -0.0038
vn 0.0699 0.9975 -0.0056
vn 0.0968 0.9848 -0.1441
vn 0.0378 0.9845 -0.1713
vn 0.2126 0.9709 -0.1102
vn 0.4558 0.8868 -0.0764
vn 0.3511 0.9328 -0.0817
vn 0.4745 0.8742 -0.1027
vn 0.4107 0.9012 -0.1386
vn 0.5025 0.8646 0.0060
vn 0.4472 0.8944 0.0074
vn 0.3050 0.9376 -0.1669
vn 0.3394 0.9406 0.0067
vn 0.3131 0.9321 0.1820
vn 0.4123 0.8984 0.1516
vn 0.4710 0.8750 0.1120
vn 0.1780 -0.9591 -0.2202
vn 0.2390 -0.9400 -0.2435
vn 0.1073 -0.9570 -0.2694
vn 0.1269 -0.8878 -0.4425
vn 0.1905 -0.8481 -0.4945
vn 0.0903 -0.9080 -0.4090
vn -0.0313 -0.8609 -0.5077
vn 0.0264 -0.9195 -0.3921
vn -0.0527 -0.7502 -0.6591
vn 0.0114 -0.8392 -0.5437
vn -0.0610 -0.3757 -0.9247
vn 0.0569 -0.6450 -0.7621
vn 0.0128 -0.7233 -0.6904
vn -0.0630 -0.5934 -0.8024
vn 0.1511 -0.2719 -0.9504
vn 0.0462 -0.2071 -0.9772
vn 0.0307 -0.1757 -0.9840
vn 0.1299 -0.2552 -0.9581
vn 0.0474 -0.2241 -0.9734
vn 0.0114 -0.1865 -0.9824
vn 0.0088 -0.1494 -0.9887
vn 0.0112 -0.2126 -0.9771
vn 0.1033 -0.2738 -0.9562
vn 0.0413 -0.2449 -0.9687
vn 0.0086 -0.2406 -0.9706
vn -0.0188 -0.2646 -0.9642
vn -0.0094 -0.2474 -0.9689
vn -0.0114 -0.2273 -0.9738
vn -0.0047 -0.2165 -0.9763
vn -0.0063 -0.1933 -0.9811
vn -0.0028 -0.1494 -0.9888
vn -0.0001 -0.1439 -0.9896
vn -0.0017 -0.1851 -0.9827
vn -0.0139 -0.3668 -0.9302
vn -0.0154 -0.3590 -0.9332
vn -0.0379 -0.5290 -0.8478
vn -0.0350 -0.5402 -0.8408
vn -0.0156 -0.3505 -0.9364
vn -0.0387 -0.5156 -0.8560
vn -0.0700 -0.6733 -0.7361
vn -0.0634 -0.6866 -0.7243
vn -0.0718 -0.6574 -0.7501
vn -0.0156 -0.3423 -0.9395
vn -0.0156 -0.3357 -0.9418
vn -0.0371 -0.4903 -0.8708
vn -0.0387 -0.5025 -0.8637
vn -0.0696 -0.6266 -0.7762
vn -0.0711 -0.6409 -0.7643
vn -0.1522 -0.8677 -0.4732
vn -0.1532 -0.8767 -0.4560
vn -0.1115 -0.7664 -0.6326
vn -0.1101 -0.7524 -0.6494
vn -0.1510 -0.8868 -0.4368
vn -0.1110 -0.7814 -0.6141
vn -0.1447 -0.8966 -0.4185
vn -0.0966 -0.8087 -0.5803
vn -0.1076 -0.7962 -0.5954
vn 0.7655 -0.4484 0.4615
vn 0.1853 -0.6816 0.7079
vn 0.1786 -0.9392 0.2934
vn 0.6892 -0.7245 0.0052
vn 0.0536 -0.6934 0.7186
vn 0.0525 -0.9377 0.3434
vn 0.1830 -0.9797 -0.0822
vn 0.6246 -0.7137 -0.3170
vn 0.0548 -0.9983 -0.0189
vn 0.0112 -0.6946 0.7193
vn 0.0108 -0.9348 0.3550
vn 0.0110 -0.9999 -0.0025
vn 0.0122 -0.6947 -0.7192
vn 0.0122 -0.9332 -0.3591
vn 0.0609 -0.6927 -0.7186
vn 0.0592 -0.9270 -0.3704
vn 0.1939 -0.6794 -0.7077
vn 0.5832 -0.5593 -0.5891
vn 0.6059 -0.6285 -0.4877
vn 0.1935 -0.8916 -0.4094
vn 0.0047 -0.3282 -0.9446
vn 0.1384 -0.5845 -0.7995
vn 0.0813 -0.3378 -0.9377
vn 0.2207 -0.5577 -0.8002
vn 0.2634 -0.7965 -0.5442
vn 0.3163 -0.7494 -0.5817
vn 0.1330 -0.3468 -0.9285
vn 0.1079 -0.3549 -0.9287
vn 0.1794 -0.5476 -0.8173
vn 0.2462 -0.5437 -0.8023
vn 0.2059 -0.7163 -0.6667
vn 0.3013 -0.7224 -0.6224
vn 0.2602 -0.8608 -0.4375
vn 0.1714 -0.8477 -0.5020
vn 0.3071 -0.8799 -0.3626
vn 0.2902 -0.9111 -0.2927
vn -0.0482 -0.8172 -0.5743
vn -0.0039 -0.8232 -0.5677
vn -0.0322 -0.6943 -0.7190
vn -0.0027 -0.7007 -0.7135
vn -0.0000 -0.8237 -0.5670
vn -0.0004 -0.8238 -0.5669
vn -0.0000 -0.7016 -0.7126
vn -0.0003 -0.7016 -0.7125
vn -0.0000 -0.3760 -0.9266
vn -0.0001 -0.3759 -0.9267
vn -0.0002 -0.5529 -0.8332
vn -0.0000 -0.5531 -0.8331
vn -0.0006 -0.3748 -0.9271
vn -0.0015 -0.5516 -0.8341
vn -0.0076 -0.3710 -0.9286
vn -0.0172 -0.5466 -0.8372
vn 0.0477 -0.8382 -0.5432
vn 0.0628 -0.7127 -0.6987
vn 0.0031 -0.8271 -0.5620
vn 0.0043 -0.7043 -0.7099
vn 0.0385 -0.3643 -0.9305
vn 0.0600 -0.5532 -0.8309
vn 0.0030 -0.3742 -0.9273
vn 0.0044 -0.5540 -0.8325
vn -0.0000 -0.3762 -0.9265
vn -0.0000 -0.5529 -0.8333
vn 0.0005 -0.5528 -0.8333
vn 0.0003 -0.3757 -0.9267
vn -0.0000 -0.7011 -0.7131
vn 0.0004 -0.7012 -0.7130
vn -0.0000 -0.8235 -0.5674
vn 0.0003 -0.8235 -0.5674
vn -0.0000 0.3344 -0.9424
vn -0.0000 -0.0000 -1.0000
vn -0.0000 -0.3344 -0.9424
vn -0.1134 0.2543 -0.9604
vn -0.1124 0.2574 -0.9597
vn -0.1067 0.1139 -0.9878
vn -0.1071 0.1153 -0.9875
vn -0.1100 0.2666 -0.9575
vn -0.1054 0.1138 -0.9879
vn -0.1047 0.0001 -0.9945
vn -0.1051 -0.0000 -0.9945
vn -0.1034 0.0004 -0.9946
vn -0.1010 0.2941 -0.9504
vn -0.0937 0.1264 -0.9876
vn -0.1023 0.1177 -0.9878
vn -0.0990 0.0010 -0.9951
vn -0.1015 0.0008 -0.9948
vn -0.1079 -0.2748 -0.9554
vn -0.1022 -0.1166 -0.9879
vn -0.0954 -0.1226 -0.9879
vn -0.1121 -0.2619 -0.9586
vn -0.1055 -0.1135 -0.9879
vn -0.1129 -0.2579 -0.9596
vn -0.1134 -0.2543 -0.9604
vn -0.1071 -0.1153 -0.9875
vn -0.1068 -0.1137 -0.9878
vn -0.0747 -0.1285 -0.9889
vn -0.0920 0.0021 -0.9958
vn -0.0342 -0.1380 -0.9898
vn -0.0664 0.0027 -0.9978
vn -0.0732 0.1338 -0.9883
vn -0.0323 0.1434 -0.9891
vn 0.0300 0.1652 -0.9858
vn 0.0172 0.1553 -0.9877
vn 0.0018 0.0026 -1.0000
vn -0.0225 0.0031 -0.9997
vn 0.0309 -0.1626 -0.9862
vn 0.0164 -0.1510 -0.9884
vn -0.0006 -0.0841 -0.9965
vn 0.0005 -0.0812 -0.9967
vn 0.0001 -0.0000 -1.0000
vn 0.0010 0.0003 -1.0000
vn 0.0051 -0.0873 -0.9962
vn 0.0041 0.0009 -1.0000
vn -0.0009 0.0845 -0.9964
vn 0.0013 0.0813 -0.9967
vn 0.0071 0.0880 -0.9961
vn 0.0317 0.1760 -0.9839
vn 0.0193 0.1132 -0.9934
vn 0.0107 0.0032 -0.9999
vn 0.0080 0.0019 -1.0000
vn 0.0275 -0.1641 -0.9861
vn 0.0123 -0.1079 -0.9941
vn -0.0021 -0.1837 -0.9830
vn -0.0024 -0.1824 -0.9832
vn -0.0001 -0.1855 -0.9826
vn 0.0002 0.0002 -1.0000
vn 0.0002 -0.0000 -1.0000
vn -0.0000 -0.1862 -0.9825
vn -0.0000 -0.1861 -0.9825
vn -0.0000 0.1861 -0.9825
vn -0.0000 0.1862 -0.9825
vn -0.0001 0.1855 -0.9826
vn -0.0040 0.1821 -0.9833
vn -0.0015 0.1839 -0.9829
vn -0.0035 -0.1799 -0.9837
vn 0.0006 -0.0014 -1.0000
vn -0.0036 -0.1764 -0.9843
vn -0.0003 -0.0000 -1.0000
vn -0.0039 0.1792 -0.9838
vn -0.0037 0.1755 -0.9845
vn -0.0028 0.1694 -0.9855
vn -0.0035 0.1720 -0.9851
vn -0.0005 -0.0000 -1.0000
vn -0.0001 -0.0003 -1.0000
vn -0.0042 -0.1695 -0.9855
vn -0.0039 -0.1725 -0.9850
vn 0.0123 -0.1736 -0.9847
vn 0.0009 0.0011 -1.0000
vn 0.0010 -0.1832 -0.9831
vn 0.0100 0.1747 -0.9846
vn 0.0010 0.1832 -0.9831
vn -0.0000 0.1863 -0.9825
vn 0.0001 0.1858 -0.9826
vn -0.0000 -0.1863 -0.9825
vn 0.0001 -0.1858 -0.9826
vn 0.0569 -0.2431 -0.9683
vn 0.0127 0.0054 -0.9999
vn 0.0548 -0.3005 -0.9522
vn 0.0109 0.0056 -0.9999
vn 0.0487 0.2659 -0.9628
vn 0.0481 0.3110 -0.9492
vn 0.0176 0.3276 -0.9447
vn 0.0039 0.0020 -1.0000
vn 0.0238 -0.3250 -0.9454
vn -0.2535 0.5280 0.8105
vn -0.1528 0.2780 0.9483
vn -0.5586 0.8293 -0.0112
vn -0.3455 -0.0104 0.9384
vn -0.1606 -0.0047 0.9870
vn -1.0000 -0.0003 -0.0005
vn -0.1614 0.3069 -0.9379
vn -0.2497 0.5329 -0.8085
vn -0.1605 0.0047 -0.9870
vn -0.3456 0.0103 -0.9383
vn -0.1628 -0.4731 -0.8658
vn -0.2293 -0.7352 -0.6379
vn -0.2535 -0.5280 -0.8105
vn -0.1528 -0.2780 -0.9483
vn -0.3114 -0.9502 0.0119
vn -0.5587 -0.8293 0.0112
vn -0.2271 -0.7171 0.6590
vn -0.1700 -0.5118 0.8421
vn -0.1614 -0.3070 0.9379
vn -0.2497 -0.5329 0.8085
vn 0.4783 -0.4011 -0.7812
vn 0.8333 -0.5522 0.0248
vn 0.3908 -0.3984 -0.8298
vn 0.7763 -0.6300 0.0222
vn 0.4811 -0.3880 0.7861
vn 0.3929 -0.3964 0.8297
vn 0.2879 -0.4487 0.8460
vn 0.6326 -0.7743 0.0169
vn 0.2893 -0.4540 -0.8428
vn -0.0969 0.8346 0.5423
vn -0.0977 0.7536 0.6500
vn -0.1191 0.8029 0.5841
vn -0.1157 0.7156 0.6889
vn -0.1006 0.6415 0.7605
vn -0.1148 0.5954 0.7952
vn -0.1385 0.7786 0.6121
vn -0.1410 0.6660 0.7325
vn -0.1297 0.6856 0.7164
vn -0.1293 0.5441 0.8290
vn -0.1235 0.5640 0.8165
vn -0.1183 0.4183 0.9006
vn -0.1215 0.4053 0.9061
vn -0.1133 0.4429 0.8894
vn -0.1006 0.4895 0.8662
vn -0.1047 -0.4853 0.8681
vn -0.1165 -0.4385 0.8912
vn -0.0994 -0.6468 0.7562
vn -0.1162 -0.5947 0.7955
vn -0.1218 -0.4046 0.9064
vn -0.1200 -0.4165 0.9012
vn -0.1308 -0.5435 0.8291
vn -0.1252 -0.5627 0.8171
vn -0.1307 -0.6851 0.7166
vn -0.1421 -0.6655 0.7327
vn -0.1156 -0.7183 0.6861
vn -0.0938 -0.7667 0.6352
vn -0.1089 -0.1179 0.9870
vn -0.1170 -0.2551 0.9598
vn -0.1067 0.0004 0.9943
vn -0.1160 -0.1330 0.9843
vn -0.1259 -0.2786 0.9521
vn -0.1137 0.0011 0.9935
vn -0.1163 0.2539 0.9602
vn -0.1098 0.1183 0.9869
vn -0.1258 0.2764 0.9528
vn -0.1194 0.1375 0.9833
vn -0.1347 0.1969 0.9711
vn -0.1400 0.3498 0.9263
vn -0.1276 0.0025 0.9918
vn -0.1434 -0.3595 0.9220
vn -0.1295 -0.1836 0.9744
vn -0.1543 0.8993 -0.4092
vn -0.1377 0.7793 -0.6113
vn -0.1694 0.9856 -0.0000
vn -0.1265 0.9133 -0.3871
vn -0.1177 0.8047 -0.5819
vn -0.1367 0.9906 -0.0003
vn -0.1551 0.8991 0.4094
vn -0.1270 0.9134 0.3867
vn -0.0970 0.9318 0.3498
vn -0.1023 0.9948 -0.0008
vn -0.0952 0.8370 -0.5388
vn -0.0974 0.9313 -0.3510
vn -0.2021 -0.8900 -0.4087
vn -0.1740 -0.7607 -0.6253
vn -0.2230 -0.9748 -0.0001
vn -0.2179 -0.8773 -0.4277
vn -0.1853 -0.7329 -0.6546
vn -0.2445 -0.9696 0.0014
vn -0.1743 -0.7602 0.6259
vn -0.2028 -0.8897 0.4091
vn -0.1858 -0.7329 0.6544
vn -0.2206 -0.8731 0.4347
vn -0.2283 -0.8172 0.5291
vn -0.1825 -0.6472 0.7402
vn -0.2684 -0.9633 0.0049
vn -0.1828 -0.6388 -0.7473
vn -0.2259 -0.8286 -0.5123
vn -0.0977 0.7537 -0.6499
vn -0.1006 0.6415 -0.7605
vn -0.1159 0.7156 -0.6888
vn -0.1147 0.5952 -0.7953
vn -0.1006 0.4895 -0.8662
vn -0.1133 0.4429 -0.8894
vn -0.1205 0.4049 -0.9064
vn -0.1183 0.4183 -0.9006
vn -0.1288 0.5445 -0.8288
vn -0.1235 0.5640 -0.8164
vn -0.1410 0.6661 -0.7324
vn -0.1298 0.6857 -0.7162
vn -0.1069 -0.4804 -0.8705
vn -0.0992 -0.6521 -0.7516
vn -0.1175 -0.4367 -0.8919
vn -0.1166 -0.5956 -0.7948
vn -0.0860 -0.7790 -0.6211
vn -0.1132 -0.7223 -0.6823
vn -0.1421 -0.6653 -0.7329
vn -0.1302 -0.6857 -0.7162
vn -0.1314 -0.5431 -0.8293
vn -0.1253 -0.5628 -0.8170
vn -0.1226 -0.4045 -0.9063
vn -0.1203 -0.4164 -0.9012
vn -0.1089 0.1177 -0.9871
vn -0.1170 0.2551 -0.9598
vn -0.1067 -0.0006 -0.9943
vn -0.1160 0.1330 -0.9843
vn -0.1259 0.2786 -0.9521
vn -0.1137 -0.0010 -0.9935
vn -0.1163 -0.2542 -0.9601
vn -0.1097 -0.1186 -0.9869
vn -0.1258 -0.2764 -0.9528
vn -0.1194 -0.1375 -0.9833
vn -0.1347 -0.1969 -0.9711
vn -0.1400 -0.3498 -0.9263
vn -0.1276 -0.0025 -0.9918
vn -0.1434 0.3596 -0.9220
vn -0.1295 0.1837 -0.9744
vn 0.5985 -0.5510 0.5815
vn 0.6520 -0.5775 0.4913
vn 0.7741 -0.4354 0.4596
vn 0.6489 -0.4635 0.6034
vn 0.7615 -0.5750 0.2993
vn 0.9197 -0.3507 0.1767
vn 0.9152 -0.1662 0.3672
vn 0.7530 -0.2816 0.5947
vn 1.0000 0.0002 0.0002
vn 0.8797 -0.4755 -0.0032
vn 0.9070 -0.2890 -0.3063
vn 0.8708 -0.0022 -0.4917
vn 0.9686 -0.1715 -0.1801
vn 0.7530 0.2816 -0.5947
vn 0.9152 0.1662 -0.3672
vn 0.5991 0.5512 -0.5808
vn 0.6522 0.5774 -0.4913
vn 0.7749 0.4352 -0.4583
vn 0.6490 0.4635 -0.6033
vn 0.7615 0.5749 -0.2993
vn 0.9197 0.3506 -0.1768
vn 0.8798 0.4754 0.0032
vn 0.9070 0.2890 0.3063
vn 0.8708 0.0022 0.4917
vn 0.9686 0.1715 0.1801
vn 0.7674 0.4469 -0.4598
vn 0.6906 0.7232 -0.0038
vn 0.9007 -0.0425 0.4324
vn 0.9671 -0.1779 0.1819
vn 0.6253 0.7127 0.3180
vn 0.8639 -0.0761 0.4979
vn 0.6785 -0.5176 0.5213
vn 0.6783 -0.5082 0.5306
vn 0.7203 -0.5600 0.4094
vn 0.6059 0.6280 0.4883
vn 0.5825 0.5591 0.5900
vn 0.9821 0.1282 0.1381
vn 0.9133 -0.0799 0.3993
vn 0.9338 -0.2490 -0.2569
vn 0.8289 -0.5329 0.1702
vn 0.7867 -0.6126 0.0761
vn 0.8789 -0.3310 -0.3435
vn 0.6755 -0.6494 0.3493
vn 0.5982 -0.5527 0.5802
vn 0.6136 -0.6046 0.5079
vn 0.9680 0.1756 -0.1792
vn 0.9063 0.4200 -0.0464
vn 0.6813 -0.0005 0.7320
vn 0.6792 0.5074 -0.5303
vn 0.6795 0.4982 -0.5385
vn 0.8727 0.4817 -0.0792
vn 0.6203 0.3013 0.7242
vn 0.7177 0.3904 -0.5766
vn 0.5984 0.5527 -0.5801
vn 0.6112 0.4812 -0.6284
vn 0.6679 0.3300 -0.6671
vn 0.7751 0.0736 -0.6276
vn 0.8214 0.1632 -0.5465
vn 0.6051 0.4611 0.6490
vn 0.9199 0.3838 -0.0807
vn 0.9014 0.0401 -0.4311
vn 0.8643 0.0744 -0.4974
vn 0.6790 0.5171 -0.5212
vn 0.7206 0.5594 -0.4096
vn 0.9822 -0.1285 -0.1372
vn 0.9136 0.0791 -0.3989
vn 0.9337 0.2490 0.2574
vn 0.8291 0.5326 -0.1702
vn 0.7868 0.6125 -0.0762
vn 0.8789 0.3310 0.3435
vn 0.6751 0.6497 -0.3495
vn 0.6136 0.6048 -0.5076
vn 0.9056 -0.4211 0.0498
vn 0.6833 -0.0010 -0.7302
vn 0.6790 -0.4983 0.5391
vn 0.8723 -0.4819 0.0822
vn 0.6219 -0.3025 -0.7223
vn 0.7172 -0.3901 0.5774
vn 0.6110 -0.4811 0.6286
vn 0.6678 -0.3299 0.6673
vn 0.7750 -0.0736 0.6277
vn 0.8210 -0.1629 0.5472
vn 0.6063 -0.4616 -0.6475
vn 0.9198 -0.3834 0.0831
vn -0.1584 0.5098 0.8456
vn -0.1382 0.4269 0.8937
vn -0.1613 0.6155 0.7714
vn -0.1437 0.5304 0.8355
vn -0.1247 0.3963 0.9096
vn -0.1357 0.5331 0.8351
vn -0.1549 0.6558 0.7389
vn -0.1584 -0.5098 0.8456
vn -0.1618 -0.6137 0.7727
vn -0.1370 -0.4249 0.8948
vn -0.1426 -0.5164 0.8444
vn -0.1533 -0.6585 0.7368
vn -0.1367 -0.5332 0.8349
vn -0.1267 -0.3972 0.9089
vn -0.1582 0.5103 -0.8453
vn -0.1618 0.6137 -0.7728
vn -0.1370 0.4249 -0.8948
vn -0.1426 0.5164 -0.8444
vn -0.1533 0.6585 -0.7368
vn -0.1367 0.5331 -0.8349
vn -0.1267 0.3971 -0.9090
vn -0.1585 -0.5097 -0.8456
vn -0.1382 -0.4269 -0.8937
vn -0.1613 -0.6155 -0.7714
vn -0.1438 -0.5304 -0.8354
vn -0.1247 -0.3963 -0.9096
vn -0.1357 -0.5330 -0.8352
vn -0.1549 -0.6558 -0.7389
vn -0.0000 0.7009 0.7132
vn -0.0000 0.7011 0.7131
vn -0.0000 0.9194 0.3933
vn -0.0000 -0.9195 0.3931
vn 0.0001 0.9801 -0.1983
vn 0.0008 0.9806 -0.1960
vn 0.0001 1.0000 -0.0001
vn 0.0007 1.0000 -0.0001
vn 0.0116 0.9823 -0.1867
vn 0.0078 1.0000 -0.0015
vn 0.0155 0.9827 0.1847
vn 0.0014 0.9807 0.1955
vn 0.0002 0.9800 0.1989
vn -0.0000 -0.9195 -0.3931
vn -0.0000 0.9195 -0.3931
vn -0.1243 0.7167 0.6862
vn -0.0999 0.5952 0.7973
vn -0.1559 0.8259 0.5418
vn -0.1727 0.8925 0.4166
vn -0.0737 0.4782 0.8751
vn -0.1306 0.7372 0.6629
vn -0.1917 0.9815 -0.0019
vn -0.1961 0.9806 -0.0018
vn -0.1801 0.9836 -0.0018
vn -0.0520 0.3889 0.9198
vn -0.1011 0.6453 0.7572
vn -0.1603 0.9871 -0.0016
vn -0.0526 0.3891 -0.9197
vn -0.1013 0.6448 -0.7576
vn -0.0741 0.4783 -0.8750
vn -0.1302 0.7365 -0.6638
vn -0.0998 0.5951 -0.7974
vn -0.1238 0.7163 -0.6868
vn -0.1719 0.8916 -0.4190
vn -0.1554 0.8249 -0.5435
vn -0.0156 0.3302 0.9438
vn -0.0376 0.4807 0.8761
vn -0.0150 0.3173 0.9482
vn -0.0358 0.4598 0.8873
vn -0.0697 0.6146 0.7857
vn -0.0663 0.5887 0.8056
vn -0.0135 0.2914 0.9565
vn -0.0114 0.2543 0.9671
vn -0.0266 0.3575 0.9335
vn -0.0319 0.4178 0.9080
vn -0.0491 0.4542 0.8896
vn -0.0592 0.5346 0.8431
vn -0.1397 0.7986 0.5855
vn -0.0955 0.6577 0.7472
vn -0.0807 0.5652 0.8210
vn -0.1483 0.8420 0.5188
vn -0.1051 0.7149 0.6913
vn -0.1525 0.8598 0.4873
vn -0.1097 0.7407 0.6628
vn -0.1842 -0.9533 0.2394
vn -0.1855 -0.9502 0.2505
vn -0.1797 -0.9571 0.2272
vn -0.1957 -0.9807 0.0015
vn -0.1976 -0.9803 0.0015
vn -0.1906 -0.9817 0.0015
vn -0.1699 -0.9617 0.2150
vn -0.1794 -0.9838 -0.0001
vn -0.1712 -0.9618 -0.2135
vn -0.1802 -0.9576 -0.2246
vn -0.1854 -0.9509 -0.2480
vn -0.1843 -0.9539 -0.2369
vn -0.1495 -0.8596 0.4887
vn -0.1067 -0.7411 0.6629
vn -0.1464 -0.8415 0.5201
vn -0.1034 -0.7153 0.6911
vn -0.0672 -0.6156 0.7852
vn -0.0650 -0.5898 0.8049
vn -0.1387 -0.7980 0.5865
vn -0.0807 -0.5657 0.8207
vn -0.0951 -0.6581 0.7469
vn -0.0493 -0.4552 0.8890
vn -0.0590 -0.5357 0.8424
vn -0.0115 -0.2556 0.9667
vn -0.0135 -0.2932 0.9560
vn -0.0319 -0.4193 0.9073
vn -0.0267 -0.3587 0.9331
vn -0.0145 -0.3191 0.9476
vn -0.0349 -0.4615 0.8865
vn -0.0145 -0.3317 0.9433
vn -0.0358 -0.4820 0.8754
vn -0.0033 -0.1673 0.9859
vn -0.0034 -0.1621 0.9868
vn -0.0002 -0.0000 1.0000
vn -0.0029 -0.1327 0.9912
vn -0.0033 -0.1510 0.9885
vn 0.0001 -0.0011 1.0000
vn -0.0033 0.1495 0.9888
vn -0.0029 0.1336 0.9910
vn -0.0036 0.1611 0.9869
vn -0.0041 0.1661 0.9861
vn -0.0619 0.4532 -0.8893
vn -0.0807 0.5656 -0.8207
vn -0.0451 0.3627 -0.9308
vn -0.0376 0.3656 -0.9300
vn -0.0493 0.4550 -0.8891
vn -0.0276 0.2978 -0.9542
vn -0.0323 0.3014 -0.9529
vn -0.0201 0.2535 -0.9671
vn -0.0052 0.1630 -0.9866
vn -0.0114 0.2124 -0.9771
vn -0.0070 0.1830 -0.9831
vn -0.0154 0.2443 -0.9696
vn -0.0091 0.2144 -0.9767
vn -0.0115 0.2556 -0.9667
vn -0.0267 0.3587 -0.9331
vn -0.0207 0.2939 -0.9556
vn -0.0114 -0.2543 -0.9671
vn -0.0089 -0.2134 -0.9769
vn -0.0203 -0.2924 -0.9561
vn -0.0266 -0.3575 -0.9335
vn -0.0068 -0.1826 -0.9832
vn -0.0150 -0.2436 -0.9698
vn -0.0371 -0.3650 -0.9303
vn -0.0491 -0.4544 -0.8894
vn -0.0271 -0.2974 -0.9544
vn -0.0050 -0.1618 -0.9868
vn -0.0110 -0.2119 -0.9772
vn -0.0195 -0.2531 -0.9672
vn -0.0316 -0.3011 -0.9531
vn -0.0446 -0.3624 -0.9310
vn -0.0808 -0.5656 -0.8207
vn -0.0615 -0.4530 -0.8894
vn -0.0023 0.1154 -0.9933
vn -0.0029 0.1345 -0.9909
vn -0.0018 0.1009 -0.9949
vn -0.0002 -0.0000 -1.0000
vn -0.0013 0.0907 -0.9959
vn -0.0013 -0.0907 -0.9959
vn -0.0018 -0.1009 -0.9949
vn -0.0029 -0.1327 -0.9911
vn -0.0023 -0.1154 -0.9933
vn -0.0000 0.3762 0.9266
vn -0.0000 0.5529 0.8332
vn -0.0000 0.3761 0.9266
vn -0.0000 0.5525 0.8335
vn -0.0000 0.5530 0.8332
vn -0.0000 0.7011 0.7130
vn -0.0000 0.8235 0.5673
vn -0.0000 -0.9194 0.3934
vn -0.0000 -0.9194 0.3932
vn -0.0000 -0.9195 0.3930
vn -0.0000 -0.8235 0.5673
vn -0.0000 -0.7011 0.7130
vn -0.0000 -0.3761 0.9266
vn -0.0000 -0.5530 0.8332
vn -0.0000 -0.5524 0.8336
vn -0.0000 -0.3762 0.9266
vn -0.0000 -0.5529 0.8332
vn -0.0000 -0.9194 -0.3934
vn -0.0000 -0.9194 -0.3932
vn -0.0000 -0.9800 -0.1989
vn -0.0000 -0.9195 -0.3930
vn -0.0000 -0.9800 0.1988
vn -0.0000 0.8235 -0.5673
vn -0.0000 0.7012 -0.7130
vn -0.0000 0.5530 -0.8332
vn -0.0000 0.3761 -0.9266
vn -0.0000 0.5529 -0.8332
vn -0.0000 0.3762 -0.9266
vn -0.0000 -0.3762 -0.9266
vn -0.0000 -0.5529 -0.8332
vn -0.0000 -0.3761 -0.9266
vn -0.0000 -0.5530 -0.8332
vn -0.0000 -0.7012 -0.7130
vn -0.0000 -0.8235 -0.5673
vn -0.0000 -0.9342 0.3566
vn -0.0620 -0.4532 0.8892
vn -0.0451 -0.3627 0.9308
vn -0.0376 -0.3656 0.9300
vn -0.0276 -0.2979 0.9542
vn -0.0323 -0.3015 0.9529
vn -0.0201 -0.2539 0.9670
vn -0.0052 -0.1621 0.9868
vn -0.0114 -0.2124 0.9771
vn -0.0070 -0.1832 0.9831
vn -0.0154 -0.2444 0.9695
vn -0.0091 -0.2144 0.9767
vn -0.0207 -0.2935 0.9557
vn -0.0023 -0.1157 0.9933
vn -0.0018 -0.1009 0.9949
vn -0.0013 -0.0904 0.9959
vn -0.0050 0.1616 0.9869
vn -0.0013 0.0904 0.9959
vn -0.0067 0.1823 0.9832
vn -0.0017 0.1001 0.9950
vn -0.0091 0.2144 0.9767
vn -0.0023 0.1154 0.9933
vn -0.0203 0.2922 0.9561
vn -0.0150 0.2436 0.9698
vn -0.0371 0.3648 0.9304
vn -0.0271 0.2973 0.9544
vn -0.0110 0.2119 0.9772
vn -0.0195 0.2531 0.9672
vn -0.0316 0.3011 0.9531
vn -0.0446 0.3622 0.9310
vn -0.0615 0.4528 0.8895
vn -0.1790 -0.9263 0.3314
vn -0.1822 -0.9420 0.2818
vn -0.1963 -0.9806 0.0018
vn -0.1961 -0.9806 0.0004
vn -0.1837 -0.9480 0.2599
vn -0.1973 -0.9803 0.0017
vn -0.1526 -0.8600 -0.4869
vn -0.1856 -0.9484 -0.2570
vn -0.1485 -0.8423 -0.5182
vn -0.1836 -0.9427 -0.2784
vn -0.1398 -0.7990 -0.5849
vn -0.1799 -0.9274 -0.3281
vn -0.0956 -0.6582 -0.7468
vn -0.1053 -0.7152 -0.6909
vn -0.0593 -0.5348 -0.8429
vn -0.0664 -0.5889 -0.8055
vn -0.1100 -0.7410 -0.6625
vn -0.0699 -0.6148 -0.7856
vn -0.0161 -0.3292 -0.9441
vn -0.0377 -0.4807 -0.8761
vn -0.0150 -0.3174 -0.9482
vn -0.0359 -0.4599 -0.8872
vn -0.0135 -0.2915 -0.9565
vn -0.0319 -0.4178 -0.9080
vn -0.0033 -0.1492 -0.9888
vn -0.0036 -0.1602 -0.9871
vn -0.0038 -0.1664 -0.9861
vn -0.0006 -0.0000 -1.0000
vn -0.0147 0.3316 -0.9433
vn -0.0043 0.1660 -0.9861
vn -0.0145 0.3191 -0.9476
vn -0.0034 0.1621 -0.9868
vn -0.0135 0.2931 -0.9560
vn -0.0033 0.1506 -0.9886
vn -0.0319 0.4192 -0.9073
vn -0.0350 0.4614 -0.8865
vn -0.0590 0.5355 -0.8425
vn -0.0651 0.5897 -0.8050
vn -0.0360 0.4820 -0.8754
vn -0.0674 0.6155 -0.7852
vn -0.1496 0.8595 -0.4887
vn -0.1069 0.7410 -0.6629
vn -0.1465 0.8414 -0.5202
vn -0.1035 0.7152 -0.6912
vn -0.1387 0.7979 -0.5866
vn -0.0951 0.6580 -0.7470
vn -0.1790 0.9263 -0.3314
vn -0.1822 0.9420 -0.2818
vn -0.1963 0.9805 -0.0019
vn -0.1966 0.9805 -0.0018
vn -0.1837 0.9480 -0.2600
vn -0.1973 0.9803 -0.0016
vn -0.1855 0.9484 0.2573
vn -0.1835 0.9426 0.2789
vn -0.1799 0.9272 0.3286
vn 0.0107 -0.3324 0.9431
vn 0.0521 -0.3204 0.9459
vn 0.0111 0.0029 0.9999
vn 0.0549 0.0189 0.9983
vn 0.1768 -0.2706 0.9463
vn 0.1812 0.0798 0.9802
vn 0.1936 0.6792 0.7080
vn 0.1927 0.3849 0.9026
vn 0.0606 0.6928 0.7186
vn 0.0592 0.3476 0.9358
vn 0.0121 0.6946 0.7193
vn 0.0118 0.3366 0.9416
vn 0.0121 0.9333 0.3590
vn 0.0597 0.9268 0.3708
vn 0.0112 0.9999 0.0027
vn 0.0549 0.9983 0.0192
vn 0.1936 0.8914 0.4097
vn 0.1834 0.9795 0.0827
vn 0.1860 0.6816 -0.7077
vn 0.1791 0.9392 -0.2929
vn 0.0536 0.6933 -0.7186
vn 0.0525 0.9378 -0.3433
vn 0.0113 0.6947 -0.7192
vn 0.0111 0.9350 -0.3546
vn 0.0108 0.3323 -0.9431
vn 0.0523 0.3203 -0.9459
vn 0.0112 -0.0030 -0.9999
vn 0.0548 -0.0191 -0.9983
vn 0.1772 0.2702 -0.9464
vn 0.1819 -0.0807 -0.9800
vn 0.1931 -0.3853 -0.9024
vn 0.0593 -0.3478 -0.9357
vn 0.0120 -0.3366 -0.9416
vt 0.323900 0.333600
vt 0.320800 0.332300
vt 0.316400 0.327800
vt 0.318500 0.327700
vt 0.318200 0.332600
vt 0.314100 0.328600
vt 0.311300 0.322500
vt 0.312900 0.321600
vt 0.309300 0.323900
vt 0.315200 0.334400
vt 0.311300 0.337700
vt 0.307600 0.334300
vt 0.311300 0.330700
vt 0.303000 0.330000
vt 0.306600 0.326100
vt 0.292500 0.319100
vt 0.297500 0.316600
vt 0.301700 0.321200
vt 0.297900 0.325000
vt 0.300200 0.314900
vt 0.304400 0.319100
vt 0.301600 0.313200
vt 0.300900 0.310200
vt 0.306900 0.315900
vt 0.306000 0.317400
vt 0.405200 0.913100
vt 0.402900 0.913500
vt 0.402400 0.910300
vt 0.404800 0.910000
vt 0.400600 0.913900
vt 0.400000 0.910700
vt 0.401900 0.907300
vt 0.404400 0.907000
vt 0.399500 0.907600
vt 0.398200 0.914200
vt 0.395900 0.914600
vt 0.395400 0.911400
vt 0.397700 0.911000
vt 0.394900 0.908200
vt 0.397200 0.907900
vt 0.393900 0.901800
vt 0.396300 0.902300
vt 0.396700 0.904900
vt 0.394400 0.905000
vt 0.398700 0.902300
vt 0.399100 0.904700
vt 0.401100 0.902100
vt 0.403600 0.901900
vt 0.403900 0.904300
vt 0.401400 0.904500
vt 0.274500 0.792600
vt 0.262400 0.788000
vt 0.260900 0.758200
vt 0.271100 0.759600
vt 0.250400 0.783500
vt 0.249300 0.755000
vt 0.259700 0.727000
vt 0.269700 0.728200
vt 0.248600 0.725300
vt 0.238400 0.778900
vt 0.226400 0.774300
vt 0.225300 0.748400
vt 0.237400 0.751700
vt 0.224300 0.722500
vt 0.236600 0.723800
vt 0.222200 0.670600
vt 0.237600 0.659000
vt 0.236200 0.694300
vt 0.223200 0.696500
vt 0.249600 0.655600
vt 0.248500 0.692900
vt 0.260000 0.654700
vt 0.268900 0.654900
vt 0.269000 0.693800
vt 0.259400 0.693000
vt 0.376600 0.704500
vt 0.372100 0.705100
vt 0.369700 0.670900
vt 0.374300 0.669700
vt 0.368900 0.704000
vt 0.366700 0.670500
vt 0.369500 0.643500
vt 0.373900 0.642100
vt 0.366800 0.643500
vt 0.365900 0.700000
vt 0.360600 0.687000
vt 0.362100 0.664100
vt 0.364300 0.667800
vt 0.363600 0.641100
vt 0.365000 0.642600
vt 0.366600 0.595200
vt 0.369400 0.600700
vt 0.366600 0.619900
vt 0.365100 0.618200
vt 0.371800 0.603400
vt 0.368500 0.621400
vt 0.374400 0.606500
vt 0.376700 0.609800
vt 0.375100 0.621700
vt 0.371100 0.622600
vt 0.262600 0.438500
vt 0.265200 0.438400
vt 0.264800 0.441700
vt 0.262100 0.441800
vt 0.267800 0.438400
vt 0.267500 0.441700
vt 0.264300 0.444900
vt 0.261500 0.445000
vt 0.267200 0.444800
vt 0.270300 0.438400
vt 0.272900 0.438300
vt 0.272900 0.441600
vt 0.270200 0.441600
vt 0.272800 0.444700
vt 0.270000 0.444800
vt 0.272700 0.450000
vt 0.269700 0.450000
vt 0.269900 0.447600
vt 0.272800 0.447600
vt 0.266700 0.450200
vt 0.266900 0.447700
vt 0.263600 0.450600
vt 0.260400 0.451600
vt 0.260900 0.448300
vt 0.263900 0.448000
vt 0.291400 0.313400
vt 0.295000 0.313100
vt 0.290500 0.310500
vt 0.293500 0.310600
vt 0.297600 0.312100
vt 0.296000 0.310200
vt 0.289700 0.309000
vt 0.289000 0.308400
vt 0.291500 0.308200
vt 0.292400 0.309100
vt 0.294100 0.308000
vt 0.294900 0.308900
vt 0.299200 0.307600
vt 0.299600 0.308200
vt 0.297300 0.308600
vt 0.296600 0.307800
vt 0.300000 0.308900
vt 0.298100 0.309600
vt 0.300500 0.309500
vt 0.299300 0.310900
vt 0.066500 0.982200
vt 0.066500 0.981400
vt 0.069100 0.981400
vt 0.069100 0.982200
vt 0.066600 0.970000
vt 0.069100 0.970000
vt 0.071700 0.981400
vt 0.071600 0.982200
vt 0.071700 0.970000
vt 0.066600 0.937300
vt 0.066600 0.872800
vt 0.069100 0.872800
vt 0.069100 0.937300
vt 0.071700 0.872800
vt 0.071700 0.937300
vt 0.076900 0.872800
vt 0.076900 0.937400
vt 0.074300 0.937300
vt 0.074300 0.872800
vt 0.076900 0.970000
vt 0.074300 0.970000
vt 0.076900 0.981400
vt 0.076800 0.982200
vt 0.074200 0.982200
vt 0.074300 0.981400
vt 0.145700 0.983100
vt 0.143100 0.983100
vt 0.143100 0.980700
vt 0.145600 0.980700
vt 0.140500 0.983100
vt 0.140500 0.980700
vt 0.143100 0.967800
vt 0.145600 0.967800
vt 0.140500 0.967700
vt 0.137900 0.983100
vt 0.135300 0.983100
vt 0.135300 0.980700
vt 0.137900 0.980700
vt 0.135300 0.967700
vt 0.137900 0.967700
vt 0.135300 0.868100
vt 0.137900 0.868100
vt 0.137900 0.933700
vt 0.135300 0.933700
vt 0.140500 0.868100
vt 0.140500 0.933700
vt 0.143100 0.868100
vt 0.145600 0.868200
vt 0.145600 0.933700
vt 0.143100 0.933700
vt 0.253000 0.301500
vt 0.257000 0.300600
vt 0.254400 0.301600
vt 0.249300 0.302300
vt 0.261000 0.299700
vt 0.259300 0.300900
vt 0.251800 0.302900
vt 0.245600 0.303000
vt 0.257600 0.302700
vt 0.265000 0.298800
vt 0.269100 0.297800
vt 0.267700 0.299800
vt 0.263900 0.300300
vt 0.267500 0.301900
vt 0.263000 0.302400
vt 0.269500 0.310000
vt 0.261900 0.310800
vt 0.262600 0.305600
vt 0.268000 0.305000
vt 0.254700 0.310500
vt 0.256100 0.305600
vt 0.247100 0.309100
vt 0.238300 0.304600
vt 0.241900 0.303800
vt 0.249200 0.304900
vt 0.465100 0.545300
vt 0.465300 0.546400
vt 0.458900 0.547800
vt 0.458800 0.546200
vt 0.465600 0.547600
vt 0.459300 0.549300
vt 0.452400 0.549000
vt 0.452300 0.547400
vt 0.452900 0.551100
vt 0.465900 0.548700
vt 0.466100 0.549800
vt 0.461900 0.555800
vt 0.460100 0.551500
vt 0.456500 0.559600
vt 0.454000 0.554400
vt 0.442700 0.572800
vt 0.440300 0.560100
vt 0.447400 0.557500
vt 0.450400 0.564300
vt 0.439300 0.554100
vt 0.446200 0.552700
vt 0.438900 0.551000
vt 0.438900 0.549400
vt 0.445700 0.548600
vt 0.445700 0.550200
vt 0.468700 0.705700
vt 0.473200 0.706400
vt 0.467500 0.747800
vt 0.463400 0.747400
vt 0.476400 0.705400
vt 0.470500 0.747100
vt 0.460500 0.791400
vt 0.456700 0.791100
vt 0.463100 0.791800
vt 0.479500 0.701400
vt 0.485100 0.688600
vt 0.475800 0.741000
vt 0.473300 0.744500
vt 0.466600 0.793400
vt 0.465000 0.792500
vt 0.448100 0.898300
vt 0.450100 0.875400
vt 0.456700 0.839100
vt 0.457400 0.845900
vt 0.449200 0.867900
vt 0.455500 0.834000
vt 0.447200 0.865200
vt 0.444200 0.864900
vt 0.449900 0.832000
vt 0.453300 0.832200
vt 0.299600 0.792000
vt 0.301300 0.758900
vt 0.311500 0.756900
vt 0.311400 0.786800
vt 0.301300 0.727400
vt 0.311100 0.725700
vt 0.322900 0.753200
vt 0.323200 0.781700
vt 0.322200 0.723500
vt 0.300300 0.693000
vt 0.298400 0.654200
vt 0.307300 0.653500
vt 0.309800 0.691800
vt 0.317700 0.653900
vt 0.320700 0.691100
vt 0.345900 0.667600
vt 0.346100 0.693500
vt 0.333000 0.691900
vt 0.329900 0.656700
vt 0.346300 0.719400
vt 0.334100 0.721400
vt 0.346500 0.745400
vt 0.346800 0.771300
vt 0.335000 0.776500
vt 0.334600 0.749300
vt 0.480300 0.596600
vt 0.481500 0.619600
vt 0.480000 0.621300
vt 0.477500 0.602000
vt 0.482700 0.642600
vt 0.481300 0.644000
vt 0.478200 0.622800
vt 0.475300 0.604700
vt 0.479600 0.644900
vt 0.483900 0.665600
vt 0.481700 0.669300
vt 0.479200 0.671900
vt 0.471600 0.671000
vt 0.476100 0.672200
vt 0.472500 0.643300
vt 0.476800 0.644800
vt 0.471800 0.623000
vt 0.470400 0.611000
vt 0.472700 0.607700
vt 0.475600 0.623900
vt 0.294000 0.437700
vt 0.294700 0.441000
vt 0.292000 0.441100
vt 0.291400 0.437800
vt 0.295400 0.444200
vt 0.292600 0.444200
vt 0.289300 0.441100
vt 0.288800 0.437900
vt 0.289700 0.444300
vt 0.296200 0.447500
vt 0.296900 0.450700
vt 0.293600 0.449800
vt 0.293100 0.447300
vt 0.290500 0.449600
vt 0.290200 0.447200
vt 0.284500 0.449700
vt 0.284300 0.447300
vt 0.287200 0.447200
vt 0.287500 0.449600
vt 0.284100 0.444400
vt 0.286900 0.444300
vt 0.283900 0.441300
vt 0.283700 0.438100
vt 0.286300 0.438000
vt 0.286600 0.441200
vt 0.271800 0.304000
vt 0.274000 0.306600
vt 0.270600 0.301500
vt 0.274300 0.303100
vt 0.276500 0.305100
vt 0.272700 0.301200
vt 0.269800 0.297600
vt 0.270100 0.299500
vt 0.270600 0.297500
vt 0.271600 0.299300
vt 0.272100 0.297100
vt 0.273800 0.299000
vt 0.272800 0.299100
vt 0.271300 0.297300
vt 0.275600 0.300800
vt 0.274300 0.301000
vt 0.277300 0.302700
vt 0.279100 0.304600
vt 0.278100 0.304500
vt 0.276000 0.302800
vt 0.098100 0.982200
vt 0.095500 0.982200
vt 0.095500 0.981400
vt 0.098100 0.981400
vt 0.092900 0.982200
vt 0.092900 0.981400
vt 0.095500 0.975300
vt 0.098000 0.980600
vt 0.092900 0.971300
vt 0.090300 0.982200
vt 0.087700 0.982200
vt 0.087600 0.981400
vt 0.090300 0.981400
vt 0.087600 0.970000
vt 0.090300 0.970000
vt 0.087600 0.872800
vt 0.090200 0.872800
vt 0.090200 0.937300
vt 0.087600 0.937400
vt 0.092800 0.880700
vt 0.092900 0.942700
vt 0.095400 0.904700
vt 0.098000 0.979100
vt 0.098000 0.979900
vt 0.095400 0.958600
vt 0.114200 0.983100
vt 0.114200 0.980700
vt 0.116800 0.980700
vt 0.116800 0.983100
vt 0.114200 0.978300
vt 0.116800 0.973000
vt 0.119400 0.980700
vt 0.119400 0.983100
vt 0.119400 0.969100
vt 0.114200 0.975900
vt 0.114200 0.973400
vt 0.116800 0.899700
vt 0.116800 0.954800
vt 0.119400 0.876000
vt 0.119400 0.939000
vt 0.124600 0.868100
vt 0.124600 0.933700
vt 0.122000 0.933700
vt 0.122000 0.868100
vt 0.124600 0.967700
vt 0.122000 0.967700
vt 0.124600 0.980700
vt 0.124600 0.983100
vt 0.122000 0.983100
vt 0.122000 0.980700
vt 0.358900 0.384300
vt 0.361200 0.385500
vt 0.359900 0.388700
vt 0.357700 0.387600
vt 0.363400 0.386700
vt 0.362300 0.389200
vt 0.358600 0.391900
vt 0.356300 0.391300
vt 0.361300 0.391800
vt 0.365700 0.387800
vt 0.368000 0.389000
vt 0.367600 0.389700
vt 0.364900 0.389500
vt 0.367200 0.390400
vt 0.364200 0.391200
vt 0.366400 0.391800
vt 0.362600 0.394600
vt 0.363500 0.392800
vt 0.366800 0.391100
vt 0.359400 0.396600
vt 0.360300 0.394300
vt 0.356300 0.398500
vt 0.353200 0.400200
vt 0.354800 0.395300
vt 0.357300 0.395400
vt 0.364000 0.395400
vt 0.361300 0.397000
vt 0.361600 0.399000
vt 0.359600 0.399800
vt 0.358700 0.398800
vt 0.358200 0.400300
vt 0.359100 0.402700
vt 0.356700 0.406300
vt 0.355400 0.405700
vt 0.357600 0.402700
vt 0.354300 0.404900
vt 0.356500 0.402300
vt 0.356000 0.400800
vt 0.353600 0.403200
vt 0.300000 0.805000
vt 0.300200 0.813100
vt 0.293900 0.813800
vt 0.293700 0.807500
vt 0.300400 0.821200
vt 0.294100 0.821400
vt 0.287600 0.814100
vt 0.287400 0.808000
vt 0.287800 0.821400
vt 0.300600 0.829300
vt 0.300800 0.837500
vt 0.294500 0.837500
vt 0.294300 0.829300
vt 0.288200 0.837400
vt 0.288000 0.829300
vt 0.275600 0.837400
vt 0.275400 0.829200
vt 0.281700 0.829200
vt 0.281900 0.837400
vt 0.275100 0.821000
vt 0.281500 0.821200
vt 0.274900 0.812800
vt 0.274700 0.804600
vt 0.281100 0.807400
vt 0.281300 0.813600
vt 0.275100 0.313500
vt 0.272100 0.321500
vt 0.266500 0.319700
vt 0.280400 0.315900
vt 0.277400 0.323700
vt 0.268700 0.331800
vt 0.263600 0.330200
vt 0.273500 0.333500
vt 0.285900 0.317700
vt 0.288000 0.328100
vt 0.282700 0.325600
vt 0.283000 0.337700
vt 0.278300 0.335400
vt 0.271900 0.358800
vt 0.268200 0.357800
vt 0.273300 0.346300
vt 0.277500 0.348100
vt 0.264600 0.356600
vt 0.269200 0.344700
vt 0.261100 0.355200
vt 0.257500 0.353400
vt 0.260500 0.341600
vt 0.265000 0.343100
vt 0.277700 0.309000
vt 0.279600 0.306900
vt 0.282200 0.311100
vt 0.283200 0.308500
vt 0.281500 0.305500
vt 0.280800 0.305900
vt 0.284000 0.306500
vt 0.283800 0.307100
vt 0.286800 0.308200
vt 0.286500 0.307500
vt 0.287000 0.309700
vt 0.287000 0.312700
vt 0.292100 0.693800
vt 0.290700 0.654700
vt 0.293000 0.727800
vt 0.284600 0.694100
vt 0.283700 0.655000
vt 0.285500 0.727700
vt 0.293200 0.779100
vt 0.293200 0.757400
vt 0.286700 0.776500
vt 0.286100 0.755800
vt 0.279200 0.757700
vt 0.280200 0.779400
vt 0.278000 0.728100
vt 0.276600 0.655000
vt 0.277100 0.694100
vt 0.085000 0.982200
vt 0.085000 0.981400
vt 0.082300 0.982200
vt 0.082300 0.981400
vt 0.084900 0.970000
vt 0.082300 0.970000
vt 0.079500 0.982200
vt 0.079600 0.981400
vt 0.079600 0.970000
vt 0.079600 0.872800
vt 0.079600 0.937400
vt 0.082300 0.872800
vt 0.082300 0.937400
vt 0.084900 0.872800
vt 0.084900 0.937400
vt 0.281100 0.441400
vt 0.281000 0.438100
vt 0.281300 0.444500
vt 0.278400 0.441500
vt 0.278300 0.438200
vt 0.278500 0.444600
vt 0.281500 0.449800
vt 0.281400 0.447400
vt 0.278600 0.449900
vt 0.278500 0.447400
vt 0.275700 0.447500
vt 0.275700 0.449900
vt 0.275600 0.444600
vt 0.275600 0.438300
vt 0.275600 0.441500
vt 0.127300 0.980700
vt 0.127300 0.983100
vt 0.127300 0.967700
vt 0.129900 0.980700
vt 0.129900 0.983100
vt 0.129900 0.967700
vt 0.127300 0.868100
vt 0.127300 0.933700
vt 0.130000 0.868100
vt 0.130000 0.933700
vt 0.132600 0.933700
vt 0.132600 0.868100
vt 0.132600 0.967700
vt 0.132600 0.983100
vt 0.132600 0.980700
vt 0.299700 0.793100
vt 0.293300 0.789600
vt 0.299700 0.794200
vt 0.293400 0.793500
vt 0.286900 0.787900
vt 0.287100 0.793200
vt 0.299700 0.795400
vt 0.299800 0.796500
vt 0.293500 0.797000
vt 0.293400 0.795600
vt 0.287200 0.797300
vt 0.287100 0.795800
vt 0.274600 0.797100
vt 0.274500 0.796000
vt 0.280800 0.795900
vt 0.280900 0.797300
vt 0.274500 0.794900
vt 0.280800 0.793800
vt 0.274500 0.793700
vt 0.280700 0.789900
vt 0.261200 0.398000
vt 0.257300 0.399500
vt 0.262800 0.393200
vt 0.265800 0.392300
vt 0.255300 0.399700
vt 0.261100 0.393100
vt 0.270000 0.385400
vt 0.272200 0.385300
vt 0.268700 0.385100
vt 0.254800 0.398400
vt 0.255600 0.394800
vt 0.261200 0.389000
vt 0.260700 0.391800
vt 0.268100 0.382100
vt 0.268100 0.384100
vt 0.284000 0.364900
vt 0.285400 0.366200
vt 0.276600 0.375200
vt 0.275900 0.373700
vt 0.286400 0.367300
vt 0.277400 0.376200
vt 0.287500 0.368300
vt 0.289000 0.369700
vt 0.280200 0.377500
vt 0.278500 0.376800
vt 0.056600 0.872800
vt 0.056600 0.765600
vt 0.059100 0.765600
vt 0.059100 0.872800
vt 0.056600 0.626600
vt 0.059100 0.626600
vt 0.061600 0.765700
vt 0.061600 0.872800
vt 0.061600 0.626600
vt 0.056700 0.466400
vt 0.056700 0.295500
vt 0.059200 0.295500
vt 0.059100 0.466400
vt 0.061600 0.295500
vt 0.061600 0.466400
vt 0.066500 0.295500
vt 0.066600 0.466400
vt 0.064100 0.466400
vt 0.064100 0.295500
vt 0.066600 0.626700
vt 0.064100 0.626700
vt 0.066600 0.765700
vt 0.064100 0.872800
vt 0.064100 0.765700
vt 0.406200 0.572200
vt 0.396200 0.583200
vt 0.392400 0.572100
vt 0.398500 0.563500
vt 0.387800 0.592700
vt 0.385300 0.582200
vt 0.387500 0.566500
vt 0.392200 0.558700
vt 0.381900 0.576700
vt 0.381000 0.602000
vt 0.379200 0.593400
vt 0.376500 0.588700
vt 0.370500 0.583600
vt 0.373500 0.585800
vt 0.374400 0.572100
vt 0.378200 0.573700
vt 0.378300 0.560500
vt 0.382200 0.548900
vt 0.386600 0.554900
vt 0.382900 0.563000
vt 0.056700 0.982200
vt 0.056700 0.981400
vt 0.059100 0.981400
vt 0.059200 0.982200
vt 0.056600 0.970000
vt 0.059100 0.970000
vt 0.061600 0.981400
vt 0.061600 0.982200
vt 0.061600 0.970000
vt 0.056600 0.937300
vt 0.059100 0.937300
vt 0.061600 0.937300
vt 0.064100 0.937300
vt 0.064100 0.970000
vt 0.064000 0.982200
vt 0.064100 0.981400
vt 0.330200 0.341300
vt 0.328700 0.341200
vt 0.326900 0.339200
vt 0.329400 0.339900
vt 0.326600 0.341800
vt 0.324500 0.339500
vt 0.325500 0.337300
vt 0.328400 0.338100
vt 0.322800 0.337600
vt 0.323600 0.343400
vt 0.319300 0.346200
vt 0.317200 0.343900
vt 0.321400 0.341100
vt 0.315600 0.342100
vt 0.319700 0.339100
vt 0.317800 0.337100
vt 0.313800 0.340200
vt 0.320900 0.335500
vt 0.326800 0.336200
vt 0.323600 0.335200
vt 0.341100 0.410400
vt 0.341200 0.413200
vt 0.334300 0.414400
vt 0.334200 0.411600
vt 0.341900 0.415000
vt 0.334700 0.416300
vt 0.325500 0.415200
vt 0.325400 0.412400
vt 0.325700 0.416900
vt 0.343500 0.416300
vt 0.347500 0.418200
vt 0.337200 0.418500
vt 0.335800 0.417500
vt 0.326800 0.418800
vt 0.326200 0.418000
vt 0.306000 0.419500
vt 0.304300 0.417600
vt 0.315800 0.418200
vt 0.316400 0.419200
vt 0.303800 0.416400
vt 0.315400 0.416900
vt 0.303800 0.414900
vt 0.304000 0.412700
vt 0.315100 0.412800
vt 0.315200 0.415300
vt 0.187000 0.983100
vt 0.187000 0.980700
vt 0.189500 0.980700
vt 0.189500 0.983100
vt 0.186900 0.967800
vt 0.189400 0.967800
vt 0.191900 0.980700
vt 0.191900 0.983100
vt 0.191900 0.969100
vt 0.186900 0.933800
vt 0.186900 0.868200
vt 0.189400 0.868200
vt 0.189400 0.933800
vt 0.191900 0.876100
vt 0.191900 0.939000
vt 0.196800 0.973400
vt 0.196800 0.975900
vt 0.194400 0.954800
vt 0.194400 0.899800
vt 0.196800 0.978300
vt 0.194400 0.973000
vt 0.196800 0.980700
vt 0.196800 0.983100
vt 0.194400 0.983100
vt 0.194400 0.980700
vt 0.025100 0.982200
vt 0.022700 0.982200
vt 0.022700 0.981400
vt 0.025200 0.981400
vt 0.020300 0.982200
vt 0.020300 0.981400
vt 0.022700 0.970000
vt 0.025200 0.970000
vt 0.020300 0.971300
vt 0.017800 0.982200
vt 0.015400 0.982200
vt 0.015400 0.981400
vt 0.017800 0.981400
vt 0.015400 0.980600
vt 0.017800 0.975300
vt 0.015400 0.979100
vt 0.017800 0.904600
vt 0.017800 0.958600
vt 0.015400 0.979900
vt 0.020300 0.880700
vt 0.020300 0.942600
vt 0.022700 0.872800
vt 0.025200 0.872800
vt 0.025200 0.937300
vt 0.022700 0.937300
vt 0.351600 0.406100
vt 0.351000 0.403900
vt 0.352300 0.407700
vt 0.349300 0.409000
vt 0.348900 0.406800
vt 0.350000 0.410500
vt 0.354400 0.409200
vt 0.353300 0.408600
vt 0.352100 0.412200
vt 0.351000 0.411500
vt 0.348100 0.414200
vt 0.349800 0.415200
vt 0.346700 0.413000
vt 0.345800 0.408900
vt 0.346000 0.411300
vt 0.332500 0.343000
vt 0.331600 0.343900
vt 0.335900 0.345600
vt 0.335000 0.346900
vt 0.329700 0.344900
vt 0.333400 0.348300
vt 0.339500 0.348400
vt 0.342700 0.351000
vt 0.341900 0.352800
vt 0.338700 0.350000
vt 0.340900 0.355000
vt 0.337300 0.351900
vt 0.336600 0.362600
vt 0.330900 0.357800
vt 0.335100 0.354400
vt 0.339300 0.357800
vt 0.326300 0.353400
vt 0.330700 0.350400
vt 0.322300 0.349500
vt 0.326800 0.346600
vt 0.383300 0.544100
vt 0.390000 0.545300
vt 0.389800 0.546800
vt 0.383100 0.545300
vt 0.396800 0.546700
vt 0.396700 0.548200
vt 0.389400 0.548400
vt 0.382800 0.546500
vt 0.396100 0.550200
vt 0.403700 0.547900
vt 0.410700 0.549000
vt 0.410600 0.550600
vt 0.403600 0.549500
vt 0.410100 0.553600
vt 0.403000 0.552100
vt 0.401700 0.556800
vt 0.409000 0.559600
vt 0.394800 0.553500
vt 0.382500 0.547700
vt 0.388500 0.550500
vt 0.407300 0.597900
vt 0.397900 0.603300
vt 0.407700 0.627100
vt 0.398400 0.630500
vt 0.388800 0.610300
vt 0.389100 0.634700
vt 0.408000 0.661200
vt 0.408500 0.700400
vt 0.400100 0.701300
vt 0.399000 0.663100
vt 0.391400 0.702400
vt 0.389800 0.665500
vt 0.381300 0.667800
vt 0.383300 0.703600
vt 0.380700 0.638900
vt 0.381100 0.617100
vt 0.407300 0.909900
vt 0.407700 0.913100
vt 0.406900 0.906900
vt 0.409900 0.909900
vt 0.410200 0.913100
vt 0.409600 0.906800
vt 0.406300 0.901700
vt 0.406600 0.904100
vt 0.409100 0.901700
vt 0.409300 0.904100
vt 0.414900 0.901700
vt 0.415000 0.904100
vt 0.412200 0.904000
vt 0.412000 0.901700
vt 0.415100 0.906800
vt 0.412300 0.906800
vt 0.415200 0.909900
vt 0.415200 0.913100
vt 0.412700 0.913100
vt 0.412500 0.909900
vt 0.410500 0.465600
vt 0.410500 0.474700
vt 0.403600 0.474700
vt 0.403500 0.465900
vt 0.410500 0.484000
vt 0.403600 0.483800
vt 0.396800 0.474700
vt 0.396700 0.466300
vt 0.396800 0.483600
vt 0.410600 0.493500
vt 0.410600 0.503000
vt 0.403600 0.502500
vt 0.403600 0.493100
vt 0.396800 0.501900
vt 0.396800 0.492700
vt 0.383400 0.500500
vt 0.383400 0.491600
vt 0.390100 0.492200
vt 0.390100 0.501200
vt 0.383400 0.482700
vt 0.390100 0.483200
vt 0.383500 0.473800
vt 0.383500 0.464900
vt 0.390100 0.466400
vt 0.390100 0.474300
vt 0.342700 0.359900
vt 0.342300 0.363500
vt 0.343500 0.357100
vt 0.345100 0.361200
vt 0.345300 0.364300
vt 0.345400 0.358500
vt 0.344900 0.352700
vt 0.344200 0.354800
vt 0.346400 0.353900
vt 0.345800 0.356100
vt 0.347800 0.354900
vt 0.347700 0.357600
vt 0.346900 0.357000
vt 0.347400 0.354500
vt 0.347700 0.360300
vt 0.346700 0.359500
vt 0.347600 0.363100
vt 0.347500 0.365800
vt 0.346800 0.365000
vt 0.346600 0.362200
vt 0.054100 0.982200
vt 0.054100 0.981400
vt 0.051600 0.982200
vt 0.051500 0.981400
vt 0.054100 0.970000
vt 0.051500 0.970000
vt 0.049000 0.982200
vt 0.046400 0.982200
vt 0.046300 0.981400
vt 0.048900 0.981400
vt 0.046300 0.970000
vt 0.048900 0.970000
vt 0.046300 0.872800
vt 0.048900 0.872800
vt 0.048900 0.937300
vt 0.046300 0.937300
vt 0.051500 0.872800
vt 0.051500 0.937300
vt 0.054100 0.872800
vt 0.054100 0.937300
vt 0.155500 0.983100
vt 0.155600 0.980700
vt 0.158100 0.980700
vt 0.158100 0.983100
vt 0.155600 0.967800
vt 0.158100 0.967800
vt 0.160700 0.980700
vt 0.160700 0.983100
vt 0.160700 0.967800
vt 0.155600 0.933800
vt 0.155600 0.868200
vt 0.158100 0.868200
vt 0.158100 0.933800
vt 0.160700 0.868200
vt 0.160700 0.933800
vt 0.165900 0.868200
vt 0.165900 0.933800
vt 0.163300 0.933800
vt 0.163300 0.868200
vt 0.165900 0.967800
vt 0.163300 0.967800
vt 0.165900 0.980700
vt 0.165900 0.983100
vt 0.163300 0.983100
vt 0.163300 0.980700
vt 0.348600 0.344400
vt 0.349300 0.344700
vt 0.347900 0.346600
vt 0.345700 0.345400
vt 0.350100 0.345000
vt 0.349000 0.347200
vt 0.346600 0.348600
vt 0.344300 0.347200
vt 0.348000 0.349400
vt 0.350900 0.345200
vt 0.351600 0.345500
vt 0.350700 0.347800
vt 0.349900 0.347500
vt 0.349700 0.350200
vt 0.349000 0.349900
vt 0.348100 0.352200
vt 0.348800 0.352500
vt 0.347200 0.351600
vt 0.343400 0.349100
vt 0.345700 0.350600
vt 0.340100 0.346700
vt 0.336400 0.344100
vt 0.340800 0.344900
vt 0.336600 0.342400
vt 0.332700 0.341600
vt 0.332300 0.339900
vt 0.330400 0.336200
vt 0.331400 0.338100
vt 0.336800 0.338700
vt 0.336600 0.340600
vt 0.342700 0.341600
vt 0.341700 0.343200
vt 0.350600 0.400900
vt 0.351900 0.397200
vt 0.348700 0.403700
vt 0.349600 0.397900
vt 0.350700 0.394000
vt 0.348300 0.400900
vt 0.341300 0.406300
vt 0.345900 0.405300
vt 0.341800 0.401000
vt 0.346400 0.400800
vt 0.344600 0.387100
vt 0.348700 0.390700
vt 0.347400 0.395600
vt 0.342800 0.394700
vt 0.452000 0.584000
vt 0.449900 0.604000
vt 0.440800 0.598500
vt 0.459900 0.593700
vt 0.458600 0.611300
vt 0.448700 0.631200
vt 0.439600 0.627600
vt 0.457700 0.635600
vt 0.466400 0.603100
vt 0.466000 0.618200
vt 0.465900 0.640000
vt 0.462100 0.704600
vt 0.464800 0.668900
vt 0.454000 0.703200
vt 0.456400 0.666300
vt 0.445300 0.701900
vt 0.436900 0.700800
vt 0.438400 0.661700
vt 0.447300 0.663800
vt 0.425900 0.913200
vt 0.426000 0.910000
vt 0.428600 0.910000
vt 0.428400 0.913200
vt 0.426100 0.907000
vt 0.428900 0.907000
vt 0.431200 0.910100
vt 0.430900 0.913300
vt 0.431600 0.907100
vt 0.426300 0.904200
vt 0.426400 0.901800
vt 0.429300 0.901900
vt 0.429100 0.904200
vt 0.432200 0.901900
vt 0.431900 0.904300
vt 0.437700 0.902200
vt 0.437300 0.904600
vt 0.434700 0.904400
vt 0.435000 0.902100
vt 0.436900 0.907400
vt 0.434300 0.907200
vt 0.436400 0.910300
vt 0.435900 0.913400
vt 0.433400 0.913300
vt 0.433800 0.910200
vt 0.471200 0.424000
vt 0.470700 0.434200
vt 0.462600 0.439000
vt 0.461500 0.432600
vt 0.470100 0.444500
vt 0.462600 0.447400
vt 0.454800 0.443000
vt 0.453900 0.437500
vt 0.455000 0.449900
vt 0.469600 0.454700
vt 0.469100 0.464900
vt 0.461900 0.465300
vt 0.462300 0.456200
vt 0.454600 0.465900
vt 0.454900 0.457600
vt 0.440000 0.466700
vt 0.440100 0.459100
vt 0.447500 0.458700
vt 0.447300 0.466500
vt 0.440200 0.452300
vt 0.447600 0.451600
vt 0.440300 0.446300
vt 0.440300 0.441300
vt 0.446900 0.440400
vt 0.447400 0.445500
vt 0.348400 0.382800
vt 0.350300 0.386800
vt 0.350300 0.380000
vt 0.351700 0.383600
vt 0.351900 0.390300
vt 0.353100 0.386800
vt 0.351200 0.377900
vt 0.351400 0.376300
vt 0.353200 0.378300
vt 0.352600 0.380900
vt 0.355100 0.380300
vt 0.354100 0.383500
vt 0.355800 0.385800
vt 0.357000 0.382300
vt 0.354500 0.389500
vt 0.353300 0.393400
vt 0.027700 0.981400
vt 0.027700 0.982200
vt 0.027800 0.970000
vt 0.030300 0.981400
vt 0.030300 0.982200
vt 0.030300 0.970000
vt 0.027800 0.872800
vt 0.027800 0.937300
vt 0.030400 0.872800
vt 0.030300 0.937300
vt 0.035600 0.872800
vt 0.035600 0.937300
vt 0.033000 0.937300
vt 0.033000 0.872800
vt 0.035600 0.970000
vt 0.032900 0.970000
vt 0.035500 0.981400
vt 0.035500 0.982200
vt 0.032900 0.982200
vt 0.032900 0.981400
vt 0.184400 0.983100
vt 0.184400 0.980700
vt 0.181800 0.983100
vt 0.181800 0.980700
vt 0.184400 0.967800
vt 0.181800 0.967800
vt 0.179200 0.983100
vt 0.176700 0.983100
vt 0.176600 0.980700
vt 0.179200 0.980700
vt 0.176600 0.967800
vt 0.179200 0.967800
vt 0.176600 0.868200
vt 0.179200 0.868200
vt 0.179200 0.933800
vt 0.176600 0.933800
vt 0.181800 0.868200
vt 0.181800 0.933800
vt 0.184400 0.868200
vt 0.184400 0.933800
vt 0.410700 0.536500
vt 0.410700 0.529700
vt 0.417800 0.530200
vt 0.417800 0.537000
vt 0.410700 0.521600
vt 0.417800 0.522000
vt 0.424900 0.530500
vt 0.424900 0.537300
vt 0.424900 0.522200
vt 0.410600 0.512500
vt 0.417700 0.503300
vt 0.417800 0.512900
vt 0.425000 0.503400
vt 0.425000 0.513100
vt 0.439500 0.503100
vt 0.439300 0.512600
vt 0.432200 0.513000
vt 0.432300 0.503400
vt 0.439200 0.521700
vt 0.432100 0.522100
vt 0.439100 0.529900
vt 0.439000 0.536700
vt 0.432000 0.537200
vt 0.432100 0.530400
vt 0.295500 0.382500
vt 0.306400 0.377100
vt 0.308200 0.381400
vt 0.296600 0.386300
vt 0.317100 0.371900
vt 0.319300 0.376700
vt 0.309800 0.385700
vt 0.297900 0.390000
vt 0.321200 0.381500
vt 0.327100 0.367000
vt 0.337800 0.369200
vt 0.329600 0.372300
vt 0.339500 0.374900
vt 0.331400 0.377800
vt 0.334800 0.389300
vt 0.333400 0.383400
vt 0.341600 0.380600
vt 0.324100 0.391900
vt 0.322900 0.386600
vt 0.312700 0.394700
vt 0.300900 0.397600
vt 0.299300 0.393800
vt 0.311300 0.390100
vt 0.346400 0.378100
vt 0.344500 0.373000
vt 0.348700 0.376100
vt 0.347300 0.372000
vt 0.343100 0.368000
vt 0.346100 0.367900
vt 0.348400 0.368400
vt 0.347600 0.368100
vt 0.349400 0.371100
vt 0.348700 0.371400
vt 0.350400 0.373700
vt 0.349900 0.374700
vt 0.429500 0.700100
vt 0.430600 0.660300
vt 0.422700 0.699800
vt 0.423200 0.659800
vt 0.431500 0.625800
vt 0.423700 0.625300
vt 0.415900 0.699900
vt 0.415900 0.660100
vt 0.415900 0.625600
vt 0.416100 0.574400
vt 0.415900 0.596400
vt 0.424500 0.575100
vt 0.424100 0.596600
vt 0.432900 0.574600
vt 0.432300 0.596600
vt 0.038200 0.981400
vt 0.038200 0.982200
vt 0.038200 0.970000
vt 0.040900 0.981400
vt 0.040900 0.982200
vt 0.040900 0.970000
vt 0.038300 0.872800
vt 0.038200 0.937300
vt 0.040900 0.872800
vt 0.040900 0.937300
vt 0.043600 0.937300
vt 0.043600 0.872800
vt 0.043600 0.970000
vt 0.043700 0.982200
vt 0.043600 0.981400
vt 0.423200 0.913200
vt 0.423300 0.910000
vt 0.420500 0.913100
vt 0.420600 0.909900
vt 0.423400 0.906900
vt 0.420600 0.906900
vt 0.417900 0.913100
vt 0.417900 0.909900
vt 0.417900 0.906900
vt 0.417800 0.901700
vt 0.417800 0.904100
vt 0.420700 0.901700
vt 0.420600 0.904100
vt 0.423500 0.901800
vt 0.423400 0.904200
vt 0.174000 0.983100
vt 0.173900 0.980700
vt 0.171300 0.983100
vt 0.171300 0.980700
vt 0.173900 0.967800
vt 0.171300 0.967800
vt 0.168600 0.983100
vt 0.168600 0.980700
vt 0.168600 0.967800
vt 0.168600 0.868200
vt 0.168600 0.933800
vt 0.171300 0.868200
vt 0.171300 0.933800
vt 0.173900 0.868200
vt 0.173900 0.933800
vt 0.432600 0.561600
vt 0.424700 0.562000
vt 0.432100 0.554800
vt 0.424800 0.554900
vt 0.416700 0.561300
vt 0.417400 0.554500
vt 0.417700 0.549600
vt 0.417700 0.551200
vt 0.424900 0.550000
vt 0.424800 0.551600
vt 0.431900 0.549900
vt 0.432000 0.551500
vt 0.250900 0.403500
vt 0.250900 0.402400
vt 0.251800 0.404100
vt 0.249400 0.407100
vt 0.247500 0.408200
vt 0.250900 0.406800
vt 0.258600 0.401800
vt 0.254200 0.403500
vt 0.258200 0.404300
vt 0.253600 0.406000
vt 0.264600 0.407400
vt 0.260800 0.408800
vt 0.255700 0.407500
vt 0.260200 0.405900
vt 0.258000 0.409600
vt 0.252800 0.408400
vt 0.255000 0.409900
vt 0.248400 0.409500
vt 0.248000 0.408900
vt 0.250300 0.408800
vt 0.456000 0.573000
vt 0.460800 0.567500
vt 0.462600 0.583300
vt 0.466000 0.577700
vt 0.469700 0.561500
vt 0.465300 0.564000
vt 0.473200 0.573200
vt 0.469500 0.574800
vt 0.473800 0.587000
vt 0.476700 0.584900
vt 0.471000 0.589900
vt 0.468300 0.594500
vt 0.305900 0.342700
vt 0.302400 0.339700
vt 0.299400 0.349100
vt 0.296200 0.346600
vt 0.298100 0.336000
vt 0.292300 0.343600
vt 0.292000 0.356600
vt 0.282200 0.362800
vt 0.289400 0.354400
vt 0.279500 0.360900
vt 0.286000 0.352100
vt 0.281900 0.350000
vt 0.275900 0.359700
vt 0.287700 0.340600
vt 0.293200 0.331900
vt 0.260200 0.318900
vt 0.258000 0.329100
vt 0.253300 0.318300
vt 0.252000 0.328100
vt 0.253600 0.351400
vt 0.255800 0.340100
vt 0.249500 0.349600
vt 0.250700 0.338700
vt 0.240500 0.347400
vt 0.239900 0.336700
vt 0.245400 0.337600
vt 0.245100 0.348800
vt 0.239400 0.326000
vt 0.245700 0.327000
vt 0.238800 0.315300
vt 0.246100 0.317000
vt 0.257100 0.367400
vt 0.254400 0.365300
vt 0.260000 0.368700
vt 0.253100 0.380000
vt 0.251100 0.377500
vt 0.255300 0.381000
vt 0.266300 0.369600
vt 0.263000 0.369500
vt 0.261300 0.379700
vt 0.258000 0.380800
vt 0.249800 0.401800
vt 0.253800 0.391500
vt 0.257700 0.388300
vt 0.245400 0.407000
vt 0.250800 0.393300
vt 0.244700 0.407000
vt 0.244100 0.407000
vt 0.247600 0.390200
vt 0.248900 0.393300
vt 0.296200 0.360600
vt 0.297700 0.362400
vt 0.295000 0.359300
vt 0.304300 0.353800
vt 0.305900 0.355900
vt 0.303000 0.352300
vt 0.293800 0.358100
vt 0.301500 0.350900
vt 0.308300 0.344800
vt 0.309900 0.346500
vt 0.313300 0.350500
vt 0.311400 0.348200
vt 0.291500 0.413800
vt 0.292300 0.412100
vt 0.291200 0.415000
vt 0.279600 0.412300
vt 0.281200 0.410900
vt 0.278500 0.413200
vt 0.291600 0.417000
vt 0.291300 0.416100
vt 0.277200 0.414500
vt 0.277800 0.413900
vt 0.264900 0.411800
vt 0.262800 0.412000
vt 0.267000 0.411300
vt 0.271800 0.409200
vt 0.269000 0.410500
vt 0.316000 0.353700
vt 0.319500 0.357700
vt 0.308300 0.359000
vt 0.311200 0.362800
vt 0.323500 0.362100
vt 0.314200 0.367200
vt 0.294500 0.378300
vt 0.304400 0.372700
vt 0.293100 0.374500
vt 0.302200 0.368500
vt 0.291100 0.371700
vt 0.299800 0.365100
vt 0.334900 0.395700
vt 0.334500 0.401900
vt 0.324800 0.397600
vt 0.325200 0.403300
vt 0.334200 0.407300
vt 0.325300 0.408300
vt 0.304300 0.409600
vt 0.315100 0.409100
vt 0.304100 0.405800
vt 0.314800 0.404600
vt 0.302800 0.401700
vt 0.313900 0.399700
vt 0.285200 0.391200
vt 0.284900 0.387700
vt 0.286100 0.394300
vt 0.274700 0.395600
vt 0.275300 0.392300
vt 0.275100 0.398200
vt 0.289400 0.400300
vt 0.287400 0.397300
vt 0.279100 0.402800
vt 0.276500 0.400600
vt 0.267200 0.403500
vt 0.270800 0.405300
vt 0.265600 0.401600
vt 0.267300 0.395700
vt 0.265600 0.399200
vt 0.436100 0.425600
vt 0.437100 0.424600
vt 0.437900 0.425800
vt 0.435700 0.426700
vt 0.438100 0.423600
vt 0.439200 0.424700
vt 0.438900 0.427000
vt 0.437000 0.428200
vt 0.440300 0.425900
vt 0.439200 0.422600
vt 0.440200 0.421600
vt 0.441300 0.422700
vt 0.440300 0.423700
vt 0.442400 0.423800
vt 0.441400 0.424800
vt 0.444600 0.426000
vt 0.444900 0.427000
vt 0.442700 0.426000
vt 0.443500 0.424900
vt 0.443700 0.428400
vt 0.441700 0.427100
vt 0.441900 0.429600
vt 0.440400 0.430400
vt 0.438800 0.429600
vt 0.440300 0.428300
vt 0.241400 0.885200
vt 0.250200 0.884700
vt 0.254800 0.887900
vt 0.247800 0.888400
vt 0.259000 0.884200
vt 0.261600 0.887500
vt 0.259300 0.891100
vt 0.254200 0.891600
vt 0.264300 0.890700
vt 0.267900 0.883600
vt 0.276700 0.883100
vt 0.274700 0.888300
vt 0.268400 0.887400
vt 0.273600 0.891700
vt 0.269100 0.890800
vt 0.272200 0.895700
vt 0.270900 0.896300
vt 0.270000 0.893700
vt 0.272800 0.894200
vt 0.269600 0.896900
vt 0.266900 0.893800
vt 0.268400 0.897500
vt 0.267100 0.898000
vt 0.260700 0.894800
vt 0.263800 0.894300
vt 0.302500 0.908200
vt 0.295500 0.906500
vt 0.290000 0.900700
vt 0.293800 0.898700
vt 0.288600 0.904700
vt 0.284900 0.900700
vt 0.284700 0.895400
vt 0.287400 0.892700
vt 0.281200 0.897000
vt 0.281600 0.902900
vt 0.274700 0.901200
vt 0.274100 0.899800
vt 0.279600 0.900300
vt 0.273400 0.898400
vt 0.277400 0.897900
vt 0.275200 0.895700
vt 0.272800 0.897100
vt 0.277600 0.893900
vt 0.281600 0.887700
vt 0.279800 0.891100
vt 0.458000 0.429500
vt 0.464500 0.424500
vt 0.451800 0.433800
vt 0.453500 0.428400
vt 0.457900 0.425000
vt 0.449100 0.431400
vt 0.440400 0.437300
vt 0.446000 0.436400
vt 0.440400 0.434200
vt 0.444700 0.433400
vt 0.443400 0.431300
vt 0.440400 0.431900
vt 0.446200 0.429700
vt 0.451200 0.425500
vt 0.448800 0.427700
vt 0.409600 0.423200
vt 0.416200 0.423800
vt 0.422700 0.429000
vt 0.419200 0.432300
vt 0.422800 0.424400
vt 0.427200 0.428000
vt 0.428900 0.433500
vt 0.426700 0.437200
vt 0.431700 0.431100
vt 0.429400 0.425000
vt 0.431900 0.427300
vt 0.434500 0.429500
vt 0.437400 0.431200
vt 0.436000 0.433300
vt 0.433700 0.440200
vt 0.434700 0.436300
vt 0.262600 0.384300
vt 0.265300 0.377800
vt 0.268300 0.378900
vt 0.268900 0.375500
vt 0.270000 0.369200
vt 0.273300 0.369500
vt 0.275000 0.371400
vt 0.243200 0.392100
vt 0.246300 0.382800
vt 0.242300 0.377200
vt 0.245300 0.372500
vt 0.249200 0.373100
vt 0.247600 0.368700
vt 0.241400 0.362300
vt 0.245000 0.360800
vt 0.248400 0.360500
vt 0.251500 0.362500
vt 0.270400 0.390900
vt 0.275400 0.385100
vt 0.276800 0.388300
vt 0.278800 0.384600
vt 0.282600 0.378500
vt 0.284600 0.380400
vt 0.285100 0.383800
vt 0.276300 0.407300
vt 0.282800 0.405200
vt 0.283800 0.408900
vt 0.286700 0.407000
vt 0.292000 0.403500
vt 0.293900 0.406600
vt 0.293600 0.409600
vt 0.135300 0.760400
vt 0.137900 0.760400
vt 0.135300 0.621100
vt 0.137900 0.621100
vt 0.140500 0.760400
vt 0.140500 0.621100
vt 0.135300 0.460700
vt 0.135400 0.289800
vt 0.137900 0.289800
vt 0.137900 0.460700
vt 0.140500 0.289800
vt 0.140500 0.460700
vt 0.145700 0.289900
vt 0.145700 0.460800
vt 0.143100 0.460700
vt 0.143100 0.289900
vt 0.145600 0.621100
vt 0.143100 0.621100
vt 0.145600 0.760400
vt 0.143100 0.760400
vt 0.114200 0.802500
vt 0.116800 0.781500
vt 0.114200 0.631600
vt 0.116800 0.626400
vt 0.119400 0.765700
vt 0.119400 0.622400
vt 0.114200 0.460800
vt 0.114200 0.289900
vt 0.116800 0.289900
vt 0.116800 0.460700
vt 0.119400 0.289800
vt 0.119400 0.460700
vt 0.124600 0.289800
vt 0.124600 0.460700
vt 0.122000 0.460700
vt 0.122000 0.289800
vt 0.124600 0.621100
vt 0.122000 0.621100
vt 0.124600 0.760400
vt 0.122000 0.760400
vt 0.127300 0.760400
vt 0.127300 0.621100
vt 0.130000 0.760400
vt 0.130000 0.621100
vt 0.127300 0.289800
vt 0.127300 0.460700
vt 0.130000 0.289800
vt 0.130000 0.460700
vt 0.132600 0.460700
vt 0.132700 0.289800
vt 0.132600 0.621100
vt 0.132600 0.760400
vt 0.153100 0.933800
vt 0.153100 0.868200
vt 0.153100 0.967800
vt 0.150600 0.933800
vt 0.150600 0.868200
vt 0.150600 0.967800
vt 0.153100 0.983100
vt 0.153100 0.980700
vt 0.150600 0.983100
vt 0.150600 0.980700
vt 0.148100 0.980700
vt 0.148200 0.983100
vt 0.148100 0.967800
vt 0.148100 0.868200
vt 0.148100 0.933800
vt 0.186900 0.760500
vt 0.189500 0.760500
vt 0.187000 0.621200
vt 0.189500 0.621200
vt 0.191900 0.765700
vt 0.191900 0.622500
vt 0.187000 0.460800
vt 0.187100 0.289900
vt 0.189500 0.289900
vt 0.189500 0.460800
vt 0.192000 0.289900
vt 0.191900 0.460800
vt 0.196900 0.289900
vt 0.196800 0.460800
vt 0.194400 0.460800
vt 0.194400 0.289900
vt 0.196800 0.631700
vt 0.194400 0.626400
vt 0.196800 0.802600
vt 0.194400 0.781500
vt 0.155600 0.760500
vt 0.158100 0.760500
vt 0.155600 0.621200
vt 0.158100 0.621200
vt 0.160700 0.760500
vt 0.160700 0.621200
vt 0.155600 0.460800
vt 0.155500 0.289900
vt 0.158100 0.289900
vt 0.158100 0.460800
vt 0.160700 0.289900
vt 0.160700 0.460800
vt 0.165900 0.289900
vt 0.165900 0.460800
vt 0.163300 0.460800
vt 0.163300 0.289900
vt 0.166000 0.621200
vt 0.163300 0.621200
vt 0.165900 0.760500
vt 0.163300 0.760500
vt 0.176600 0.760500
vt 0.179200 0.760500
vt 0.176600 0.621200
vt 0.179200 0.621200
vt 0.181800 0.760500
vt 0.181800 0.621200
vt 0.176600 0.460800
vt 0.176700 0.289900
vt 0.179300 0.289900
vt 0.179300 0.460800
vt 0.181900 0.289900
vt 0.181900 0.460800
vt 0.184400 0.460800
vt 0.184500 0.289900
vt 0.184400 0.621200
vt 0.184400 0.760500
vt 0.168600 0.760500
vt 0.168600 0.621200
vt 0.171300 0.760500
vt 0.171300 0.621200
vt 0.168600 0.289900
vt 0.168600 0.460800
vt 0.171300 0.289900
vt 0.171300 0.460800
vt 0.174000 0.460800
vt 0.174000 0.289900
vt 0.174000 0.621200
vt 0.173900 0.760500
vt 0.393300 0.897700
vt 0.385100 0.845100
vt 0.385900 0.838300
vt 0.391800 0.874800
vt 0.377000 0.792400
vt 0.378500 0.791500
vt 0.387200 0.833200
vt 0.392800 0.867200
vt 0.380500 0.790700
vt 0.368800 0.739700
vt 0.371300 0.743300
vt 0.374000 0.745900
vt 0.381100 0.746300
vt 0.377000 0.746600
vt 0.386900 0.790200
vt 0.383100 0.790400
vt 0.392800 0.831200
vt 0.397900 0.864300
vt 0.394900 0.864500
vt 0.389500 0.831300
vt 0.272700 0.451900
vt 0.269600 0.451900
vt 0.272600 0.456600
vt 0.269400 0.456700
vt 0.266500 0.452100
vt 0.266200 0.456300
vt 0.272300 0.467600
vt 0.271800 0.488400
vt 0.267600 0.488400
vt 0.268800 0.467700
vt 0.263600 0.486000
vt 0.265400 0.466100
vt 0.259600 0.455700
vt 0.259800 0.454700
vt 0.262500 0.461200
vt 0.260300 0.478700
vt 0.260000 0.453700
vt 0.263100 0.455200
vt 0.260200 0.452600
vt 0.263400 0.452300
vt 0.447400 0.902300
vt 0.446800 0.905500
vt 0.444500 0.905400
vt 0.445000 0.902800
vt 0.446300 0.908700
vt 0.444000 0.908400
vt 0.442200 0.905200
vt 0.442700 0.902800
vt 0.441700 0.908000
vt 0.445700 0.911900
vt 0.445200 0.915100
vt 0.442800 0.914700
vt 0.443400 0.911500
vt 0.440500 0.914200
vt 0.441100 0.911100
vt 0.438800 0.910700
vt 0.438200 0.913800
vt 0.439300 0.907600
vt 0.440300 0.902500
vt 0.439800 0.904900
vt 0.297100 0.451700
vt 0.293900 0.451600
vt 0.297400 0.452800
vt 0.294400 0.454400
vt 0.290800 0.451500
vt 0.291300 0.455700
vt 0.297600 0.453800
vt 0.297800 0.454800
vt 0.298300 0.477800
vt 0.295300 0.460400
vt 0.295400 0.485300
vt 0.292600 0.465500
vt 0.287300 0.488000
vt 0.285800 0.467300
vt 0.289300 0.467200
vt 0.291500 0.487900
vt 0.285000 0.456300
vt 0.288200 0.456200
vt 0.284600 0.451600
vt 0.287700 0.451500
vt 0.281600 0.451700
vt 0.281800 0.456400
vt 0.278600 0.451700
vt 0.278800 0.456500
vt 0.283300 0.488100
vt 0.282400 0.467400
vt 0.279500 0.488200
vt 0.279000 0.467500
vt 0.275700 0.467600
vt 0.275800 0.488300
vt 0.275700 0.456600
vt 0.275700 0.451800
vt 0.397100 0.831100
vt 0.401400 0.864200
vt 0.392100 0.790100
vt 0.402100 0.831100
vt 0.405400 0.864200
vt 0.398200 0.790000
vt 0.387100 0.745900
vt 0.394400 0.745500
vt 0.409600 0.744800
vt 0.402100 0.745100
vt 0.411000 0.789900
vt 0.404700 0.789900
vt 0.412400 0.831200
vt 0.413600 0.864200
vt 0.409500 0.864200
vt 0.407300 0.831100
vt 0.428500 0.864500
vt 0.430300 0.831500
vt 0.435400 0.831600
vt 0.432600 0.864500
vt 0.432500 0.790200
vt 0.438900 0.790400
vt 0.440700 0.831700
vt 0.436700 0.864600
vt 0.445400 0.790600
vt 0.434800 0.745100
vt 0.442300 0.745600
vt 0.450100 0.746200
vt 0.457300 0.746900
vt 0.451500 0.790900
vt 0.440700 0.864800
vt 0.445600 0.831800
vt 0.417000 0.831300
vt 0.417400 0.864300
vt 0.416500 0.789900
vt 0.421300 0.831300
vt 0.421000 0.864300
vt 0.421700 0.789900
vt 0.416100 0.744600
vt 0.422200 0.744600
vt 0.428300 0.744800
vt 0.427000 0.790000
vt 0.424700 0.864400
vt 0.425700 0.831400
vt 0.153100 0.460800
vt 0.153100 0.289900
vt 0.153100 0.621200
vt 0.150600 0.460800
vt 0.150600 0.289900
vt 0.150600 0.621100
vt 0.153100 0.760500
vt 0.150600 0.760500
vt 0.148100 0.760400
vt 0.148100 0.621100
vt 0.148200 0.289900
vt 0.148200 0.460800
vt 0.076900 0.295500
vt 0.076900 0.466400
vt 0.074300 0.466400
vt 0.074300 0.295500
vt 0.076900 0.626700
vt 0.074300 0.626700
vt 0.071700 0.466400
vt 0.071700 0.295500
vt 0.071700 0.626700
vt 0.076900 0.765700
vt 0.074300 0.765700
vt 0.071700 0.765700
vt 0.069100 0.765700
vt 0.069100 0.626700
vt 0.069100 0.295500
vt 0.069100 0.466400
vt 0.098000 0.295500
vt 0.098000 0.466400
vt 0.095400 0.466400
vt 0.095500 0.295500
vt 0.098000 0.637300
vt 0.095400 0.632000
vt 0.092900 0.466400
vt 0.092900 0.295500
vt 0.092800 0.628000
vt 0.098000 0.808200
vt 0.095400 0.786900
vt 0.092800 0.771000
vt 0.087600 0.765700
vt 0.090200 0.765700
vt 0.087600 0.626700
vt 0.090200 0.626700
vt 0.087600 0.466400
vt 0.087700 0.295500
vt 0.090300 0.295500
vt 0.090200 0.466400
vt 0.085000 0.466400
vt 0.085000 0.295500
vt 0.084900 0.626700
vt 0.082300 0.466400
vt 0.082300 0.295500
vt 0.082300 0.626700
vt 0.084900 0.765700
vt 0.082300 0.765700
vt 0.079600 0.765700
vt 0.079600 0.626700
vt 0.079600 0.295500
vt 0.079600 0.466400
vt 0.025200 0.295500
vt 0.025200 0.466400
vt 0.022700 0.466400
vt 0.022700 0.295500
vt 0.025300 0.626600
vt 0.022800 0.626600
vt 0.020300 0.466400
vt 0.020300 0.295500
vt 0.020300 0.628000
vt 0.025300 0.765600
vt 0.022800 0.765600
vt 0.020300 0.771000
vt 0.015400 0.808200
vt 0.017800 0.786900
vt 0.015400 0.637300
vt 0.017800 0.632000
vt 0.015400 0.466400
vt 0.015400 0.295500
vt 0.017800 0.295500
vt 0.017800 0.466400
vt 0.054100 0.466400
vt 0.054100 0.295500
vt 0.054100 0.626600
vt 0.051500 0.466400
vt 0.051500 0.295500
vt 0.051500 0.626600
vt 0.054100 0.765600
vt 0.051500 0.765700
vt 0.046300 0.765700
vt 0.048900 0.765700
vt 0.046300 0.626600
vt 0.048900 0.626600
vt 0.046300 0.466400
vt 0.046300 0.295500
vt 0.048900 0.295500
vt 0.048900 0.466400
vt 0.035600 0.295500
vt 0.035600 0.466400
vt 0.033000 0.466400
vt 0.033000 0.295500
vt 0.035600 0.626600
vt 0.033000 0.626600
vt 0.030400 0.466400
vt 0.030400 0.295500
vt 0.030400 0.626600
vt 0.035600 0.765700
vt 0.033000 0.765700
vt 0.030400 0.765700
vt 0.027800 0.765600
vt 0.027800 0.626600
vt 0.027800 0.295500
vt 0.027800 0.466400
vt 0.043600 0.466400
vt 0.043600 0.295500
vt 0.043600 0.626600
vt 0.040900 0.466400
vt 0.041000 0.295500
vt 0.040900 0.626600
vt 0.043600 0.765700
vt 0.040900 0.765700
vt 0.038300 0.765700
vt 0.038300 0.626600
vt 0.038300 0.295500
vt 0.038300 0.466400
vt 0.438900 0.541600
vt 0.432000 0.542100
vt 0.438900 0.545100
vt 0.431900 0.545600
vt 0.424900 0.542200
vt 0.424900 0.545700
vt 0.438900 0.547600
vt 0.431900 0.548100
vt 0.424900 0.548100
vt 0.410700 0.547200
vt 0.417800 0.547800
vt 0.410700 0.544800
vt 0.417800 0.545400
vt 0.410700 0.541300
vt 0.417800 0.542000
vt 0.403800 0.540400
vt 0.403800 0.535600
vt 0.403800 0.543800
vt 0.396900 0.539400
vt 0.396900 0.534800
vt 0.396900 0.542600
vt 0.403700 0.546200
vt 0.396900 0.544900
vt 0.383300 0.542100
vt 0.390100 0.543500
vt 0.383300 0.540100
vt 0.390100 0.541300
vt 0.383300 0.538100
vt 0.383300 0.536100
vt 0.390100 0.534400
vt 0.390100 0.538700
vt 0.274700 0.802700
vt 0.281000 0.803500
vt 0.274700 0.800800
vt 0.281000 0.801000
vt 0.287300 0.803900
vt 0.287300 0.801100
vt 0.274600 0.799000
vt 0.280900 0.799000
vt 0.287200 0.799000
vt 0.299800 0.798600
vt 0.293500 0.798800
vt 0.299900 0.800700
vt 0.293600 0.801000
vt 0.299900 0.802800
vt 0.293600 0.803600
vt 0.465500 0.536100
vt 0.465400 0.538400
vt 0.458900 0.539000
vt 0.459100 0.534600
vt 0.465300 0.540700
vt 0.458800 0.541900
vt 0.452400 0.539800
vt 0.452500 0.535000
vt 0.452300 0.543100
vt 0.465200 0.543000
vt 0.458800 0.544300
vt 0.452300 0.545600
vt 0.445600 0.546700
vt 0.445700 0.544200
vt 0.445800 0.535800
vt 0.445700 0.540800
vt 0.309800 0.508000
vt 0.305200 0.514700
vt 0.321800 0.561200
vt 0.314100 0.562300
vt 0.300300 0.519800
vt 0.306500 0.563200
vt 0.333900 0.614400
vt 0.322900 0.611500
vt 0.312600 0.609500
vt 0.295700 0.609600
vt 0.303600 0.609200
vt 0.292700 0.563900
vt 0.299300 0.563600
vt 0.289700 0.521700
vt 0.295000 0.521600
vt 0.284900 0.521900
vt 0.286800 0.564000
vt 0.280400 0.522000
vt 0.281400 0.564200
vt 0.288900 0.609900
vt 0.282600 0.610100
vt 0.269400 0.610200
vt 0.276200 0.610200
vt 0.270200 0.564400
vt 0.276000 0.564300
vt 0.271100 0.522200
vt 0.275800 0.522100
vt 0.265700 0.522300
vt 0.263600 0.564500
vt 0.260300 0.520800
vt 0.256400 0.564400
vt 0.261500 0.610200
vt 0.252500 0.611000
vt 0.231500 0.616900
vt 0.242300 0.613500
vt 0.240900 0.563200
vt 0.248700 0.563900
vt 0.250300 0.509400
vt 0.255200 0.515900
vt 0.447900 0.899300
vt 0.446900 0.892500
vt 0.447800 0.900300
vt 0.445800 0.898400
vt 0.445600 0.887300
vt 0.443800 0.896800
vt 0.447600 0.901300
vt 0.445300 0.901200
vt 0.443000 0.901000
vt 0.438100 0.900400
vt 0.440600 0.900700
vt 0.438900 0.895800
vt 0.441400 0.896100
vt 0.440700 0.885100
vt 0.443400 0.885400
vt 0.437600 0.884900
vt 0.436000 0.895600
vt 0.434300 0.884800
vt 0.433000 0.895500
vt 0.435300 0.900200
vt 0.432400 0.900100
vt 0.426500 0.900000
vt 0.429500 0.900100
vt 0.426800 0.895400
vt 0.429900 0.895500
vt 0.427400 0.884700
vt 0.430800 0.884700
vt 0.424000 0.884600
vt 0.423700 0.895300
vt 0.420800 0.884500
vt 0.420700 0.895300
vt 0.423600 0.900000
vt 0.420700 0.899900
vt 0.414900 0.899800
vt 0.417800 0.899900
vt 0.414700 0.895200
vt 0.417700 0.895300
vt 0.414300 0.884400
vt 0.417600 0.884500
vt 0.410800 0.884400
vt 0.411600 0.895200
vt 0.407400 0.884400
vt 0.408500 0.895200
vt 0.411900 0.899800
vt 0.408900 0.899800
vt 0.403300 0.900000
vt 0.406000 0.899900
vt 0.402600 0.895400
vt 0.405400 0.895200
vt 0.400900 0.884600
vt 0.404000 0.884400
vt 0.398200 0.884800
vt 0.400000 0.895600
vt 0.396100 0.886700
vt 0.397700 0.896300
vt 0.400800 0.900300
vt 0.398400 0.900500
vt 0.393700 0.900800
vt 0.396000 0.900600
vt 0.393600 0.899700
vt 0.395600 0.897800
vt 0.393400 0.898700
vt 0.394600 0.891900
vt 0.301600 0.870000
vt 0.301800 0.879500
vt 0.295500 0.877800
vt 0.295300 0.869700
vt 0.302000 0.889100
vt 0.295500 0.885800
vt 0.289100 0.876200
vt 0.288900 0.869200
vt 0.289100 0.882500
vt 0.302300 0.898700
vt 0.295300 0.893300
vt 0.288600 0.888200
vt 0.276600 0.879900
vt 0.282500 0.883900
vt 0.276500 0.876700
vt 0.282800 0.879600
vt 0.276400 0.873500
vt 0.276400 0.870200
vt 0.282600 0.869000
vt 0.282800 0.874800
vt 0.383500 0.461600
vt 0.390100 0.460200
vt 0.383500 0.458400
vt 0.390000 0.454900
vt 0.396700 0.458700
vt 0.396700 0.451600
vt 0.383500 0.455100
vt 0.383500 0.451800
vt 0.390000 0.444600
vt 0.390000 0.449700
vt 0.396500 0.437500
vt 0.396600 0.444500
vt 0.410200 0.437400
vt 0.403200 0.439800
vt 0.403000 0.430300
vt 0.410400 0.447600
vt 0.403400 0.448900
vt 0.410400 0.456800
vt 0.403500 0.457500
vt 0.417700 0.457000
vt 0.417700 0.465800
vt 0.417700 0.448300
vt 0.425100 0.457800
vt 0.425100 0.466200
vt 0.425200 0.450000
vt 0.417900 0.439400
vt 0.425600 0.443000
vt 0.433100 0.445400
vt 0.432700 0.451500
vt 0.432500 0.466600
vt 0.432600 0.458600
vt 0.468600 0.473800
vt 0.461500 0.474200
vt 0.468200 0.482700
vt 0.461200 0.483100
vt 0.454400 0.474600
vt 0.454100 0.483500
vt 0.467800 0.491600
vt 0.467300 0.500500
vt 0.460400 0.501300
vt 0.460800 0.492200
vt 0.453500 0.502000
vt 0.453800 0.492700
vt 0.439600 0.493500
vt 0.446700 0.493200
vt 0.446500 0.502600
vt 0.439700 0.484200
vt 0.446900 0.483900
vt 0.439900 0.475200
vt 0.447100 0.474900
vt 0.301000 0.845600
vt 0.294700 0.845600
vt 0.301200 0.853700
vt 0.294900 0.853700
vt 0.288400 0.845600
vt 0.288600 0.853700
vt 0.301400 0.861900
vt 0.295100 0.861700
vt 0.288800 0.861600
vt 0.276200 0.862000
vt 0.282500 0.861800
vt 0.276000 0.853800
vt 0.282300 0.853700
vt 0.275800 0.845600
vt 0.282100 0.845600
vt 0.403700 0.511900
vt 0.403700 0.520900
vt 0.396800 0.511200
vt 0.396900 0.520000
vt 0.403700 0.528900
vt 0.396900 0.528100
vt 0.383400 0.527200
vt 0.390100 0.527600
vt 0.383400 0.518300
vt 0.390100 0.519200
vt 0.383400 0.509400
vt 0.390100 0.510300
vt 0.417700 0.493700
vt 0.417700 0.484200
vt 0.425000 0.493800
vt 0.425000 0.484300
vt 0.417700 0.474900
vt 0.425100 0.475000
vt 0.432500 0.475200
vt 0.432400 0.484300
vt 0.432300 0.493700
vt 0.466900 0.509400
vt 0.460100 0.510400
vt 0.466400 0.518300
vt 0.459700 0.519200
vt 0.453300 0.511300
vt 0.453000 0.520200
vt 0.466000 0.527200
vt 0.459400 0.527700
vt 0.452700 0.528300
vt 0.446000 0.529100
vt 0.446200 0.521000
vt 0.446300 0.512100
s 1
usemtl Arrow_Texture
f 1/1/1 2/2/2 3/3/3 4/4/4
f 2/2/2 5/5/5 6/6/6 3/3/3
f 4/4/4 3/3/3 7/7/7 8/8/8
f 3/3/3 6/6/6 9/9/9 7/7/7
f 10/10/10 11/11/11 12/12/12 13/13/13
f 13/13/13 12/12/12 14/14/14 15/15/15
f 5/5/5 10/10/10 13/13/13 6/6/6
f 6/6/6 13/13/13 15/15/15 9/9/9
f 16/16/16 17/17/17 18/18/18 19/19/19
f 17/17/17 20/20/20 21/21/21 18/18/18
f 19/19/19 18/18/18 15/15/15 14/14/14
f 18/18/18 21/21/21 9/9/9 15/15/15
f 22/22/22 23/23/23 24/24/24 25/25/25
f 25/25/25 24/24/24 8/8/8 7/7/7
f 20/20/20 22/22/22 25/25/25 21/21/21
f 21/21/21 25/25/25 7/7/7 9/9/9
f 26/26/26 27/27/27 28/28/28 29/29/29
f 27/27/27 30/30/30 31/31/31 28/28/28
f 29/29/29 28/28/28 32/32/32 33/33/33
f 28/28/28 31/31/31 34/34/34 32/32/32
f 35/35/35 36/36/36 37/37/37 38/38/38
f 38/38/38 37/37/37 39/39/39 40/40/40
f 30/30/30 35/35/35 38/38/38 31/31/31
f 31/31/31 38/38/38 40/40/40 34/34/34
f 41/41/41 42/42/42 43/43/43 44/44/44
f 42/42/42 45/45/45 46/46/46 43/43/43
f 44/44/44 43/43/43 40/40/40 39/39/39
f 43/43/43 46/46/46 34/34/34 40/40/40
f 47/47/47 48/48/48 49/49/49 50/50/50
f 50/50/50 49/49/49 33/33/33 32/32/32
f 45/45/45 47/47/47 50/50/50 46/46/46
f 46/46/46 50/50/50 32/32/32 34/34/34
f 51/51/51 52/52/52 53/53/53 54/54/54
f 52/52/52 55/55/55 56/56/56 53/53/53
f 54/54/54 53/53/53 57/57/57 58/58/58
f 53/53/53 56/56/56 59/59/59 57/57/57
f 60/60/60 61/61/61 62/62/62 63/63/63
f 63/63/63 62/62/62 64/64/64 65/65/65
f 55/55/55 60/60/60 63/63/63 56/56/56
f 56/56/56 63/63/63 65/65/65 59/59/59
f 66/66/66 67/67/67 68/68/68 69/69/69
f 67/67/67 70/70/70 71/71/71 68/68/68
f 69/69/69 68/68/68 65/65/65 64/64/64
f 68/68/68 71/71/71 59/59/59 65/65/65
f 72/72/72 73/73/73 74/74/74 75/75/75
f 75/75/75 74/74/74 58/58/58 57/57/57
f 70/70/70 72/72/72 75/75/75 71/71/71
f 71/71/71 75/75/75 57/57/57 59/59/59
f 76/76/76 77/77/77 78/78/78 79/79/79
f 77/77/77 80/80/80 81/81/81 78/78/78
f 79/79/79 78/78/78 82/82/82 83/83/83
f 78/78/78 81/81/81 84/84/84 82/82/82
f 85/85/85 66/86/66 69/87/69 86/88/86
f 86/88/86 69/87/69 64/89/64 87/90/87
f 80/80/80 85/85/85 86/88/86 81/81/81
f 81/81/81 86/88/86 87/90/87 84/84/84
f 61/91/61 88/92/88 89/93/89 62/94/62
f 88/92/88 90/95/90 91/96/91 89/93/89
f 62/94/62 89/93/89 87/90/87 64/89/64
f 89/93/89 91/96/91 84/84/84 87/90/87
f 92/97/92 93/98/93 94/99/94 95/100/95
f 95/100/95 94/99/94 83/83/83 82/82/82
f 90/95/90 92/97/92 95/100/95 91/96/91
f 91/96/91 95/100/95 82/82/82 84/84/84
f 36/101/36 96/102/96 97/103/97 37/104/37
f 96/102/96 98/105/98 99/106/99 97/103/97
f 37/104/37 97/103/97 100/107/100 39/108/39
f 97/103/97 99/106/99 101/109/101 100/107/100
f 102/110/102 103/111/103 104/112/104 105/113/105
f 105/113/105 104/112/104 106/114/106 107/115/107
f 98/105/98 102/110/102 105/113/105 99/106/99
f 99/106/99 105/113/105 107/115/107 101/109/101
f 108/116/108 109/117/109 110/118/110 111/119/111
f 109/117/109 112/120/112 113/121/113 110/118/110
f 111/119/111 110/118/110 107/115/107 106/114/106
f 110/118/110 113/121/113 101/109/101 107/115/107
f 114/122/114 41/123/41 44/124/44 115/125/115
f 115/125/115 44/124/44 39/108/39 100/107/100
f 112/120/112 114/122/114 115/125/115 113/121/113
f 113/121/113 115/125/115 100/107/100 101/109/101
f 16/16/16 116/126/116 117/127/117 17/17/17
f 116/126/116 118/128/118 119/129/119 117/127/117
f 17/17/17 117/127/117 120/130/120 20/20/20
f 117/127/117 119/129/119 121/131/121 120/130/120
f 122/132/122 123/133/123 124/134/124 125/135/125
f 125/135/125 124/134/124 126/136/126 127/137/127
f 118/128/118 122/132/122 125/135/125 119/129/119
f 119/129/119 125/135/125 127/137/127 121/131/121
f 128/138/128 129/139/129 130/140/130 131/141/131
f 129/139/129 132/142/132 133/143/133 130/140/130
f 131/141/131 130/140/130 127/137/127 126/136/126
f 130/140/130 133/143/133 121/131/121 127/137/127
f 134/144/134 23/23/23 22/22/22 135/145/135
f 135/145/135 22/22/22 20/20/20 120/130/120
f 132/142/132 134/144/134 135/145/135 133/143/133
f 133/143/133 135/145/135 120/130/120 121/131/121
f 36/146/36 136/147/136 137/148/137 96/149/96
f 136/147/136 138/150/138 139/151/139 137/148/137
f 96/149/96 137/148/137 140/152/140 98/153/98
f 137/148/137 139/151/139 141/154/141 140/152/140
f 142/155/142 143/156/143 144/157/144 145/158/145
f 145/158/145 144/157/144 146/159/146 147/160/147
f 138/150/138 142/155/142 145/158/145 139/151/139
f 139/151/139 145/158/145 147/160/147 141/154/141
f 148/161/148 149/162/149 150/163/150 151/164/151
f 149/162/149 152/165/152 153/166/153 150/163/150
f 151/164/151 150/163/150 147/160/147 146/159/146
f 150/163/150 153/166/153 141/154/141 147/160/147
f 154/167/154 103/168/103 102/169/102 155/170/155
f 155/170/155 102/169/102 98/153/98 140/152/140
f 152/165/152 154/167/154 155/170/155 153/166/153
f 153/166/153 155/170/155 140/152/140 141/154/141
f 128/171/128 131/172/131 156/173/156 157/174/157
f 131/172/131 126/175/126 158/176/158 156/173/156
f 157/174/157 156/173/156 159/177/159 160/178/160
f 156/173/156 158/176/158 161/179/161 159/177/159
f 124/180/124 123/181/123 162/182/162 163/183/163
f 163/183/163 162/182/162 164/184/164 165/185/165
f 126/175/126 124/180/124 163/183/163 158/176/158
f 158/176/158 163/183/163 165/185/165 161/179/161
f 166/186/148 167/187/166 168/188/167 169/189/168
f 167/187/166 170/190/169 171/191/170 168/188/167
f 169/189/168 168/188/167 165/185/165 164/184/164
f 168/188/167 171/191/170 161/179/161 165/185/165
f 172/192/171 173/193/172 174/194/173 175/195/174
f 175/195/174 174/194/173 160/178/160 159/177/159
f 170/190/169 172/192/171 175/195/174 171/191/170
f 171/191/170 175/195/174 159/177/159 161/179/161
f 176/196/175 177/197/176 178/198/177 179/199/178
f 177/197/176 180/200/179 181/201/180 178/198/177
f 179/199/178 178/198/177 182/202/181 183/203/182
f 178/198/177 181/201/180 184/204/183 182/202/181
f 185/205/184 186/206/185 187/207/186 188/208/187
f 188/208/187 187/207/186 189/209/188 190/210/189
f 180/200/179 185/205/184 188/208/187 181/201/180
f 181/201/180 188/208/187 190/210/189 184/204/183
f 191/211/190 192/212/191 193/213/192 194/214/193
f 192/212/191 195/215/194 196/216/195 193/213/192
f 194/214/193 193/213/192 190/210/189 189/209/188
f 193/213/192 196/216/195 184/204/183 190/210/189
f 197/217/196 198/218/197 199/219/198 200/220/199
f 200/220/199 199/219/198 183/203/182 182/202/181
f 195/215/194 197/217/196 200/220/199 196/216/195
f 196/216/195 200/220/199 182/202/181 184/204/183
f 201/221/200 202/222/201 203/223/202 204/224/203
f 202/222/201 205/225/204 206/226/205 203/223/202
f 204/224/203 203/223/202 207/227/206 208/228/207
f 203/223/202 206/226/205 209/229/208 207/227/206
f 210/230/209 211/231/210 212/232/211 213/233/212
f 213/233/212 212/232/211 214/234/213 215/235/214
f 205/225/204 210/230/209 213/233/212 206/226/205
f 206/226/205 213/233/212 215/235/214 209/229/208
f 216/236/215 217/237/216 218/238/217 219/239/218
f 217/237/216 220/240/219 221/241/220 218/238/217
f 219/239/218 218/238/217 215/235/214 214/234/213
f 218/238/217 221/241/220 209/229/208 215/235/214
f 222/242/221 223/243/222 224/244/223 225/245/224
f 225/245/224 224/244/223 208/228/207 207/227/206
f 220/240/219 222/242/221 225/245/224 221/241/220
f 221/241/220 225/245/224 207/227/206 209/229/208
f 226/246/225 227/247/226 228/248/227 229/249/228
f 227/247/226 230/250/229 231/251/230 228/248/227
f 229/249/228 228/248/227 232/252/231 233/253/232
f 228/248/227 231/251/230 234/254/233 232/252/231
f 235/255/234 236/256/235 237/257/236 238/258/237
f 238/258/237 237/257/236 239/259/238 240/260/239
f 230/250/229 235/255/234 238/258/237 231/251/230
f 231/251/230 238/258/237 240/260/239 234/254/233
f 241/261/240 242/262/241 243/263/242 244/264/243
f 242/262/241 245/265/244 246/266/245 243/263/242
f 244/264/243 243/263/242 240/260/239 239/259/238
f 243/263/242 246/266/245 234/254/233 240/260/239
f 247/267/246 248/268/247 249/269/248 250/270/249
f 250/270/249 249/269/248 233/253/232 232/252/231
f 245/265/244 247/267/246 250/270/249 246/266/245
f 246/266/245 250/270/249 232/252/231 234/254/233
f 211/271/210 251/272/250 252/273/251 253/274/252
f 251/272/250 254/275/253 255/276/254 252/273/251
f 253/274/252 252/273/251 256/277/255 257/278/256
f 252/273/251 255/276/254 258/279/257 256/277/255
f 259/280/258 260/281/259 261/282/260 262/283/261
f 262/283/261 261/282/260 263/284/262 264/285/263
f 254/275/253 259/280/258 262/283/261 255/276/254
f 255/276/254 262/283/261 264/285/263 258/279/257
f 236/286/235 265/287/264 266/288/265 267/289/266
f 265/287/264 268/290/267 269/291/268 266/288/265
f 267/289/266 266/288/265 264/285/263 263/284/262
f 266/288/265 269/291/268 258/279/257 264/285/263
f 270/292/269 271/293/270 272/294/271 273/295/272
f 273/295/272 272/294/271 257/278/256 256/277/255
f 268/290/267 270/292/269 273/295/272 269/291/268
f 269/291/268 273/295/272 256/277/255 258/279/257
f 271/296/270 270/297/269 274/298/273 275/299/274
f 270/297/269 268/300/267 276/301/275 274/298/273
f 275/299/274 274/298/273 277/302/276 278/303/277
f 274/298/273 276/301/275 279/304/278 277/302/276
f 265/305/264 236/256/235 235/255/234 280/306/279
f 280/306/279 235/255/234 230/250/229 281/307/280
f 268/300/267 265/305/264 280/306/279 276/301/275
f 276/301/275 280/306/279 281/307/280 279/304/278
f 226/246/225 282/308/281 283/309/282 227/247/226
f 282/308/281 284/310/283 285/311/284 283/309/282
f 227/247/226 283/309/282 281/307/280 230/250/229
f 283/309/282 285/311/284 279/304/278 281/307/280
f 286/312/285 287/313/286 288/314/287 289/315/288
f 289/315/288 288/314/287 278/303/277 277/302/276
f 284/310/283 286/312/285 289/315/288 285/311/284
f 285/311/284 289/315/288 277/302/276 279/304/278
f 290/316/289 291/317/290 292/318/291 293/319/292
f 291/317/290 294/320/293 295/321/294 292/318/291
f 293/319/292 292/318/291 296/322/295 297/323/296
f 292/318/291 295/321/294 298/324/297 296/322/295
f 299/325/298 300/326/299 301/327/300 302/328/301
f 302/328/301 301/327/300 303/329/302 304/330/303
f 294/320/293 299/325/298 302/328/301 295/321/294
f 295/321/294 302/328/301 304/330/303 298/324/297
f 305/331/304 306/332/305 307/333/306 308/334/307
f 306/332/305 309/335/308 310/336/309 307/333/306
f 308/334/307 307/333/306 304/330/303 303/329/302
f 307/333/306 310/336/309 298/324/297 304/330/303
f 311/337/310 312/338/311 313/339/312 314/340/313
f 314/340/313 313/339/312 297/323/296 296/322/295
f 309/335/308 311/337/310 314/340/313 310/336/309
f 310/336/309 314/340/313 296/322/295 298/324/297
f 191/211/190 194/214/193 315/341/314 316/342/315
f 194/214/193 189/209/188 317/343/316 315/341/314
f 316/342/315 315/341/314 318/344/317 319/345/318
f 315/341/314 317/343/316 320/346/319 318/344/317
f 187/207/186 186/206/185 321/347/320 322/348/321
f 322/348/321 321/347/320 323/349/322 324/350/323
f 189/209/188 187/207/186 322/348/321 317/343/316
f 317/343/316 322/348/321 324/350/323 320/346/319
f 325/351/324 326/352/325 327/353/326 328/354/327
f 326/352/325 329/355/328 330/356/329 327/353/326
f 328/354/327 327/353/326 324/350/323 323/349/322
f 327/353/326 330/356/329 320/346/319 324/350/323
f 331/357/330 332/358/331 333/359/332 334/360/333
f 334/360/333 333/359/332 319/345/318 318/344/317
f 329/355/328 331/357/330 334/360/333 330/356/329
f 330/356/329 334/360/333 318/344/317 320/346/319
f 290/361/289 293/362/292 335/363/334 336/364/335
f 293/362/292 297/365/296 337/366/336 335/363/334
f 336/364/335 335/363/334 338/367/337 339/368/338
f 335/363/334 337/366/336 340/369/339 338/367/337
f 313/370/312 312/371/311 341/372/340 342/373/341
f 342/373/341 341/372/340 343/374/342 344/375/343
f 297/365/296 313/370/312 342/373/341 337/366/336
f 337/366/336 342/373/341 344/375/343 340/369/339
f 345/376/344 346/377/345 347/378/346 348/379/347
f 346/377/345 349/380/348 350/381/349 347/378/346
f 348/379/347 347/378/346 344/375/343 343/374/342
f 347/378/346 350/381/349 340/369/339 344/375/343
f 351/382/350 352/383/351 353/384/352 354/385/353
f 354/385/353 353/384/352 339/368/338 338/367/337
f 349/380/348 351/382/350 354/385/353 350/381/349
f 350/381/349 354/385/353 338/367/337 340/369/339
f 325/386/324 355/387/354 356/388/355 326/389/325
f 355/387/354 357/390/356 358/391/357 356/388/355
f 326/389/325 356/388/355 359/392/358 329/393/328
f 356/388/355 358/391/357 360/394/359 359/392/358
f 361/395/360 362/396/361 363/397/362 364/398/363
f 364/398/363 363/397/362 365/399/364 366/400/365
f 357/390/356 361/395/360 364/398/363 358/391/357
f 358/391/357 364/398/363 366/400/365 360/394/359
f 367/401/344 368/402/366 369/403/367 370/404/368
f 368/402/366 371/405/369 372/406/370 369/403/367
f 370/404/368 369/403/367 366/400/365 365/399/364
f 369/403/367 372/406/370 360/394/359 366/400/365
f 373/407/371 332/408/331 331/409/330 374/410/372
f 374/410/372 331/409/330 329/393/328 359/392/358
f 371/405/369 373/407/371 374/410/372 372/406/370
f 372/406/370 374/410/372 359/392/358 360/394/359
f 375/411/373 376/412/374 377/413/375 378/414/376
f 376/412/374 379/415/377 380/416/378 377/413/375
f 378/414/376 377/413/375 381/417/379 382/418/380
f 377/413/375 380/416/378 383/419/381 381/417/379
f 384/420/382 325/421/324 328/422/327 385/423/383
f 385/423/383 328/422/327 323/424/322 386/425/384
f 379/415/377 384/420/382 385/423/383 380/416/378
f 380/416/378 385/423/383 386/425/384 383/419/381
f 186/426/185 387/427/385 388/428/386 321/429/320
f 387/427/385 389/430/387 390/431/388 388/428/386
f 321/429/320 388/428/386 386/425/384 323/424/322
f 388/428/386 390/431/388 383/419/381 386/425/384
f 391/432/389 392/433/390 393/434/391 394/435/392
f 394/435/392 393/434/391 382/418/380 381/417/379
f 389/430/387 391/432/389 394/435/392 390/431/388
f 390/431/388 394/435/392 381/417/379 383/419/381
f 186/426/185 185/436/184 395/437/393 387/427/385
f 185/436/184 180/438/179 396/439/394 395/437/393
f 387/427/385 395/437/393 397/440/395 389/430/387
f 395/437/393 396/439/394 398/441/396 397/440/395
f 177/442/176 176/443/175 399/444/397 400/445/398
f 400/445/398 399/444/397 401/446/399 402/447/400
f 180/438/179 177/442/176 400/445/398 396/439/394
f 396/439/394 400/445/398 402/447/400 398/441/396
f 392/433/390 391/432/389 403/448/401 404/449/402
f 391/432/389 389/430/387 397/440/395 403/448/401
f 404/449/402 403/448/401 402/447/400 401/446/399
f 403/448/401 397/440/395 398/441/396 402/447/400
f 405/450/200 406/451/200 407/452/403 408/453/403
f 406/451/200 409/454/200 410/455/403 407/452/403
f 408/453/403 407/452/403 411/456/404 412/457/404
f 407/452/403 410/455/403 413/458/404 411/456/404
f 414/459/200 415/460/200 416/461/403 417/462/403
f 417/462/403 416/461/403 418/463/404 419/464/404
f 409/454/200 414/459/200 417/462/403 410/455/403
f 410/455/403 417/462/403 419/464/404 413/458/404
f 420/465/405 421/466/405 422/467/406 423/468/406
f 421/466/405 424/469/405 425/470/406 422/467/406
f 423/468/406 422/467/406 419/464/404 418/463/404
f 422/467/406 425/470/406 413/458/404 419/464/404
f 426/471/405 427/472/405 428/473/406 429/474/406
f 429/474/406 428/473/406 412/457/404 411/456/404
f 424/469/405 426/471/405 429/474/406 425/470/406
f 425/470/406 429/474/406 411/456/404 413/458/404
f 191/211/190 430/475/407 431/476/408 432/477/409
f 430/475/407 433/478/410 434/479/411 431/476/408
f 432/477/409 431/476/408 435/480/412 436/481/413
f 431/476/408 434/479/411 437/482/414 435/480/412
f 438/483/415 16/16/16 439/484/416 440/485/417
f 440/485/417 439/484/416 441/486/418 442/487/419
f 433/478/410 438/483/415 440/485/417 434/479/411
f 434/479/411 440/485/417 442/487/419 437/482/414
f 443/488/420 444/489/421 445/490/422 446/491/423
f 444/489/421 447/492/424 448/493/425 445/490/422
f 446/491/423 445/490/422 442/487/419 441/486/418
f 445/490/422 448/493/425 437/482/414 442/487/419
f 449/494/426 450/495/427 451/496/428 452/497/429
f 452/497/429 451/496/428 436/481/413 435/480/412
f 447/492/424 449/494/426 452/497/429 448/493/425
f 448/493/425 452/497/429 435/480/412 437/482/414
f 191/211/190 316/342/315 453/498/430 430/475/407
f 316/342/315 319/345/318 454/499/431 453/498/430
f 430/475/407 453/498/430 455/500/432 433/478/410
f 453/498/430 454/499/431 456/501/433 455/500/432
f 333/359/332 332/358/331 457/502/434 458/503/435
f 458/503/435 457/502/434 459/504/436 460/505/437
f 319/345/318 333/359/332 458/503/435 454/499/431
f 454/499/431 458/503/435 460/505/437 456/501/433
f 123/133/123 122/132/122 461/506/438 462/507/439
f 122/132/122 118/128/118 463/508/440 461/506/438
f 462/507/439 461/506/438 460/505/437 459/504/436
f 461/506/438 463/508/440 456/501/433 460/505/437
f 116/126/116 16/16/16 438/483/415 464/509/441
f 464/509/441 438/483/415 433/478/410 455/500/432
f 118/128/118 116/126/116 464/509/441 463/508/440
f 463/508/440 464/509/441 455/500/432 456/501/433
f 260/281/259 259/280/258 465/510/442 466/511/443
f 259/280/258 254/275/253 467/512/444 465/510/442
f 466/511/443 465/510/442 468/513/445 469/514/446
f 465/510/442 467/512/444 470/515/447 468/513/445
f 251/272/250 211/271/210 471/516/448 472/517/449
f 472/517/449 471/516/448 473/518/450 474/519/451
f 254/275/253 251/272/250 472/517/449 467/512/444
f 467/512/444 472/517/449 474/519/451 470/515/447
f 51/51/51 54/54/54 475/520/452 476/521/453
f 54/54/54 58/58/58 477/522/454 475/520/452
f 476/521/453 475/520/452 474/519/451 473/518/450
f 475/520/452 477/522/454 470/515/447 474/519/451
f 74/74/74 73/73/73 478/523/455 479/524/456
f 479/524/456 478/523/455 469/514/446 468/513/445
f 58/58/58 74/74/74 479/524/456 477/522/454
f 477/522/454 479/524/456 468/513/445 470/515/447
f 312/371/311 480/525/457 481/526/458 341/372/340
f 480/525/457 482/527/446 483/528/459 481/526/458
f 341/372/340 481/526/458 484/529/460 343/374/342
f 481/526/458 483/528/459 485/530/446 484/529/460
f 486/531/461 103/168/103 154/167/154 487/532/462
f 487/532/462 154/167/154 152/165/152 488/533/463
f 482/527/446 486/531/461 487/532/462 483/528/459
f 483/528/459 487/532/462 488/533/463 485/530/446
f 148/161/148 489/534/464 490/535/465 149/162/149
f 489/534/464 491/536/404 492/537/404 490/535/465
f 149/162/149 490/535/465 488/533/463 152/165/152
f 490/535/465 492/537/404 485/530/446 488/533/463
f 493/538/466 345/376/344 348/379/347 494/539/467
f 494/539/467 348/379/347 343/374/342 484/529/460
f 491/536/404 493/538/466 494/539/467 492/537/404
f 492/537/404 494/539/467 484/529/460 485/530/446
f 312/338/311 311/337/310 495/540/468 480/541/457
f 311/337/310 309/335/308 496/542/469 495/540/468
f 480/541/457 495/540/468 497/543/470 482/544/446
f 495/540/468 496/542/469 498/545/471 497/543/470
f 306/332/305 305/331/304 499/546/472 500/547/473
f 500/547/473 499/546/472 501/548/474 502/549/475
f 309/335/308 306/332/305 500/547/473 496/542/469
f 496/542/469 500/547/473 502/549/475 498/545/471
f 108/116/108 111/119/111 503/550/476 504/551/477
f 111/119/111 106/114/106 505/552/478 503/550/476
f 504/551/477 503/550/476 502/549/475 501/548/474
f 503/550/476 505/552/478 498/545/471 502/549/475
f 104/112/104 103/111/103 486/553/461 506/554/479
f 506/554/479 486/553/461 482/544/446 497/543/470
f 106/114/106 104/112/104 506/554/479 505/552/478
f 505/552/478 506/554/479 497/543/470 498/545/471
f 332/408/331 373/407/371 507/555/480 457/556/434
f 373/407/371 371/405/369 508/557/481 507/555/480
f 457/556/434 507/555/480 509/558/482 459/559/436
f 507/555/480 508/557/481 510/560/483 509/558/482
f 368/402/366 367/401/344 511/561/484 512/562/485
f 512/562/485 511/561/484 513/563/404 514/564/404
f 371/405/369 368/402/366 512/562/485 508/557/481
f 508/557/481 512/562/485 514/564/404 510/560/483
f 166/186/148 169/189/168 515/565/486 516/566/487
f 169/189/168 164/184/164 517/567/488 515/565/486
f 516/566/487 515/565/486 514/564/404 513/563/404
f 515/565/486 517/567/488 510/560/483 514/564/404
f 162/182/162 123/181/123 462/568/439 518/569/489
f 518/569/489 462/568/439 459/559/436 509/558/482
f 164/184/164 162/182/162 518/569/489 517/567/488
f 517/567/488 518/569/489 509/558/482 510/560/483
f 211/271/210 210/570/209 519/571/490 471/516/448
f 210/570/209 205/572/204 520/573/491 519/571/490
f 471/516/448 519/571/490 521/574/492 473/518/450
f 519/571/490 520/573/491 522/575/493 521/574/492
f 202/576/201 201/577/200 523/578/403 524/579/494
f 524/579/494 523/578/403 525/580/404 526/581/495
f 205/572/204 202/576/201 524/579/494 520/573/491
f 520/573/491 524/579/494 526/581/495 522/575/493
f 527/582/405 528/583/496 529/584/497 530/585/406
f 528/583/496 531/586/498 532/587/499 529/584/497
f 530/585/406 529/584/497 526/581/495 525/580/404
f 529/584/497 532/587/499 522/575/493 526/581/495
f 533/588/500 51/51/51 476/521/453 534/589/501
f 534/589/501 476/521/453 473/518/450 521/574/492
f 531/586/498 533/588/500 534/589/501 532/587/499
f 532/587/499 534/589/501 521/574/492 522/575/493
f 535/590/502 536/591/503 537/592/504 538/593/505
f 536/591/503 539/594/506 540/595/507 537/592/504
f 538/593/505 537/592/504 541/596/508 542/597/509
f 537/592/504 540/595/507 543/598/510 541/596/508
f 544/599/511 545/600/512 546/601/513 547/602/514
f 547/602/514 546/601/513 548/603/515 549/604/516
f 539/594/506 544/599/511 547/602/514 540/595/507
f 540/595/507 547/602/514 549/604/516 543/598/510
f 550/605/517 551/606/518 552/607/519 553/608/520
f 551/606/518 554/609/521 555/610/522 552/607/519
f 553/608/520 552/607/519 549/604/516 548/603/515
f 552/607/519 555/610/522 543/598/510 549/604/516
f 556/611/523 557/612/524 558/613/525 559/614/526
f 559/614/526 558/613/525 542/597/509 541/596/508
f 554/609/521 556/611/523 559/614/526 555/610/522
f 555/610/522 559/614/526 541/596/508 543/598/510
f 560/615/527 561/616/528 562/617/529 563/618/530
f 561/616/528 564/619/531 565/620/532 562/617/529
f 563/618/530 562/617/529 566/621/533 567/622/533
f 562/617/529 565/620/532 568/623/533 566/621/533
f 569/624/534 570/625/535 571/626/529 572/627/529
f 572/627/529 571/626/529 573/628/533 574/629/533
f 564/619/531 569/624/534 572/627/529 565/620/532
f 565/620/532 572/627/529 574/629/533 568/623/533
f 575/630/536 576/631/172 577/632/537 578/633/537
f 576/631/172 579/634/538 580/635/539 577/632/537
f 578/633/537 577/632/537 574/629/533 573/628/533
f 577/632/537 580/635/539 568/623/533 574/629/533
f 581/636/540 143/156/143 582/637/541 583/638/541
f 583/638/541 582/637/541 567/622/533 566/621/533
f 579/634/538 581/636/540 583/638/541 580/635/539
f 580/635/539 583/638/541 566/621/533 568/623/533
f 584/639/542 585/640/543 586/641/544 587/642/545
f 585/640/543 588/643/546 589/644/547 586/641/544
f 587/642/545 586/641/544 590/645/548 591/646/549
f 586/641/544 589/644/547 592/647/550 590/645/548
f 593/648/551 93/98/93 92/97/92 594/649/552
f 594/649/552 92/97/92 90/95/90 595/650/553
f 588/643/546 593/648/551 594/649/552 589/644/547
f 589/644/547 594/649/552 595/650/553 592/647/550
f 61/91/61 60/651/60 596/652/554 88/92/88
f 60/651/60 55/653/55 597/654/555 596/652/554
f 88/92/88 596/652/554 595/650/553 90/95/90
f 596/652/554 597/654/555 592/647/550 595/650/553
f 52/655/52 51/656/51 598/657/556 599/658/557
f 599/658/557 598/657/556 591/646/549 590/645/548
f 55/653/55 52/655/52 599/658/557 597/654/555
f 597/654/555 599/658/557 590/645/548 592/647/550
f 26/659/26 600/660/558 601/661/559 27/662/27
f 600/660/558 602/663/560 603/664/561 601/661/559
f 27/662/27 601/661/559 604/665/562 30/666/30
f 601/661/559 603/664/561 605/667/563 604/665/562
f 606/668/564 560/615/527 563/618/530 607/669/565
f 607/669/565 563/618/530 567/622/533 608/670/566
f 602/663/560 606/668/564 607/669/565 603/664/561
f 603/664/561 607/669/565 608/670/566 605/667/563
f 143/156/143 142/155/142 609/671/567 582/637/541
f 142/155/142 138/150/138 610/672/568 609/671/567
f 582/637/541 609/671/567 608/670/566 567/622/533
f 609/671/567 610/672/568 605/667/563 608/670/566
f 136/147/136 36/146/36 35/673/35 611/674/569
f 611/674/569 35/673/35 30/666/30 604/665/562
f 138/150/138 136/147/136 611/674/569 610/672/568
f 610/672/568 611/674/569 604/665/562 605/667/563
f 612/675/570 613/676/571 614/677/572 615/678/573
f 613/676/571 616/679/574 617/680/575 614/677/572
f 615/678/573 614/677/572 618/681/576 619/682/577
f 614/677/572 617/680/575 620/683/578 618/681/576
f 621/684/579 622/685/580 623/686/581 624/687/582
f 624/687/582 623/686/581 625/688/583 626/689/584
f 616/679/574 621/684/579 624/687/582 617/680/575
f 617/680/575 624/687/582 626/689/584 620/683/578
f 11/11/11 10/10/10 627/690/585 628/691/586
f 10/10/10 5/5/5 629/692/587 627/690/585
f 628/691/586 627/690/585 626/689/584 625/688/583
f 627/690/585 629/692/587 620/683/578 626/689/584
f 2/2/2 1/1/1 630/693/588 631/694/589
f 631/694/589 630/693/588 619/682/577 618/681/576
f 5/5/5 2/2/2 631/694/589 629/692/587
f 629/692/587 631/694/589 618/681/576 620/683/578
f 632/695/590 633/696/591 634/697/592 635/698/593
f 633/696/591 636/699/594 637/700/595 634/697/592
f 635/698/593 634/697/592 638/701/596 639/702/597
f 634/697/592 637/700/595 640/703/598 638/701/596
f 641/704/599 198/705/197 642/706/600 643/707/601
f 643/707/601 642/706/600 644/708/602 645/709/603
f 636/699/594 641/704/599 643/707/601 637/700/595
f 637/700/595 643/707/601 645/709/603 640/703/598
f 646/710/604 647/711/605 648/712/606 649/713/607
f 647/711/605 650/714/608 651/715/609 648/712/606
f 649/713/607 648/712/606 645/709/603 644/708/602
f 648/712/606 651/715/609 640/703/598 645/709/603
f 652/716/610 653/717/611 654/718/612 655/719/613
f 655/719/613 654/718/612 639/702/597 638/701/596
f 650/714/608 652/716/610 655/719/613 651/715/609
f 651/715/609 655/719/613 638/701/596 640/703/598
f 375/720/373 656/721/614 657/722/615 376/723/374
f 656/721/614 658/724/616 659/725/617 657/722/615
f 376/723/374 657/722/615 660/726/618 379/727/377
f 657/722/615 659/725/617 661/728/619 660/726/618
f 662/729/620 663/730/621 664/731/622 665/732/623
f 665/732/623 664/731/622 666/733/624 667/734/625
f 658/724/616 662/729/620 665/732/623 659/725/617
f 659/725/617 665/732/623 667/734/625 661/728/619
f 362/735/361 361/736/360 668/737/626 669/738/627
f 361/736/360 357/739/356 670/740/628 668/737/626
f 669/738/627 668/737/626 667/734/625 666/733/624
f 668/737/626 670/740/628 661/728/619 667/734/625
f 355/741/354 325/742/324 384/743/382 671/744/629
f 671/744/629 384/743/382 379/727/377 660/726/618
f 357/739/356 355/741/354 671/744/629 670/740/628
f 670/740/628 671/744/629 660/726/618 661/728/619
f 672/745/630 673/746/631 674/747/632 675/748/633
f 673/746/631 676/749/634 677/750/635 674/747/632
f 675/748/633 674/747/632 678/751/636 679/752/637
f 674/747/632 677/750/635 680/753/638 678/751/636
f 681/754/639 290/755/289 336/756/335 682/757/640
f 682/757/640 336/756/335 339/758/338 683/759/641
f 676/749/634 681/754/639 682/757/640 677/750/635
f 677/750/635 682/757/640 683/759/641 680/753/638
f 352/760/351 684/761/642 685/762/643 353/763/352
f 684/761/642 686/764/624 687/765/644 685/762/643
f 353/763/352 685/762/643 683/759/641 339/758/338
f 685/762/643 687/765/644 680/753/638 683/759/641
f 688/766/645 689/767/646 690/768/647 691/769/648
f 691/769/648 690/768/647 679/752/637 678/751/636
f 686/764/624 688/766/645 691/769/648 687/765/644
f 687/765/644 691/769/648 678/751/636 680/753/638
f 392/433/390 404/449/402 692/770/649 693/771/650
f 404/449/402 401/446/399 694/772/651 692/770/649
f 693/771/650 692/770/649 695/773/652 696/774/653
f 692/770/649 694/772/651 697/775/654 695/773/652
f 399/444/397 176/443/175 179/776/178 698/777/655
f 698/777/655 179/776/178 183/778/182 699/779/656
f 401/446/399 399/444/397 698/777/655 694/772/651
f 694/772/651 698/777/655 699/779/656 697/775/654
f 198/705/197 641/704/599 700/780/657 199/781/198
f 641/704/599 636/699/594 701/782/658 700/780/657
f 199/781/198 700/780/657 699/779/656 183/778/182
f 700/780/657 701/782/658 697/775/654 699/779/656
f 633/696/591 632/695/590 702/783/659 703/784/660
f 703/784/660 702/783/659 696/774/653 695/773/652
f 636/699/594 633/696/591 703/784/660 701/782/658
f 701/782/658 703/784/660 695/773/652 697/775/654
f 612/675/570 704/785/661 705/786/662 613/676/571
f 704/785/661 706/787/663 707/788/664 705/786/662
f 613/676/571 705/786/662 708/789/665 616/679/574
f 705/786/662 707/788/664 709/790/666 708/789/665
f 710/791/667 711/792/668 712/793/669 713/794/670
f 713/794/670 712/793/669 714/795/671 715/796/672
f 706/787/663 710/791/667 713/794/670 707/788/664
f 707/788/664 713/794/670 715/796/672 709/790/666
f 716/797/673 717/798/674 718/799/675 719/800/676
f 717/798/674 720/801/677 721/802/678 718/799/675
f 719/800/676 718/799/675 715/796/672 714/795/671
f 718/799/675 721/802/678 709/790/666 715/796/672
f 722/803/679 622/685/580 621/684/579 723/804/680
f 723/804/680 621/684/579 616/679/574 708/789/665
f 720/801/677 722/803/679 723/804/680 721/802/678
f 721/802/678 723/804/680 708/789/665 709/790/666
f 527/805/405 724/806/681 725/807/682 528/808/496
f 724/806/681 726/809/683 727/810/684 725/807/682
f 528/808/496 725/807/682 728/811/685 531/812/498
f 725/807/682 727/810/684 729/813/686 728/811/685
f 730/814/687 731/815/688 732/816/689 733/817/690
f 733/817/690 732/816/689 734/818/691 735/819/692
f 726/809/683 730/814/687 733/817/690 727/810/684
f 727/810/684 733/817/690 735/819/692 729/813/686
f 584/639/542 587/642/545 736/820/693 737/821/694
f 587/642/545 591/646/549 738/822/695 736/820/693
f 737/821/694 736/820/693 735/819/692 734/818/691
f 736/820/693 738/822/695 729/813/686 735/819/692
f 598/657/556 51/656/51 533/823/500 739/824/696
f 739/824/696 533/823/500 531/812/498 728/811/685
f 591/646/549 598/657/556 739/824/696 738/822/695
f 738/822/695 739/824/696 728/811/685 729/813/686
f 584/639/542 740/825/697 741/826/698 585/640/543
f 740/825/697 742/827/699 743/828/700 741/826/698
f 585/640/543 741/826/698 744/829/701 588/643/546
f 741/826/698 743/828/700 745/830/702 744/829/701
f 746/831/703 747/832/704 748/833/705 749/834/706
f 749/834/706 748/833/705 750/835/707 751/836/708
f 742/827/699 746/831/703 749/834/706 743/828/700
f 743/828/700 749/834/706 751/836/708 745/830/702
f 76/76/76 79/79/79 752/837/709 753/838/710
f 79/79/79 83/83/83 754/839/711 752/837/709
f 753/838/710 752/837/709 751/836/708 750/835/707
f 752/837/709 754/839/711 745/830/702 751/836/708
f 94/99/94 93/98/93 593/648/551 755/840/712
f 755/840/712 593/648/551 588/643/546 744/829/701
f 83/83/83 94/99/94 755/840/712 754/839/711
f 754/839/711 755/840/712 744/829/701 745/830/702
f 26/26/26 29/29/29 756/841/713 757/842/714
f 29/29/29 33/33/33 758/843/715 756/841/713
f 757/842/714 756/841/713 759/844/716 760/845/717
f 756/841/713 758/843/715 761/846/718 759/844/716
f 49/49/49 48/48/48 762/847/719 763/848/720
f 763/848/720 762/847/719 764/849/721 765/850/722
f 33/33/33 49/49/49 763/848/720 758/843/715
f 758/843/715 763/848/720 765/850/722 761/846/718
f 766/851/723 767/852/724 768/853/725 769/854/726
f 767/852/724 770/855/727 771/856/728 768/853/725
f 769/854/726 768/853/725 765/850/722 764/849/721
f 768/853/725 771/856/728 761/846/718 765/850/722
f 772/857/729 773/858/730 774/859/731 775/860/732
f 775/860/732 774/859/731 760/845/717 759/844/716
f 770/855/727 772/857/729 775/860/732 771/856/728
f 771/856/728 775/860/732 759/844/716 761/846/718
f 776/861/688 777/862/688 778/863/687 779/864/687
f 777/862/688 780/865/688 781/866/687 778/863/687
f 779/864/687 778/863/687 782/867/683 783/868/683
f 778/863/687 781/866/687 784/869/683 782/867/683
f 785/870/688 786/871/688 787/872/687 788/873/687
f 788/873/687 787/872/687 789/874/683 790/875/683
f 780/865/688 785/870/688 788/873/687 781/866/687
f 781/866/687 788/873/687 790/875/683 784/869/683
f 420/876/405 791/877/405 792/878/681 793/879/681
f 791/877/405 794/880/405 795/881/681 792/878/681
f 793/879/681 792/878/681 790/875/683 789/874/683
f 792/878/681 795/881/681 784/869/683 790/875/683
f 796/882/405 797/883/405 798/884/681 799/885/681
f 799/885/681 798/884/681 783/868/683 782/867/683
f 794/880/405 796/882/405 799/885/681 795/881/681
f 795/881/681 799/885/681 782/867/683 784/869/683
f 716/797/673 719/800/676 800/886/733 801/887/734
f 719/800/676 714/795/671 802/888/735 800/886/733
f 801/887/734 800/886/733 803/889/736 804/890/737
f 800/886/733 802/888/735 805/891/738 803/889/736
f 712/793/669 711/792/668 806/892/739 807/893/740
f 807/893/740 806/892/739 808/894/741 809/895/742
f 714/795/671 712/793/669 807/893/740 802/888/735
f 802/888/735 807/893/740 809/895/742 805/891/738
f 810/896/743 811/897/744 812/898/745 813/899/746
f 811/897/744 814/900/747 815/901/748 812/898/745
f 813/899/746 812/898/745 809/895/742 808/894/741
f 812/898/745 815/901/748 805/891/738 809/895/742
f 816/902/749 817/903/750 818/904/751 819/905/752
f 819/905/752 818/904/751 804/890/737 803/889/736
f 814/900/747 816/902/749 819/905/752 815/901/748
f 815/901/748 819/905/752 803/889/736 805/891/738
f 26/659/26 757/906/714 820/907/753 600/660/558
f 757/906/714 760/908/717 821/909/754 820/907/753
f 600/660/558 820/907/753 822/910/755 602/663/560
f 820/907/753 821/909/754 823/911/756 822/910/755
f 774/912/731 773/913/730 824/914/757 825/915/758
f 825/915/758 824/914/757 826/916/759 827/917/760
f 760/908/717 774/912/731 825/915/758 821/909/754
f 821/909/754 825/915/758 827/917/760 823/911/756
f 828/918/761 829/919/762 830/920/763 831/921/764
f 829/919/762 832/922/765 833/923/766 830/920/763
f 831/921/764 830/920/763 827/917/760 826/916/759
f 830/920/763 833/923/766 823/911/756 827/917/760
f 834/924/767 560/615/527 606/668/564 835/925/768
f 835/925/768 606/668/564 602/663/560 822/910/755
f 832/922/765 834/924/767 835/925/768 833/923/766
f 833/923/766 835/925/768 822/910/755 823/911/756
f 810/926/743 836/927/769 837/928/770 811/929/744
f 836/927/769 838/930/771 839/931/772 837/928/770
f 811/929/744 837/928/770 840/932/773 814/933/747
f 837/928/770 839/931/772 841/934/774 840/932/773
f 842/935/775 843/936/535 844/937/776 845/938/777
f 845/938/777 844/937/776 846/939/778 847/940/779
f 838/930/771 842/935/775 845/938/777 839/931/772
f 839/931/772 845/938/777 847/940/779 841/934/774
f 848/941/780 849/942/781 850/943/782 851/944/783
f 849/942/781 852/945/784 853/946/785 850/943/782
f 851/944/783 850/943/782 847/940/779 846/939/778
f 850/943/782 853/946/785 841/934/774 847/940/779
f 854/947/786 817/948/750 816/949/749 855/950/787
f 855/950/787 816/949/749 814/933/747 840/932/773
f 852/945/784 854/947/786 855/950/787 853/946/785
f 853/946/785 855/950/787 840/932/773 841/934/774
f 23/951/23 134/952/134 856/953/788 857/954/789
f 134/952/134 132/955/132 858/956/790 856/953/788
f 857/954/789 856/953/788 859/957/791 860/958/792
f 856/953/788 858/956/790 861/959/793 859/957/791
f 129/960/129 128/961/128 862/962/794 863/963/795
f 863/963/795 862/962/794 864/964/796 865/965/797
f 132/955/132 129/960/129 863/963/795 858/956/790
f 858/956/790 863/963/795 865/965/797 861/959/793
f 810/896/743 813/899/746 866/966/798 867/967/799
f 813/899/746 808/894/741 868/968/800 866/966/798
f 867/967/799 866/966/798 865/965/797 864/964/796
f 866/966/798 868/968/800 861/959/793 865/965/797
f 806/892/739 711/792/668 869/969/801 870/970/802
f 870/970/802 869/969/801 860/958/792 859/957/791
f 808/894/741 806/892/739 870/970/802 868/968/800
f 868/968/800 870/970/802 859/957/791 861/959/793
f 711/792/668 710/791/667 871/971/803 869/969/801
f 710/791/667 706/787/663 872/972/804 871/971/803
f 869/969/801 871/971/803 873/973/805 860/958/792
f 871/971/803 872/972/804 874/974/806 873/973/805
f 704/785/661 612/675/570 615/678/573 875/975/807
f 875/975/807 615/678/573 619/682/577 876/976/808
f 706/787/663 704/785/661 875/975/807 872/972/804
f 872/972/804 875/975/807 876/976/808 874/974/806
f 1/1/1 4/977/4 877/978/809 630/693/588
f 4/977/4 8/979/8 878/980/810 877/978/809
f 630/693/588 877/978/809 876/976/808 619/682/577
f 877/978/809 878/980/810 874/974/806 876/976/808
f 24/981/24 23/951/23 857/954/789 879/982/811
f 879/982/811 857/954/789 860/958/792 873/973/805
f 8/979/8 24/981/24 879/982/811 878/980/810
f 878/980/810 879/982/811 873/973/805 874/974/806
f 392/433/390 693/771/650 880/983/812 881/984/813
f 693/771/650 696/774/653 882/985/814 880/983/812
f 881/984/813 880/983/812 883/986/815 884/987/816
f 880/983/812 882/985/814 885/988/817 883/986/815
f 702/783/659 632/695/590 886/989/818 887/990/819
f 887/990/819 886/989/818 888/991/820 889/992/821
f 696/774/653 702/783/659 887/990/819 882/985/814
f 882/985/814 887/990/819 889/992/821 885/988/817
f 890/993/822 891/994/823 892/995/824 893/996/825
f 891/994/823 884/987/816 883/986/815 892/995/824
f 893/996/825 892/995/824 889/992/821 888/991/820
f 892/995/824 883/986/815 885/988/817 889/992/821
f 216/236/215 894/997/826 895/998/827 896/999/828
f 894/997/826 897/1000/829 898/1001/830 895/998/827
f 896/999/828 895/998/827 899/1002/831 900/1003/832
f 895/998/827 898/1001/830 901/1004/833 899/1002/831
f 902/1005/834 287/313/286 286/312/285 903/1006/835
f 903/1006/835 286/312/285 284/310/283 904/1007/836
f 897/1000/829 902/1005/834 903/1006/835 898/1001/830
f 898/1001/830 903/1006/835 904/1007/836 901/1004/833
f 226/246/225 905/1008/837 906/1009/838 282/308/281
f 905/1008/837 907/1010/839 908/1011/840 906/1009/838
f 282/308/281 906/1009/838 904/1007/836 284/310/283
f 906/1009/838 908/1011/840 901/1004/833 904/1007/836
f 909/1012/841 910/1013/842 911/1014/843 912/1015/844
f 912/1015/844 911/1014/843 900/1003/832 899/1002/831
f 907/1010/839 909/1012/841 912/1015/844 908/1011/840
f 908/1011/840 912/1015/844 899/1002/831 901/1004/833
f 913/1016/845 914/1017/846 915/1018/847 916/1019/848
f 914/1017/846 917/1020/849 918/1021/850 915/1018/847
f 916/1019/848 915/1018/847 919/1022/851 920/1023/852
f 915/1018/847 918/1021/850 921/1024/853 919/1022/851
f 922/1025/854 923/1026/855 924/1027/856 925/1028/857
f 925/1028/857 924/1027/856 926/1029/858 927/1030/859
f 917/1020/849 922/1025/854 925/1028/857 918/1021/850
f 918/1021/850 925/1028/857 927/1030/859 921/1024/853
f 928/1031/860 929/1032/861 930/1033/862 931/1034/863
f 929/1032/861 932/1035/864 933/1036/865 930/1033/862
f 931/1034/863 930/1033/862 927/1030/859 926/1029/858
f 930/1033/862 933/1036/865 921/1024/853 927/1030/859
f 934/1037/866 672/1038/630 935/1039/867 936/1040/868
f 936/1040/868 935/1039/867 920/1023/852 919/1022/851
f 932/1035/864 934/1037/866 936/1040/868 933/1036/865
f 933/1036/865 936/1040/868 919/1022/851 921/1024/853
f 937/1041/869 938/1042/870 939/1043/871 940/1044/872
f 938/1042/870 941/1045/873 942/1046/874 939/1043/871
f 940/1044/872 939/1043/871 943/1047/875 944/1048/876
f 939/1043/871 942/1046/874 945/1049/877 943/1047/875
f 946/1050/878 947/1051/200 948/1052/203 949/1053/879
f 949/1053/879 948/1052/203 950/1054/207 951/1055/880
f 941/1045/873 946/1050/878 949/1053/879 942/1046/874
f 942/1046/874 949/1053/879 951/1055/880 945/1049/877
f 952/1056/222 953/1057/881 954/1058/882 955/1059/223
f 953/1057/881 956/1060/883 957/1061/884 954/1058/882
f 955/1059/223 954/1058/882 951/1055/880 950/1054/207
f 954/1058/882 957/1061/884 945/1049/877 951/1055/880
f 958/1062/885 959/1063/886 960/1064/887 961/1065/888
f 961/1065/888 960/1064/887 944/1048/876 943/1047/875
f 956/1060/883 958/1062/885 961/1065/888 957/1061/884
f 957/1061/884 961/1065/888 943/1047/875 945/1049/877
f 890/993/822 962/1066/889 963/1067/890 891/994/823
f 962/1066/889 964/1068/891 965/1069/892 963/1067/890
f 891/994/823 963/1067/890 966/1070/893 884/987/816
f 963/1067/890 965/1069/892 967/1071/894 966/1070/893
f 968/1072/895 969/1073/896 970/1074/897 971/1075/898
f 971/1075/898 970/1074/897 972/1076/899 973/1077/900
f 964/1068/891 968/1072/895 971/1075/898 965/1069/892
f 965/1069/892 971/1075/898 973/1077/900 967/1071/894
f 375/411/373 378/414/376 974/1078/901 975/1079/902
f 378/414/376 382/418/380 976/1080/903 974/1078/901
f 975/1079/902 974/1078/901 973/1077/900 972/1076/899
f 974/1078/901 976/1080/903 967/1071/894 973/1077/900
f 393/434/391 392/433/390 881/984/813 977/1081/904
f 977/1081/904 881/984/813 884/987/816 966/1070/893
f 382/418/380 393/434/391 977/1081/904 976/1080/903
f 976/1080/903 977/1081/904 966/1070/893 967/1071/894
f 672/745/630 675/748/633 978/1082/905 935/1083/867
f 675/748/633 679/752/637 979/1084/906 978/1082/905
f 935/1083/867 978/1082/905 980/1085/907 920/1086/852
f 978/1082/905 979/1084/906 981/1087/908 980/1085/907
f 690/768/647 689/767/646 982/1088/909 983/1089/910
f 983/1089/910 982/1088/909 984/1090/911 985/1091/912
f 679/752/637 690/768/647 983/1089/910 979/1084/906
f 979/1084/906 983/1089/910 985/1091/912 981/1087/908
f 986/1092/913 987/1093/914 988/1094/915 989/1095/916
f 987/1093/914 990/1096/917 991/1097/918 988/1094/915
f 989/1095/916 988/1094/915 985/1091/912 984/1090/911
f 988/1094/915 991/1097/918 981/1087/908 985/1091/912
f 992/1098/919 913/1099/845 916/1100/848 993/1101/920
f 993/1101/920 916/1100/848 920/1086/852 980/1085/907
f 990/1096/917 992/1098/919 993/1101/920 991/1097/918
f 991/1097/918 993/1101/920 980/1085/907 981/1087/908
f 375/720/373 975/1102/902 994/1103/921 656/721/614
f 975/1102/902 972/1104/899 995/1105/922 994/1103/921
f 656/721/614 994/1103/921 996/1106/923 658/724/616
f 994/1103/921 995/1105/922 997/1107/924 996/1106/923
f 970/1108/897 969/1109/896 998/1110/925 999/1111/926
f 999/1111/926 998/1110/925 1000/1112/927 1001/1113/928
f 972/1104/899 970/1108/897 999/1111/926 995/1105/922
f 995/1105/922 999/1111/926 1001/1113/928 997/1107/924
f 1002/1114/929 1003/1115/930 1004/1116/931 1005/1117/932
f 1003/1115/930 1006/1118/933 1007/1119/934 1004/1116/931
f 1005/1117/932 1004/1116/931 1001/1113/928 1000/1112/927
f 1004/1116/931 1007/1119/934 997/1107/924 1001/1113/928
f 1008/1120/935 663/730/621 662/729/620 1009/1121/936
f 1009/1121/936 662/729/620 658/724/616 996/1106/923
f 1006/1118/933 1008/1120/935 1009/1121/936 1007/1119/934
f 1007/1119/934 1009/1121/936 996/1106/923 997/1107/924
f 1010/1122/688 1011/1123/688 1012/1124/937 1013/1125/937
f 1011/1123/688 1014/1126/688 1015/1127/937 1012/1124/937
f 1013/1125/937 1012/1124/937 1016/1128/938 1017/1129/938
f 1012/1124/937 1015/1127/937 1018/1130/938 1016/1128/938
f 1019/1131/688 786/871/688 1020/1132/937 1021/1133/937
f 1021/1133/937 1020/1132/937 1022/1134/938 1023/1135/938
f 1014/1126/688 1019/1131/688 1021/1133/937 1015/1127/937
f 1015/1127/937 1021/1133/937 1023/1135/938 1018/1130/938
f 1024/1136/222 1025/1137/222 1026/1138/939 1027/1139/939
f 1025/1137/222 1028/1140/222 1029/1141/939 1026/1138/939
f 1027/1139/939 1026/1138/939 1023/1135/938 1022/1134/938
f 1026/1138/939 1029/1141/939 1018/1130/938 1023/1135/938
f 1030/1142/222 1031/1143/222 1032/1144/939 1033/1145/939
f 1033/1145/939 1032/1144/939 1017/1129/938 1016/1128/938
f 1028/1140/222 1030/1142/222 1033/1145/939 1029/1141/939
f 1029/1141/939 1033/1145/939 1016/1128/938 1018/1130/938
f 1034/1146/940 1035/1147/941 1036/1148/942 1037/1149/943
f 1035/1147/941 1038/1150/944 1039/1151/945 1036/1148/942
f 1037/1149/943 1036/1148/942 1040/1152/946 1041/1153/947
f 1036/1148/942 1039/1151/945 1042/1154/948 1040/1152/946
f 1043/1155/949 716/797/673 1044/1156/950 1045/1157/951
f 1045/1157/951 1044/1156/950 1046/1158/952 1047/1159/953
f 1038/1150/944 1043/1155/949 1045/1157/951 1039/1151/945
f 1039/1151/945 1045/1157/951 1047/1159/953 1042/1154/948
f 890/993/822 1048/1160/954 1049/1161/955 1050/1162/956
f 1048/1160/954 1051/1163/957 1052/1164/958 1049/1161/955
f 1050/1162/956 1049/1161/955 1047/1159/953 1046/1158/952
f 1049/1161/955 1052/1164/958 1042/1154/948 1047/1159/953
f 1053/1165/959 1054/1166/960 1055/1167/961 1056/1168/962
f 1056/1168/962 1055/1167/961 1041/1153/947 1040/1152/946
f 1051/1163/957 1053/1165/959 1056/1168/962 1052/1164/958
f 1052/1164/958 1056/1168/962 1040/1152/946 1042/1154/948
f 890/993/822 1050/1162/956 1057/1169/963 962/1066/889
f 1050/1162/956 1046/1158/952 1058/1170/964 1057/1169/963
f 962/1066/889 1057/1169/963 1059/1171/965 964/1068/891
f 1057/1169/963 1058/1170/964 1060/1172/966 1059/1171/965
f 1044/1156/950 716/797/673 801/887/734 1061/1173/967
f 1061/1173/967 801/887/734 804/890/737 1062/1174/968
f 1046/1158/952 1044/1156/950 1061/1173/967 1058/1170/964
f 1058/1170/964 1061/1173/967 1062/1174/968 1060/1172/966
f 817/903/750 1063/1175/969 1064/1176/970 818/904/751
f 1063/1175/969 1065/1177/971 1066/1178/972 1064/1176/970
f 818/904/751 1064/1176/970 1062/1174/968 804/890/737
f 1064/1176/970 1066/1178/972 1060/1172/966 1062/1174/968
f 1067/1179/973 969/1073/896 968/1072/895 1068/1180/974
f 1068/1180/974 968/1072/895 964/1068/891 1059/1171/965
f 1065/1177/971 1067/1179/973 1068/1180/974 1066/1178/972
f 1066/1178/972 1068/1180/974 1059/1171/965 1060/1172/966
f 910/1013/842 1069/1181/975 1070/1182/976 911/1014/843
f 1069/1181/975 1071/1183/977 1072/1184/978 1070/1182/976
f 911/1014/843 1070/1182/976 1073/1185/979 900/1003/832
f 1070/1182/976 1072/1184/978 1074/1186/980 1073/1185/979
f 1075/1187/981 747/832/704 746/831/703 1076/1188/982
f 1076/1188/982 746/831/703 742/827/699 1077/1189/983
f 1071/1183/977 1075/1187/981 1076/1188/982 1072/1184/978
f 1072/1184/978 1076/1188/982 1077/1189/983 1074/1186/980
f 584/639/542 1078/1190/984 1079/1191/985 740/825/697
f 1078/1190/984 1080/1192/986 1081/1193/987 1079/1191/985
f 740/825/697 1079/1191/985 1077/1189/983 742/827/699
f 1079/1191/985 1081/1193/987 1074/1186/980 1077/1189/983
f 1082/1194/988 216/236/215 896/999/828 1083/1195/989
f 1083/1195/989 896/999/828 900/1003/832 1073/1185/979
f 1080/1192/986 1082/1194/988 1083/1195/989 1081/1193/987
f 1081/1193/987 1083/1195/989 1073/1185/979 1074/1186/980
f 913/1099/845 992/1098/919 1084/1196/990 1085/1197/991
f 992/1098/919 990/1096/917 1086/1198/992 1084/1196/990
f 1085/1197/991 1084/1196/990 1087/1199/993 1088/1200/994
f 1084/1196/990 1086/1198/992 1089/1201/977 1087/1199/993
f 987/1093/914 986/1092/913 1090/1202/995 1091/1203/996
f 1091/1203/996 1090/1202/995 1092/1204/938 1093/1205/938
f 990/1096/917 987/1093/914 1091/1203/996 1086/1198/992
f 1086/1198/992 1091/1203/996 1093/1205/938 1089/1201/977
f 828/918/761 831/921/764 1094/1206/997 1095/1207/998
f 831/921/764 826/916/759 1096/1208/999 1094/1206/997
f 1095/1207/998 1094/1206/997 1093/1205/938 1092/1204/938
f 1094/1206/997 1096/1208/999 1089/1201/977 1093/1205/938
f 824/914/757 773/913/730 1097/1209/1000 1098/1210/1001
f 1098/1210/1001 1097/1209/1000 1088/1200/994 1087/1199/993
f 826/916/759 824/914/757 1098/1210/1001 1096/1208/999
f 1096/1208/999 1098/1210/1001 1087/1199/993 1089/1201/977
f 913/1016/845 1085/1211/991 1099/1212/1002 914/1017/846
f 1085/1211/991 1088/1213/994 1100/1214/1003 1099/1212/1002
f 914/1017/846 1099/1212/1002 1101/1215/1004 917/1020/849
f 1099/1212/1002 1100/1214/1003 1102/1216/1005 1101/1215/1004
f 1097/1217/1000 773/858/730 772/857/729 1103/1218/1006
f 1103/1218/1006 772/857/729 770/855/727 1104/1219/1007
f 1088/1213/994 1097/1217/1000 1103/1218/1006 1100/1214/1003
f 1100/1214/1003 1103/1218/1006 1104/1219/1007 1102/1216/1005
f 766/851/723 1105/1220/1008 1106/1221/1009 767/852/724
f 1105/1220/1008 1107/1222/1010 1108/1223/1011 1106/1221/1009
f 767/852/724 1106/1221/1009 1104/1219/1007 770/855/727
f 1106/1221/1009 1108/1223/1011 1102/1216/1005 1104/1219/1007
f 1109/1224/1012 923/1026/855 922/1025/854 1110/1225/1013
f 1110/1225/1013 922/1025/854 917/1020/849 1101/1215/1004
f 1107/1222/1010 1109/1224/1012 1110/1225/1013 1108/1223/1011
f 1108/1223/1011 1110/1225/1013 1101/1215/1004 1102/1216/1005
f 969/1109/896 1067/1226/973 1111/1227/1014 998/1110/925
f 1067/1226/973 1065/1228/971 1112/1229/1015 1111/1227/1014
f 998/1110/925 1111/1227/1014 1113/1230/1016 1000/1112/927
f 1111/1227/1014 1112/1229/1015 1114/1231/994 1113/1230/1016
f 1063/1232/969 817/948/750 854/947/786 1115/1233/1017
f 1115/1233/1017 854/947/786 852/945/784 1116/1234/1018
f 1065/1228/971 1063/1232/969 1115/1233/1017 1112/1229/1015
f 1112/1229/1015 1115/1233/1017 1116/1234/1018 1114/1231/994
f 848/941/780 1117/1235/1019 1118/1236/1020 849/942/781
f 1117/1235/1019 1119/1237/938 1120/1238/938 1118/1236/1020
f 849/942/781 1118/1236/1020 1116/1234/1018 852/945/784
f 1118/1236/1020 1120/1238/938 1114/1231/994 1116/1234/1018
f 1121/1239/1021 1002/1114/929 1005/1117/932 1122/1240/1022
f 1122/1240/1022 1005/1117/932 1000/1112/927 1113/1230/1016
f 1119/1237/938 1121/1239/1021 1122/1240/1022 1120/1238/938
f 1120/1238/938 1122/1240/1022 1113/1230/1016 1114/1231/994
f 216/236/215 1082/1194/988 1123/1241/1023 217/237/216
f 1082/1194/988 1080/1192/986 1124/1242/1024 1123/1241/1023
f 217/237/216 1123/1241/1023 1125/1243/1025 220/240/219
f 1123/1241/1023 1124/1242/1024 1126/1244/1026 1125/1243/1025
f 1078/1190/984 584/639/542 737/821/694 1127/1245/1027
f 1127/1245/1027 737/821/694 734/818/691 1128/1246/1028
f 1080/1192/986 1078/1190/984 1127/1245/1027 1124/1242/1024
f 1124/1242/1024 1127/1245/1027 1128/1246/1028 1126/1244/1026
f 731/815/688 1129/1247/937 1130/1248/1029 732/816/689
f 1129/1247/937 1131/1249/938 1132/1250/1030 1130/1248/1029
f 732/816/689 1130/1248/1029 1128/1246/1028 734/818/691
f 1130/1248/1029 1132/1250/1030 1126/1244/1026 1128/1246/1028
f 1133/1251/939 223/243/222 222/242/221 1134/1252/1031
f 1134/1252/1031 222/242/221 220/240/219 1125/1243/1025
f 1131/1249/938 1133/1251/939 1134/1252/1031 1132/1250/1030
f 1132/1250/1030 1134/1252/1031 1125/1243/1025 1126/1244/1026
f 545/600/512 544/599/511 1135/1253/1032 1136/1254/1033
f 544/599/511 539/594/506 1137/1255/1034 1135/1253/1032
f 1136/1254/1033 1135/1253/1032 1138/1256/1035 1139/1257/1036
f 1135/1253/1032 1137/1255/1034 1140/1258/1037 1138/1256/1035
f 536/591/503 535/590/502 1141/1259/1038 1142/1260/1039
f 1142/1260/1039 1141/1259/1038 1143/1261/1040 1144/1262/1041
f 539/594/506 536/591/503 1142/1260/1039 1137/1255/1034
f 1137/1255/1034 1142/1260/1039 1144/1262/1041 1140/1258/1037
f 1145/1263/1042 1146/1264/1043 1147/1265/1044 1148/1266/1045
f 1146/1264/1043 1149/1267/1046 1150/1268/1047 1147/1265/1044
f 1148/1266/1045 1147/1265/1044 1144/1262/1041 1143/1261/1040
f 1147/1265/1044 1150/1268/1047 1140/1258/1037 1144/1262/1041
f 1151/1269/1048 1152/1270/1049 1153/1271/1050 1154/1272/1051
f 1154/1272/1051 1153/1271/1050 1139/1257/1036 1138/1256/1035
f 1149/1267/1046 1151/1269/1048 1154/1272/1051 1150/1268/1047
f 1150/1268/1047 1154/1272/1051 1138/1256/1035 1140/1258/1037
f 216/236/215 219/239/218 1155/1273/1052 894/997/826
f 219/239/218 214/234/213 1156/1274/1053 1155/1273/1052
f 894/997/826 1155/1273/1052 1157/1275/1054 897/1000/829
f 1155/1273/1052 1156/1274/1053 1158/1276/1055 1157/1275/1054
f 212/232/211 211/231/210 253/1277/252 1159/1278/1056
f 1159/1278/1056 253/1277/252 257/1279/256 1160/1280/1057
f 214/234/213 212/232/211 1159/1278/1056 1156/1274/1053
f 1156/1274/1053 1159/1278/1056 1160/1280/1057 1158/1276/1055
f 271/296/270 275/299/274 1161/1281/1058 272/1282/271
f 275/299/274 278/303/277 1162/1283/1059 1161/1281/1058
f 272/1282/271 1161/1281/1058 1160/1280/1057 257/1279/256
f 1161/1281/1058 1162/1283/1059 1158/1276/1055 1160/1280/1057
f 288/314/287 287/313/286 902/1005/834 1163/1284/1060
f 1163/1284/1060 902/1005/834 897/1000/829 1157/1275/1054
f 278/303/277 288/314/287 1163/1284/1060 1162/1283/1059
f 1162/1283/1059 1163/1284/1060 1157/1275/1054 1158/1276/1055
f 11/11/11 1164/1285/1061 1165/1286/1062 12/12/12
f 1164/1285/1061 1166/1287/1063 1167/1288/1064 1165/1286/1062
f 12/12/12 1165/1286/1062 1168/1289/1065 14/14/14
f 1165/1286/1062 1167/1288/1064 1169/1290/1066 1168/1289/1065
f 1170/1291/1067 550/605/517 1171/1292/1068 1172/1293/1069
f 1172/1293/1069 1171/1292/1068 1173/1294/1070 1174/1295/1071
f 1166/1287/1063 1170/1291/1067 1172/1293/1069 1167/1288/1064
f 1167/1288/1064 1172/1293/1069 1174/1295/1071 1169/1290/1066
f 443/488/420 446/491/423 1175/1296/1072 1176/1297/1073
f 446/491/423 441/486/418 1177/1298/1074 1175/1296/1072
f 1176/1297/1073 1175/1296/1072 1174/1295/1071 1173/1294/1070
f 1175/1296/1072 1177/1298/1074 1169/1290/1066 1174/1295/1071
f 439/484/416 16/16/16 19/19/19 1178/1299/1075
f 1178/1299/1075 19/19/19 14/14/14 1168/1289/1065
f 441/486/418 439/484/416 1178/1299/1075 1177/1298/1074
f 1177/1298/1074 1178/1299/1075 1168/1289/1065 1169/1290/1066
f 191/211/190 432/477/409 1179/1300/1076 192/212/191
f 432/477/409 436/481/413 1180/1301/1077 1179/1300/1076
f 192/212/191 1179/1300/1076 1181/1302/1078 195/215/194
f 1179/1300/1076 1180/1301/1077 1182/1303/1079 1181/1302/1078
f 451/496/428 450/495/427 1183/1304/1080 1184/1305/1081
f 1184/1305/1081 1183/1304/1080 1185/1306/1082 1186/1307/1083
f 436/481/413 451/496/428 1184/1305/1081 1180/1301/1077
f 1180/1301/1077 1184/1305/1081 1186/1307/1083 1182/1303/1079
f 646/1308/604 649/1309/607 1187/1310/1084 1188/1311/1085
f 649/1309/607 644/1312/602 1189/1313/1086 1187/1310/1084
f 1188/1311/1085 1187/1310/1084 1186/1307/1083 1185/1306/1082
f 1187/1310/1084 1189/1313/1086 1182/1303/1079 1186/1307/1083
f 642/1314/600 198/218/197 197/217/196 1190/1315/1087
f 1190/1315/1087 197/217/196 195/215/194 1181/1302/1078
f 644/1312/602 642/1314/600 1190/1315/1087 1189/1313/1086
f 1189/1313/1086 1190/1315/1087 1181/1302/1078 1182/1303/1079
f 450/495/427 449/494/426 1191/1316/1088 1192/1317/1089
f 449/494/426 447/492/424 1193/1318/1090 1191/1316/1088
f 1192/1317/1089 1191/1316/1088 1194/1319/1091 1195/1320/1092
f 1191/1316/1088 1193/1318/1090 1196/1321/1093 1194/1319/1091
f 444/489/421 443/488/420 1197/1322/1094 1198/1323/1095
f 1198/1323/1095 1197/1322/1094 1199/1324/1096 1200/1325/1097
f 447/492/424 444/489/421 1198/1323/1095 1193/1318/1090
f 1193/1318/1090 1198/1323/1095 1200/1325/1097 1196/1321/1093
f 545/600/512 1136/1326/1033 1201/1327/1098 1202/1328/1099
f 1136/1326/1033 1139/1329/1036 1203/1330/1100 1201/1327/1098
f 1202/1328/1099 1201/1327/1098 1200/1325/1097 1199/1324/1096
f 1201/1327/1098 1203/1330/1100 1196/1321/1093 1200/1325/1097
f 1153/1331/1050 1152/1332/1049 1204/1333/1101 1205/1334/1102
f 1205/1334/1102 1204/1333/1101 1195/1320/1092 1194/1319/1091
f 1139/1329/1036 1153/1331/1050 1205/1334/1102 1203/1330/1100
f 1203/1330/1100 1205/1334/1102 1194/1319/1091 1196/1321/1093
f 557/612/524 556/611/523 1206/1335/1103 1207/1336/1104
f 556/611/523 554/609/521 1208/1337/1105 1206/1335/1103
f 1207/1336/1104 1206/1335/1103 1209/1338/1106 1210/1339/1107
f 1206/1335/1103 1208/1337/1105 1211/1340/1108 1209/1338/1106
f 551/606/518 550/605/517 1170/1291/1067 1212/1341/1109
f 1212/1341/1109 1170/1291/1067 1166/1287/1063 1213/1342/1110
f 554/609/521 551/606/518 1212/1341/1109 1208/1337/1105
f 1208/1337/1105 1212/1341/1109 1213/1342/1110 1211/1340/1108
f 11/11/11 628/691/586 1214/1343/1111 1164/1285/1061
f 628/691/586 625/688/583 1215/1344/1112 1214/1343/1111
f 1164/1285/1061 1214/1343/1111 1213/1342/1110 1166/1287/1063
f 1214/1343/1111 1215/1344/1112 1211/1340/1108 1213/1342/1110
f 623/686/581 622/685/580 1216/1345/1113 1217/1346/1114
f 1217/1346/1114 1216/1345/1113 1210/1339/1107 1209/1338/1106
f 625/688/583 623/686/581 1217/1346/1114 1215/1344/1112
f 1215/1344/1112 1217/1346/1114 1209/1338/1106 1211/1340/1108
f 653/717/611 652/716/610 1218/1347/1115 1219/1348/1116
f 652/716/610 650/714/608 1220/1349/1117 1218/1347/1115
f 1219/1348/1116 1218/1347/1115 1221/1350/1118 1222/1351/1119
f 1218/1347/1115 1220/1349/1117 1223/1352/1120 1221/1350/1118
f 647/711/605 646/710/604 1224/1353/1121 1225/1354/1122
f 1225/1354/1122 1224/1353/1121 1226/1355/1123 1227/1356/1124
f 650/714/608 647/711/605 1225/1354/1122 1220/1349/1117
f 1220/1349/1117 1225/1354/1122 1227/1356/1124 1223/1352/1120
f 1152/1270/1049 1151/1269/1048 1228/1357/1125 1229/1358/1126
f 1151/1269/1048 1149/1267/1046 1230/1359/1127 1228/1357/1125
f 1229/1358/1126 1228/1357/1125 1227/1356/1124 1226/1355/1123
f 1228/1357/1125 1230/1359/1127 1223/1352/1120 1227/1356/1124
f 1146/1264/1043 1145/1263/1042 1231/1360/1128 1232/1361/1129
f 1232/1361/1129 1231/1360/1128 1222/1351/1119 1221/1350/1118
f 1149/1267/1046 1146/1264/1043 1232/1361/1129 1230/1359/1127
f 1230/1359/1127 1232/1361/1129 1221/1350/1118 1223/1352/1120
f 622/685/580 722/803/679 1233/1362/1130 1216/1345/1113
f 722/803/679 720/801/677 1234/1363/1131 1233/1362/1130
f 1216/1345/1113 1233/1362/1130 1235/1364/1132 1210/1339/1107
f 1233/1362/1130 1234/1363/1131 1236/1365/1133 1235/1364/1132
f 717/798/674 716/797/673 1043/1155/949 1237/1366/1134
f 1237/1366/1134 1043/1155/949 1038/1150/944 1238/1367/1135
f 720/801/677 717/798/674 1237/1366/1134 1234/1363/1131
f 1234/1363/1131 1237/1366/1134 1238/1367/1135 1236/1365/1133
f 1034/1146/940 1239/1368/1136 1240/1369/1137 1035/1147/941
f 1239/1368/1136 1241/1370/1138 1242/1371/1139 1240/1369/1137
f 1035/1147/941 1240/1369/1137 1238/1367/1135 1038/1150/944
f 1240/1369/1137 1242/1371/1139 1236/1365/1133 1238/1367/1135
f 1243/1372/1140 557/612/524 1207/1336/1104 1244/1373/1141
f 1244/1373/1141 1207/1336/1104 1210/1339/1107 1235/1364/1132
f 1241/1370/1138 1243/1372/1140 1244/1373/1141 1242/1371/1139
f 1242/1371/1139 1244/1373/1141 1235/1364/1132 1236/1365/1133
f 890/993/822 893/996/825 1245/1374/1142 1048/1160/954
f 893/996/825 888/991/820 1246/1375/1143 1245/1374/1142
f 1048/1160/954 1245/1374/1142 1247/1376/1144 1051/1163/957
f 1245/1374/1142 1246/1375/1143 1248/1377/1145 1247/1376/1144
f 886/989/818 632/695/590 635/698/593 1249/1378/1146
f 1249/1378/1146 635/698/593 639/702/597 1250/1379/1147
f 888/991/820 886/989/818 1249/1378/1146 1246/1375/1143
f 1246/1375/1143 1249/1378/1146 1250/1379/1147 1248/1377/1145
f 653/717/611 1251/1380/1148 1252/1381/1149 654/718/612
f 1251/1380/1148 1253/1382/1150 1254/1383/1151 1252/1381/1149
f 654/718/612 1252/1381/1149 1250/1379/1147 639/702/597
f 1252/1381/1149 1254/1383/1151 1248/1377/1145 1250/1379/1147
f 1255/1384/1152 1054/1166/960 1053/1165/959 1256/1385/1153
f 1256/1385/1153 1053/1165/959 1051/1163/957 1247/1376/1144
f 1253/1382/1150 1255/1384/1152 1256/1385/1153 1254/1383/1151
f 1254/1383/1151 1256/1385/1153 1247/1376/1144 1248/1377/1145
f 1034/1146/940 1037/1149/943 1257/1386/1154 1258/1387/1155
f 1037/1149/943 1041/1153/947 1259/1388/1156 1257/1386/1154
f 1258/1387/1155 1257/1386/1154 1260/1389/1157 1261/1390/1158
f 1257/1386/1154 1259/1388/1156 1262/1391/1159 1260/1389/1157
f 1055/1167/961 1054/1166/960 1263/1392/1160 1264/1393/1161
f 1264/1393/1161 1263/1392/1160 1265/1394/1162 1266/1395/1163
f 1041/1153/947 1055/1167/961 1264/1393/1161 1259/1388/1156
f 1259/1388/1156 1264/1393/1161 1266/1395/1163 1262/1391/1159
f 1145/1263/1042 1148/1266/1045 1267/1396/1164 1268/1397/1165
f 1148/1266/1045 1143/1261/1040 1269/1398/1166 1267/1396/1164
f 1268/1397/1165 1267/1396/1164 1266/1395/1163 1265/1394/1162
f 1267/1396/1164 1269/1398/1166 1262/1391/1159 1266/1395/1163
f 1141/1259/1038 535/590/502 1270/1399/1167 1271/1400/1168
f 1271/1400/1168 1270/1399/1167 1261/1390/1158 1260/1389/1157
f 1143/1261/1040 1141/1259/1038 1271/1400/1168 1269/1398/1166
f 1269/1398/1166 1271/1400/1168 1260/1389/1157 1262/1391/1159
f 1272/1401/1169 1273/1402/1170 1274/1403/1171 1275/1404/1172
f 1273/1402/1170 1276/1405/1173 1277/1406/1174 1274/1403/1171
f 1275/1404/1172 1274/1403/1171 1278/1407/1175 1279/1408/1176
f 1274/1403/1171 1277/1406/1174 1280/1409/1177 1278/1407/1175
f 1281/1410/1178 1282/1411/1179 1283/1412/1180 1284/1413/1181
f 1284/1413/1181 1283/1412/1180 1285/1414/1182 1286/1415/1183
f 1276/1405/1173 1281/1410/1178 1284/1413/1181 1277/1406/1174
f 1277/1406/1174 1284/1413/1181 1286/1415/1183 1280/1409/1177
f 1287/1416/1184 1288/1417/1185 1289/1418/1186 1290/1419/1187
f 1288/1417/1185 1291/1420/1188 1292/1421/1189 1289/1418/1186
f 1290/1419/1187 1289/1418/1186 1286/1415/1183 1285/1414/1182
f 1289/1418/1186 1292/1421/1189 1280/1409/1177 1286/1415/1183
f 1293/1422/1190 1294/1423/1191 1295/1424/1192 1296/1425/1193
f 1296/1425/1193 1295/1424/1192 1279/1408/1176 1278/1407/1175
f 1291/1420/1188 1293/1422/1190 1296/1425/1193 1292/1421/1189
f 1292/1421/1189 1296/1425/1193 1278/1407/1175 1280/1409/1177
f 1297/1426/1194 1298/1427/1195 1299/1428/1196 1300/1429/1197
f 1298/1427/1195 1301/1430/1198 1302/1431/1199 1299/1428/1196
f 1300/1429/1197 1299/1428/1196 1303/1432/1200 1304/1433/1201
f 1299/1428/1196 1302/1431/1199 1305/1434/1202 1303/1432/1200
f 1306/1435/1203 1307/1436/1204 1308/1437/1205 1309/1438/1206
f 1309/1438/1206 1308/1437/1205 1310/1439/1207 1311/1440/1208
f 1301/1430/1198 1306/1435/1203 1309/1438/1206 1302/1431/1199
f 1302/1431/1199 1309/1438/1206 1311/1440/1208 1305/1434/1202
f 1282/1441/1179 1281/1442/1178 1312/1443/1209 1313/1444/1210
f 1281/1442/1178 1276/1445/1173 1314/1446/1211 1312/1443/1209
f 1313/1444/1210 1312/1443/1209 1311/1440/1208 1310/1439/1207
f 1312/1443/1209 1314/1446/1211 1305/1434/1202 1311/1440/1208
f 1273/1447/1170 1272/1448/1169 1315/1449/1212 1316/1450/1213
f 1316/1450/1213 1315/1449/1212 1304/1433/1201 1303/1432/1200
f 1276/1445/1173 1273/1447/1170 1316/1450/1213 1314/1446/1211
f 1314/1446/1211 1316/1450/1213 1303/1432/1200 1305/1434/1202
f 937/1451/869 1317/1452/1214 1318/1453/1215 1319/1454/1216
f 1317/1452/1214 1320/1455/1217 1321/1456/1218 1318/1453/1215
f 1319/1454/1216 1318/1453/1215 1322/1457/1219 1323/1458/1220
f 1318/1453/1215 1321/1456/1218 1324/1459/1221 1322/1457/1219
f 1325/1460/1222 1287/1461/1184 1290/1462/1187 1326/1463/1223
f 1326/1463/1223 1290/1462/1187 1285/1464/1182 1327/1465/1224
f 1320/1455/1217 1325/1460/1222 1326/1463/1223 1321/1456/1218
f 1321/1456/1218 1326/1463/1223 1327/1465/1224 1324/1459/1221
f 1282/1441/1179 1313/1444/1210 1328/1466/1225 1283/1467/1180
f 1313/1444/1210 1310/1439/1207 1329/1468/1226 1328/1466/1225
f 1283/1467/1180 1328/1466/1225 1327/1465/1224 1285/1464/1182
f 1328/1466/1225 1329/1468/1226 1324/1459/1221 1327/1465/1224
f 1308/1437/1205 1307/1436/1204 1330/1469/1227 1331/1470/1228
f 1331/1470/1228 1330/1469/1227 1323/1458/1220 1322/1457/1219
f 1310/1439/1207 1308/1437/1205 1331/1470/1228 1329/1468/1226
f 1329/1468/1226 1331/1470/1228 1322/1457/1219 1324/1459/1221
f 937/1041/869 940/1044/872 1332/1471/1229 1317/1472/1214
f 940/1044/872 944/1048/876 1333/1473/1230 1332/1471/1229
f 1317/1472/1214 1332/1471/1229 1334/1474/1231 1320/1475/1217
f 1332/1471/1229 1333/1473/1230 1335/1476/1232 1334/1474/1231
f 960/1064/887 959/1063/886 1336/1477/1233 1337/1478/1234
f 1337/1478/1234 1336/1477/1233 1338/1479/1235 1339/1480/1236
f 944/1048/876 960/1064/887 1337/1478/1234 1333/1473/1230
f 1333/1473/1230 1337/1478/1234 1339/1480/1236 1335/1476/1232
f 1294/1423/1191 1293/1422/1190 1340/1481/1237 1341/1482/1238
f 1293/1422/1190 1291/1420/1188 1342/1483/1239 1340/1481/1237
f 1341/1482/1238 1340/1481/1237 1339/1480/1236 1338/1479/1235
f 1340/1481/1237 1342/1483/1239 1335/1476/1232 1339/1480/1236
f 1288/1417/1185 1287/1416/1184 1325/1484/1222 1343/1485/1240
f 1343/1485/1240 1325/1484/1222 1320/1475/1217 1334/1474/1231
f 1291/1420/1188 1288/1417/1185 1343/1485/1240 1342/1483/1239
f 1342/1483/1239 1343/1485/1240 1334/1474/1231 1335/1476/1232
f 1297/1486/1194 1300/1487/1197 1344/1488/1241 1345/1489/1242
f 1300/1487/1197 1304/1490/1201 1346/1491/1243 1344/1488/1241
f 1345/1489/1242 1344/1488/1241 1347/1492/1244 1348/1493/1245
f 1344/1488/1241 1346/1491/1243 1349/1494/1246 1347/1492/1244
f 1315/1495/1212 1272/1401/1169 1275/1404/1172 1350/1496/1247
f 1350/1496/1247 1275/1404/1172 1279/1408/1176 1351/1497/1248
f 1304/1490/1201 1315/1495/1212 1350/1496/1247 1346/1491/1243
f 1346/1491/1243 1350/1496/1247 1351/1497/1248 1349/1494/1246
f 1294/1423/1191 1341/1482/1238 1352/1498/1249 1295/1424/1192
f 1341/1482/1238 1338/1479/1235 1353/1499/1250 1352/1498/1249
f 1295/1424/1192 1352/1498/1249 1351/1497/1248 1279/1408/1176
f 1352/1498/1249 1353/1499/1250 1349/1494/1246 1351/1497/1248
f 1336/1477/1233 959/1063/886 1354/1500/1251 1355/1501/1252
f 1355/1501/1252 1354/1500/1251 1348/1493/1245 1347/1492/1244
f 1338/1479/1235 1336/1477/1233 1355/1501/1252 1353/1499/1250
f 1353/1499/1250 1355/1501/1252 1347/1492/1244 1349/1494/1246
f 545/600/512 1202/1328/1099 1356/1502/1253 546/601/513
f 1202/1328/1099 1199/1324/1096 1357/1503/1254 1356/1502/1253
f 546/601/513 1356/1502/1253 1358/1504/1255 548/603/515
f 1356/1502/1253 1357/1503/1254 1359/1505/1256 1358/1504/1255
f 1197/1322/1094 443/488/420 1176/1297/1073 1360/1506/1257
f 1360/1506/1257 1176/1297/1073 1173/1294/1070 1361/1507/1258
f 1199/1324/1096 1197/1322/1094 1360/1506/1257 1357/1503/1254
f 1357/1503/1254 1360/1506/1257 1361/1507/1258 1359/1505/1256
f 550/605/517 553/608/520 1362/1508/1259 1171/1292/1068
f 553/608/520 548/603/515 1358/1504/1255 1362/1508/1259
f 1171/1292/1068 1362/1508/1259 1361/1507/1258 1173/1294/1070
f 1362/1508/1259 1358/1504/1255 1359/1505/1256 1361/1507/1258
f 1152/1332/1049 1229/1509/1126 1363/1510/1260 1204/1333/1101
f 1229/1509/1126 1226/1511/1123 1364/1512/1261 1363/1510/1260
f 1204/1333/1101 1363/1510/1260 1365/1513/1262 1195/1320/1092
f 1363/1510/1260 1364/1512/1261 1366/1514/1263 1365/1513/1262
f 1224/1515/1121 646/1308/604 1188/1311/1085 1367/1516/1264
f 1367/1516/1264 1188/1311/1085 1185/1306/1082 1368/1517/1265
f 1226/1511/1123 1224/1515/1121 1367/1516/1264 1364/1512/1261
f 1364/1512/1261 1367/1516/1264 1368/1517/1265 1366/1514/1263
f 450/495/427 1192/1317/1089 1369/1518/1266 1183/1304/1080
f 1192/1317/1089 1195/1320/1092 1365/1513/1262 1369/1518/1266
f 1183/1304/1080 1369/1518/1266 1368/1517/1265 1185/1306/1082
f 1369/1518/1266 1365/1513/1262 1366/1514/1263 1368/1517/1265
f 535/590/502 538/593/505 1370/1519/1267 1270/1399/1167
f 538/593/505 542/597/509 1371/1520/1268 1370/1519/1267
f 1270/1399/1167 1370/1519/1267 1372/1521/1269 1261/1390/1158
f 1370/1519/1267 1371/1520/1268 1373/1522/1270 1372/1521/1269
f 558/613/525 557/612/524 1243/1372/1140 1374/1523/1271
f 1374/1523/1271 1243/1372/1140 1241/1370/1138 1375/1524/1272
f 542/597/509 558/613/525 1374/1523/1271 1371/1520/1268
f 1371/1520/1268 1374/1523/1271 1375/1524/1272 1373/1522/1270
f 1034/1146/940 1258/1387/1155 1376/1525/1273 1239/1368/1136
f 1258/1387/1155 1261/1390/1158 1372/1521/1269 1376/1525/1273
f 1239/1368/1136 1376/1525/1273 1375/1524/1272 1241/1370/1138
f 1376/1525/1273 1372/1521/1269 1373/1522/1270 1375/1524/1272
f 1145/1263/1042 1268/1397/1165 1377/1526/1274 1231/1360/1128
f 1268/1397/1165 1265/1394/1162 1378/1527/1275 1377/1526/1274
f 1231/1360/1128 1377/1526/1274 1379/1528/1276 1222/1351/1119
f 1377/1526/1274 1378/1527/1275 1380/1529/1277 1379/1528/1276
f 1263/1392/1160 1054/1166/960 1255/1384/1152 1381/1530/1278
f 1381/1530/1278 1255/1384/1152 1253/1382/1150 1382/1531/1279
f 1265/1394/1162 1263/1392/1160 1381/1530/1278 1378/1527/1275
f 1378/1527/1275 1381/1530/1278 1382/1531/1279 1380/1529/1277
f 653/717/611 1219/1348/1116 1383/1532/1280 1251/1380/1148
f 1219/1348/1116 1222/1351/1119 1379/1528/1276 1383/1532/1280
f 1251/1380/1148 1383/1532/1280 1382/1531/1279 1253/1382/1150
f 1383/1532/1280 1379/1528/1276 1380/1529/1277 1382/1531/1279
f 166/186/148 1384/1533/148 1385/1534/166 167/187/166
f 1384/1533/148 1386/1535/148 1387/1536/166 1385/1534/166
f 167/187/166 1385/1534/166 1388/1537/1281 170/190/169
f 1385/1534/166 1387/1536/166 1389/1538/169 1388/1537/1281
f 1390/1539/148 1391/1540/148 1392/1541/166 1393/1542/166
f 1393/1542/166 1392/1541/166 1394/1543/1282 1395/1544/1282
f 1386/1535/148 1390/1539/148 1393/1542/166 1387/1536/166
f 1387/1536/166 1393/1542/166 1395/1544/1282 1389/1538/169
f 575/1545/536 1396/1546/536 1397/1547/171 1398/1548/171
f 1396/1546/536 1399/1549/172 1400/1550/171 1397/1547/171
f 1398/1548/171 1397/1547/171 1395/1544/1282 1394/1543/1282
f 1397/1547/171 1400/1550/171 1389/1538/169 1395/1544/1282
f 1401/1551/1283 173/193/172 172/192/171 1402/1552/171
f 1402/1552/171 172/192/171 170/190/169 1388/1537/1281
f 1399/1549/172 1401/1551/1283 1402/1552/171 1400/1550/171
f 1400/1550/171 1402/1552/171 1388/1537/1281 1389/1538/169
f 362/396/361 1403/1553/1284 1404/1554/362 363/397/362
f 1403/1553/1284 1405/1555/361 1406/1556/362 1404/1554/362
f 363/397/362 1404/1554/362 1407/1557/364 365/399/364
f 1404/1554/362 1406/1556/362 1408/1558/364 1407/1557/364
f 1409/1559/361 1410/1560/361 1411/1561/362 1412/1562/362
f 1412/1562/362 1411/1561/362 1413/1563/364 1414/1564/364
f 1405/1555/361 1409/1559/361 1412/1562/362 1406/1556/362
f 1406/1556/362 1412/1562/362 1414/1564/364 1408/1558/364
f 1415/1565/344 1416/1566/344 1417/1567/368 1418/1568/368
f 1416/1566/344 1419/1569/344 1420/1570/368 1417/1567/368
f 1418/1568/368 1417/1567/368 1414/1564/364 1413/1563/364
f 1417/1567/368 1420/1570/368 1408/1558/364 1414/1564/364
f 1421/1571/344 367/401/344 370/404/368 1422/1572/368
f 1422/1572/368 370/404/368 365/399/364 1407/1557/364
f 1419/1569/344 1421/1571/344 1422/1572/368 1420/1570/368
f 1420/1570/368 1422/1572/368 1407/1557/364 1408/1558/364
f 367/401/344 1421/1571/344 1423/1573/484 511/561/484
f 1421/1571/344 1419/1569/344 1424/1574/484 1423/1573/484
f 511/561/484 1423/1573/484 1425/1575/404 513/563/404
f 1423/1573/484 1424/1574/484 1426/1576/404 1425/1575/404
f 1416/1566/344 1415/1565/344 1427/1577/484 1428/1578/484
f 1428/1578/484 1427/1577/484 1429/1579/404 1430/1580/404
f 1419/1569/344 1416/1566/344 1428/1578/484 1424/1574/484
f 1424/1574/484 1428/1578/484 1430/1580/404 1426/1576/404
f 1391/1540/148 1390/1539/148 1431/1581/487 1432/1582/487
f 1390/1539/148 1386/1535/148 1433/1583/487 1431/1581/487
f 1432/1582/487 1431/1581/487 1430/1580/404 1429/1579/404
f 1431/1581/487 1433/1583/487 1426/1576/404 1430/1580/404
f 1384/1533/148 166/186/148 516/566/487 1434/1584/487
f 1434/1584/487 516/566/487 513/563/404 1425/1575/404
f 1386/1535/148 1384/1533/148 1434/1584/487 1433/1583/487
f 1433/1583/487 1434/1584/487 1425/1575/404 1426/1576/404
f 843/936/535 842/935/775 1435/1585/1285 1436/1586/529
f 842/935/775 838/930/771 1437/1587/1286 1435/1585/1285
f 1436/1586/529 1435/1585/1285 1438/1588/1287 1439/1589/533
f 1435/1585/1285 1437/1587/1286 1440/1590/1288 1438/1588/1287
f 836/927/769 810/926/743 867/1591/799 1441/1592/1289
f 1441/1592/1289 867/1591/799 864/1593/796 1442/1594/1290
f 838/930/771 836/927/769 1441/1592/1289 1437/1587/1286
f 1437/1587/1286 1441/1592/1289 1442/1594/1290 1440/1590/1288
f 128/171/128 157/174/157 1443/1595/1291 862/1596/794
f 157/174/157 160/178/160 1444/1597/1292 1443/1595/1291
f 862/1596/794 1443/1595/1291 1442/1594/1290 864/1593/796
f 1443/1595/1291 1444/1597/1292 1440/1590/1288 1442/1594/1290
f 174/194/173 173/193/172 1445/1598/537 1446/1599/1293
f 1446/1599/1293 1445/1598/537 1439/1589/533 1438/1588/1287
f 160/178/160 174/194/173 1446/1599/1293 1444/1597/1292
f 1444/1597/1292 1446/1599/1293 1438/1588/1287 1440/1590/1288
f 663/730/621 1447/1600/1294 1448/1601/622 664/731/622
f 1447/1600/1294 1449/1602/621 1450/1603/622 1448/1601/622
f 664/731/622 1448/1601/622 1451/1604/624 666/733/624
f 1448/1601/622 1450/1603/622 1452/1605/624 1451/1604/624
f 1453/1606/1294 1454/1607/621 1455/1608/622 1456/1609/622
f 1456/1609/622 1455/1608/622 1457/1610/624 1458/1611/624
f 1449/1602/621 1453/1606/1294 1456/1609/622 1450/1603/622
f 1450/1603/622 1456/1609/622 1458/1611/624 1452/1605/624
f 1410/1612/361 1409/1613/361 1459/1614/627 1460/1615/627
f 1409/1613/361 1405/1616/361 1461/1617/627 1459/1614/627
f 1460/1615/627 1459/1614/627 1458/1611/624 1457/1610/624
f 1459/1614/627 1461/1617/627 1452/1605/624 1458/1611/624
f 1403/1618/1284 362/735/361 669/738/627 1462/1619/627
f 1462/1619/627 669/738/627 666/733/624 1451/1604/624
f 1405/1616/361 1403/1618/1284 1462/1619/627 1461/1617/627
f 1461/1617/627 1462/1619/627 1451/1604/624 1452/1605/624
f 843/936/535 1463/1620/1295 1464/1621/776 844/937/776
f 1463/1620/1295 1465/1622/535 1466/1623/776 1464/1621/776
f 844/937/776 1464/1621/776 1467/1624/778 846/939/778
f 1464/1621/776 1466/1623/776 1468/1625/778 1467/1624/778
f 1469/1626/1295 570/1627/535 1470/1628/776 1471/1629/776
f 1471/1629/776 1470/1628/776 1472/1630/778 1473/1631/778
f 1465/1622/535 1469/1626/1295 1471/1629/776 1466/1623/776
f 1466/1623/776 1471/1629/776 1473/1631/778 1468/1625/778
f 1474/1632/780 1475/1633/780 1476/1634/783 1477/1635/783
f 1475/1633/780 1478/1636/780 1479/1637/783 1476/1634/783
f 1477/1635/783 1476/1634/783 1473/1631/778 1472/1630/778
f 1476/1634/783 1479/1637/783 1468/1625/778 1473/1631/778
f 1480/1638/780 848/941/780 851/944/783 1481/1639/783
f 1481/1639/783 851/944/783 846/939/778 1467/1624/778
f 1478/1636/780 1480/1638/780 1481/1639/783 1479/1637/783
f 1479/1637/783 1481/1639/783 1467/1624/778 1468/1625/778
f 1002/1114/929 1482/1640/929 1483/1641/930 1003/1115/930
f 1482/1640/929 1484/1642/929 1485/1643/930 1483/1641/930
f 1003/1115/930 1483/1641/930 1486/1644/933 1006/1118/933
f 1483/1641/930 1485/1643/930 1487/1645/933 1486/1644/933
f 1488/1646/929 1489/1647/929 1490/1648/930 1491/1649/930
f 1491/1649/930 1490/1648/930 1492/1650/933 1493/1651/933
f 1484/1642/929 1488/1646/929 1491/1649/930 1485/1643/930
f 1485/1643/930 1491/1649/930 1493/1651/933 1487/1645/933
f 1454/1607/621 1453/1606/1294 1494/1652/935 1495/1653/935
f 1453/1606/1294 1449/1602/621 1496/1654/935 1494/1652/935
f 1495/1653/935 1494/1652/935 1493/1651/933 1492/1650/933
f 1494/1652/935 1496/1654/935 1487/1645/933 1493/1651/933
f 1447/1600/1294 663/730/621 1008/1120/935 1497/1655/935
f 1497/1655/935 1008/1120/935 1006/1118/933 1486/1644/933
f 1449/1602/621 1447/1600/1294 1497/1655/935 1496/1654/935
f 1496/1654/935 1497/1655/935 1486/1644/933 1487/1645/933
f 848/941/780 1480/1638/780 1498/1656/1019 1117/1235/1019
f 1480/1638/780 1478/1636/780 1499/1657/1019 1498/1656/1019
f 1117/1235/1019 1498/1656/1019 1500/1658/938 1119/1237/938
f 1498/1656/1019 1499/1657/1019 1501/1659/938 1500/1658/938
f 1475/1633/780 1474/1632/780 1502/1660/1019 1503/1661/1019
f 1503/1661/1019 1502/1660/1019 1504/1662/938 1505/1663/938
f 1478/1636/780 1475/1633/780 1503/1661/1019 1499/1657/1019
f 1499/1657/1019 1503/1661/1019 1505/1663/938 1501/1659/938
f 1489/1647/929 1488/1646/929 1506/1664/1021 1507/1665/1021
f 1488/1646/929 1484/1642/929 1508/1666/1021 1506/1664/1021
f 1507/1665/1021 1506/1664/1021 1505/1663/938 1504/1662/938
f 1506/1664/1021 1508/1666/1021 1501/1659/938 1505/1663/938
f 1482/1640/929 1002/1114/929 1121/1239/1021 1509/1667/1021
f 1509/1667/1021 1121/1239/1021 1119/1237/938 1500/1658/938
f 1484/1642/929 1482/1640/929 1509/1667/1021 1508/1666/1021
f 1508/1666/1021 1509/1667/1021 1500/1658/938 1501/1659/938
f 1510/1668/1296 1511/1669/1297 1512/1670/1298 1513/1671/1299
f 1511/1669/1297 1514/1672/1300 1515/1673/1301 1512/1670/1298
f 1513/1671/1299 1512/1670/1298 1516/1674/1302 1517/1675/1303
f 1512/1670/1298 1515/1673/1301 1518/1676/1304 1516/1674/1302
f 1519/1677/1305 66/86/66 85/85/85 1520/1678/1306
f 1520/1678/1306 85/85/85 80/80/80 1521/1679/1307
f 1514/1672/1300 1519/1677/1305 1520/1678/1306 1515/1673/1301
f 1515/1673/1301 1520/1678/1306 1521/1679/1307 1518/1676/1304
f 76/76/76 1522/1680/1308 1523/1681/1309 77/77/77
f 1522/1680/1308 1524/1682/1310 1525/1683/1311 1523/1681/1309
f 77/77/77 1523/1681/1309 1521/1679/1307 80/80/80
f 1523/1681/1309 1525/1683/1311 1518/1676/1304 1521/1679/1307
f 1526/1684/1312 1527/1685/1313 1528/1686/1314 1529/1687/1315
f 1529/1687/1315 1528/1686/1314 1517/1675/1303 1516/1674/1302
f 1524/1682/1310 1526/1684/1312 1529/1687/1315 1525/1683/1311
f 1525/1683/1311 1529/1687/1315 1516/1674/1302 1518/1676/1304
f 108/116/108 1530/1688/1316 1531/1689/1317 109/117/109
f 1530/1688/1316 1532/1690/1318 1533/1691/1319 1531/1689/1317
f 109/117/109 1531/1689/1317 1534/1692/1320 112/120/112
f 1531/1689/1317 1533/1691/1319 1535/1693/1321 1534/1692/1320
f 1536/1694/1322 1537/1695/1323 1538/1696/1324 1539/1697/1325
f 1539/1697/1325 1538/1696/1324 1540/1698/1326 1541/1699/1327
f 1532/1690/1318 1536/1694/1322 1539/1697/1325 1533/1691/1319
f 1533/1691/1319 1539/1697/1325 1541/1699/1327 1535/1693/1321
f 1510/1700/1296 1542/1701/1328 1543/1702/1329 1544/1703/1330
f 1542/1701/1328 1545/1704/1331 1546/1705/1332 1543/1702/1329
f 1544/1703/1330 1543/1702/1329 1541/1699/1327 1540/1698/1326
f 1543/1702/1329 1546/1705/1332 1535/1693/1321 1541/1699/1327
f 1547/1706/1333 41/123/41 114/122/114 1548/1707/1334
f 1548/1707/1334 114/122/114 112/120/112 1534/1692/1320
f 1545/1704/1331 1547/1706/1333 1548/1707/1334 1546/1705/1332
f 1546/1705/1332 1548/1707/1334 1534/1692/1320 1535/1693/1321
f 300/1708/299 299/1709/298 1549/1710/1335 1550/1711/1336
f 299/1709/298 294/1712/293 1551/1713/1337 1549/1710/1335
f 1550/1711/1336 1549/1710/1335 1552/1714/1338 1553/1715/1339
f 1549/1710/1335 1551/1713/1337 1554/1716/1340 1552/1714/1338
f 291/1717/290 290/1718/289 681/1719/639 1555/1720/1341
f 1555/1720/1341 681/1719/639 676/1721/634 1556/1722/1342
f 294/1712/293 291/1717/290 1555/1720/1341 1551/1713/1337
f 1551/1713/1337 1555/1720/1341 1556/1722/1342 1554/1716/1340
f 672/1038/630 934/1037/866 1557/1723/1343 673/1724/631
f 934/1037/866 932/1035/864 1558/1725/1344 1557/1723/1343
f 673/1724/631 1557/1723/1343 1556/1722/1342 676/1721/634
f 1557/1723/1343 1558/1725/1344 1554/1716/1340 1556/1722/1342
f 929/1032/861 928/1031/860 1559/1726/1345 1560/1727/1346
f 1560/1727/1346 1559/1726/1345 1553/1715/1339 1552/1714/1338
f 932/1035/864 929/1032/861 1560/1727/1346 1558/1725/1344
f 1558/1725/1344 1560/1727/1346 1552/1714/1338 1554/1716/1340
f 300/326/299 1561/1728/1347 1562/1729/1348 301/327/300
f 1561/1728/1347 1563/1730/1349 1564/1731/1350 1562/1729/1348
f 301/327/300 1562/1729/1348 1565/1732/1351 303/329/302
f 1562/1729/1348 1564/1731/1350 1566/1733/1352 1565/1732/1351
f 1567/1734/1353 241/1735/240 1568/1736/1354 1569/1737/1355
f 1569/1737/1355 1568/1736/1354 1570/1738/1356 1571/1739/1357
f 1563/1730/1349 1567/1734/1353 1569/1737/1355 1564/1731/1350
f 1564/1731/1350 1569/1737/1355 1571/1739/1357 1566/1733/1352
f 1572/1740/1358 1573/1741/1359 1574/1742/1360 1575/1743/1361
f 1573/1741/1359 1576/1744/1362 1577/1745/1363 1574/1742/1360
f 1575/1743/1361 1574/1742/1360 1571/1739/1357 1570/1738/1356
f 1574/1742/1360 1577/1745/1363 1566/1733/1352 1571/1739/1357
f 1578/1746/1364 305/331/304 308/334/307 1579/1747/1365
f 1579/1747/1365 308/334/307 303/329/302 1565/1732/1351
f 1576/1744/1362 1578/1746/1364 1579/1747/1365 1577/1745/1363
f 1577/1745/1363 1579/1747/1365 1565/1732/1351 1566/1733/1352
f 305/331/304 1578/1746/1364 1580/1748/1366 499/546/472
f 1578/1746/1364 1576/1744/1362 1581/1749/1367 1580/1748/1366
f 499/546/472 1580/1748/1366 1582/1750/470 501/548/474
f 1580/1748/1366 1581/1749/1367 1583/1751/1368 1582/1750/470
f 1573/1741/1359 1572/1740/1358 1584/1752/1369 1585/1753/1370
f 1585/1753/1370 1584/1752/1369 1586/1754/1368 1587/1755/1371
f 1576/1744/1362 1573/1741/1359 1585/1753/1370 1581/1749/1367
f 1581/1749/1367 1585/1753/1370 1587/1755/1371 1583/1751/1368
f 1537/1695/1323 1536/1694/1322 1588/1756/1372 1589/1757/1373
f 1536/1694/1322 1532/1690/1318 1590/1758/1374 1588/1756/1372
f 1589/1757/1373 1588/1756/1372 1587/1755/1371 1586/1754/1368
f 1588/1756/1372 1590/1758/1374 1583/1751/1368 1587/1755/1371
f 1530/1688/1316 108/116/108 504/551/477 1591/1759/1375
f 1591/1759/1375 504/551/477 501/548/474 1582/1750/470
f 1532/1690/1318 1530/1688/1316 1591/1759/1375 1590/1758/1374
f 1590/1758/1374 1591/1759/1375 1582/1750/470 1583/1751/1368
f 1527/1685/1313 1526/1684/1312 1592/1760/1376 1593/1761/1377
f 1526/1684/1312 1524/1682/1310 1594/1762/1378 1592/1760/1376
f 1593/1761/1377 1592/1760/1376 1595/1763/1379 1596/1764/1380
f 1592/1760/1376 1594/1762/1378 1597/1765/1381 1595/1763/1379
f 1522/1680/1308 76/76/76 753/838/710 1598/1766/1382
f 1598/1766/1382 753/838/710 750/835/707 1599/1767/1383
f 1524/1682/1310 1522/1680/1308 1598/1766/1382 1594/1762/1378
f 1594/1762/1378 1598/1766/1382 1599/1767/1383 1597/1765/1381
f 747/832/704 1600/1768/1384 1601/1769/1385 748/833/705
f 1600/1768/1384 1602/1770/1386 1603/1771/1387 1601/1769/1385
f 748/833/705 1601/1769/1385 1599/1767/1383 750/835/707
f 1601/1769/1385 1603/1771/1387 1597/1765/1381 1599/1767/1383
f 1604/1772/1388 1605/1773/1389 1606/1774/1390 1607/1775/1391
f 1607/1775/1391 1606/1774/1390 1596/1764/1380 1595/1763/1379
f 1602/1770/1386 1604/1772/1388 1607/1775/1391 1603/1771/1387
f 1603/1771/1387 1607/1775/1391 1595/1763/1379 1597/1765/1381
f 1608/1776/1392 1609/1777/1393 1610/1778/1394 1611/1779/1395
f 1609/1777/1393 1612/1780/1396 1613/1781/1397 1610/1778/1394
f 1611/1779/1395 1610/1778/1394 1614/1782/1398 1615/1783/1399
f 1610/1778/1394 1613/1781/1397 1616/1784/1400 1614/1782/1398
f 1617/1785/1401 910/1013/842 909/1012/841 1618/1786/1402
f 1618/1786/1402 909/1012/841 907/1010/839 1619/1787/1403
f 1612/1780/1396 1617/1785/1401 1618/1786/1402 1613/1781/1397
f 1613/1781/1397 1618/1786/1402 1619/1787/1403 1616/1784/1400
f 226/246/225 229/249/228 1620/1788/1404 905/1008/837
f 229/249/228 233/253/232 1621/1789/1405 1620/1788/1404
f 905/1008/837 1620/1788/1404 1619/1787/1403 907/1010/839
f 1620/1788/1404 1621/1789/1405 1616/1784/1400 1619/1787/1403
f 249/269/248 248/268/247 1622/1790/1406 1623/1791/1407
f 1623/1791/1407 1622/1790/1406 1615/1783/1399 1614/1782/1398
f 233/253/232 249/269/248 1623/1791/1407 1621/1789/1405
f 1621/1789/1405 1623/1791/1407 1614/1782/1398 1616/1784/1400
f 1605/1773/1389 1604/1772/1388 1624/1792/1408 1625/1793/1409
f 1604/1772/1388 1602/1770/1386 1626/1794/1410 1624/1792/1408
f 1625/1793/1409 1624/1792/1408 1627/1795/938 1628/1796/1411
f 1624/1792/1408 1626/1794/1410 1629/1797/938 1627/1795/938
f 1600/1768/1384 747/832/704 1075/1187/981 1630/1798/1412
f 1630/1798/1412 1075/1187/981 1071/1183/977 1631/1799/977
f 1602/1770/1386 1600/1768/1384 1630/1798/1412 1626/1794/1410
f 1626/1794/1410 1630/1798/1412 1631/1799/977 1629/1797/938
f 910/1013/842 1617/1785/1401 1632/1800/1413 1069/1181/975
f 1617/1785/1401 1612/1780/1396 1633/1801/1414 1632/1800/1413
f 1069/1181/975 1632/1800/1413 1631/1799/977 1071/1183/977
f 1632/1800/1413 1633/1801/1414 1629/1797/938 1631/1799/977
f 1609/1777/1393 1608/1776/1392 1634/1802/1415 1635/1803/1416
f 1635/1803/1416 1634/1802/1415 1628/1796/1411 1627/1795/938
f 1612/1780/1396 1609/1777/1393 1635/1803/1416 1633/1801/1414
f 1633/1801/1414 1635/1803/1416 1627/1795/938 1629/1797/938
f 570/1627/535 1469/1626/1295 1636/1804/529 571/1805/529
f 1469/1626/1295 1465/1622/535 1637/1806/529 1636/1804/529
f 571/1805/529 1636/1804/529 1638/1807/533 573/1808/533
f 1636/1804/529 1637/1806/529 1639/1809/533 1638/1807/533
f 1463/1620/1295 843/936/535 1436/1586/529 1640/1810/529
f 1640/1810/529 1436/1586/529 1439/1589/533 1641/1811/533
f 1465/1622/535 1463/1620/1295 1640/1810/529 1637/1806/529
f 1637/1806/529 1640/1810/529 1641/1811/533 1639/1809/533
f 173/193/172 1401/1551/1283 1642/1812/537 1445/1598/537
f 1401/1551/1283 1399/1549/172 1643/1813/537 1642/1812/537
f 1445/1598/537 1642/1812/537 1641/1811/533 1439/1589/533
f 1642/1812/537 1643/1813/537 1639/1809/533 1641/1811/533
f 1396/1546/536 575/1545/536 578/1814/537 1644/1815/537
f 1644/1815/537 578/1814/537 573/1808/533 1638/1807/533
f 1399/1549/172 1396/1546/536 1644/1815/537 1643/1813/537
f 1643/1813/537 1644/1815/537 1638/1807/533 1639/1809/533
f 1391/1816/148 1645/1817/1417 1646/1818/1418 1392/1819/166
f 1645/1817/1417 1647/1820/1419 1648/1821/1420 1646/1818/1418
f 1392/1819/166 1646/1818/1418 1649/1822/1282 1394/1823/1282
f 1646/1818/1418 1648/1821/1420 1650/1824/1282 1649/1822/1282
f 1651/1825/1419 148/161/148 151/164/151 1652/1826/1421
f 1652/1826/1421 151/164/151 146/159/146 1653/1827/1422
f 1647/1820/1419 1651/1825/1419 1652/1826/1421 1648/1821/1420
f 1648/1821/1420 1652/1826/1421 1653/1827/1422 1650/1824/1282
f 143/156/143 581/636/540 1654/1828/1423 144/157/144
f 581/636/540 579/634/538 1655/1829/171 1654/1828/1423
f 144/157/144 1654/1828/1423 1653/1827/1422 146/159/146
f 1654/1828/1423 1655/1829/171 1650/1824/1282 1653/1827/1422
f 576/631/172 575/630/536 1398/1830/171 1656/1831/171
f 1656/1831/171 1398/1830/171 1394/1823/1282 1649/1822/1282
f 579/634/538 576/631/172 1656/1831/171 1655/1829/171
f 1655/1829/171 1656/1831/171 1649/1822/1282 1650/1824/1282
f 1410/1832/361 1657/1833/1424 1658/1834/362 1411/1835/362
f 1657/1833/1424 1659/1836/1425 1660/1837/362 1658/1834/362
f 1411/1835/362 1658/1834/362 1661/1838/364 1413/1839/364
f 1658/1834/362 1660/1837/362 1662/1840/364 1661/1838/364
f 1663/1841/1426 352/383/351 351/382/350 1664/1842/1427
f 1664/1842/1427 351/382/350 349/380/348 1665/1843/1428
f 1659/1836/1425 1663/1841/1426 1664/1842/1427 1660/1837/362
f 1660/1837/362 1664/1842/1427 1665/1843/1428 1662/1840/364
f 345/376/344 1666/1844/1429 1667/1845/1430 346/377/345
f 1666/1844/1429 1668/1846/1429 1669/1847/1431 1667/1845/1430
f 346/377/345 1667/1845/1430 1665/1843/1428 349/380/348
f 1667/1845/1430 1669/1847/1431 1662/1840/364 1665/1843/1428
f 1670/1848/1432 1415/1849/344 1418/1850/368 1671/1851/1433
f 1671/1851/1433 1418/1850/368 1413/1839/364 1661/1838/364
f 1668/1846/1429 1670/1848/1432 1671/1851/1433 1669/1847/1431
f 1669/1847/1431 1671/1851/1433 1661/1838/364 1662/1840/364
f 1415/1849/344 1670/1848/1432 1672/1852/484 1427/1853/484
f 1670/1848/1432 1668/1846/1429 1673/1854/484 1672/1852/484
f 1427/1853/484 1672/1852/484 1674/1855/404 1429/1856/404
f 1672/1852/484 1673/1854/484 1675/1857/404 1674/1855/404
f 1666/1844/1429 345/376/344 493/538/466 1676/1858/466
f 1676/1858/466 493/538/466 491/536/404 1677/1859/404
f 1668/1846/1429 1666/1844/1429 1676/1858/466 1673/1854/484
f 1673/1854/484 1676/1858/466 1677/1859/404 1675/1857/404
f 148/161/148 1651/1825/1419 1678/1860/464 489/534/464
f 1651/1825/1419 1647/1820/1419 1679/1861/487 1678/1860/464
f 489/534/464 1678/1860/464 1677/1859/404 491/536/404
f 1678/1860/464 1679/1861/487 1675/1857/404 1677/1859/404
f 1645/1817/1417 1391/1816/148 1432/1862/487 1680/1863/487
f 1680/1863/487 1432/1862/487 1429/1856/404 1674/1855/404
f 1647/1820/1419 1645/1817/1417 1680/1863/487 1679/1861/487
f 1679/1861/487 1680/1863/487 1674/1855/404 1675/1857/404
f 1454/1864/621 1681/1865/1434 1682/1866/622 1455/1867/622
f 1681/1865/1434 1683/1868/1435 1684/1869/1436 1682/1866/622
f 1455/1867/622 1682/1866/622 1685/1870/624 1457/1871/624
f 1682/1866/622 1684/1869/1436 1686/1872/624 1685/1870/624
f 1687/1873/1437 689/767/646 688/766/645 1688/1874/622
f 1688/1874/622 688/766/645 686/764/624 1689/1875/624
f 1683/1868/1435 1687/1873/1437 1688/1874/622 1684/1869/1436
f 1684/1869/1436 1688/1874/622 1689/1875/624 1686/1872/624
f 352/760/351 1663/1876/1426 1690/1877/642 684/761/642
f 1663/1876/1426 1659/1878/1425 1691/1879/1438 1690/1877/642
f 684/761/642 1690/1877/642 1689/1875/624 686/764/624
f 1690/1877/642 1691/1879/1438 1686/1872/624 1689/1875/624
f 1657/1880/1424 1410/1881/361 1460/1882/627 1692/1883/627
f 1692/1883/627 1460/1882/627 1457/1871/624 1685/1870/624
f 1659/1878/1425 1657/1880/1424 1692/1883/627 1691/1879/1438
f 1691/1879/1438 1692/1883/627 1685/1870/624 1686/1872/624
f 570/625/535 569/624/534 1693/1884/776 1470/1885/776
f 569/624/534 564/619/531 1694/1886/776 1693/1884/776
f 1470/1885/776 1693/1884/776 1695/1887/778 1472/1888/778
f 1693/1884/776 1694/1886/776 1696/1889/778 1695/1887/778
f 561/616/528 560/615/527 834/924/767 1697/1890/1439
f 1697/1890/1439 834/924/767 832/922/765 1698/1891/1440
f 564/619/531 561/616/528 1697/1890/1439 1694/1886/776
f 1694/1886/776 1697/1890/1439 1698/1891/1440 1696/1889/778
f 828/918/761 1699/1892/761 1700/1893/1441 829/919/762
f 1699/1892/761 1701/1894/1442 1702/1895/1443 1700/1893/1441
f 829/919/762 1700/1893/1441 1698/1891/1440 832/922/765
f 1700/1893/1441 1702/1895/1443 1696/1889/778 1698/1891/1440
f 1703/1896/1444 1474/1897/780 1477/1898/783 1704/1899/1443
f 1704/1899/1443 1477/1898/783 1472/1888/778 1695/1887/778
f 1701/1894/1442 1703/1896/1444 1704/1899/1443 1702/1895/1443
f 1702/1895/1443 1704/1899/1443 1695/1887/778 1696/1889/778
f 1489/1900/929 1705/1901/1445 1706/1902/1446 1490/1903/930
f 1705/1901/1445 1707/1904/1447 1708/1905/1446 1706/1902/1446
f 1490/1903/930 1706/1902/1446 1709/1906/933 1492/1907/933
f 1706/1902/1446 1708/1905/1446 1710/1908/933 1709/1906/933
f 1711/1909/913 986/1092/913 989/1095/916 1712/1910/1448
f 1712/1910/1448 989/1095/916 984/1090/911 1713/1911/1449
f 1707/1904/1447 1711/1909/913 1712/1910/1448 1708/1905/1446
f 1708/1905/1446 1712/1910/1448 1713/1911/1449 1710/1908/933
f 689/767/646 1687/1873/1437 1714/1912/1450 982/1088/909
f 1687/1873/1437 1683/1868/1435 1715/1913/935 1714/1912/1450
f 982/1088/909 1714/1912/1450 1713/1911/1449 984/1090/911
f 1714/1912/1450 1715/1913/935 1710/1908/933 1713/1911/1449
f 1681/1865/1434 1454/1864/621 1495/1914/935 1716/1915/935
f 1716/1915/935 1495/1914/935 1492/1907/933 1709/1906/933
f 1683/1868/1435 1681/1865/1434 1716/1915/935 1715/1913/935
f 1715/1913/935 1716/1915/935 1709/1906/933 1710/1908/933
f 1474/1897/780 1703/1896/1444 1717/1916/1019 1502/1917/1019
f 1703/1896/1444 1701/1894/1442 1718/1918/1019 1717/1916/1019
f 1502/1917/1019 1717/1916/1019 1719/1919/938 1504/1920/938
f 1717/1916/1019 1718/1918/1019 1720/1921/938 1719/1919/938
f 1699/1892/761 828/918/761 1095/1207/998 1721/1922/998
f 1721/1922/998 1095/1207/998 1092/1204/938 1722/1923/938
f 1701/1894/1442 1699/1892/761 1721/1922/998 1718/1918/1019
f 1718/1918/1019 1721/1922/998 1722/1923/938 1720/1921/938
f 986/1092/913 1711/1909/913 1723/1924/995 1090/1202/995
f 1711/1909/913 1707/1904/1447 1724/1925/1021 1723/1924/995
f 1090/1202/995 1723/1924/995 1722/1923/938 1092/1204/938
f 1723/1924/995 1724/1925/1021 1720/1921/938 1722/1923/938
f 1705/1901/1445 1489/1900/929 1507/1926/1021 1725/1927/1021
f 1725/1927/1021 1507/1926/1021 1504/1920/938 1719/1919/938
f 1707/1904/1447 1705/1901/1445 1725/1927/1021 1724/1925/1021
f 1724/1925/1021 1725/1927/1021 1719/1919/938 1720/1921/938
f 1031/1143/222 1726/1928/222 1727/1929/939 1032/1144/939
f 1726/1928/222 1728/1930/222 1729/1931/939 1727/1929/939
f 1032/1144/939 1727/1929/939 1730/1932/938 1017/1129/938
f 1727/1929/939 1729/1931/939 1731/1933/938 1730/1932/938
f 1732/1934/222 223/243/222 1133/1251/939 1733/1935/939
f 1733/1935/939 1133/1251/939 1131/1249/938 1734/1936/938
f 1728/1930/222 1732/1934/222 1733/1935/939 1729/1931/939
f 1729/1931/939 1733/1935/939 1734/1936/938 1731/1933/938
f 731/815/688 1735/1937/688 1736/1938/937 1129/1247/937
f 1735/1937/688 1737/1939/688 1738/1940/937 1736/1938/937
f 1129/1247/937 1736/1938/937 1734/1936/938 1131/1249/938
f 1736/1938/937 1738/1940/937 1731/1933/938 1734/1936/938
f 1739/1941/688 1010/1122/688 1013/1125/937 1740/1942/937
f 1740/1942/937 1013/1125/937 1017/1129/938 1730/1932/938
f 1737/1939/688 1739/1941/688 1740/1942/937 1738/1940/937
f 1738/1940/937 1740/1942/937 1730/1932/938 1731/1933/938
f 1010/1122/688 1739/1941/688 1741/1943/687 1742/1944/687
f 1739/1941/688 1737/1939/688 1743/1945/687 1741/1943/687
f 1742/1944/687 1741/1943/687 1744/1946/683 1745/1947/683
f 1741/1943/687 1743/1945/687 1746/1948/683 1744/1946/683
f 1735/1937/688 731/815/688 730/814/687 1747/1949/687
f 1747/1949/687 730/814/687 726/809/683 1748/1950/683
f 1737/1939/688 1735/1937/688 1747/1949/687 1743/1945/687
f 1743/1945/687 1747/1949/687 1748/1950/683 1746/1948/683
f 527/805/405 1749/1951/405 1750/1952/681 724/806/681
f 1749/1951/405 1751/1953/405 1752/1954/681 1750/1952/681
f 724/806/681 1750/1952/681 1748/1950/683 726/809/683
f 1750/1952/681 1752/1954/681 1746/1948/683 1748/1950/683
f 1753/1955/405 427/1956/405 1754/1957/681 1755/1958/681
f 1755/1958/681 1754/1957/681 1745/1947/683 1744/1946/683
f 1751/1953/405 1753/1955/405 1755/1958/681 1752/1954/681
f 1752/1954/681 1755/1958/681 1744/1946/683 1746/1948/683
f 427/472/405 1753/1959/405 1756/1960/406 428/473/406
f 1753/1959/405 1751/1961/405 1757/1962/406 1756/1960/406
f 428/473/406 1756/1960/406 1758/1963/404 412/457/404
f 1756/1960/406 1757/1962/406 1759/1964/404 1758/1963/404
f 1749/1965/405 527/582/405 530/585/406 1760/1966/406
f 1760/1966/406 530/585/406 525/580/404 1761/1967/404
f 1751/1961/405 1749/1965/405 1760/1966/406 1757/1962/406
f 1757/1962/406 1760/1966/406 1761/1967/404 1759/1964/404
f 201/577/200 1762/1968/200 1763/1969/403 523/578/403
f 1762/1968/200 1764/1970/200 1765/1971/403 1763/1969/403
f 523/578/403 1763/1969/403 1761/1967/404 525/580/404
f 1763/1969/403 1765/1971/403 1759/1964/404 1761/1967/404
f 1766/1972/200 405/450/200 408/453/403 1767/1973/403
f 1767/1973/403 408/453/403 412/457/404 1758/1963/404
f 1764/1970/200 1766/1972/200 1767/1973/403 1765/1971/403
f 1765/1971/403 1767/1973/403 1758/1963/404 1759/1964/404
f 405/1974/200 1766/1975/200 1768/1976/1451 1769/1977/203
f 1766/1975/200 1764/1978/200 1770/1979/203 1768/1976/1451
f 1769/1977/203 1768/1976/1451 1771/1980/207 1772/1981/207
f 1768/1976/1451 1770/1979/203 1773/1982/207 1771/1980/207
f 1762/1983/200 201/221/200 204/224/203 1774/1984/203
f 1774/1984/203 204/224/203 208/228/207 1775/1985/207
f 1764/1978/200 1762/1983/200 1774/1984/203 1770/1979/203
f 1770/1979/203 1774/1984/203 1775/1985/207 1773/1982/207
f 223/243/222 1732/1934/222 1776/1986/223 224/244/223
f 1732/1934/222 1728/1930/222 1777/1987/223 1776/1986/223
f 224/244/223 1776/1986/223 1775/1985/207 208/228/207
f 1776/1986/223 1777/1987/223 1773/1982/207 1775/1985/207
f 1726/1928/222 1031/1143/222 1778/1988/223 1779/1989/223
f 1779/1989/223 1778/1988/223 1772/1981/207 1771/1980/207
f 1728/1930/222 1726/1928/222 1779/1989/223 1777/1987/223
f 1777/1987/223 1779/1989/223 1771/1980/207 1773/1982/207
f 241/1735/240 244/1990/243 1780/1991/1452 1568/1736/1354
f 244/1990/243 239/1992/238 1781/1993/1453 1780/1991/1452
f 1568/1736/1354 1780/1991/1452 1782/1994/1454 1570/1738/1356
f 1780/1991/1452 1781/1993/1453 1783/1995/1455 1782/1994/1454
f 237/1996/236 236/286/235 267/289/266 1784/1997/1456
f 1784/1997/1456 267/289/266 263/284/262 1785/1998/1457
f 239/1992/238 237/1996/236 1784/1997/1456 1781/1993/1453
f 1781/1993/1453 1784/1997/1456 1785/1998/1457 1783/1995/1455
f 260/281/259 1786/1999/1458 1787/2000/1459 261/282/260
f 1786/1999/1458 1788/2001/1460 1789/2002/1461 1787/2000/1459
f 261/282/260 1787/2000/1459 1785/1998/1457 263/284/262
f 1787/2000/1459 1789/2002/1461 1783/1995/1455 1785/1998/1457
f 1790/2003/1462 1572/1740/1358 1575/1743/1361 1791/2004/1463
f 1791/2004/1463 1575/1743/1361 1570/1738/1356 1782/1994/1454
f 1788/2001/1460 1790/2003/1462 1791/2004/1463 1789/2002/1461
f 1789/2002/1461 1791/2004/1463 1782/1994/1454 1783/1995/1455
f 1572/1740/1358 1790/2003/1462 1792/2005/1464 1584/1752/1369
f 1790/2003/1462 1788/2001/1460 1793/2006/1465 1792/2005/1464
f 1584/1752/1369 1792/2005/1464 1794/2007/404 1586/1754/1368
f 1792/2005/1464 1793/2006/1465 1795/2008/404 1794/2007/404
f 1786/1999/1458 260/281/259 466/511/443 1796/2009/1466
f 1796/2009/1466 466/511/443 469/514/446 1797/2010/446
f 1788/2001/1460 1786/1999/1458 1796/2009/1466 1793/2006/1465
f 1793/2006/1465 1796/2009/1466 1797/2010/446 1795/2008/404
f 73/73/73 1798/2011/1467 1799/2012/1468 478/523/455
f 1798/2011/1467 1800/2013/1469 1801/2014/1470 1799/2012/1468
f 478/523/455 1799/2012/1468 1797/2010/446 469/514/446
f 1799/2012/1468 1801/2014/1470 1795/2008/404 1797/2010/446
f 1802/2015/1471 1537/1695/1323 1589/1757/1373 1803/2016/1472
f 1803/2016/1472 1589/1757/1373 1586/1754/1368 1794/2007/404
f 1800/2013/1469 1802/2015/1471 1803/2016/1472 1801/2014/1470
f 1801/2014/1470 1803/2016/1472 1794/2007/404 1795/2008/404
f 1537/1695/1323 1802/2015/1471 1804/2017/1473 1538/1696/1324
f 1802/2015/1471 1800/2013/1469 1805/2018/1474 1804/2017/1473
f 1538/1696/1324 1804/2017/1473 1806/2019/1475 1540/1698/1326
f 1804/2017/1473 1805/2018/1474 1807/2020/1476 1806/2019/1475
f 1798/2011/1467 73/73/73 72/72/72 1808/2021/1477
f 1808/2021/1477 72/72/72 70/70/70 1809/2022/1478
f 1800/2013/1469 1798/2011/1467 1808/2021/1477 1805/2018/1474
f 1805/2018/1474 1808/2021/1477 1809/2022/1478 1807/2020/1476
f 66/66/66 1519/2023/1305 1810/2024/1479 67/67/67
f 1519/2023/1305 1514/2025/1300 1811/2026/1480 1810/2024/1479
f 67/67/67 1810/2024/1479 1809/2022/1478 70/70/70
f 1810/2024/1479 1811/2026/1480 1807/2020/1476 1809/2022/1478
f 1511/2027/1297 1510/1700/1296 1544/1703/1330 1812/2028/1481
f 1812/2028/1481 1544/1703/1330 1540/1698/1326 1806/2019/1475
f 1514/2025/1300 1511/2027/1297 1812/2028/1481 1811/2026/1480
f 1811/2026/1480 1812/2028/1481 1806/2019/1475 1807/2020/1476
f 241/261/240 1567/2029/1353 1813/2030/1482 242/262/241
f 1567/2029/1353 1563/2031/1349 1814/2032/1483 1813/2030/1482
f 242/262/241 1813/2030/1482 1815/2033/1484 245/265/244
f 1813/2030/1482 1814/2032/1483 1816/2034/1485 1815/2033/1484
f 1561/2035/1347 300/1708/299 1550/1711/1336 1817/2036/1486
f 1817/2036/1486 1550/1711/1336 1553/1715/1339 1818/2037/1487
f 1563/2031/1349 1561/2035/1347 1817/2036/1486 1814/2032/1483
f 1814/2032/1483 1817/2036/1486 1818/2037/1487 1816/2034/1485
f 928/1031/860 1819/2038/1488 1820/2039/1489 1559/1726/1345
f 1819/2038/1488 1821/2040/1490 1822/2041/1491 1820/2039/1489
f 1559/1726/1345 1820/2039/1489 1818/2037/1487 1553/1715/1339
f 1820/2039/1489 1822/2041/1491 1816/2034/1485 1818/2037/1487
f 1823/2042/1492 248/268/247 247/267/246 1824/2043/1493
f 1824/2043/1493 247/267/246 245/265/244 1815/2033/1484
f 1821/2040/1490 1823/2042/1492 1824/2043/1493 1822/2041/1491
f 1822/2041/1491 1824/2043/1493 1815/2033/1484 1816/2034/1485
f 248/268/247 1823/2042/1492 1825/2044/1494 1622/1790/1406
f 1823/2042/1492 1821/2040/1490 1826/2045/1495 1825/2044/1494
f 1622/1790/1406 1825/2044/1494 1827/2046/1496 1615/1783/1399
f 1825/2044/1494 1826/2045/1495 1828/2047/1497 1827/2046/1496
f 1819/2038/1488 928/1031/860 931/1034/863 1829/2048/1498
f 1829/2048/1498 931/1034/863 926/1029/858 1830/2049/1499
f 1821/2040/1490 1819/2038/1488 1829/2048/1498 1826/2045/1495
f 1826/2045/1495 1829/2048/1498 1830/2049/1499 1828/2047/1497
f 923/1026/855 1831/2050/1500 1832/2051/1501 924/1027/856
f 1831/2050/1500 1833/2052/1502 1834/2053/1503 1832/2051/1501
f 924/1027/856 1832/2051/1501 1830/2049/1499 926/1029/858
f 1832/2051/1501 1834/2053/1503 1828/2047/1497 1830/2049/1499
f 1835/2054/1504 1608/1776/1392 1611/1779/1395 1836/2055/1505
f 1836/2055/1505 1611/1779/1395 1615/1783/1399 1827/2046/1496
f 1833/2052/1502 1835/2054/1504 1836/2055/1505 1834/2053/1503
f 1834/2053/1503 1836/2055/1505 1827/2046/1496 1828/2047/1497
f 1608/1776/1392 1835/2054/1504 1837/2056/1506 1634/1802/1415
f 1835/2054/1504 1833/2052/1502 1838/2057/1507 1837/2056/1506
f 1634/1802/1415 1837/2056/1506 1839/2058/1411 1628/1796/1411
f 1837/2056/1506 1838/2057/1507 1840/2059/1411 1839/2058/1411
f 1831/2050/1500 923/1026/855 1109/1224/1012 1841/2060/1508
f 1841/2060/1508 1109/1224/1012 1107/1222/1010 1842/2061/1509
f 1833/2052/1502 1831/2050/1500 1841/2060/1508 1838/2057/1507
f 1838/2057/1507 1841/2060/1508 1842/2061/1509 1840/2059/1411
f 766/851/723 1843/2062/1510 1844/2063/1511 1105/1220/1008
f 1843/2062/1510 1845/2064/1512 1846/2065/1513 1844/2063/1511
f 1105/1220/1008 1844/2063/1511 1842/2061/1509 1107/1222/1010
f 1844/2063/1511 1846/2065/1513 1840/2059/1411 1842/2061/1509
f 1847/2066/1514 1605/1773/1389 1625/1793/1409 1848/2067/1515
f 1848/2067/1515 1625/1793/1409 1628/1796/1411 1839/2058/1411
f 1845/2064/1512 1847/2066/1514 1848/2067/1515 1846/2065/1513
f 1846/2065/1513 1848/2067/1515 1839/2058/1411 1840/2059/1411
f 1605/1773/1389 1847/2066/1514 1849/2068/1516 1606/1774/1390
f 1847/2066/1514 1845/2064/1512 1850/2069/1517 1849/2068/1516
f 1606/1774/1390 1849/2068/1516 1851/2070/1518 1596/1764/1380
f 1849/2068/1516 1850/2069/1517 1852/2071/1519 1851/2070/1518
f 1843/2062/1510 766/851/723 769/854/726 1853/2072/1520
f 1853/2072/1520 769/854/726 764/849/721 1854/2073/1521
f 1845/2064/1512 1843/2062/1510 1853/2072/1520 1850/2069/1517
f 1850/2069/1517 1853/2072/1520 1854/2073/1521 1852/2071/1519
f 48/48/48 1855/2074/1522 1856/2075/1523 762/847/719
f 1855/2074/1522 1857/2076/1524 1858/2077/1525 1856/2075/1523
f 762/847/719 1856/2075/1523 1854/2073/1521 764/849/721
f 1856/2075/1523 1858/2077/1525 1852/2071/1519 1854/2073/1521
f 1859/2078/1526 1527/1685/1313 1593/1761/1377 1860/2079/1527
f 1860/2079/1527 1593/1761/1377 1596/1764/1380 1851/2070/1518
f 1857/2076/1524 1859/2078/1526 1860/2079/1527 1858/2077/1525
f 1858/2077/1525 1860/2079/1527 1851/2070/1518 1852/2071/1519
f 1527/1685/1313 1859/2078/1526 1861/2080/1528 1528/1686/1314
f 1859/2078/1526 1857/2076/1524 1862/2081/1529 1861/2080/1528
f 1528/1686/1314 1861/2080/1528 1863/2082/1530 1517/1675/1303
f 1861/2080/1528 1862/2081/1529 1864/2083/1531 1863/2082/1530
f 1855/2074/1522 48/48/48 47/47/47 1865/2084/1532
f 1865/2084/1532 47/47/47 45/45/45 1866/2085/1533
f 1857/2076/1524 1855/2074/1522 1865/2084/1532 1862/2081/1529
f 1862/2081/1529 1865/2084/1532 1866/2085/1533 1864/2083/1531
f 41/41/41 1547/2086/1333 1867/2087/1534 42/42/42
f 1547/2086/1333 1545/2088/1331 1868/2089/1535 1867/2087/1534
f 42/42/42 1867/2087/1534 1866/2085/1533 45/45/45
f 1867/2087/1534 1868/2089/1535 1864/2083/1531 1866/2085/1533
f 1542/2090/1328 1510/1668/1296 1513/1671/1299 1869/2091/1536
f 1869/2091/1536 1513/1671/1299 1517/1675/1303 1863/2082/1530
f 1545/2088/1331 1542/2090/1328 1869/2091/1536 1868/2089/1535
f 1868/2089/1535 1869/2091/1536 1863/2082/1530 1864/2083/1531
f 947/2092/200 946/2093/878 1870/2094/1537 1871/2095/403
f 946/2093/878 941/2096/873 1872/2097/1538 1870/2094/1537
f 1871/2095/403 1870/2094/1537 1873/2098/1539 1874/2099/404
f 1870/2094/1537 1872/2097/1538 1875/2100/1540 1873/2098/1539
f 938/2101/870 937/1451/869 1319/1454/1216 1876/2102/1541
f 1876/2102/1541 1319/1454/1216 1323/1458/1220 1877/2103/1542
f 941/2096/873 938/2101/870 1876/2102/1541 1872/2097/1538
f 1872/2097/1538 1876/2102/1541 1877/2103/1542 1875/2100/1540
f 1307/1436/1204 1878/2104/1543 1879/2105/1544 1330/1469/1227
f 1878/2104/1543 1880/2106/1545 1881/2107/1546 1879/2105/1544
f 1330/1469/1227 1879/2105/1544 1877/2103/1542 1323/1458/1220
f 1879/2105/1544 1881/2107/1546 1875/2100/1540 1877/2103/1542
f 1882/2108/1547 797/2109/405 1883/2110/406 1884/2111/1548
f 1884/2111/1548 1883/2110/406 1874/2099/404 1873/2098/1539
f 1880/2106/1545 1882/2108/1547 1884/2111/1548 1881/2107/1546
f 1881/2107/1546 1884/2111/1548 1873/2098/1539 1875/2100/1540
f 797/883/405 1882/2112/1547 1885/2113/1549 798/884/681
f 1882/2112/1547 1880/2114/1545 1886/2115/1550 1885/2113/1549
f 798/884/681 1885/2113/1549 1887/2116/1551 783/868/683
f 1885/2113/1549 1886/2115/1550 1888/2117/1552 1887/2116/1551
f 1878/2118/1543 1307/2119/1204 1306/2120/1203 1889/2121/1553
f 1889/2121/1553 1306/2120/1203 1301/2122/1198 1890/2123/1554
f 1880/2114/1545 1878/2118/1543 1889/2121/1553 1886/2115/1550
f 1886/2115/1550 1889/2121/1553 1890/2123/1554 1888/2117/1552
f 1297/1486/1194 1891/2124/1555 1892/2125/1556 1298/2126/1195
f 1891/2124/1555 1893/2127/1557 1894/2128/1558 1892/2125/1556
f 1298/2126/1195 1892/2125/1556 1890/2123/1554 1301/2122/1198
f 1892/2125/1556 1894/2128/1558 1888/2117/1552 1890/2123/1554
f 1895/2129/1559 776/861/688 779/864/687 1896/2130/1560
f 1896/2130/1560 779/864/687 783/868/683 1887/2116/1551
f 1893/2127/1557 1895/2129/1559 1896/2130/1560 1894/2128/1558
f 1894/2128/1558 1896/2130/1560 1887/2116/1551 1888/2117/1552
f 776/861/688 1895/2129/1559 1897/2131/1561 1898/2132/937
f 1895/2129/1559 1893/2127/1557 1899/2133/1562 1897/2131/1561
f 1898/2132/937 1897/2131/1561 1900/2134/1563 1901/2135/938
f 1897/2131/1561 1899/2133/1562 1902/2136/1564 1900/2134/1563
f 1891/2124/1555 1297/1486/1194 1345/1489/1242 1903/2137/1565
f 1903/2137/1565 1345/1489/1242 1348/1493/1245 1904/2138/1566
f 1893/2127/1557 1891/2124/1555 1903/2137/1565 1899/2133/1562
f 1899/2133/1562 1903/2137/1565 1904/2138/1566 1902/2136/1564
f 959/1063/886 958/1062/885 1905/2139/1567 1354/1500/1251
f 958/1062/885 956/1060/883 1906/2140/1568 1905/2139/1567
f 1354/1500/1251 1905/2139/1567 1904/2138/1566 1348/1493/1245
f 1905/2139/1567 1906/2140/1568 1902/2136/1564 1904/2138/1566
f 953/1057/881 952/1056/222 1907/2141/939 1908/2142/1569
f 1908/2142/1569 1907/2141/939 1901/2135/938 1900/2134/1563
f 956/1060/883 953/1057/881 1908/2142/1569 1906/2140/1568
f 1906/2140/1568 1908/2142/1569 1900/2134/1563 1902/2136/1564
f 947/1051/200 1909/2143/200 1910/2144/203 948/1052/203
f 1909/2143/200 1911/2145/200 1912/2146/203 1910/2144/203
f 948/1052/203 1910/2144/203 1913/2147/207 950/1054/207
f 1910/2144/203 1912/2146/203 1914/2148/207 1913/2147/207
f 1915/2149/200 415/2150/200 1916/2151/203 1917/2152/203
f 1917/2152/203 1916/2151/203 1918/2153/207 1919/2154/207
f 1911/2145/200 1915/2149/200 1917/2152/203 1912/2146/203
f 1912/2146/203 1917/2152/203 1919/2154/207 1914/2148/207
f 1024/1136/222 1920/2155/222 1921/2156/223 1922/2157/223
f 1920/2155/222 1923/2158/222 1924/2159/223 1921/2156/223
f 1922/2157/223 1921/2156/223 1919/2154/207 1918/2153/207
f 1921/2156/223 1924/2159/223 1914/2148/207 1919/2154/207
f 1925/2160/222 952/1056/222 955/1059/223 1926/2161/223
f 1926/2161/223 955/1059/223 950/1054/207 1913/2147/207
f 1923/2158/222 1925/2160/222 1926/2161/223 1924/2159/223
f 1924/2159/223 1926/2161/223 1913/2147/207 1914/2148/207
f 415/460/200 1915/2162/200 1927/2163/403 416/461/403
f 1915/2162/200 1911/2164/200 1928/2165/403 1927/2163/403
f 416/461/403 1927/2163/403 1929/2166/404 418/463/404
f 1927/2163/403 1928/2165/403 1930/2167/404 1929/2166/404
f 1909/2168/200 947/2092/200 1871/2095/403 1931/2169/403
f 1931/2169/403 1871/2095/403 1874/2099/404 1932/2170/404
f 1911/2164/200 1909/2168/200 1931/2169/403 1928/2165/403
f 1928/2165/403 1931/2169/403 1932/2170/404 1930/2167/404
f 797/2109/405 796/2171/405 1933/2172/406 1883/2110/406
f 796/2171/405 794/2173/405 1934/2174/406 1933/2172/406
f 1883/2110/406 1933/2172/406 1932/2170/404 1874/2099/404
f 1933/2172/406 1934/2174/406 1930/2167/404 1932/2170/404
f 791/2175/405 420/465/405 423/468/406 1935/2176/406
f 1935/2176/406 423/468/406 418/463/404 1929/2166/404
f 794/2173/405 791/2175/405 1935/2176/406 1934/2174/406
f 1934/2174/406 1935/2176/406 1929/2166/404 1930/2167/404
f 786/871/688 1019/1131/688 1936/2177/687 787/872/687
f 1019/1131/688 1014/1126/688 1937/2178/687 1936/2177/687
f 787/872/687 1936/2177/687 1938/2179/683 789/874/683
f 1936/2177/687 1937/2178/687 1939/2180/683 1938/2179/683
f 1011/1123/688 1010/1122/688 1742/1944/687 1940/2181/687
f 1940/2181/687 1742/1944/687 1745/1947/683 1941/2182/683
f 1014/1126/688 1011/1123/688 1940/2181/687 1937/2178/687
f 1937/2178/687 1940/2181/687 1941/2182/683 1939/2180/683
f 427/1956/405 426/2183/405 1942/2184/681 1754/1957/681
f 426/2183/405 424/2185/405 1943/2186/681 1942/2184/681
f 1754/1957/681 1942/2184/681 1941/2182/683 1745/1947/683
f 1942/2184/681 1943/2186/681 1939/2180/683 1941/2182/683
f 421/2187/405 420/876/405 793/879/681 1944/2188/681
f 1944/2188/681 793/879/681 789/874/683 1938/2179/683
f 424/2185/405 421/2187/405 1944/2188/681 1943/2186/681
f 1943/2186/681 1944/2188/681 1938/2179/683 1939/2180/683
f 786/871/688 785/870/688 1945/2189/937 1020/1132/937
f 785/870/688 780/865/688 1946/2190/937 1945/2189/937
f 1020/1132/937 1945/2189/937 1947/2191/938 1022/1134/938
f 1945/2189/937 1946/2190/937 1948/2192/938 1947/2191/938
f 777/862/688 776/861/688 1898/2132/937 1949/2193/937
f 1949/2193/937 1898/2132/937 1901/2135/938 1950/2194/938
f 780/865/688 777/862/688 1949/2193/937 1946/2190/937
f 1946/2190/937 1949/2193/937 1950/2194/938 1948/2192/938
f 952/1056/222 1925/2160/222 1951/2195/939 1907/2141/939
f 1925/2160/222 1923/2158/222 1952/2196/939 1951/2195/939
f 1907/2141/939 1951/2195/939 1950/2194/938 1901/2135/938
f 1951/2195/939 1952/2196/939 1948/2192/938 1950/2194/938
f 1920/2155/222 1024/1136/222 1027/1139/939 1953/2197/939
f 1953/2197/939 1027/1139/939 1022/1134/938 1947/2191/938
f 1923/2158/222 1920/2155/222 1953/2197/939 1952/2196/939
f 1952/2196/939 1953/2197/939 1947/2191/938 1948/2192/938
f 415/2150/200 414/2198/200 1954/2199/203 1916/2151/203
f 414/2198/200 409/2200/200 1955/2201/203 1954/2199/203
f 1916/2151/203 1954/2199/203 1956/2202/207 1918/2153/207
f 1954/2199/203 1955/2201/203 1957/2203/207 1956/2202/207
f 406/2204/200 405/1974/200 1769/1977/203 1958/2205/203
f 1958/2205/203 1769/1977/203 1772/1981/207 1959/2206/207
f 409/2200/200 406/2204/200 1958/2205/203 1955/2201/203
f 1955/2201/203 1958/2205/203 1959/2206/207 1957/2203/207
f 1031/1143/222 1030/1142/222 1960/2207/223 1778/1988/223
f 1030/1142/222 1028/1140/222 1961/2208/223 1960/2207/223
f 1778/1988/223 1960/2207/223 1959/2206/207 1772/1981/207
f 1960/2207/223 1961/2208/223 1957/2203/207 1959/2206/207
f 1025/1137/222 1024/1136/222 1922/2157/223 1962/2209/223
f 1962/2209/223 1922/2157/223 1918/2153/207 1956/2202/207
f 1028/1140/222 1025/1137/222 1962/2209/223 1961/2208/223
f 1961/2208/223 1962/2209/223 1956/2202/207 1957/2203/207
