# Blender 4.2.15 LTS
# www.blender.org
mtllib Bow_Stringless.mtl
o Bow
v 8.625843 59.793976 3.564096
v 8.345444 59.829575 3.518396
v 8.667543 61.813675 3.455796
v 8.941443 61.789375 3.505696
v 8.079342 59.861473 3.456996
v 8.406544 61.833580 3.394096
v 8.950144 63.799377 3.399196
v 9.222743 63.790276 3.452596
v 8.687344 63.789978 3.337896
v 7.842642 59.888680 3.380996
v 7.650442 59.910576 3.291296
v 7.984442 61.861877 3.238696
v 8.173742 61.849480 3.321396
v 8.267542 63.790375 3.193396
v 8.455243 63.788078 3.269296
v 8.684443 67.346474 3.125496
v 8.867144 67.360771 3.188396
v 8.686543 65.645073 3.224796
v 8.500644 65.637878 3.155696
v 9.100643 67.410973 3.248896
v 8.921543 65.674675 3.289396
v 9.379044 67.526176 3.308996
v 9.738143 67.809471 3.376796
v 9.476844 65.755875 3.407096
v 9.197344 65.744774 3.350396
v 9.925643 67.093277 3.436196
v 9.723043 65.608475 3.458796
v 10.125644 66.920975 3.481196
v 9.950644 65.484871 3.496396
v 9.484143 63.736473 3.497396
v 9.728643 63.684875 3.522896
v 10.337844 67.064774 3.513496
v 10.591844 67.758171 3.526396
v 10.358243 65.675774 3.475396
v 10.174443 65.567375 3.510896
v 10.130343 63.685478 3.468796
v 9.950243 63.682472 3.518496
v 9.597943 59.646576 3.497297
v 9.406143 59.679375 3.568197
v 9.695944 61.694374 3.539996
v 9.880143 61.662178 3.479096
v 9.170644 59.716476 3.597396
v 9.469144 61.727676 3.557996
v 8.905744 59.755478 3.593297
v 9.213143 61.759979 3.543196
v 10.247343 72.748474 3.601696
v 10.376244 72.766777 3.673396
v 10.342544 71.838676 3.684196
v 10.214944 71.803673 3.613195
v 10.511244 72.778374 3.728096
v 10.475143 71.853577 3.738996
v 10.311343 70.956978 3.692096
v 10.188144 70.904778 3.622696
v 10.438944 70.975471 3.746296
v 10.642143 72.782074 3.759995
v 10.758944 72.776878 3.763096
v 10.715743 71.819778 3.775696
v 10.602843 71.847473 3.771595
v 10.667543 70.909477 3.783896
v 10.561044 70.959778 3.778996
v 10.562143 69.485077 3.786096
v 10.472444 69.561272 3.779596
v 10.517243 70.177971 3.781796
v 10.615943 70.109978 3.787496
v 10.368644 69.588371 3.747196
v 10.403243 70.201271 3.749196
v 10.260544 69.566376 3.695696
v 10.158044 69.495277 3.631496
v 10.168643 70.114471 3.629096
v 10.283644 70.180077 3.696196
v 7.462442 57.965378 3.447597
v 7.264742 57.994080 3.351297
v 7.705843 57.929680 3.525897
v 7.072943 56.185478 3.515697
v 6.868343 56.219276 3.413297
v 7.324642 56.143875 3.595397
v 8.268642 57.844780 3.625197
v 7.979643 57.888878 3.585297
v 7.906143 56.046280 3.685597
v 7.607643 56.096680 3.652197
v 7.311342 53.319176 3.789697
v 6.994642 53.377380 3.767697
v 7.266842 54.557877 3.714497
v 7.574942 54.502975 3.741597
v 6.693642 53.432373 3.716097
v 6.974342 54.609573 3.660597
v 6.425243 53.481079 3.634297
v 6.206543 53.520775 3.521797
v 6.501942 54.692574 3.471897
v 6.713942 54.655380 3.579797
v 5.740442 51.963379 3.642497
v 5.968142 51.913673 3.770598
v 5.826643 51.559074 3.818698
v 5.601242 51.614479 3.684398
v 6.247843 51.852478 3.860797
v 6.103743 51.491074 3.913197
v 5.628542 51.099678 3.872098
v 5.407642 51.162277 3.730797
v 5.900642 51.022980 3.971197
v 6.562243 51.783279 3.914398
v 6.894342 51.709679 3.932298
v 6.747942 51.331177 3.987697
v 6.416243 51.413879 3.968998
v 6.537743 50.841675 4.049197
v 6.208843 50.935875 4.029697
v 5.898542 49.653877 4.157098
v 5.586042 49.774879 4.135897
v 5.934042 50.379379 4.087997
v 6.256842 50.272278 4.108497
v 5.296343 49.886276 4.072798
v 5.633343 50.478180 4.026997
v 5.042242 49.984077 3.965597
v 4.836542 50.064278 3.812197
v 5.154442 50.635880 3.775597
v 5.368843 50.564880 3.923497
v 4.643543 49.386574 3.991098
v 4.448742 49.476379 3.834397
v 4.884243 49.277077 4.100597
v 4.166542 48.757179 4.004998
v 3.984343 48.856277 3.846397
v 4.391642 48.635979 4.115897
v 5.455942 49.017677 4.186898
v 5.159042 49.152473 4.165098
v 4.926043 48.350578 4.203398
v 4.648542 48.498573 4.181298
v 3.592442 46.872177 4.219298
v 3.359743 47.041580 4.196799
v 4.050243 47.799477 4.189997
v 4.305943 47.639679 4.212297
v 3.143343 47.200478 4.130198
v 3.813143 47.948677 4.123998
v 2.953243 47.341080 4.017598
v 2.798943 47.455879 3.856898
v 3.436642 48.188080 3.852499
v 3.605143 48.080475 4.012197
v 2.204443 46.523880 4.026099
v 2.064543 46.643578 3.863798
v 2.376942 46.376877 4.139899
v 1.438242 45.705078 4.034599
v 1.311842 45.827873 3.870798
v 1.593943 45.554077 4.149799
v 2.782543 46.035080 4.229998
v 2.572742 46.211174 4.207299
v 1.958843 45.203773 4.240798
v 1.770443 45.384079 4.217999
v 0.599743 43.860176 4.248599
v 0.445042 44.042580 4.225599
v 1.034142 44.635979 4.225199
v 1.203743 44.453674 4.248199
v 0.299242 44.215179 4.156599
v 0.874643 44.808174 4.156498
v 0.169943 44.368378 4.040099
v 0.065042 44.493080 3.874899
v 0.619143 45.085579 3.875299
v 0.733643 44.961075 4.040298
v -1.636757 42.633377 3.992499
v -1.543758 42.520775 4.172399
v -2.666758 41.312874 4.349298
v -2.760458 41.418274 4.148798
v -1.429358 42.382179 4.297199
v -2.551458 41.183273 4.486499
v -4.080158 39.757576 4.568999
v -4.175058 39.854378 4.343099
v -3.963358 39.638680 4.721499
v -1.300457 42.226280 4.369899
v -1.164558 42.061577 4.393399
v -2.284857 40.883675 4.590099
v -2.421757 41.037575 4.565199
v -3.693558 39.363777 4.834099
v -3.832058 39.504974 4.807599
v -6.768057 35.793274 5.296599
v -6.909857 35.906876 5.267599
v -5.378958 37.753174 5.055499
v -5.238558 37.625778 5.083599
v -7.044258 36.014580 5.169099
v -5.511957 37.873878 4.962299
v -7.163757 36.110374 4.989199
v -7.261158 36.188477 4.716199
v -5.726557 38.068878 4.543000
v -5.630257 37.981377 4.794599
v -8.130159 33.990173 5.431200
v -8.272459 34.090874 5.402400
v -9.327959 32.209175 5.505500
v -9.469961 32.297577 5.477400
v -8.407259 34.186279 5.301899
v -9.604460 32.381378 5.377399
v -10.364561 30.442879 5.537300
v -11.243261 28.684179 5.544801
v -11.383360 28.749479 5.518801
v -10.505758 30.519575 5.510401
v -11.516058 28.811378 5.422700
v -10.639559 30.592276 5.412200
v -11.730360 28.911278 4.946101
v -10.855558 30.709677 4.932600
v -10.758661 30.656977 5.225301
v -11.634260 28.866478 5.237901
v -9.821760 32.516777 4.898301
v -9.724260 32.455978 5.189701
v -8.624861 34.340477 4.830400
v -8.527159 34.271179 5.115900
v -11.966959 26.925678 5.545701
v -12.105959 26.979879 5.520401
v -12.549860 25.166979 5.524801
v -12.687960 25.210478 5.500201
v -12.237558 27.031179 5.425701
v -12.818758 25.251678 5.406801
v -13.005758 23.407778 5.467101
v -13.348761 21.647379 5.357202
v -13.487761 21.671978 5.334601
v -13.143759 23.441278 5.443201
v -13.619558 21.695278 5.246501
v -13.274561 23.472979 5.351801
v -13.832258 21.732479 4.804202
v -13.485460 23.523878 4.891901
v -13.390860 23.501179 5.174201
v -13.736860 21.715878 5.075501
v -13.029860 25.317879 4.937101
v -12.935160 25.288279 5.225501
v -12.449961 27.113878 4.951401
v -12.354658 27.076778 5.242301
v -13.592760 19.885679 5.180002
v -13.734461 19.902578 5.159502
v -13.756559 18.231678 4.969401
v -13.901758 18.242279 4.951402
v -13.868761 19.918579 5.076602
v -14.039560 18.252378 4.874802
v -13.858961 16.794878 4.759501
v -13.919058 15.684679 4.584302
v -14.071260 15.686678 4.571002
v -14.007959 16.800579 4.744001
v -14.215658 15.688679 4.505802
v -14.149359 16.805979 4.673702
v -14.449060 15.691679 4.187102
v -14.377760 16.814379 4.327002
v -14.275259 16.810678 4.538102
v -14.344259 15.690378 4.380602
v -14.262060 18.268379 4.494602
v -14.162161 18.261278 4.726801
v -14.085661 19.944178 4.662702
v -13.988359 19.932779 4.916101
v -13.875559 13.893679 4.511602
v -13.772261 13.311679 4.532102
v -13.955458 13.303079 4.534202
v -14.048960 13.888378 4.506302
v -13.628660 12.522478 4.551302
v -13.825460 12.510078 4.562502
v -14.129660 13.295379 4.477602
v -14.213758 13.883478 4.445802
v -14.012758 12.498778 4.511202
v -13.445360 11.547178 4.571802
v -13.222761 10.406578 4.596202
v -13.461859 10.386378 4.626602
v -13.660360 11.530779 4.592902
v -13.690660 10.367779 4.586402
v -13.865561 11.515578 4.547302
v -14.071959 10.338279 4.273502
v -14.204660 11.491778 4.235302
v -14.050558 11.502378 4.429902
v -13.897760 10.351479 4.470502
v -14.320059 12.481078 4.199302
v -14.180861 12.488978 4.392002
v -14.413660 13.283479 4.166002
v -14.481260 13.876279 4.135602
v -14.360758 13.879478 4.324102
v -14.285460 13.288678 4.356702
v -12.961561 9.121578 4.627203
v -13.231359 9.098578 4.665102
v -12.683058 7.724380 4.661602
v -12.987959 7.699578 4.705903
v -13.490358 9.077179 4.629003
v -13.281958 7.676478 4.673003
v -12.408659 6.246879 4.696302
v -12.159658 4.721179 4.728202
v -12.539660 4.697878 4.783603
v -12.751059 6.221879 4.746202
v -12.908960 4.676078 4.756203
v -13.082460 6.198578 4.716103
v -13.540960 4.641078 4.429903
v -13.647459 6.161179 4.393302
v -13.386660 6.177979 4.600402
v -13.248960 4.656778 4.640303
v -13.780260 7.639679 4.354002
v -13.550760 7.656178 4.557503
v -13.926058 9.043078 4.313502
v -13.726160 9.058378 4.513603
v -11.957560 3.179379 4.754103
v -12.372961 3.159878 4.815403
v -11.807161 1.625478 4.773303
v -12.252359 1.611578 4.840003
v -12.778658 3.141679 4.791103
v -12.688860 1.598578 4.818703
v -11.712961 0.063478 4.785403
v -11.680059 -1.502522 4.789603
v -12.154058 -1.502522 4.861903
v -12.178961 0.056278 4.856003
v -12.620760 -1.502522 4.843603
v -12.637159 0.049478 4.836903
v -13.420160 -1.502522 4.512603
v -13.422159 0.038678 4.506003
v -13.060461 0.043478 4.722103
v -13.052061 -1.502522 4.729103
v -13.437159 1.577678 4.488503
v -13.092058 1.587078 4.703503
v -13.473761 3.112578 4.462403
v -13.152861 3.125678 4.675403
v 9.051744 72.485176 3.064795
v 9.209343 72.510971 3.111295
v 9.154544 71.421478 3.123496
v 8.991643 71.400574 3.074095
v 9.394544 72.545578 3.157495
v 9.345444 71.452477 3.172296
v 9.088043 70.219574 3.139296
v 8.918143 70.200775 3.086296
v 9.289844 70.254677 3.191596
v 9.586344 72.584877 3.208596
v 9.763643 72.625076 3.269795
v 9.724843 71.547577 3.287496
v 9.542744 71.494278 3.225395
v 9.700644 70.409172 3.309696
v 9.503843 70.313972 3.247096
v 9.465243 69.020378 3.274796
v 9.694344 69.203972 3.336896
v 9.215843 68.922577 3.216696
v 8.819643 68.858475 3.102896
v 8.996643 68.875778 3.160496
v 8.557644 57.799179 3.644797
v 8.831543 57.754677 3.637297
v 8.204542 55.995178 3.695197
v 8.487344 55.946075 3.675997
v 9.274143 57.679474 3.514797
v 9.075443 57.713875 3.596197
v 8.943943 55.865479 3.531397
v 8.738943 55.901878 3.623097
v 8.404444 53.114975 3.562497
v 8.189243 53.155479 3.671297
v 8.431844 54.347679 3.648297
v 8.642243 54.309074 3.547297
v 7.924643 53.205078 3.743897
v 8.173243 54.394875 3.711997
v 7.626743 53.260674 3.782597
v 7.882343 54.447578 3.741897
v 7.226942 51.635078 3.915797
v 7.082642 51.246277 3.970597
v 7.542543 51.563774 3.863497
v 7.401743 51.164375 3.915997
v 6.872442 50.743973 4.031497
v 7.193142 50.648979 3.974497
v 7.823442 51.500076 3.774097
v 8.052042 51.448074 3.646397
v 7.918743 51.029976 3.688597
v 7.686642 51.090576 3.822497
v 7.715143 50.491478 3.735797
v 7.480642 50.562775 3.876597
v 7.043842 49.197174 3.819197
v 6.813843 49.290878 3.971897
v 7.193642 49.951279 3.928897
v 7.427942 49.868576 3.781497
v 6.532742 49.403679 4.077497
v 6.906843 50.050980 4.030998
v 6.220842 49.527473 4.138498
v 6.587843 50.160378 4.090197
v 5.763042 48.877380 4.167998
v 6.060843 48.740677 4.105997
v 5.213142 48.197777 4.184398
v 5.491543 48.049576 4.121697
v 6.549643 48.513176 3.842297
v 6.329542 48.616280 3.998197
v 5.948843 47.804573 3.854897
v 5.742943 47.915375 4.012698
v 4.441542 46.265175 3.865197
v 4.270943 46.386673 4.025198
v 5.055943 47.176178 4.020099
v 5.245043 47.059273 3.861097
v 4.062742 46.534874 4.135898
v 4.825342 47.318375 4.129898
v 3.831642 46.699974 4.199798
v 4.569843 47.476074 4.193097
v 2.997343 45.857079 4.209998
v 3.204042 45.686974 4.144998
v 2.150543 45.022179 4.220199
v 2.334442 44.849274 4.153899
v 3.542042 45.410179 3.871199
v 3.389942 45.534676 4.032799
v 2.633942 44.568680 3.876899
v 2.499342 44.694778 4.040199
v 1.142242 43.223076 3.878499
v 1.035143 43.348976 4.043399
v 1.685543 43.941376 4.044599
v 1.804842 43.814880 3.880099
v 0.903242 43.503677 4.159099
v 1.539143 44.096573 4.159698
v 0.755342 43.677277 4.226899
v 1.375343 44.270576 4.226999
v -1.028658 41.896774 4.370698
v -2.148058 40.729675 4.565899
v -0.899958 41.740578 4.298698
v -2.018457 40.583679 4.487799
v -3.555058 39.222580 4.808099
v -3.423857 39.088676 4.722399
v -0.785658 41.601578 4.174399
v -0.692957 41.488480 3.994699
v -1.809858 40.348076 4.150699
v -1.903358 40.453773 4.350999
v -3.212458 38.872475 4.344499
v -3.307257 38.969475 4.570199
v -6.275158 35.397774 4.716699
v -6.372458 35.475975 4.989600
v -4.847057 37.269875 4.795400
v -4.750858 37.182175 4.543899
v -6.492058 35.571877 5.169400
v -4.965357 37.377380 4.962900
v -6.626358 35.679680 5.267700
v -5.098257 37.498276 5.055799
v -7.635458 33.639778 4.830600
v -7.733160 33.709076 5.116100
v -8.834158 31.901476 4.898400
v -8.931658 31.962278 5.189701
v -7.853159 33.793976 5.302000
v -9.051359 32.036873 5.377399
v -9.873560 30.176178 4.932600
v -10.756060 28.457079 4.946101
v -10.852160 28.501879 5.237901
v -9.970461 30.228779 5.225300
v -10.970358 28.556879 5.422700
v -10.089560 30.293478 5.412199
v -10.223360 30.366179 5.510400
v -11.103060 28.618879 5.518801
v -9.185961 32.120674 5.477400
v -7.987959 33.889473 5.402400
v -11.484060 26.737579 4.951401
v -11.579260 26.774578 5.242301
v -12.069960 25.016178 4.936301
v -12.164660 25.045778 5.224701
v -11.696360 26.820179 5.425701
v -12.280958 25.082378 5.406201
v -12.526358 23.291578 4.888501
v -12.865858 21.562378 4.795702
v -12.961058 21.578978 5.067801
v -12.620958 23.314379 5.171101
v -13.078161 21.599579 5.240702
v -12.737158 23.342478 5.349501
v -12.867861 23.374178 5.442001
v -13.209761 21.622879 5.331501
v -12.411760 25.123579 5.499901
v -11.828058 26.871479 5.520401
v -13.100958 19.827278 4.645802
v -13.197859 19.838579 4.900702
v -13.252958 18.195278 4.467502
v -13.352160 18.202379 4.702201
v -13.317060 19.852678 5.065102
v -13.474161 18.211079 4.856401
v -13.342958 16.775879 4.289701
v -13.392359 15.678078 4.141302
v -13.496061 15.679178 4.339002
v -13.444559 16.779478 4.504302
v -13.623659 15.680779 4.474602
v -13.569559 16.784079 4.648302
v -13.710360 16.789278 4.730502
v -13.767260 15.682579 4.554302
v -13.611460 18.221079 4.941602
v -13.451159 19.868679 5.153302
v -13.275259 13.914478 4.028202
v -13.138258 13.343879 4.008902
v -13.262758 13.337379 4.213902
v -13.393358 13.910278 4.226402
v -12.948259 12.568778 3.980802
v -13.081758 12.559379 4.193302
v -13.416361 13.329378 4.370402
v -13.538759 13.905178 4.372502
v -13.246561 12.547978 4.362202
v -12.702959 11.608079 3.951102
v -12.399958 10.480879 3.927202
v -12.561060 10.465778 4.155702
v -12.848558 11.595678 4.171602
v -12.760160 10.447478 4.350302
v -13.028158 11.580679 4.353602
v -13.230860 11.564178 4.489502
v -12.984758 10.427279 4.500702
v -13.432261 12.535378 4.483102
v -13.702459 13.899479 4.467302
v -13.589361 13.320579 4.477102
v -12.036661 9.206478 3.916302
v -12.217760 9.189178 4.152603
v -11.644258 7.815578 3.913702
v -11.847158 7.796979 4.157302
v -12.441259 9.168379 4.358202
v -12.097761 7.774579 4.372803
v -11.253561 6.338778 3.914303
v -10.895559 4.806979 3.913203
v -11.138460 4.789478 4.170503
v -11.477858 6.319979 4.164903
v -11.441660 4.768378 4.403903
v -11.755861 6.297479 4.389503
v -12.071558 6.272578 4.572103
v -11.787859 4.745179 4.595703
v -12.381361 7.749879 4.545803
v -12.693659 9.145378 4.520702
v -10.601160 3.250878 3.905703
v -10.857561 3.236278 4.169302
v -10.379461 1.676478 3.895503
v -10.644758 1.666078 4.164303
v -11.181360 3.218678 4.411502
v -10.983961 1.653578 4.414303
v -10.239260 0.090078 3.886303
v -10.189558 -1.502522 3.882003
v -10.461260 -1.502522 4.155903
v -10.509459 0.084578 4.158803
v -10.813559 -1.502522 4.413703
v -10.858358 0.078078 4.414403
v -11.266161 0.070878 4.630703
v -11.226458 -1.502522 4.632603
v -11.377859 1.639778 4.624403
v -11.554258 3.199378 4.613002
v 8.677043 67.322273 2.553796
v 8.492244 65.615677 2.523096
v 8.669643 65.600777 2.457796
v 8.852544 67.312271 2.495296
v 8.260342 63.773178 2.484396
v 8.440743 63.753677 2.411496
v 8.888043 65.582275 2.399096
v 9.068243 67.299873 2.442096
v 8.662944 63.729576 2.346896
v 7.979542 61.850876 2.438096
v 7.647942 59.904976 2.384496
v 7.837742 59.877579 2.295796
v 8.163942 61.827278 2.357196
v 8.071743 59.843674 2.220996
v 8.391243 61.798073 2.286996
v 8.614543 59.763878 2.116997
v 8.918843 61.729179 2.181596
v 8.647543 61.764778 2.228296
v 8.335443 59.805077 2.161097
v 9.178344 63.672676 2.243196
v 8.913343 63.702171 2.290796
v 9.394143 65.538376 2.299296
v 9.567543 67.270172 2.347296
v 9.310944 67.285675 2.393196
v 9.134044 65.561073 2.346396
v 9.593244 59.615974 2.187696
v 9.870644 61.601074 2.216096
v 9.682043 61.626778 2.155396
v 9.399143 59.645576 2.116896
v 10.106544 63.566177 2.246896
v 9.922843 63.587578 2.195596
v 9.450744 61.658073 2.135696
v 9.161444 59.681679 2.086797
v 9.697344 63.613571 2.184996
v 10.303043 65.455177 2.277796
v 10.462044 67.211578 2.306296
v 10.285543 67.223473 2.270296
v 10.123444 65.471878 2.234796
v 10.068543 67.237976 2.273396
v 9.902743 65.492271 2.231896
v 9.655044 65.514977 2.257296
v 9.824543 67.253876 2.303196
v 9.444444 63.642578 2.204396
v 8.894843 59.721977 2.089496
v 9.191544 61.692879 2.147596
v 10.809243 72.610771 2.386096
v 10.856544 73.684273 2.404196
v 10.685743 73.672272 2.383795
v 10.636944 72.603172 2.363895
v 10.883143 74.605072 2.427295
v 10.719543 74.601578 2.408895
v 10.474044 73.659378 2.397295
v 10.424343 72.594475 2.376895
v 10.514143 74.603874 2.422395
v 10.877145 75.304672 2.459995
v 10.848245 75.714378 2.494095
v 10.744445 75.879974 2.491795
v 10.732144 75.335777 2.444195
v 10.567245 75.998077 2.504495
v 10.543344 75.390778 2.456695
v 10.088345 75.977272 2.564395
v 10.061944 75.352272 2.524495
v 10.312644 75.391472 2.487495
v 10.339845 76.020477 2.531995
v 10.027043 74.555771 2.495595
v 10.277944 74.588577 2.455495
v 9.983943 73.617477 2.473896
v 9.932943 72.566872 2.455296
v 10.185043 72.583076 2.411695
v 10.235443 73.642273 2.431695
v 7.311342 53.319176 1.885197
v 7.574942 54.502975 1.933297
v 7.266842 54.557877 1.960397
v 6.994642 53.377380 1.907097
v 7.905043 56.043274 1.989897
v 7.606642 56.094177 2.023097
v 6.974342 54.609573 2.014297
v 6.693642 53.432373 1.958797
v 7.323942 56.142075 2.079697
v 8.264143 57.832779 2.052097
v 7.975643 57.879074 2.091397
v 7.702843 57.922577 2.150297
v 7.263742 57.991875 2.323897
v 7.460543 57.960876 2.227997
v 6.868042 56.218674 2.261697
v 7.072443 56.184380 2.159397
v 6.501942 54.692574 2.202997
v 6.206543 53.520775 2.153097
v 6.425243 53.481079 2.040597
v 6.713942 54.655380 2.095097
v 5.898542 49.653877 1.517797
v 6.256842 50.272278 1.566397
v 5.934042 50.379379 1.586897
v 5.586042 49.774879 1.538997
v 6.537743 50.841675 1.625597
v 6.208843 50.935875 1.645197
v 5.633343 50.478180 1.647897
v 5.296343 49.886276 1.602097
v 5.900642 51.022980 1.703697
v 6.747942 51.331177 1.687097
v 6.894342 51.709679 1.742597
v 6.562243 51.783279 1.760497
v 6.416243 51.413879 1.705797
v 6.247843 51.852478 1.813997
v 6.103743 51.491074 1.761697
v 5.740442 51.963379 2.032397
v 5.601242 51.614479 1.990497
v 5.826643 51.559074 1.856197
v 5.968142 51.913673 1.904297
v 5.407642 51.162277 1.943997
v 5.628542 51.099678 1.802797
v 5.154442 50.635880 1.899297
v 4.836542 50.064278 1.862597
v 5.042242 49.984077 1.709297
v 5.368843 50.564880 1.751397
v 3.592442 46.872177 1.455598
v 4.305943 47.639679 1.462598
v 4.050243 47.799477 1.484898
v 3.359743 47.041580 1.478097
v 4.926043 48.350578 1.471497
v 4.648542 48.498573 1.493597
v 3.813143 47.948677 1.550898
v 3.143343 47.200478 1.544598
v 4.391642 48.635979 1.558898
v 5.455942 49.017677 1.487997
v 5.159042 49.152473 1.509697
v 4.884243 49.277077 1.574297
v 4.448742 49.476379 1.840398
v 4.643543 49.386574 1.683797
v 3.984343 48.856277 1.828398
v 4.166542 48.757179 1.669798
v 3.436642 48.188080 1.822398
v 2.798943 47.455879 1.817998
v 2.953243 47.341080 1.657198
v 3.605143 48.080475 1.662598
v 0.599743 43.860176 1.426299
v 1.203743 44.453674 1.426599
v 1.034142 44.635979 1.449599
v 0.445042 44.042580 1.449199
v 1.958843 45.203773 1.433999
v 1.770443 45.384079 1.456899
v 0.874643 44.808174 1.518399
v 0.299242 44.215179 1.518299
v 1.593943 45.554077 1.525099
v 2.782543 46.035080 1.444898
v 2.572742 46.211174 1.467599
v 2.376942 46.376877 1.534899
v 2.064543 46.643578 1.811098
v 2.204443 46.523880 1.648799
v 1.311842 45.827873 1.804098
v 1.438242 45.705078 1.640199
v 0.619143 45.085579 1.799499
v 0.065042 44.493080 1.799999
v 0.169943 44.368378 1.634699
v 0.733643 44.961075 1.634599
v -6.768057 35.793274 0.378299
v -5.238558 37.625778 0.591299
v -5.378958 37.753174 0.619399
v -6.909857 35.906876 0.407299
v -3.693558 39.363777 0.840699
v -3.832058 39.504974 0.867299
v -5.511957 37.873878 0.712599
v -7.044258 36.014580 0.505799
v -3.963358 39.638680 0.953399
v -2.284857 40.883675 1.084799
v -1.164558 42.061577 1.281499
v -1.300457 42.226280 1.304999
v -2.421757 41.037575 1.109599
v -1.429358 42.382179 1.377699
v -2.551458 41.183273 1.188299
v -1.636757 42.633377 1.682399
v -2.760458 41.418274 1.525999
v -2.666758 41.312874 1.325599
v -1.543758 42.520775 1.502499
v -4.175058 39.854378 1.331699
v -4.080158 39.757576 1.105899
v -5.726557 38.068878 1.131799
v -7.261158 36.188477 0.958599
v -7.163757 36.110374 0.685699
v -5.630257 37.981377 0.880299
v -11.730360 28.911278 0.728801
v -11.634260 28.866478 0.436901
v -10.758661 30.656977 0.449501
v -10.855558 30.709677 0.742301
v -11.516058 28.811378 0.252201
v -10.639559 30.592276 0.262701
v -9.724260 32.455978 0.485201
v -9.821760 32.516777 0.776601
v -9.604460 32.381378 0.297501
v -11.383360 28.749479 0.156001
v -11.243261 28.684179 0.130101
v -10.364561 30.442879 0.137501
v -10.505758 30.519575 0.164501
v -9.327959 32.209076 0.169401
v -9.469961 32.297577 0.197501
v -8.272459 34.090874 0.272499
v -8.130159 33.990173 0.243699
v -8.407259 34.186279 0.372999
v -8.624861 34.340477 0.844500
v -8.527159 34.271179 0.559000
v -13.832258 21.732479 0.870701
v -13.736860 21.715878 0.599401
v -13.390860 23.501179 0.500701
v -13.485460 23.523878 0.783001
v -13.619558 21.695278 0.428401
v -13.274561 23.472979 0.323101
v -12.935160 25.288279 0.449401
v -13.029860 25.317879 0.737801
v -12.818758 25.251678 0.268101
v -13.487761 21.671978 0.340301
v -13.348761 21.647379 0.317701
v -13.005758 23.407778 0.207801
v -13.143759 23.441278 0.231701
v -12.549860 25.166979 0.150001
v -12.687960 25.210478 0.174701
v -12.105959 26.979879 0.154501
v -11.966959 26.925678 0.129201
v -12.237558 27.031179 0.249201
v -12.449961 27.113878 0.723501
v -12.354658 27.076778 0.432501
v -14.528761 14.511379 1.620202
v -14.420359 14.512579 1.442602
v -14.417158 14.530279 1.450402
v -14.524858 14.529079 1.626802
v -14.287458 14.513979 1.326602
v -14.285158 14.531679 1.335302
v -14.408159 14.659578 1.437402
v -14.515261 14.658678 1.615002
v -14.276861 14.660679 1.321602
v -14.138159 14.515579 1.265902
v -13.981058 14.517378 1.254402
v -13.980761 14.534979 1.263802
v -14.136858 14.533279 1.275102
v -13.974260 14.663078 1.249702
v -14.129461 14.661779 1.261202
v -13.919058 15.684679 1.090502
v -14.071260 15.686678 1.103902
v -14.109659 15.010078 1.209102
v -13.955561 15.010178 1.196902
v -14.215658 15.688679 1.169002
v -14.255960 15.009979 1.271002
v -14.344259 15.690378 1.294202
v -14.449060 15.691679 1.487802
v -14.492460 15.009678 1.572802
v -14.386259 15.009779 1.389902
v -14.071959 10.338279 1.401402
v -13.897760 10.351479 1.204402
v -14.050459 11.502378 1.245002
v -14.204660 11.491778 1.439602
v -13.690660 10.367779 1.088502
v -13.865561 11.515578 1.127502
v -14.180861 12.488978 1.282902
v -14.319960 12.481078 1.475602
v -14.012758 12.498778 1.163602
v -13.461859 10.386378 1.048302
v -13.222761 10.406578 1.078702
v -13.445261 11.547178 1.103102
v -13.660360 11.530779 1.082002
v -13.628660 12.522478 1.123502
v -13.825361 12.510078 1.112302
v -13.875559 13.893679 1.163302
v -14.048960 13.888378 1.168502
v -13.955359 13.303079 1.140702
v -13.772261 13.311679 1.142702
v -14.213659 13.883478 1.229102
v -14.129560 13.295379 1.197302
v -14.360758 13.879478 1.350802
v -14.481260 13.876279 1.539202
v -14.413660 13.283479 1.508902
v -14.285460 13.288678 1.318202
v -13.540960 4.641078 1.245003
v -13.248960 4.656778 1.034603
v -13.386660 6.177978 1.074502
v -13.647459 6.161178 1.281603
v -12.908960 4.676078 0.918603
v -13.082460 6.198578 0.958703
v -13.550760 7.656178 1.117302
v -13.780260 7.639679 1.320902
v -13.281958 7.676478 1.001902
v -12.539660 4.697878 0.891303
v -12.159658 4.721178 0.946703
v -12.408659 6.246878 0.978603
v -12.751059 6.221878 0.928603
v -12.683058 7.724379 1.013302
v -12.987959 7.699578 0.969002
v -13.231359 9.098578 1.009802
v -12.961561 9.121578 1.047702
v -13.490358 9.077179 1.045802
v -13.926058 9.043078 1.361402
v -13.726160 9.058378 1.161202
v -13.420160 -1.502522 1.162303
v -13.052061 -1.502522 0.945703
v -13.060461 0.043478 0.952703
v -13.422159 0.038678 1.168903
v -12.620760 -1.502522 0.831203
v -12.637159 0.049478 0.838003
v -13.092058 1.587078 0.971403
v -13.437159 1.577678 1.186303
v -12.688860 1.598578 0.856203
v -12.154058 -1.502522 0.813003
v -11.680059 -1.502522 0.885303
v -11.712961 0.063478 0.889503
v -12.178961 0.056278 0.818803
v -11.807058 1.625478 0.901503
v -12.252359 1.611578 0.834803
v -12.372961 3.159878 0.859503
v -11.957560 3.179378 0.920803
v -12.778658 3.141678 0.883803
v -13.473761 3.112578 1.212403
v -13.152861 3.125678 0.999503
v 9.733644 73.581375 2.510996
v 9.681543 72.544174 2.494496
v 9.777643 74.505272 2.530295
v 9.497744 73.540878 2.545995
v 9.444243 72.519073 2.531996
v 9.544343 74.443176 2.562395
v 9.838844 75.898773 2.591595
v 9.812944 75.287376 2.555895
v 9.611944 75.770874 2.615095
v 9.584145 75.193771 2.584095
v 9.313544 75.378677 2.653295
v 9.250144 74.983673 2.642595
v 9.394044 75.068672 2.611495
v 9.428544 75.579376 2.636395
v 9.181944 74.327072 2.631595
v 9.341844 74.375572 2.594995
v 9.122244 73.474174 2.622296
v 9.064043 72.477371 2.613696
v 9.233943 72.495476 2.570796
v 9.289543 73.502876 2.582096
v 8.404444 53.114975 2.112397
v 8.642243 54.309074 2.127497
v 8.431844 54.347679 2.026597
v 8.189243 53.155479 2.003597
v 8.943443 55.862373 2.144497
v 8.738243 55.898476 2.052797
v 8.173243 54.394875 1.962897
v 7.924643 53.205078 1.930997
v 8.486444 55.942574 1.999797
v 9.272243 57.667274 2.164197
v 9.072643 57.700378 2.082797
v 8.827844 57.740677 2.041297
v 8.553244 57.785774 2.033297
v 8.203543 55.991776 1.980497
v 7.626743 53.260674 1.892297
v 7.882343 54.447578 1.932897
v 7.043842 49.197174 1.855697
v 7.427942 49.868576 1.893297
v 7.193642 49.951279 1.745997
v 6.813843 49.290878 1.702997
v 7.715143 50.491478 1.939097
v 7.480642 50.562775 1.798297
v 6.906843 50.050980 1.643797
v 6.532742 49.403679 1.597397
v 7.193142 50.648979 1.700297
v 7.918743 51.029976 1.986297
v 8.052042 51.448074 2.028497
v 7.823442 51.500076 1.900797
v 7.686642 51.090576 1.852297
v 7.542543 51.563774 1.811397
v 7.401743 51.164375 1.758897
v 7.082642 51.246277 1.704297
v 7.226942 51.635078 1.759097
v 6.872442 50.743973 1.643397
v 6.220842 49.527473 1.536397
v 6.587843 50.160378 1.584697
v 4.441542 46.265175 1.809699
v 5.245043 47.059273 1.813797
v 5.055943 47.176178 1.654797
v 4.270943 46.386673 1.649698
v 5.948843 47.804573 1.819997
v 5.742943 47.915375 1.662197
v 4.825342 47.318375 1.544997
v 4.062742 46.534874 1.538998
v 5.491543 48.049576 1.553197
v 6.549643 48.513176 1.832597
v 6.329542 48.616280 1.676597
v 6.060843 48.740677 1.568897
v 5.763042 48.877380 1.506897
v 5.213142 48.197777 1.490497
v 3.831642 46.699974 1.475098
v 4.569843 47.476074 1.481798
v 1.142242 43.223076 1.796399
v 1.804842 43.814880 1.794799
v 1.685543 43.941376 1.630299
v 1.035143 43.348976 1.631499
v 2.634043 44.568680 1.797999
v 2.499342 44.694778 1.634699
v 1.539143 44.096573 1.515199
v 0.903242 43.503677 1.515799
v 2.334442 44.849274 1.520899
v 3.542042 45.410179 1.803699
v 3.389942 45.534676 1.642099
v 3.204042 45.686974 1.529899
v 2.997343 45.857079 1.464899
v 2.150543 45.022179 1.454699
v 0.755342 43.677277 1.447899
v 1.375343 44.270576 1.447899
v -6.275158 35.397774 0.958199
v -4.750858 37.182175 1.130999
v -4.847057 37.269875 0.879499
v -6.372458 35.475975 0.685299
v -3.212458 38.872475 1.330399
v -3.307257 38.969475 1.104599
v -4.965357 37.377380 0.711999
v -6.492058 35.571877 0.505499
v -3.423857 39.088676 0.952399
v -1.809858 40.348076 1.524199
v -0.692957 41.488480 1.680199
v -0.785658 41.601578 1.500499
v -1.903358 40.453773 1.323899
v -0.899958 41.740578 1.376199
v -2.018457 40.583679 1.187099
v -2.148058 40.729675 1.108999
v -1.028658 41.896774 1.304199
v -3.555058 39.222580 0.866799
v -6.626358 35.679680 0.407099
v -5.098257 37.498276 0.618999
v -11.103060 28.618879 0.156001
v -10.223360 30.366179 0.164501
v -10.970358 28.556879 0.252201
v -10.089560 30.293478 0.262701
v -9.185961 32.120674 0.197401
v -9.051359 32.036873 0.297401
v -10.852160 28.501879 0.436901
v -10.756060 28.457079 0.728801
v -9.873560 30.176178 0.742301
v -9.970461 30.228779 0.449501
v -8.834158 31.901476 0.776500
v -8.931658 31.962278 0.485200
v -7.733160 33.709076 0.558799
v -7.635458 33.639778 0.844299
v -7.853159 33.793976 0.372899
v -7.987959 33.889473 0.272499
v -13.209761 21.622879 0.343301
v -12.867861 23.374178 0.232901
v -13.078161 21.599579 0.434201
v -12.737158 23.342478 0.325401
v -12.411760 25.123579 0.175001
v -12.280958 25.082378 0.268701
v -12.961058 21.578978 0.607101
v -12.865858 21.562378 0.879101
v -12.526358 23.291578 0.786401
v -12.620958 23.314379 0.503801
v -12.069960 25.016178 0.738601
v -12.164660 25.045778 0.450201
v -11.579260 26.774578 0.432501
v -11.484060 26.737579 0.723501
v -11.696360 26.820179 0.249201
v -11.828058 26.871479 0.154501
v -13.824259 14.519278 1.286002
v -13.825060 14.536678 1.295102
v -13.675959 14.521179 1.364302
v -13.677759 14.538378 1.372702
v -13.819361 14.664379 1.280702
v -13.672960 14.665678 1.358202
v -13.544260 14.522879 1.492902
v -13.437159 14.524378 1.675502
v -13.440660 14.541479 1.681602
v -13.546961 14.540079 1.500302
v -13.437059 14.667978 1.668702
v -13.542860 14.666878 1.486202
v -13.392359 15.678078 1.533602
v -13.496061 15.679178 1.335802
v -13.527361 15.010778 1.436202
v -13.422358 15.011078 1.623702
v -13.623659 15.680779 1.200302
v -13.656458 15.010578 1.305802
v -13.767260 15.682579 1.120602
v -13.801859 15.010279 1.227602
v -12.984758 10.427279 1.174202
v -13.230860 11.564178 1.185402
v -12.760160 10.447478 1.324502
v -13.028158 11.580679 1.321302
v -13.432261 12.535378 1.191802
v -13.246561 12.547978 1.312702
v -12.561060 10.465778 1.519202
v -12.399958 10.480879 1.747702
v -12.702959 11.608079 1.723802
v -12.848459 11.595678 1.503302
v -12.948259 12.568778 1.694102
v -13.081758 12.559379 1.481602
v -13.275259 13.914478 1.646702
v -13.393259 13.910278 1.448402
v -13.262758 13.337379 1.461002
v -13.138258 13.343879 1.666002
v -13.538759 13.905178 1.302402
v -13.416361 13.329378 1.304402
v -13.702459 13.899479 1.207602
v -13.589361 13.320579 1.197802
v -11.787859 4.745178 1.079103
v -12.071558 6.272578 1.102803
v -11.441660 4.768378 1.270903
v -11.755861 6.297478 1.285303
v -12.381361 7.749879 1.129102
v -12.097761 7.774578 1.302102
v -11.138460 4.789478 1.504303
v -10.895559 4.806978 1.761603
v -11.253561 6.338778 1.760602
v -11.477758 6.319978 1.510002
v -11.644258 7.815578 1.761202
v -11.847158 7.796979 1.517602
v -12.217760 9.189178 1.522302
v -12.036661 9.206478 1.758502
v -12.441259 9.168379 1.316602
v -12.693659 9.145378 1.154202
v -11.226458 -1.502522 1.042303
v -11.266161 0.070878 1.044203
v -10.813559 -1.502522 1.261103
v -10.858358 0.078078 1.260503
v -11.377859 1.639778 1.050503
v -10.983961 1.653578 1.260503
v -10.461161 -1.502522 1.518903
v -10.189558 -1.502522 1.792803
v -10.239260 0.090078 1.788503
v -10.509459 0.084578 1.516103
v -10.379461 1.676478 1.779403
v -10.644758 1.666078 1.510503
v -10.857561 3.236278 1.505603
v -10.601160 3.250878 1.769103
v -11.181360 3.218678 1.263303
v -11.554258 3.199378 1.061903
v 7.381342 59.942978 2.837396
v 7.720242 61.883377 2.837396
v 7.730942 61.882080 2.943596
v 7.392342 59.941376 2.958797
v 8.006243 63.800171 2.837396
v 8.016743 63.799072 2.930796
v 7.772343 61.878174 3.047396
v 7.434542 59.936073 3.077096
v 8.057642 63.796577 3.022496
v 8.241644 65.636772 2.837396
v 8.428944 67.336876 2.837396
v 8.439243 67.336273 2.912496
v 8.252144 65.635872 2.920496
v 8.479444 67.336273 2.986296
v 8.292645 65.634773 3.002096
v 8.372443 65.634972 3.080996
v 8.558144 67.338974 3.057696
v 8.138142 63.793373 3.110596
v 7.517443 59.926079 3.188997
v 7.853743 61.871475 3.146596
v 10.715644 67.219673 2.849396
v 10.559744 65.454071 2.846896
v 10.552644 65.477875 3.028596
v 10.711043 67.245575 3.026396
v 10.368843 63.553574 2.844196
v 10.359843 63.572472 3.030696
v 10.522444 65.530678 3.203996
v 10.688744 67.311974 3.201296
v 10.322643 63.603775 3.206596
v 10.140143 61.575974 2.841596
v 9.870543 59.579475 2.839496
v 9.859243 59.586975 3.034596
v 10.129744 61.588875 3.032696
v 9.815844 59.600578 3.217696
v 10.088544 61.608276 3.211696
v 10.008143 61.633080 3.365096
v 9.731644 59.620377 3.376196
v 10.250343 63.650375 3.358796
v 10.649043 67.447876 3.366996
v 10.465943 65.630074 3.363096
v 10.113745 76.219177 3.202195
v 10.121545 76.556572 3.107295
v 10.380244 76.679771 3.143295
v 10.389045 76.536072 3.244395
v 10.125944 76.734177 3.019095
v 10.383844 76.804276 3.043395
v 10.620645 76.697174 3.178295
v 10.618844 76.609871 3.285695
v 10.625344 76.768974 3.068195
v 10.127045 76.820274 2.931395
v 10.125745 76.833473 2.845595
v 10.384845 76.876778 2.847395
v 10.385545 76.868271 2.944195
v 10.627645 76.810875 2.848995
v 10.628144 76.808678 2.957595
v 10.993344 76.189377 2.851695
v 10.994744 76.197472 2.982695
v 10.837045 76.599075 2.970695
v 10.836345 76.595276 2.850395
v 10.989044 76.185776 3.114795
v 10.832644 76.576378 3.092495
v 10.976645 76.157272 3.243395
v 10.957845 76.114677 3.363995
v 10.813045 76.475578 3.326395
v 10.824244 76.533173 3.212295
v 11.017743 72.694275 3.461996
v 11.046344 72.677673 3.324696
v 10.987244 71.538773 3.336695
v 10.958643 71.581772 3.476295
v 11.063443 72.665077 3.172895
v 11.005943 71.508774 3.181495
v 10.904544 70.313873 3.347796
v 10.876344 70.409874 3.489596
v 10.926744 70.254272 3.188796
v 11.068744 72.655075 3.013695
v 11.062143 72.646172 2.854095
v 11.008344 71.475777 2.853595
v 11.013344 71.488777 3.017996
v 10.935643 70.200874 2.852796
v 10.937743 70.219475 3.021396
v 10.838143 68.815575 3.024096
v 10.839443 68.792076 2.851396
v 10.822244 68.870872 3.195796
v 10.766144 69.174675 3.504496
v 10.793544 68.979675 3.359896
v 6.054543 53.548279 3.377997
v 6.354742 54.718475 3.336997
v 5.958942 53.565575 3.210797
v 6.262342 54.734680 3.181797
v 6.726343 56.242676 3.288797
v 6.637442 56.257378 3.147597
v 5.909742 53.574577 3.027998
v 5.896742 53.576874 2.837397
v 6.202343 54.745277 2.837397
v 6.214842 54.743080 3.012997
v 6.579943 56.266975 2.837397
v 6.591843 56.264977 2.995297
v 6.998442 58.033379 2.976697
v 6.987043 58.035179 2.837397
v 7.042242 58.026878 3.111597
v 7.127842 58.014175 3.237897
v 4.692043 50.122780 3.610697
v 5.004143 50.687576 3.581497
v 4.600042 50.161774 3.372997
v 4.908642 50.721977 3.352697
v 5.253042 51.207474 3.545797
v 5.155142 51.237175 3.327897
v 4.551842 50.183380 3.111297
v 4.538643 50.189980 2.837397
v 4.845242 50.746574 2.837397
v 4.858742 50.740974 3.100897
v 5.090342 51.258080 2.837397
v 5.104143 51.253273 3.088198
v 5.415743 52.034676 2.837397
v 5.429543 52.031578 3.063098
v 5.292742 51.692780 3.074997
v 5.278942 51.696579 2.837397
v 5.481443 52.020180 3.278997
v 5.344442 51.679276 3.302198
v 5.581543 51.998177 3.475397
v 5.443842 51.653877 3.508697
v 2.690542 47.536873 3.645898
v 3.318043 48.264877 3.642598
v 2.621443 47.588974 3.397298
v 3.242443 48.314575 3.395098
v 3.856142 48.927574 3.637898
v 3.774242 48.974373 3.391898
v 2.585243 47.616478 3.123698
v 2.575342 47.624176 2.837399
v 3.191742 48.348877 2.837399
v 3.202642 48.341278 3.122499
v 3.719442 49.007278 2.837398
v 3.731243 48.999878 3.120898
v 4.178442 49.608475 3.117497
v 4.165943 49.615578 2.837397
v 4.224342 49.584679 3.385297
v 4.311743 49.541473 3.628398
v -0.007658 44.579674 3.659399
v 0.539543 45.172180 3.659999
v -0.053057 44.634178 3.406399
v 0.489443 45.226776 3.406799
v 1.223543 45.913780 3.656598
v 1.167643 45.968079 3.404498
v -0.076357 44.662079 3.128199
v -0.082457 44.669579 2.837399
v 0.456842 45.262573 2.837399
v 0.463642 45.255074 3.128399
v 1.130842 46.003975 2.837399
v 1.138643 45.996376 3.127298
v 1.871542 46.809174 3.125499
v 1.862642 46.816879 2.837399
v 1.904142 46.781174 3.400898
v 1.966442 46.727577 3.651198
v -7.328857 36.242973 4.338300
v -5.793457 38.129776 4.198200
v -7.371458 36.277275 3.881699
v -5.835457 38.168076 3.783499
v -4.240858 39.921677 4.037000
v -4.282057 39.963974 3.670599
v -7.393457 36.294975 3.372699
v -7.399258 36.299774 2.837399
v -5.862757 38.193176 2.837399
v -5.857058 38.187874 3.322099
v -4.308758 39.991577 2.837399
v -4.303158 39.985779 3.263999
v -1.766558 42.792274 2.837399
v -1.761257 42.785675 3.162499
v -2.886457 41.560974 3.207799
v -2.891857 41.567177 2.837399
v -1.740957 42.760574 3.472999
v -2.865757 41.537376 3.561099
v -1.700958 42.711578 3.754499
v -2.825258 41.491478 3.880399
v -11.797159 28.942379 4.528701
v -10.923059 30.746275 4.516701
v -11.839159 28.961878 4.017301
v -10.965460 30.769377 4.008301
v -9.889559 32.559074 4.487600
v -9.932261 32.585777 3.987301
v -11.860758 28.971979 3.443001
v -11.866461 28.974579 2.837401
v -10.993059 30.784475 2.837401
v -10.987261 30.781275 3.438301
v -9.960161 32.603279 2.837401
v -9.954359 32.599579 3.427301
v -8.757761 34.434875 3.406599
v -8.763659 34.439079 2.837399
v -8.735659 34.419174 3.947399
v -8.692858 34.388680 4.431499
v -13.898458 21.743778 4.415401
v -13.551161 23.539478 4.486201
v -13.940058 21.750679 3.938401
v -13.592360 23.549179 3.988001
v -13.095560 25.338278 4.522601
v -13.136858 25.350979 4.013401
v -13.961359 21.754078 3.402601
v -13.967058 21.754978 2.837401
v -13.619158 23.555178 2.837401
v -13.613558 23.553978 3.428101
v -13.163660 25.359079 2.837401
v -13.158060 25.357479 3.441201
v -12.579058 27.163778 3.445101
v -12.584761 27.165878 2.837401
v -12.557760 27.155579 4.021101
v -12.516161 27.139479 4.533701
v -14.528761 14.511379 4.054702
v -14.604158 14.510479 3.809602
v -14.599760 14.528179 3.804402
v -14.524858 14.529079 4.048102
v -14.651560 14.509779 3.513702
v -14.646959 14.527479 3.510102
v -14.589758 14.657879 3.814002
v -14.515261 14.658678 4.059802
v -14.636660 14.657278 3.516902
v -14.676058 14.509478 3.184002
v -14.682558 14.509279 2.837402
v -14.677759 14.526878 2.837402
v -14.671259 14.526978 3.182202
v -14.667261 14.656679 2.837402
v -14.660860 14.656879 3.185702
v -14.597860 15.692678 2.837402
v -14.591658 15.692778 3.222802
v -14.636961 15.008778 3.198002
v -14.643358 15.008678 2.837402
v -14.567961 15.692678 3.589002
v -14.612959 15.009079 3.540802
v -14.522058 15.692379 3.916802
v -14.492460 15.009678 4.102102
v -14.566359 15.009378 3.848102
v -14.201761 10.328979 3.990002
v -14.317659 11.484479 3.958102
v -14.290258 10.323178 3.641802
v -14.393358 11.479878 3.618902
v -14.420359 12.475779 3.927802
v -14.486361 12.472479 3.597202
v -14.340860 10.320079 3.250402
v -14.356661 10.319279 2.837402
v -14.448458 11.476878 2.837402
v -14.435659 11.477478 3.238502
v -14.532961 12.470379 2.837402
v -14.522360 12.470778 3.227202
v -14.656458 13.872478 2.837402
v -14.648661 13.872579 3.207302
v -14.595358 13.276878 3.216702
v -14.604258 13.276678 2.837402
v -14.620161 13.873078 3.559102
v -14.563761 13.277879 3.577102
v -14.566061 13.874278 3.874602
v -14.504759 13.279979 3.899902
v -13.766161 4.629879 4.119402
v -13.848658 6.149279 4.089202
v -13.925661 4.622580 3.733803
v -13.991060 6.141580 3.712302
v -13.956160 7.627978 4.056803
v -14.079859 7.620378 3.689302
v -14.020460 4.618680 3.298203
v -14.051661 4.617579 2.837403
v -14.103758 6.136279 2.837403
v -14.075758 6.137478 3.287003
v -14.176859 7.615278 2.837403
v -14.152960 7.616379 3.275103
v -14.244059 9.021878 3.262802
v -14.263659 9.020879 2.837402
v -14.182760 9.025478 3.665602
v -14.077559 9.032378 4.023303
v -13.697058 -1.502522 4.188103
v -13.695158 0.035178 4.182703
v -13.888159 -1.502522 3.782803
v -13.884161 0.032878 3.778903
v -13.699358 1.570978 4.168103
v -13.882261 1.566578 3.768503
v -13.998560 -1.502522 3.323603
v -14.033560 -1.502522 2.837403
v -14.028761 0.031278 2.837403
v -13.993761 0.031678 3.321603
v -14.023760 1.563578 2.837403
v -13.989260 1.564278 3.316203
v -13.994860 3.093779 3.308103
v -14.028261 3.092878 2.837403
v -13.892759 3.097078 3.753003
v -13.719759 3.103178 4.146403
v 8.942543 72.471977 3.012795
v 9.004343 73.464676 3.006795
v 9.110244 73.481575 3.056796
v 8.874344 72.467476 2.956696
v 8.939544 73.460571 2.952595
v 9.072944 74.327072 3.001595
v 9.172744 74.336876 3.048895
v 9.013944 74.339874 2.949795
v 8.839543 72.467972 2.897696
v 8.830443 72.469376 2.837395
v 8.899444 73.466072 2.837395
v 8.907344 73.463173 2.895695
v 8.979043 74.355873 2.837595
v 8.985543 74.350876 2.894495
v 9.218945 75.740677 2.838795
v 9.222744 75.730675 2.897295
v 9.086544 75.112877 2.894795
v 9.081544 75.120277 2.837995
v 9.238645 75.674377 2.952195
v 9.109445 75.081573 2.948995
v 9.271844 75.549973 2.999395
v 9.310844 75.397873 3.031195
v 9.244844 74.998375 3.039995
v 9.157845 75.018974 2.997395
v 9.427944 75.929771 3.012795
v 9.425144 75.607277 3.052295
v 9.414245 76.107178 2.961495
v 9.625444 76.200073 3.036595
v 9.608045 75.826271 3.084595
v 9.627444 76.409271 2.976395
v 9.403444 76.198776 2.840095
v 9.406344 76.186172 2.902495
v 9.623645 76.517975 2.841795
v 9.625844 76.503372 2.910195
v 9.869945 76.706673 2.919895
v 9.868244 76.721771 2.843695
v 9.869245 76.610374 2.996195
v 9.837045 76.013176 3.129395
v 9.863244 76.402771 3.069895
v 9.412744 57.654175 3.386497
v 9.500143 57.636879 3.223097
v 9.086743 55.839676 3.396097
v 9.176744 55.823074 3.228097
v 9.557243 57.622276 2.838297
v 9.545343 57.626579 3.036397
v 9.235744 55.811378 2.837597
v 9.223344 55.814178 3.038297
v 8.709543 53.057373 2.837397
v 8.696644 53.059875 3.042797
v 8.928643 54.256378 3.040397
v 8.941343 54.253975 2.837397
v 8.648144 53.068977 3.238597
v 8.881043 54.265175 3.233197
v 8.554044 53.086777 3.414997
v 8.788843 54.282173 3.405597
v 8.210642 51.412277 3.478897
v 8.079542 50.987778 3.512597
v 8.310143 51.389877 3.281597
v 8.180042 50.961174 3.304997
v 7.877243 50.441475 3.550297
v 7.978342 50.409576 3.331297
v 8.361142 51.378479 3.064497
v 8.374642 51.375580 2.837397
v 8.244942 50.943779 2.837397
v 8.231543 50.947479 3.076497
v 8.043243 50.388275 2.837397
v 8.029842 50.392876 3.089997
v 7.363842 49.059074 2.837397
v 7.351042 49.065376 3.113797
v 7.741343 49.752876 3.102997
v 7.754543 49.747375 2.837397
v 7.301043 49.088074 3.377797
v 7.690243 49.772675 3.356797
v 7.202442 49.130775 3.617097
v 7.589642 49.810173 3.586897
v 6.701542 48.440277 3.635497
v 6.796043 48.393478 3.390597
v 6.091242 47.726479 3.645497
v 6.179943 47.676476 3.397597
v 6.856342 48.361778 2.837397
v 6.843943 48.368675 3.120397
v 6.236942 47.642876 2.837397
v 6.225243 47.650177 3.123998
v 4.682142 46.090775 2.837397
v 4.672142 46.098373 3.126698
v 5.499643 46.897575 3.125697
v 5.510542 46.890076 2.837397
v 4.634043 46.126373 3.402998
v 5.457743 46.924873 3.400997
v 4.559942 46.180176 3.653498
v 5.375942 46.977074 3.650398
v 3.647642 45.323380 3.657899
v 3.713743 45.268578 3.405999
v 2.727343 44.480873 3.662099
v 2.785742 44.425575 3.408699
v 3.756643 45.232574 2.837399
v 3.747742 45.240173 3.128199
v 2.823442 44.389473 2.837399
v 2.815643 44.397079 3.129499
v 1.291443 43.044876 2.837399
v 1.285343 43.052376 3.129499
v 1.965143 43.643074 3.130099
v 1.971943 43.635574 2.837399
v 1.262043 43.080574 3.408799
v 1.938843 43.671577 3.409999
v 1.216143 43.135574 3.662699
v 1.887342 43.726875 3.664299
v -0.628857 41.410080 3.756499
v -1.745058 40.274673 3.882099
v -0.588957 41.360878 3.474499
v -1.704657 40.228577 3.562299
v -3.146658 38.804977 4.038199
v -3.105457 38.762573 3.671499
v -0.568657 41.335579 3.163299
v -0.563457 41.328979 2.837399
v -1.678558 40.198677 2.837399
v -1.683958 40.204880 3.208399
v -3.078758 38.734978 2.837399
v -3.084257 38.740776 3.264499
v -6.137058 35.286476 2.837399
v -6.142958 35.291176 3.372899
v -4.620358 37.062973 3.322399
v -4.614658 37.057678 2.837399
v -6.164858 35.308975 3.881999
v -4.641958 37.082779 3.783999
v -6.207457 35.343277 4.338699
v -4.683958 37.121178 4.198999
v -7.567457 33.591476 4.431600
v -7.524658 33.561073 3.947499
v -8.766359 31.859076 4.487600
v -8.723658 31.832376 3.987300
v -7.496758 33.541077 2.837399
v -7.502657 33.545273 3.406699
v -8.695761 31.814978 2.837400
v -8.701559 31.818678 3.427299
v -10.619959 28.393778 2.837401
v -10.625658 28.396479 3.443001
v -9.741961 30.104578 3.438301
v -9.736158 30.101379 2.837401
v -10.647261 28.406479 4.017301
v -9.763758 30.116478 4.008300
v -10.689260 28.425978 4.528701
v -9.806158 30.139479 4.516700
v -11.417860 26.711878 4.533701
v -11.376261 26.695879 4.021101
v -12.004259 24.995779 4.521801
v -11.962961 24.983078 4.012901
v -11.349260 26.685579 2.837401
v -11.354860 26.687679 3.445101
v -11.936159 24.974979 2.837401
v -11.941759 24.976578 3.440901
v -12.731558 21.539978 2.837401
v -12.737158 21.540878 3.399501
v -12.398458 23.261578 3.426901
v -12.392958 23.260378 2.837401
v -12.758459 21.544279 3.932601
v -12.419661 23.266378 3.985701
v -12.799860 21.551178 4.407701
v -12.460760 23.275978 4.483101
v -13.033758 19.819578 4.285702
v -12.991560 19.814978 3.846702
v -13.184061 18.190678 4.140602
v -13.140860 18.187878 3.744601
v -12.964258 19.812279 2.837402
v -12.969961 19.812778 3.355201
v -13.112959 18.186378 2.837402
v -13.118761 18.186678 3.302502
v -13.245958 15.677078 2.837402
v -13.252058 15.677078 3.206102
v -13.205458 16.771679 3.250002
v -13.199461 16.771578 2.837402
v -13.275160 15.677078 3.557802
v -13.228159 16.772179 3.642802
v -13.320360 15.677378 3.875202
v -13.272459 16.773478 3.995902
v -13.109461 13.919879 2.837402
v -12.964258 13.352778 2.837402
v -12.971361 13.352478 3.159602
v -13.116259 13.919679 3.168302
v -12.762758 12.581979 2.837402
v -12.770159 12.581379 3.147702
v -12.998560 13.351078 3.470002
v -13.142359 13.918879 3.485902
v -12.799158 12.579279 3.448202
v -12.501158 11.625878 2.837402
v -12.175959 10.503179 2.837402
v -12.184961 10.502178 3.124502
v -12.509260 11.625078 3.135202
v -12.219858 10.498479 3.405802
v -12.540659 11.622178 3.425202
v -12.602758 11.616678 3.699702
v -12.288858 10.491578 3.675302
v -12.856260 12.575278 3.729102
v -13.193460 13.917278 3.776902
v -13.052160 13.348378 3.757002
v -11.911558 9.218779 3.662302
v -11.833460 9.226778 3.394802
v -11.503958 7.828778 3.656502
v -11.416361 7.837480 3.389102
v -11.783358 9.232279 2.837402
v -11.793760 9.230978 3.118302
v -11.360159 7.843478 2.837403
v -11.371759 7.842178 3.115003
v -10.567961 4.833578 2.837403
v -10.580061 4.832278 3.110302
v -10.955160 6.365778 3.112803
v -10.942858 6.367178 2.837403
v -10.629759 4.827778 3.381503
v -11.003561 6.360979 3.385703
v -10.730459 4.819579 3.649703
v -11.099260 6.352179 3.653702
v -10.430761 3.261378 3.640303
v -10.330061 3.268278 3.373403
v -10.207460 1.684078 3.629003
v -10.109461 1.688978 3.364203
v -10.272261 3.273178 2.837403
v -10.282660 3.272078 3.105703
v -10.058058 1.692478 2.837403
v -10.066061 1.691678 3.100503
v -9.883360 -1.502522 2.837403
v -9.888361 -1.502522 3.094303
v -9.933561 0.097978 3.096203
v -9.927660 0.098378 2.837403
v -9.925859 -1.502522 3.352903
v -9.973059 0.096478 3.356403
v -10.018660 -1.502522 3.614903
v -10.067659 0.093978 3.619303
v 6.652643 52.013779 3.873797
v 6.983543 51.946274 3.891197
v 6.338543 52.077576 3.822097
v 6.727943 52.255974 3.840498
v 7.055943 52.192375 3.858097
v 6.416042 52.316078 3.789797
v 5.830242 52.180077 3.611497
v 6.058542 52.134178 3.734997
v 5.911043 52.412880 3.585297
v 6.137842 52.369576 3.704997
v 6.246643 52.768875 3.673698
v 6.023043 52.810280 3.557497
v 6.521042 52.717773 3.756797
v 7.151743 52.599480 3.826397
v 6.828543 52.660278 3.807397
v 7.902842 51.756477 3.738797
v 8.128242 51.709877 3.615697
v 7.625542 51.813873 3.824897
v 7.964043 52.014679 3.712497
v 8.186342 51.971077 3.593597
v 7.690542 52.068275 3.795397
v 7.313442 51.878380 3.875297
v 7.382242 52.128677 3.843497
v 7.473343 52.538574 3.814497
v 7.777042 52.480774 3.769997
v 8.265442 52.387573 3.576897
v 8.046442 52.429375 3.691397
v 8.433743 51.647873 3.055797
v 8.447042 51.645279 2.837397
v 8.383142 51.657875 3.264697
v 8.487943 51.912979 3.049797
v 8.501143 51.910477 2.837397
v 8.437943 51.922379 3.252897
v 8.284842 51.677780 3.454497
v 8.340942 51.941078 3.437297
v 8.417743 52.358574 3.424797
v 8.513442 52.340477 3.244697
v 8.575743 52.328773 2.837397
v 8.562742 52.331177 3.045697
v 7.313442 51.878380 1.799497
v 6.983543 51.946274 1.783697
v 7.625542 51.813873 1.849997
v 7.382242 52.128677 1.831397
v 7.055943 52.192375 1.816797
v 7.690542 52.068275 1.879497
v 8.128242 51.709877 2.059197
v 7.902842 51.756477 1.936097
v 8.186342 51.971077 2.081297
v 7.964043 52.014679 1.962297
v 8.046442 52.429375 1.983497
v 8.265442 52.387573 2.097997
v 7.776943 52.480774 1.904797
v 7.151743 52.599480 1.848497
v 7.473343 52.538574 1.860397
v 6.058542 52.134178 1.939897
v 5.830242 52.180077 2.063297
v 6.338543 52.077576 1.852797
v 6.137842 52.369576 1.969897
v 5.911043 52.412880 2.089598
v 6.416042 52.316078 1.885097
v 6.652643 52.013779 1.801097
v 6.727943 52.255974 1.834397
v 6.828543 52.660278 1.867497
v 6.521042 52.717773 1.918097
v 6.023043 52.810280 2.117397
v 6.246643 52.768875 2.001097
v 5.429543 52.031578 2.611797
v 5.519243 52.241974 2.620597
v 5.505543 52.244675 2.837397
v 5.481443 52.020180 2.395897
v 5.571043 52.231773 2.412998
v 5.602343 52.471176 2.628097
v 5.588743 52.473679 2.837397
v 5.653643 52.461578 2.427597
v 5.581543 51.998177 2.199498
v 5.671242 52.211876 2.224197
v 5.753042 52.442879 2.245197
v 6.054543 53.548279 2.296897
v 5.867443 52.839073 2.267697
v 5.958942 53.565575 2.464097
v 5.769543 52.857079 2.443397
v 5.909742 53.574577 2.646797
v 5.705643 52.868675 2.837397
v 5.719042 52.866280 2.636197
v -0.173758 44.003380 4.031099
v -0.272257 44.127174 3.866899
v -0.052258 43.851074 4.146899
v -0.463257 43.690674 4.035398
v -0.558058 43.812378 3.870899
v -0.346357 43.540977 4.151199
v 0.229343 43.498680 4.238399
v 0.084642 43.679680 4.215599
v -0.075857 43.194679 4.242499
v -0.214758 43.372574 4.219799
v -0.620657 42.946274 4.262999
v -0.484358 42.773773 4.285799
v -0.749857 43.109680 4.193398
v -0.957758 43.372879 3.906299
v -0.864557 43.254875 4.075099
v -0.404257 44.294678 3.125899
v -0.409857 44.301880 2.837399
v -0.382757 44.266975 3.401899
v -0.684757 43.976677 3.127099
v -0.690058 43.983780 2.837399
v -0.664057 43.949577 3.404299
v -0.340357 44.213074 3.653099
v -0.623457 43.896675 3.656399
v -1.021957 43.454773 3.684999
v -1.061958 43.506073 3.424399
v -1.087458 43.539177 2.837399
v -1.082157 43.532379 3.137499
v 0.084642 43.679680 1.459299
v 0.229343 43.498680 1.436499
v -0.052258 43.851074 1.527999
v -0.214758 43.372574 1.455099
v -0.075857 43.194679 1.432399
v -0.346357 43.540977 1.523699
v -0.272257 44.127174 1.807899
v -0.173758 44.003380 1.643699
v -0.558058 43.812378 1.803899
v -0.463257 43.690674 1.639499
v -0.864557 43.254875 1.599799
v -0.957758 43.372879 1.768599
v -0.749857 43.109680 1.481499
v -0.484358 42.773773 1.389099
v -0.620657 42.946274 1.411899
v 0.634243 42.992073 1.641099
v 0.733543 42.867477 1.804999
v 0.512043 43.145279 1.525999
v 0.311543 42.697479 1.637099
v 0.406342 42.575180 1.801299
v 0.194742 42.847679 1.521899
v 0.374443 43.317276 1.458199
v 0.063143 43.016579 1.454199
v -0.348057 42.601074 1.410999
v -0.219057 42.437378 1.479899
v -0.011658 42.173180 1.766199
v -0.104557 42.291679 1.597599
v 1.285343 43.052376 2.545399
v 0.865742 42.698875 2.547899
v 0.871243 42.691475 2.837399
v 1.262043 43.080574 2.266099
v 0.844242 42.726677 2.270999
v 0.532642 42.409973 2.546799
v 0.537842 42.402779 2.837399
v 0.512043 42.437279 2.268799
v 1.216143 43.135574 2.012199
v 0.801842 42.780975 2.019199
v 0.471542 42.490379 2.016099
v -0.628857 41.410080 1.918399
v 0.052343 42.090973 1.987699
v -0.588957 41.360878 2.200399
v 0.092142 42.039474 2.248899
v -0.568657 41.335579 2.511599
v 0.117542 42.006180 2.837399
v 0.112343 42.013077 2.536499
v 0.374443 43.317276 4.216599
v 0.512043 43.145279 4.148899
v 0.063143 43.016579 4.220699
v 0.194742 42.847679 4.152998
v 0.733543 42.867477 3.869899
v 0.634243 42.992073 4.033799
v 0.406342 42.575180 3.873499
v 0.311543 42.697479 4.037799
v -0.104557 42.291679 4.077299
v -0.011658 42.173180 3.908699
v -0.219057 42.437378 4.194999
v -0.348057 42.601074 4.263799
v -14.104460 14.244378 4.477602
v -13.938059 14.247779 4.487002
v -14.262560 14.241379 4.415302
v -14.131559 14.428979 4.450302
v -13.969759 14.431378 4.461602
v -14.285158 14.426978 4.387802
v -14.518560 14.236878 4.108602
v -14.403460 14.238778 4.294302
v -14.533560 14.423879 4.085702
v -14.421961 14.425179 4.268302
v -14.420359 14.512579 4.232202
v -14.424761 14.496979 4.247202
v -14.534258 14.495778 4.067502
v -14.287458 14.513979 4.348302
v -14.290461 14.498478 4.364902
v -14.138159 14.515579 4.409002
v -13.981058 14.517378 4.420502
v -13.980761 14.502079 4.438402
v -14.139559 14.500179 4.426602
v -13.475161 14.258578 4.224002
v -13.361761 14.261278 4.031402
v -13.614759 14.255178 4.362602
v -13.519960 14.438878 4.212202
v -13.409658 14.440779 4.024002
v -13.655558 14.436579 4.345702
v -13.771959 14.251478 4.449502
v -13.808260 14.433978 4.427802
v -13.824259 14.519278 4.388902
v -13.822260 14.504179 4.406302
v -13.675959 14.521179 4.310602
v -13.672258 14.506178 4.326702
v -13.544260 14.522879 4.182002
v -13.437159 14.524378 3.999402
v -13.430861 14.509678 4.011502
v -13.539061 14.508078 4.196302
v -13.208559 14.264579 3.171202
v -13.201960 14.264679 2.837402
v -13.233858 14.264078 3.490902
v -13.260561 14.443278 3.170202
v -13.254061 14.443278 2.837402
v -13.285158 14.442879 3.488502
v -13.283060 14.263079 3.782302
v -13.333158 14.442079 3.777902
v -13.362860 14.525478 3.759302
v -13.355658 14.510778 3.768702
v -13.316259 14.526178 3.476002
v -13.308561 14.511478 3.482402
v -13.292360 14.526678 3.163902
v -13.286058 14.526779 2.837402
v -13.277960 14.511978 2.837402
v -13.284361 14.511879 3.167202
v -13.771860 14.251478 1.225402
v -13.937960 14.247779 1.187802
v -13.614759 14.255178 1.312202
v -13.808260 14.433978 1.247102
v -13.969660 14.431378 1.213302
v -13.655558 14.436579 1.329102
v -13.361761 14.261278 1.643502
v -13.475161 14.258578 1.450802
v -13.409658 14.440779 1.650902
v -13.519861 14.438878 1.462702
v -13.539061 14.508078 1.478502
v -13.430861 14.509678 1.663402
v -13.672258 14.506178 1.348102
v -13.980658 14.502079 1.236502
v -13.822161 14.504179 1.268602
v -14.403460 14.238778 1.380602
v -14.518560 14.236878 1.566202
v -14.262560 14.241379 1.259602
v -14.421961 14.425179 1.406602
v -14.533560 14.423879 1.589202
v -14.285059 14.426978 1.287102
v -14.104460 14.244378 1.197302
v -14.131460 14.428979 1.224602
v -14.139559 14.500179 1.248302
v -14.290358 14.498478 1.310002
v -14.534258 14.495778 1.607402
v -14.424761 14.496979 1.427602
v -14.648661 13.872579 2.467502
v -14.676359 14.234778 2.475602
v -14.683561 14.234678 2.837402
v -14.620161 13.873078 2.115802
v -14.649958 14.234979 2.131402
v -14.685560 14.422278 2.482202
v -14.692358 14.422178 2.837402
v -14.660261 14.422479 2.144302
v -14.566061 13.874278 1.800302
v -14.598959 14.235679 1.822402
v -14.611258 14.422978 1.840802
v -14.604158 14.510479 1.865302
v -14.610460 14.494979 1.855302
v -14.651560 14.509779 2.161202
v -14.658461 14.494478 2.154302
v -14.676058 14.509478 2.490902
v -14.689760 14.494079 2.837402
v -14.683161 14.494179 2.487402
v 10.677943 73.704475 3.744695
v 10.795943 73.716774 3.746295
v 10.546344 73.692574 3.714195
v 10.705343 74.542976 3.722195
v 10.819043 74.556076 3.722595
v 10.578043 74.536674 3.693795
v 10.283943 73.676773 3.589195
v 10.411544 73.682877 3.660496
v 10.325343 74.508377 3.575195
v 10.447443 74.517174 3.643095
v 10.415244 75.556374 3.544895
v 10.504045 75.717674 3.580995
v 10.483045 75.200172 3.619095
v 10.372444 75.162872 3.559195
v 10.621644 75.805573 3.619895
v 10.603644 75.251175 3.663595
v 10.731645 75.743576 3.645395
v 10.804944 75.599571 3.654595
v 10.820644 75.210976 3.689095
v 10.718945 75.226074 3.689095
v 9.638743 73.609871 3.195296
v 9.813543 73.647575 3.255696
v 9.448843 73.563377 3.145596
v 9.701243 74.546074 3.181495
v 9.880943 74.594673 3.242495
v 9.506043 74.472275 3.132595
v 9.265543 73.517578 3.101196
v 9.323544 74.393974 3.090495
v 9.383544 75.092873 3.076195
v 9.563745 75.238472 3.114395
v 9.971945 75.446274 3.227495
v 9.775145 75.370773 3.162995
v 10.585644 68.779274 2.330096
v 10.410943 68.786278 2.299196
v 10.680344 70.184273 2.350396
v 10.506643 70.186378 2.323296
v 10.196043 68.794571 2.306596
v 10.292844 70.188576 2.333496
v 10.752644 71.452774 2.368695
v 10.579643 71.449875 2.344296
v 10.366444 71.446373 2.356296
v 9.874043 71.433678 2.435895
v 10.126743 71.441277 2.391196
v 9.799144 70.190971 2.412996
v 10.052544 70.190376 2.367796
v 9.699743 68.812073 2.384296
v 9.954443 68.803474 2.339196
v 9.445443 68.819778 2.428796
v 9.546244 70.189873 2.455896
v 9.204743 68.826378 2.474496
v 9.306844 70.187775 2.498596
v 9.622044 71.422577 2.476896
v 9.383643 71.410072 2.516995
v 9.000343 71.388878 2.604396
v 9.172044 71.398178 2.558595
v 8.921244 70.183678 2.592596
v 9.094144 70.185478 2.543496
v 8.816744 68.836578 2.576396
v 8.990844 68.831978 2.523096
v 11.063344 75.538773 3.269795
v 11.039544 75.508774 3.395795
v 11.078044 75.556671 3.133595
v 11.096044 74.722672 3.291795
v 11.069344 74.705078 3.422395
v 11.111843 74.731773 3.149395
v 11.080645 75.552376 2.852795
v 11.083744 75.561577 2.992795
v 11.112043 74.723572 2.853495
v 11.117043 74.732071 3.001295
v 11.107643 73.749672 3.008195
v 11.101343 73.741875 2.853996
v 11.102843 73.753578 3.162395
v 11.058443 73.751175 3.444295
v 11.086543 73.753975 3.309896
v 8.696943 68.848671 3.040596
v 8.620044 68.844475 2.974796
v 8.799943 70.190071 3.028296
v 8.725543 70.185272 2.966696
v 8.570343 68.844177 2.837396
v 8.580644 68.843674 2.906696
v 8.676944 70.184578 2.837396
v 8.687143 70.184174 2.902696
v 8.769843 71.383675 2.899895
v 8.760043 71.384277 2.837395
v 8.806643 71.384377 2.960995
v 8.878143 71.389076 3.019495
v 7.392342 59.941376 2.715997
v 7.730942 61.882080 2.731296
v 7.434343 59.935478 2.597897
v 7.771843 61.877075 2.627696
v 8.016743 63.799072 2.743996
v 8.056942 63.794876 2.652696
v 7.516542 59.923874 2.486296
v 7.851742 61.866974 2.529096
v 8.135242 63.786575 2.565496
v 8.555243 67.329277 2.618996
v 8.369043 65.626076 2.595396
v 8.478643 67.333878 2.688996
v 8.291744 65.632576 2.673096
v 8.439243 67.336273 2.762396
v 8.252144 65.635872 2.754396
v 10.702044 67.205276 2.677196
v 10.547143 65.441475 2.668996
v 10.661243 67.200478 2.521496
v 10.506043 65.438377 2.506896
v 10.356744 63.544273 2.660396
v 10.314843 63.543777 2.491496
v 10.584244 67.203178 2.393896
v 10.427644 65.443474 2.372496
v 10.234344 63.551376 2.349596
v 9.728543 59.595375 2.307396
v 10.002044 61.583275 2.327296
v 9.814043 59.582977 2.463897
v 10.084944 61.573074 2.476696
v 9.858443 59.577873 2.645297
v 10.128043 61.570679 2.652196
v 10.359545 76.444977 2.593495
v 10.106144 76.401176 2.619495
v 10.591044 76.403877 2.569595
v 10.372845 76.703575 2.668795
v 10.117145 76.660675 2.686595
v 10.610845 76.648071 2.650295
v 10.908444 75.910278 2.538095
v 10.777044 76.239372 2.553795
v 10.959145 76.075577 2.618095
v 10.811544 76.452774 2.633795
v 10.829644 76.558975 2.735395
v 10.984445 76.158676 2.726395
v 10.622444 76.770576 2.744995
v 10.123044 76.792572 2.762995
v 10.380944 76.834671 2.754495
v 11.043444 72.637077 2.701096
v 10.989843 71.466476 2.695796
v 11.001944 72.627975 2.565095
v 10.947743 71.460175 2.555095
v 10.918444 70.189774 2.690296
v 10.876543 70.184372 2.544996
v 10.927444 72.619072 2.456696
v 10.872044 71.455872 2.442496
v 10.800444 70.183075 2.427996
v 10.706543 68.774277 2.412096
v 10.782944 68.773476 2.533996
v 10.824143 68.778671 2.684196
v 6.214842 54.743080 2.661897
v 6.262342 54.734680 2.493097
v 6.591843 56.264977 2.679597
v 6.637442 56.257378 2.527297
v 6.354742 54.718475 2.337897
v 6.726242 56.242477 2.386097
v 7.127443 58.013275 2.437097
v 7.042143 58.026680 2.563297
v 6.998442 58.033379 2.698197
v 4.551842 50.183380 2.563597
v 4.858742 50.740974 2.573997
v 4.600042 50.161774 2.301797
v 4.908642 50.721977 2.322097
v 5.104143 51.253273 2.586697
v 5.155142 51.237175 2.346897
v 4.692043 50.122780 2.064197
v 5.004143 50.687576 2.093397
v 5.253042 51.207474 2.129098
v 5.443842 51.653877 2.166097
v 5.344442 51.679276 2.372697
v 5.292742 51.692780 2.599897
v 2.585243 47.616478 2.551198
v 3.202642 48.341278 2.552298
v 2.621443 47.588974 2.277498
v 3.242443 48.314575 2.279799
v 3.731243 48.999878 2.553998
v 3.774242 48.974373 2.282998
v 2.690542 47.536873 2.028898
v 3.318043 48.264877 2.032298
v 3.856142 48.927574 2.036997
v 4.311743 49.541473 2.046497
v 4.224342 49.584679 2.289597
v 4.178442 49.608475 2.557298
v -0.076357 44.662079 2.546699
v 0.463642 45.255074 2.546499
v -0.053057 44.634178 2.268499
v 0.489443 45.226776 2.268099
v 1.138643 45.996376 2.547598
v 1.167643 45.968079 2.270398
v -0.007658 44.579674 2.015399
v 0.539543 45.172180 2.014899
v 1.223543 45.913780 2.018298
v 1.966442 46.727577 2.023598
v 1.904142 46.781174 2.273898
v 1.871542 46.809174 2.549398
v -7.393457 36.294975 2.302199
v -5.857058 38.187874 2.352799
v -7.371458 36.277275 1.793099
v -5.835457 38.168076 1.891399
v -4.303158 39.985779 2.410799
v -4.282057 39.963974 2.004299
v -7.328857 36.242973 1.336499
v -5.793457 38.129776 1.476699
v -4.240858 39.921677 1.637899
v -1.700958 42.711578 1.920399
v -2.825258 41.491478 1.794399
v -1.740957 42.760574 2.201899
v -2.865757 41.537376 2.113799
v -1.761257 42.785675 2.512399
v -2.886457 41.560974 2.467099
v -11.860758 28.971979 2.231801
v -10.987261 30.781275 2.236601
v -11.839159 28.961878 1.657601
v -10.965460 30.769377 1.666601
v -9.954359 32.599579 2.247601
v -9.932261 32.585777 1.687600
v -11.797159 28.942379 1.146201
v -10.923059 30.746275 1.158201
v -9.889559 32.559074 1.187300
v -8.692858 34.388680 1.243399
v -8.735659 34.419174 1.727499
v -8.757761 34.434875 2.268299
v -13.961359 21.754078 2.272301
v -13.613558 23.553978 2.246701
v -13.940058 21.750679 1.736501
v -13.592360 23.549179 1.686901
v -13.158060 25.357479 2.233701
v -13.136858 25.350979 1.661401
v -13.898458 21.743778 1.259501
v -13.551161 23.539478 1.188701
v -13.095560 25.338278 1.152301
v -12.516161 27.139479 1.141101
v -12.557760 27.155579 1.653801
v -12.579058 27.163778 2.229801
v -14.671259 14.526978 2.492702
v -14.646959 14.527479 2.164702
v -14.660860 14.656879 2.489202
v -14.636660 14.657278 2.158002
v -14.599760 14.528179 1.870502
v -14.589758 14.657879 1.860902
v -14.522058 15.692379 1.758102
v -14.566359 15.009378 1.826802
v -14.567961 15.692678 2.085902
v -14.612959 15.009079 2.134002
v -14.591658 15.692778 2.452102
v -14.636961 15.008778 2.476802
v -14.340860 10.320079 2.424402
v -14.435659 11.477478 2.436402
v -14.290258 10.323178 2.033002
v -14.393358 11.479878 2.056002
v -14.522360 12.470778 2.447702
v -14.486361 12.472479 2.077702
v -14.201761 10.328979 1.684802
v -14.317659 11.484479 1.716802
v -14.420359 12.475779 1.747002
v -14.504759 13.279979 1.775002
v -14.563761 13.277879 2.097702
v -14.595358 13.276878 2.458202
v -14.020460 4.618679 2.376703
v -14.075758 6.137478 2.387902
v -13.925661 4.622579 1.941003
v -13.991060 6.141579 1.962502
v -14.152960 7.616379 2.399802
v -14.079859 7.620378 1.985602
v -13.766161 4.629878 1.555403
v -13.848658 6.149278 1.585703
v -13.956160 7.627978 1.618102
v -14.077559 9.032378 1.651602
v -14.182760 9.025478 2.009302
v -14.244059 9.021878 2.412102
v -13.998560 -1.502522 2.351303
v -13.993761 0.031678 2.353303
v -13.888159 -1.502522 1.892003
v -13.884161 0.032878 1.896003
v -13.989260 1.564278 2.358703
v -13.882261 1.566578 1.906403
v -13.697058 -1.502522 1.486703
v -13.695158 0.035178 1.492203
v -13.699358 1.570978 1.506803
v -13.719759 3.103178 1.528503
v -13.892759 3.097078 1.921903
v -13.994860 3.093779 2.366803
v 8.839543 72.467972 2.777096
v 8.907344 73.463173 2.779095
v 8.875644 72.466774 2.718596
v 8.940743 73.459877 2.722696
v 8.985543 74.350471 2.780595
v 9.014744 74.338173 2.725995
v 8.947543 72.468872 2.663496
v 9.009144 73.461678 2.669796
v 9.076544 74.322472 2.675795
v 9.272144 75.535172 2.682695
v 9.159744 75.010574 2.681695
v 9.237844 75.664978 2.727395
v 9.109545 75.077171 2.728095
v 9.222044 75.726173 2.780795
v 9.086345 75.111076 2.781295
v 9.404944 76.177078 2.778695
v 9.412444 76.089577 2.722095
v 9.623645 76.488571 2.775095
v 9.623944 76.378876 2.713195
v 9.427444 75.905075 2.673995
v 9.622644 76.152878 2.658995
v 9.854744 76.310974 2.640995
v 9.863144 76.560875 2.701395
v 9.866844 76.685478 2.769895
v 9.544944 57.622879 2.640497
v 9.499443 57.629776 2.454497
v 9.223244 55.813278 2.637097
v 9.176643 55.821373 2.447397
v 9.411544 57.644180 2.291897
v 9.086444 55.837173 2.279597
v 8.554044 53.086777 2.259897
v 8.788743 54.282173 2.269297
v 8.648144 53.068977 2.436297
v 8.881043 54.265175 2.441697
v 8.696644 53.059875 2.631997
v 8.928643 54.256378 2.634497
v 8.361142 51.378479 2.610397
v 8.231543 50.947479 2.598397
v 8.310143 51.389877 2.393297
v 8.180042 50.961174 2.369797
v 8.029842 50.392876 2.584897
v 7.978342 50.409576 2.343597
v 8.210642 51.412277 2.195997
v 8.079542 50.987778 2.162297
v 7.877243 50.441475 2.124597
v 7.202442 49.130775 2.057797
v 7.589642 49.810173 2.087997
v 7.301043 49.088074 2.297097
v 7.690243 49.772675 2.318097
v 7.351042 49.065376 2.561097
v 7.741343 49.752876 2.571797
v 6.843943 48.368675 2.554498
v 6.796043 48.393478 2.284197
v 6.225243 47.650177 2.550897
v 6.179943 47.676476 2.277297
v 6.701542 48.440277 2.039398
v 6.091242 47.726479 2.029297
v 4.559942 46.180176 2.021397
v 5.375942 46.977074 2.024397
v 4.634043 46.126373 2.271897
v 5.457743 46.924873 2.273897
v 4.672142 46.098373 2.548198
v 5.499643 46.897575 2.549197
v 3.747742 45.240173 2.546699
v 3.713743 45.268578 2.268899
v 2.815643 44.397079 2.545399
v 2.785742 44.425575 2.266199
v 3.647642 45.323380 2.016899
v 2.727343 44.480873 2.012799
v 1.887342 43.726875 2.010599
v 1.938843 43.671577 2.264899
v 1.965143 43.643074 2.544699
v -1.683958 40.204979 2.466499
v -1.704657 40.228577 2.112599
v -3.084257 38.740776 2.410299
v -3.105457 38.762573 2.003399
v -1.745058 40.274673 1.792799
v -3.146658 38.804977 1.636699
v -6.207457 35.343277 1.336199
v -4.683958 37.121178 1.475899
v -6.164858 35.308975 1.792799
v -4.641958 37.082779 1.890799
v -6.142958 35.291176 2.301999
v -4.620358 37.062973 2.352499
v -7.502657 33.545273 2.268199
v -7.524658 33.561073 1.727399
v -8.701559 31.818678 2.247600
v -8.723658 31.832476 1.687601
v -7.567457 33.591476 1.243299
v -8.766359 31.859076 1.187300
v -10.689260 28.425978 1.146201
v -9.806158 30.139479 1.158201
v -10.647261 28.406479 1.657601
v -9.763758 30.116478 1.666601
v -10.625658 28.396479 2.231801
v -9.741961 30.104578 2.236601
v -11.354860 26.687679 2.229801
v -11.376261 26.695879 1.653801
v -11.941759 24.976578 2.234001
v -11.962961 24.983078 1.662001
v -11.417860 26.711878 1.141101
v -12.004259 24.995779 1.153101
v -12.799860 21.551178 1.267201
v -12.460760 23.275978 1.191801
v -12.758459 21.544279 1.742301
v -12.419661 23.266378 1.689201
v -12.737158 21.540878 2.275401
v -12.398458 23.261578 2.248001
v -12.969961 19.812778 2.319602
v -12.991560 19.814978 1.828101
v -13.118761 18.186678 2.372302
v -13.140860 18.187878 1.930302
v -13.100958 19.827278 1.029101
v -13.033758 19.819578 1.389201
v -13.252958 18.195278 1.207402
v -13.184061 18.190678 1.534302
v -13.320360 15.677378 1.799702
v -13.272459 16.773478 1.678902
v -13.342958 16.775879 1.385202
v -13.275160 15.677078 2.117102
v -13.228159 16.772179 2.032102
v -13.252058 15.677078 2.468702
v -13.205458 16.771679 2.424902
v -13.116259 13.919679 2.506602
v -12.971361 13.352478 2.515302
v -13.142359 13.918879 2.189002
v -12.998560 13.351078 2.204802
v -12.770159 12.581379 2.527202
v -12.799158 12.579279 2.226702
v -13.193460 13.917278 1.898002
v -13.052160 13.348378 1.917802
v -12.856260 12.575278 1.945702
v -12.288858 10.491578 1.999602
v -12.602758 11.616678 1.975202
v -12.219858 10.498479 2.269102
v -12.540659 11.622178 2.249702
v -12.184961 10.502178 2.550402
v -12.509260 11.625078 2.539702
v -11.793760 9.230978 2.556502
v -11.833460 9.226778 2.280102
v -11.371759 7.842178 2.559902
v -11.416361 7.837479 2.285803
v -11.911558 9.218779 2.012602
v -11.503958 7.828778 2.018403
v -10.730459 4.819578 2.025203
v -11.099260 6.352178 2.021203
v -10.629759 4.827778 2.293303
v -11.003561 6.360978 2.289103
v -10.580061 4.832278 2.564603
v -10.955160 6.365778 2.562103
v -10.282660 3.272078 2.569203
v -10.330061 3.268278 2.301403
v -10.066061 1.691678 2.574403
v -10.109461 1.688978 2.310703
v -10.430761 3.261378 2.034603
v -10.207460 1.684078 2.045903
v -10.018660 -1.502522 2.059903
v -10.067659 0.093978 2.055503
v -9.925859 -1.502522 2.321903
v -9.973059 0.096478 2.318503
v -9.888361 -1.502522 2.580503
v -9.933561 0.097978 2.578603
v 8.417743 52.358574 2.249997
v 8.340942 51.941078 2.237597
v 8.513442 52.340477 2.430197
v 8.437943 51.922379 2.421997
v 8.284842 51.677780 2.220397
v 8.383142 51.657875 2.410197
v 8.433743 51.647873 2.618997
v 8.487943 51.912979 2.624997
v 8.562742 52.331177 2.629097
v 5.867443 52.839073 3.407198
v 5.753042 52.442879 3.429697
v 5.769543 52.857079 3.231397
v 5.653643 52.461578 3.247197
v 5.671242 52.211876 3.450697
v 5.571043 52.231773 3.261897
v 5.519243 52.241974 3.054298
v 5.602343 52.471176 3.046797
v 5.719042 52.866280 3.038698
v -1.021957 43.454773 1.989899
v -0.623457 43.896675 2.018499
v -1.061958 43.506073 2.250499
v -0.664057 43.949577 2.270599
v -0.340357 44.213074 2.021799
v -0.382757 44.266975 2.272999
v -0.404257 44.294678 2.548999
v -0.684757 43.976677 2.547799
v -1.082157 43.532379 2.537399
v 0.052343 42.090973 3.687199
v 0.471542 42.490379 3.658799
v 0.092142 42.039474 3.425999
v 0.512043 42.437279 3.405999
v 0.801842 42.780975 3.655699
v 0.844242 42.726677 3.403899
v 0.865742 42.698875 3.126899
v 0.532642 42.409973 3.128099
v 0.112343 42.013077 3.138299
v -13.355658 14.510778 1.906202
v -13.362860 14.525478 1.915602
v -13.333158 14.442079 1.896902
v -13.308561 14.511478 2.192502
v -13.316259 14.526178 2.198902
v -13.285158 14.442879 2.186302
v -13.283060 14.263079 1.892602
v -13.233858 14.264078 2.184002
v -13.208559 14.264579 2.503702
v -13.260561 14.443278 2.504702
v -13.292360 14.526678 2.511002
v -13.284361 14.511879 2.507702
v -14.610460 14.494979 3.819602
v -14.611258 14.422978 3.834002
v -14.658461 14.494478 3.520602
v -14.660261 14.422479 3.530602
v -14.598959 14.235679 3.852502
v -14.649958 14.234979 3.543502
v -14.676359 14.234778 3.199302
v -14.685560 14.422278 3.192702
v -14.683161 14.494179 3.187502
v 11.068845 75.528275 2.718795
v 11.037745 75.474274 2.602195
v 11.097243 74.705978 2.712295
v 11.061543 74.677673 2.587595
v 10.976444 75.375275 2.514295
v 10.993644 74.637276 2.489695
v 10.972644 73.699074 2.471496
v 11.044744 73.714676 2.575596
v 11.083943 73.729576 2.706396
v 8.580644 68.843674 2.768196
v 8.619743 68.842278 2.700496
v 8.687143 70.184174 2.772196
v 8.725843 70.183571 2.708496
v 8.695844 68.839973 2.635996
v 8.801144 70.183273 2.648096
v 8.881643 71.384476 2.656796
v 8.807544 71.383171 2.714195
v 8.769843 71.383575 2.774996
v 10.851744 72.761574 3.731596
v 10.803743 71.769676 3.745395
v 10.923743 72.740074 3.668695
v 10.870844 71.706871 3.683496
v 10.748544 70.824173 3.754796
v 10.807243 70.705177 3.694396
v 10.977943 72.716377 3.577796
v 10.921144 71.641075 3.592796
v 10.846844 70.553673 3.605596
v 10.664443 68.708473 3.629896
v 10.754044 69.488373 3.617896
v 10.664244 69.121872 3.706796
v 10.735643 69.802078 3.702196
v 10.628143 69.359673 3.760396
v 10.689143 69.996971 3.759896
v 10.852545 75.795174 3.622695
v 10.900245 75.291878 3.657195
v 10.898945 75.964676 3.560495
v 10.961144 75.400177 3.595495
v 10.909244 74.595978 3.689195
v 10.979043 74.643372 3.625495
v 10.932944 76.060776 3.471995
v 11.006544 75.467476 3.506395
v 11.031343 74.679276 3.535095
v 11.018343 73.745674 3.558696
v 10.963143 73.737877 3.649696
v 10.890043 73.728073 3.713396
v 10.374345 75.742378 3.492795
v 10.496044 76.055672 3.521195
v 10.316244 75.918678 3.413995
v 10.466945 76.269371 3.442395
v 10.630445 76.169777 3.558695
v 10.631145 76.392876 3.481195
v 10.239144 76.055374 3.318395
v 10.424644 76.414375 3.347095
v 10.624845 76.523972 3.388395
v 10.800044 76.409576 3.431395
v 10.782044 76.293373 3.521495
v 10.755944 76.085373 3.591195
v 10.134543 72.724571 3.518896
v 10.173743 73.676071 3.506095
v 10.024843 72.695572 3.431495
v 10.067643 73.674873 3.418096
v 10.223443 74.534073 3.495095
v 10.125943 74.571472 3.408595
v 9.905543 72.662178 3.346296
v 9.952044 73.667274 3.332295
v 10.017143 74.597374 3.321295
v 10.108045 75.421577 3.313195
v 10.205645 75.335976 3.404995
v 10.286844 75.228973 3.487395
v 10.070643 69.375175 3.561296
v 10.067944 70.004776 3.554596
v 9.985844 69.144272 3.490996
v 9.967343 69.814774 3.477996
v 10.079344 70.819275 3.544396
v 9.971343 70.701172 3.462696
v 9.890944 68.740776 3.426996
v 9.852243 69.508278 3.404996
v 9.850843 70.551376 3.382996
v 9.870144 71.613075 3.363296
v 9.991643 71.682877 3.446795
v 10.102243 71.749077 3.532095
v 10.409543 67.890373 3.522596
v 10.542243 68.145973 3.573996
v 10.243943 67.786072 3.480096
v 10.431343 68.293472 3.533396
v 10.517344 68.391472 3.589096
v 10.319943 68.257576 3.486696
v 9.986343 68.174873 3.420096
v 10.088043 67.907974 3.438696
v 10.122944 68.406273 3.439996
v 10.208444 68.302078 3.451996
v 10.269143 68.658478 3.458396
v 10.331344 68.640976 3.469596
v 10.285443 68.525475 3.462196
v 10.213143 68.560974 3.451696
v 10.396443 68.635872 3.501096
v 10.368044 68.512772 3.494196
v 10.452543 68.642677 3.546296
v 10.488044 68.661072 3.598896
v 10.499844 68.556778 3.596296
v 10.444843 68.523178 3.541096
v 10.491343 68.690773 3.652396
v 10.516844 68.613571 3.652996
v 10.469243 68.726074 3.699996
v 10.503043 68.682373 3.703996
v 10.552644 68.533272 3.650496
v 10.547644 68.682678 3.707496
v 10.428443 68.761276 3.734896
v 10.375943 68.790771 3.750096
v 10.411143 68.809677 3.759396
v 10.465343 68.751472 3.741896
v 10.456244 68.892975 3.769996
v 10.513043 68.803574 3.749696
v 10.568443 68.984077 3.756496
v 10.507744 69.098778 3.779596
v 10.601543 68.788872 3.708496
v 10.599544 68.477478 3.641796
v 10.243143 69.174377 3.689896
v 10.157944 69.109871 3.628896
v 10.335943 69.193977 3.739796
v 10.230443 68.952278 3.680996
v 10.164844 68.901672 3.623096
v 10.306443 68.967476 3.729096
v 10.427243 69.168777 3.771796
v 10.384543 68.947678 3.760896
v 10.318443 68.808876 3.738996
v 10.347343 68.845276 3.749196
v 10.262843 68.815376 3.707696
v 10.281644 68.858177 3.717696
v 10.216144 68.809975 3.662696
v 10.185344 68.792175 3.610196
v 10.175143 68.814575 3.616296
v 10.221744 68.848076 3.671196
v 10.177343 68.761871 3.556596
v 10.149743 68.757576 3.559296
v 10.190043 68.725273 3.508796
v 10.146644 68.688675 3.507796
v 10.118243 68.815674 3.561996
v 10.092343 68.697273 3.505496
v 10.221244 68.688675 3.473796
v 10.167343 68.619171 3.469396
v 10.089044 68.549377 3.461296
v 9.983443 68.505577 3.446496
v 10.033143 68.810478 3.499996
v 10.089643 69.000175 3.563196
v 10.456543 68.714973 3.549696
v 10.480244 68.723877 3.600496
v 10.413143 68.710777 3.505796
v 10.302943 68.718475 3.463296
v 10.358943 68.711777 3.474896
v 10.405543 68.766174 3.730196
v 10.448143 68.751572 3.697196
v 10.475143 68.736778 3.651796
v 10.213043 68.786072 3.657696
v 10.191843 68.778076 3.606996
v 10.251543 68.788574 3.701696
v 10.300743 68.785873 3.732496
v 10.194444 68.764275 3.555596
v 10.216543 68.747772 3.510196
v 10.254144 68.731476 3.477296
v 8.625837 -62.799026 3.564106
v 8.941438 -64.794426 3.505706
v 8.667538 -64.818726 3.455806
v 8.345338 -62.834625 3.518406
v 9.222737 -66.795326 3.452606
v 8.950138 -66.804428 3.399206
v 8.406538 -64.838623 3.394106
v 8.079338 -62.866524 3.457006
v 8.687338 -66.795029 3.337906
v 9.476838 -68.760925 3.407106
v 9.738137 -70.814522 3.376806
v 9.379038 -70.531227 3.309006
v 9.197338 -68.749825 3.350406
v 9.100637 -70.416023 3.248906
v 8.921537 -68.679726 3.289406
v 8.684438 -70.351524 3.125506
v 8.500638 -68.642929 3.155706
v 8.686538 -68.650124 3.224806
v 8.867138 -70.365822 3.188406
v 8.267538 -66.795425 3.193406
v 8.455237 -66.793129 3.269306
v 7.984438 -64.866920 3.238706
v 7.650339 -62.915627 3.291306
v 7.842638 -62.893723 3.381006
v 8.173738 -64.854523 3.321406
v 9.723038 -68.613525 3.458806
v 9.925637 -70.098328 3.436206
v 9.484138 -66.741524 3.497406
v 9.950638 -68.489922 3.496406
v 10.125638 -69.926025 3.481206
v 9.728638 -66.689926 3.522906
v 8.905738 -62.760521 3.593306
v 9.213138 -64.765022 3.543206
v 9.170638 -62.721527 3.597406
v 9.469138 -64.732727 3.558006
v 9.597938 -62.651627 3.497306
v 9.880037 -64.667221 3.479106
v 9.695938 -64.699425 3.540006
v 9.406137 -62.684425 3.568206
v 10.130238 -66.690529 3.468806
v 9.950237 -66.687523 3.518506
v 10.358138 -68.680824 3.475406
v 10.591838 -70.763222 3.526406
v 10.337738 -70.069824 3.513506
v 10.174438 -68.572426 3.510906
v 10.247337 -75.753525 3.601707
v 10.214838 -74.808723 3.613207
v 10.342538 -74.843727 3.684207
v 10.376238 -75.771828 3.673407
v 10.188038 -73.909828 3.622706
v 10.311237 -73.962029 3.692106
v 10.475138 -74.858627 3.739007
v 10.511138 -75.783424 3.728107
v 10.438938 -73.980522 3.746306
v 10.168538 -73.119522 3.629107
v 10.157938 -72.500328 3.631506
v 10.260538 -72.571426 3.695706
v 10.283638 -73.185127 3.696207
v 10.368638 -72.593422 3.747206
v 10.403237 -73.206322 3.749207
v 10.562138 -72.490128 3.786107
v 10.615937 -73.115028 3.787507
v 10.517238 -73.183022 3.781806
v 10.472438 -72.566322 3.779607
v 10.667538 -73.914528 3.783906
v 10.561038 -73.964828 3.779006
v 10.715638 -74.824829 3.775707
v 10.758938 -75.781929 3.763107
v 10.642138 -75.787125 3.760007
v 10.602838 -74.852524 3.771607
v 7.264738 -60.999123 3.351305
v 7.462439 -60.970421 3.447606
v 6.868238 -59.224327 3.413306
v 7.072939 -59.190521 3.515706
v 7.705839 -60.934723 3.525906
v 7.324638 -59.148926 3.595406
v 6.501938 -57.697624 3.471905
v 6.206539 -56.525826 3.521805
v 6.425240 -56.486122 3.634305
v 6.713938 -57.660423 3.579805
v 6.693638 -56.437424 3.716105
v 6.974339 -57.614624 3.660605
v 7.311338 -56.324226 3.789705
v 7.574938 -57.508026 3.741605
v 7.266838 -57.562920 3.714505
v 6.994638 -56.382423 3.767705
v 7.906139 -59.051323 3.685606
v 7.607639 -59.101723 3.652205
v 8.268639 -60.849823 3.625206
v 7.979639 -60.893921 3.585305
v 5.740438 -54.968422 3.642505
v 5.601238 -54.619522 3.684406
v 5.826639 -54.564125 3.818706
v 5.968138 -54.918724 3.770606
v 5.407639 -54.167320 3.730805
v 5.628538 -54.104721 3.872106
v 6.103640 -54.496124 3.913205
v 6.247839 -54.857521 3.860805
v 5.900639 -54.028023 3.971205
v 5.154438 -53.640923 3.775605
v 4.836439 -53.069321 3.812205
v 5.042238 -52.989120 3.965605
v 5.368839 -53.569923 3.923505
v 5.296339 -52.891327 4.072806
v 5.633339 -53.483223 4.027005
v 5.898539 -52.658920 4.157106
v 6.256838 -53.277321 4.108505
v 5.934038 -53.384422 4.088005
v 5.586039 -52.779922 4.135905
v 6.537739 -53.846725 4.049205
v 6.208839 -53.940926 4.029706
v 6.747938 -54.336220 3.987705
v 6.894339 -54.714722 3.932306
v 6.562239 -54.788322 3.914406
v 6.416239 -54.418922 3.969006
v 4.448639 -52.481422 3.834405
v 4.643539 -52.391624 3.991106
v 3.984339 -51.861320 3.846405
v 4.166538 -51.762222 4.005006
v 4.884239 -52.282120 4.100605
v 4.391638 -51.641022 4.115905
v 3.436638 -51.193123 3.852506
v 2.798939 -50.460922 3.856906
v 2.953138 -50.346123 4.017605
v 3.605139 -51.085526 4.012205
v 3.143339 -50.205521 4.130205
v 3.813139 -50.953720 4.124006
v 3.592438 -49.877220 4.219305
v 4.305939 -50.644722 4.212305
v 4.050240 -50.804520 4.190005
v 3.359739 -50.046623 4.196806
v 4.926039 -51.355621 4.203406
v 4.648539 -51.503624 4.181306
v 5.455938 -52.022720 4.186906
v 5.159039 -52.157524 4.165106
v 2.064539 -49.648621 3.863806
v 2.204439 -49.528923 4.026106
v 1.311838 -48.832924 3.870806
v 1.438238 -48.710121 4.034606
v 2.376938 -49.381920 4.139906
v 1.593939 -48.559120 4.149806
v 0.619139 -48.090622 3.875306
v 0.065039 -47.498123 3.874906
v 0.169838 -47.373421 4.040106
v 0.733639 -47.966125 4.040306
v 0.299139 -47.220222 4.156605
v 0.874640 -47.813225 4.156506
v 0.599739 -46.865227 4.248605
v 1.203739 -47.458725 4.248206
v 1.034039 -47.641022 4.225206
v 0.445038 -47.047623 4.225605
v 1.958839 -48.208824 4.240806
v 1.770338 -48.389122 4.218006
v 2.782539 -49.040123 4.230005
v 2.572639 -49.216225 4.207306
v -1.636761 -45.638420 3.992505
v -2.760462 -44.423325 4.148805
v -2.666761 -44.317924 4.349305
v -1.543762 -45.525826 4.172405
v -4.175062 -42.859421 4.343105
v -4.080162 -42.762627 4.569005
v -2.551462 -44.188324 4.486506
v -1.429361 -45.387222 4.297205
v -3.963362 -42.643723 4.721505
v -5.726561 -41.073921 4.543006
v -7.261162 -39.193527 4.716205
v -7.163761 -39.115425 4.989205
v -5.630260 -40.986420 4.794605
v -7.044262 -39.019623 5.169105
v -5.511961 -40.878922 4.962305
v -6.768061 -38.798325 5.296605
v -5.238562 -40.630821 5.083605
v -5.378962 -40.758224 5.055505
v -6.909861 -38.911926 5.267605
v -3.693562 -42.368820 4.834105
v -3.832062 -42.510025 4.807605
v -2.284861 -43.888725 4.590106
v -1.164562 -45.066620 4.393405
v -1.300461 -45.231323 4.369905
v -2.421761 -44.042625 4.565206
v -8.272459 -37.095924 5.402405
v -8.130159 -36.995224 5.431205
v -8.407259 -37.191322 5.301905
v -9.469961 -35.302620 5.477405
v -9.327959 -35.214127 5.505505
v -9.604460 -35.386421 5.377405
v -8.624861 -37.345520 4.830405
v -8.527159 -37.276222 5.115905
v -9.821760 -35.521820 4.898306
v -9.724260 -35.461021 5.189706
v -11.730360 -31.916321 4.946105
v -11.634260 -31.871521 5.237906
v -10.758661 -33.662025 5.225306
v -10.855558 -33.714722 4.932605
v -11.516058 -31.816422 5.422705
v -10.639559 -33.597321 5.412205
v -11.383360 -31.754522 5.518806
v -11.243261 -31.689222 5.544806
v -10.364561 -33.447922 5.537304
v -10.505758 -33.524620 5.510406
v -12.105959 -29.984922 5.520405
v -11.966959 -29.930721 5.545705
v -12.237558 -30.036222 5.425705
v -12.687960 -28.215822 5.500205
v -12.549860 -28.172321 5.524905
v -12.818758 -28.256922 5.406805
v -12.449961 -30.118921 4.951406
v -12.354658 -30.081821 5.242305
v -13.029860 -28.323122 4.937105
v -12.935160 -28.293522 5.225505
v -13.832060 -24.740021 4.804505
v -13.736658 -24.723322 5.075805
v -13.390760 -26.507122 5.174305
v -13.485361 -26.529921 4.892005
v -13.619459 -24.702721 5.246905
v -13.274458 -26.479021 5.351905
v -13.487658 -24.679522 5.335005
v -13.348658 -24.654921 5.357605
v -13.005758 -26.413721 5.467205
v -13.143759 -26.447321 5.443405
v -13.734159 -22.912521 5.160205
v -13.592459 -22.895521 5.180705
v -13.868460 -22.928522 5.077405
v -13.901358 -21.254921 4.952604
v -13.756060 -21.244221 4.970604
v -14.039061 -21.265022 4.876004
v -14.085360 -22.954121 4.663305
v -13.988058 -22.942722 4.916805
v -14.261560 -21.281021 4.495504
v -14.161760 -21.273922 4.727904
v -14.448458 -18.707521 4.188405
v -14.343660 -18.706221 4.382205
v -14.274660 -19.825521 4.539505
v -14.377161 -19.829222 4.328205
v -14.214960 -18.704422 4.507404
v -14.148760 -19.820721 4.675204
v -14.070559 -18.702421 4.572605
v -13.918459 -18.700321 4.586004
v -13.858458 -19.809721 4.761004
v -14.007460 -19.815321 4.745504
v -13.875559 -16.898722 4.511604
v -14.048960 -16.893421 4.506304
v -13.955458 -16.308121 4.534204
v -13.772261 -16.316723 4.532104
v -14.213758 -16.888521 4.445805
v -14.129660 -16.300423 4.477604
v -13.825460 -15.515121 4.562504
v -13.628660 -15.527521 4.551304
v -14.012758 -15.503821 4.511204
v -14.360758 -16.884521 4.324104
v -14.481260 -16.881321 4.135604
v -14.413660 -16.288521 4.166005
v -14.285460 -16.293720 4.356704
v -14.320059 -15.486121 4.199304
v -14.180861 -15.494021 4.392004
v -14.071959 -13.343322 4.273504
v -13.897860 -13.356522 4.470504
v -14.050558 -14.507421 4.429904
v -14.204660 -14.496821 4.235304
v -13.690660 -13.372822 4.586404
v -13.865561 -14.520621 4.547304
v -13.461859 -13.391421 4.626604
v -13.222761 -13.411621 4.596204
v -13.445360 -14.552221 4.571804
v -13.660360 -14.535822 4.592904
v -13.231359 -12.103621 4.665104
v -12.961561 -12.126621 4.627204
v -13.490358 -12.082222 4.629004
v -12.987959 -10.704621 4.705904
v -12.683058 -10.729422 4.661604
v -13.281958 -10.681521 4.673004
v -13.926058 -12.048121 4.313504
v -13.726160 -12.063421 4.513604
v -13.780260 -10.644722 4.354004
v -13.550760 -10.661222 4.557504
v -13.540960 -7.646122 4.429904
v -13.248960 -7.661821 4.640304
v -13.386660 -9.183022 4.600403
v -13.647459 -9.166222 4.393303
v -12.908960 -7.681121 4.756204
v -13.082460 -9.203622 4.716104
v -12.539660 -7.702921 4.783604
v -12.159658 -7.726222 4.728203
v -12.408659 -9.251923 4.696303
v -12.751059 -9.226922 4.746203
v -12.372961 -6.164922 4.815403
v -11.957560 -6.184422 4.754104
v -12.778658 -6.146721 4.791103
v -12.252359 -4.616621 4.840003
v -11.807161 -4.630521 4.773304
v -12.688860 -4.603621 4.818704
v -13.473761 -6.117521 4.462403
v -13.152861 -6.130722 4.675404
v -13.437159 -4.582722 4.488503
v -13.092058 -4.592122 4.703504
v -13.060461 -3.048522 4.722103
v -13.422159 -3.043622 4.506003
v -12.637159 -3.054522 4.836903
v -11.712961 -3.068521 4.785403
v -12.178961 -3.061321 4.856003
v 9.051738 -75.490227 3.064807
v 8.991538 -74.405624 3.074107
v 9.154538 -74.426529 3.123507
v 9.209337 -75.516022 3.111307
v 8.918138 -73.205826 3.086307
v 9.088037 -73.224625 3.139307
v 9.345438 -74.457527 3.172307
v 9.394538 -75.550629 3.157507
v 9.289838 -73.259727 3.191607
v 8.819637 -71.863525 3.102906
v 8.996637 -71.880829 3.160506
v 9.215737 -71.927628 3.216707
v 9.694238 -72.209023 3.336906
v 9.465238 -72.025429 3.274806
v 9.700638 -73.414223 3.309706
v 9.503838 -73.319023 3.247107
v 9.724837 -74.552628 3.287507
v 9.763638 -75.630127 3.269807
v 9.586238 -75.589928 3.208607
v 9.542738 -74.499329 3.225407
v 8.557638 -60.804222 3.644805
v 8.204538 -59.000221 3.695205
v 8.831537 -60.759720 3.637305
v 8.487338 -58.951126 3.676006
v 7.626638 -56.265724 3.782605
v 7.882339 -57.452621 3.741905
v 7.924639 -56.210121 3.743905
v 8.173239 -57.399925 3.712005
v 8.404338 -56.120026 3.562505
v 8.642238 -57.314125 3.547305
v 8.431838 -57.352722 3.648305
v 8.189240 -56.160522 3.671305
v 8.943838 -58.870522 3.531405
v 8.738937 -58.906921 3.623106
v 9.274137 -60.684525 3.514806
v 9.075438 -60.718925 3.596205
v 7.082638 -54.251320 3.970605
v 7.226938 -54.640121 3.915805
v 6.872339 -53.749023 4.031505
v 7.401739 -54.169426 3.916005
v 7.542540 -54.568825 3.863505
v 7.193138 -53.654022 3.974505
v 6.220839 -52.532524 4.138506
v 6.587839 -53.165421 4.090205
v 6.532738 -52.408722 4.077505
v 6.906839 -53.056023 4.031006
v 7.043839 -52.202225 3.819205
v 7.427938 -52.873627 3.781505
v 7.193638 -52.956322 3.928905
v 6.813839 -52.295921 3.971905
v 7.715139 -53.496521 3.735805
v 7.480539 -53.567825 3.876605
v 7.918739 -54.035027 3.688605
v 8.051939 -54.453125 3.646405
v 7.823439 -54.505127 3.774105
v 7.686638 -54.095627 3.822505
v 5.763039 -51.882423 4.168006
v 5.213139 -51.202820 4.184406
v 6.060839 -51.745720 4.106005
v 5.491539 -51.054626 4.121705
v 3.831638 -49.705025 4.199805
v 4.569839 -50.481125 4.193105
v 4.062738 -49.539925 4.135905
v 4.825338 -50.323425 4.129905
v 4.441538 -49.270226 3.865205
v 5.245039 -50.064323 3.861105
v 5.055939 -50.181221 4.020106
v 4.270939 -49.391724 4.025205
v 5.948839 -50.809624 3.854905
v 5.742838 -50.920425 4.012706
v 6.549639 -51.518227 3.842305
v 6.329538 -51.621323 3.998205
v 2.997238 -48.862122 4.210005
v 2.150539 -48.027222 4.220206
v 3.204039 -48.692024 4.145005
v 2.334438 -47.854324 4.153906
v 0.755339 -46.682320 4.226905
v 1.375238 -47.275627 4.227005
v 0.903238 -46.508720 4.159105
v 1.539139 -47.101624 4.159705
v 1.142239 -46.228127 3.878505
v 1.804838 -46.819923 3.880105
v 1.685539 -46.946426 4.044605
v 1.035038 -46.354027 4.043406
v 2.633938 -47.573723 3.876906
v 2.499338 -47.699821 4.040206
v 3.542038 -48.415222 3.871206
v 3.389839 -48.539726 4.032806
v -2.148062 -43.734726 4.565906
v -1.028662 -44.901825 4.370705
v -3.555061 -42.227623 4.808105
v -2.018461 -43.588722 4.487805
v -0.899961 -44.745621 4.298705
v -3.423861 -42.093727 4.722405
v -6.626362 -38.684723 5.267706
v -5.098261 -40.503326 5.055805
v -6.492062 -38.576927 5.169406
v -4.965361 -40.382423 4.962906
v -6.275162 -38.402824 4.716705
v -4.750862 -40.187225 4.543905
v -4.847061 -40.274925 4.795406
v -6.372461 -38.481026 4.989606
v -3.212461 -41.877525 4.344505
v -3.307261 -41.974525 4.570205
v -1.809862 -43.353127 4.150705
v -0.692961 -44.493523 3.994705
v -0.785662 -44.606621 4.174406
v -1.903362 -43.458824 4.351006
v -7.733160 -36.714127 5.116105
v -7.635462 -36.644821 4.830605
v -7.853159 -36.799026 5.302005
v -8.931658 -34.967323 5.189706
v -8.834158 -34.906525 4.898405
v -9.051458 -35.041924 5.377405
v -7.987959 -36.894524 5.402405
v -9.185961 -35.125725 5.477405
v -11.103159 -31.623922 5.518806
v -10.223360 -33.371223 5.510405
v -10.970358 -31.561922 5.422705
v -10.089560 -33.298523 5.412204
v -10.852160 -31.506922 5.237906
v -10.756060 -31.462122 4.946105
v -9.873560 -33.181221 4.932604
v -9.970461 -33.233822 5.225305
v -11.579260 -29.779621 5.242305
v -11.484060 -29.742622 4.951406
v -11.696459 -29.825222 5.425705
v -12.164560 -28.051121 5.224705
v -12.069960 -28.021421 4.936305
v -12.280958 -28.087622 5.406205
v -11.828058 -29.876522 5.520405
v -12.411760 -28.128822 5.499905
v -13.209658 -24.630322 5.331905
v -12.867861 -26.380222 5.442105
v -13.078058 -24.607021 5.241105
v -12.737158 -26.348522 5.349605
v -12.960958 -24.586422 5.068105
v -12.865759 -24.569822 4.796105
v -12.526358 -26.297621 4.888605
v -12.620859 -26.320421 5.171305
v -13.197660 -22.848421 4.901505
v -13.100760 -22.837122 4.646405
v -13.316858 -22.862621 5.065905
v -13.351759 -21.214821 4.703304
v -13.252558 -21.207821 4.468504
v -13.473761 -21.223621 4.857504
v -13.450861 -22.878622 5.154105
v -13.611059 -21.233622 4.942804
v -13.766760 -18.698322 4.556005
v -13.709860 -19.804022 4.732005
v -13.623159 -18.696421 4.476305
v -13.569159 -19.798721 4.649805
v -13.495558 -18.694822 4.340604
v -13.391859 -18.693621 4.142704
v -13.342558 -19.790522 4.291005
v -13.444159 -19.794121 4.505704
v -13.275259 -16.919521 4.028204
v -13.393358 -16.915321 4.226405
v -13.262861 -16.342422 4.213904
v -13.138258 -16.348923 4.008904
v -13.538759 -16.910221 4.372504
v -13.416361 -16.334421 4.370404
v -13.081858 -15.564422 4.193304
v -12.948259 -15.573821 3.980804
v -13.246561 -15.553021 4.362204
v -13.702459 -16.904522 4.467304
v -13.589361 -16.325623 4.477105
v -13.432261 -15.540421 4.483104
v -12.984758 -13.432322 4.500704
v -13.230860 -14.569221 4.489504
v -12.760160 -13.452521 4.350304
v -13.028158 -14.585722 4.353604
v -12.561159 -13.470821 4.155704
v -12.399958 -13.485922 3.927204
v -12.702959 -14.613122 3.951104
v -12.848558 -14.600721 4.171604
v -12.217760 -12.194221 4.152604
v -12.036661 -12.211521 3.916304
v -12.441259 -12.173422 4.358204
v -11.847158 -10.802022 4.157304
v -11.644258 -10.820621 3.913704
v -12.097761 -10.779621 4.372804
v -12.693659 -12.150421 4.520704
v -12.381361 -10.754922 4.545804
v -11.787859 -7.750222 4.595704
v -12.071558 -9.277622 4.572104
v -11.441660 -7.773421 4.403903
v -11.755861 -9.302523 4.389503
v -11.138460 -7.794521 4.170504
v -10.895559 -7.812022 3.913203
v -11.253561 -9.343822 3.914304
v -11.477858 -9.325022 4.164904
v -10.857561 -6.241322 4.169303
v -10.601160 -6.255921 3.905704
v -11.181360 -6.223722 4.411503
v -10.644758 -4.671122 4.164303
v -10.379461 -4.681521 3.895503
v -10.983961 -4.658621 4.414303
v -11.554258 -6.204422 4.613003
v -11.377859 -4.644822 4.624403
v -11.266161 -3.075922 4.630703
v -10.858358 -3.083122 4.414403
v -10.239260 -3.095122 3.886303
v -10.509459 -3.089622 4.158803
v 8.677037 -70.327324 2.553806
v 8.852538 -70.317322 2.495306
v 8.669638 -68.605827 2.457806
v 8.492238 -68.620728 2.523106
v 9.068237 -70.304924 2.442106
v 8.888038 -68.587326 2.399106
v 8.440738 -66.758728 2.411506
v 8.260338 -66.778229 2.484406
v 8.662938 -66.734627 2.346906
v 9.310938 -70.290726 2.393206
v 9.567438 -70.275223 2.347306
v 9.394137 -68.543427 2.299306
v 9.134038 -68.566124 2.346406
v 9.178338 -66.677727 2.243206
v 8.913238 -66.707222 2.290806
v 8.614537 -62.768921 2.117006
v 8.335338 -62.810120 2.161106
v 8.647537 -64.769821 2.228306
v 8.918838 -64.734222 2.181606
v 8.071739 -62.848724 2.221006
v 8.391237 -64.803123 2.287006
v 7.837738 -62.882622 2.295806
v 7.647938 -62.910027 2.384506
v 7.979538 -64.855927 2.438106
v 8.163939 -64.832321 2.357206
v 9.593238 -62.621124 2.187706
v 9.399137 -62.650627 2.116906
v 9.681938 -64.631821 2.155406
v 9.870638 -64.606125 2.216106
v 9.161438 -62.686722 2.086806
v 9.450738 -64.663124 2.135706
v 9.922837 -66.592628 2.195606
v 10.106538 -66.571228 2.246906
v 9.697338 -66.618622 2.185006
v 8.894837 -62.727020 2.089506
v 9.191438 -64.697922 2.147606
v 9.444438 -66.647629 2.204406
v 9.824537 -70.258926 2.303206
v 9.655038 -68.520027 2.257306
v 10.068438 -70.243027 2.273406
v 9.902738 -68.497322 2.231906
v 10.285538 -70.228523 2.270306
v 10.462038 -70.216629 2.306306
v 10.303038 -68.460228 2.277806
v 10.123438 -68.476929 2.234806
v 10.809237 -75.615822 2.386107
v 10.636938 -75.608223 2.363907
v 10.685738 -76.677322 2.383807
v 10.856538 -76.689323 2.404207
v 10.424337 -75.599525 2.376907
v 10.473938 -76.664429 2.397307
v 10.719538 -77.606628 2.408907
v 10.883038 -77.610123 2.427307
v 10.514137 -77.608925 2.422407
v 10.185038 -75.588127 2.411707
v 9.932837 -75.571922 2.455307
v 9.983937 -76.622528 2.473907
v 10.235437 -76.647324 2.431707
v 10.027038 -77.560822 2.495607
v 10.277938 -77.593628 2.455507
v 10.088337 -78.982323 2.564407
v 10.339837 -79.025528 2.532007
v 10.312636 -78.396523 2.487507
v 10.061936 -78.357323 2.524507
v 10.567137 -79.003128 2.504507
v 10.543337 -78.395828 2.456707
v 10.744337 -78.885025 2.491807
v 10.848237 -78.719429 2.494107
v 10.877137 -78.309723 2.460007
v 10.732137 -78.340828 2.444207
v 7.311338 -56.324226 1.885205
v 6.994638 -56.382423 1.907105
v 7.266838 -57.562920 1.960405
v 7.574938 -57.508026 1.933305
v 6.693638 -56.437424 1.958805
v 6.974339 -57.614624 2.014305
v 7.606638 -59.099220 2.023106
v 7.905039 -59.048325 1.989905
v 7.323839 -59.147125 2.079705
v 6.425240 -56.486122 2.040605
v 6.206539 -56.525826 2.153105
v 6.501938 -57.697624 2.203005
v 6.713938 -57.660423 2.095105
v 6.868038 -59.223724 2.261706
v 7.072439 -59.189423 2.159405
v 7.460539 -60.965927 2.228006
v 7.263739 -60.996925 2.323905
v 7.702738 -60.927620 2.150306
v 8.264139 -60.837822 2.052105
v 7.975639 -60.884125 2.091406
v 5.898539 -52.658920 1.517805
v 5.586039 -52.779922 1.539005
v 5.934038 -53.384422 1.586905
v 6.256838 -53.277321 1.566405
v 5.296339 -52.891327 1.602105
v 5.633339 -53.483223 1.647905
v 6.208839 -53.940926 1.645205
v 6.537739 -53.846725 1.625605
v 5.900639 -54.028023 1.703705
v 5.042238 -52.989120 1.709305
v 4.836439 -53.069321 1.862605
v 5.154438 -53.640923 1.899305
v 5.368839 -53.569923 1.751405
v 5.407639 -54.167320 1.944005
v 5.628538 -54.104721 1.802805
v 5.740438 -54.968422 2.032405
v 5.968138 -54.918724 1.904305
v 5.826639 -54.564125 1.856205
v 5.601238 -54.619522 1.990505
v 6.247839 -54.857521 1.814005
v 6.103640 -54.496124 1.761705
v 6.562239 -54.788322 1.760505
v 6.894339 -54.714722 1.742605
v 6.747938 -54.336220 1.687105
v 6.416239 -54.418922 1.705805
v 3.592438 -49.877220 1.455606
v 3.359739 -50.046623 1.478105
v 4.050240 -50.804520 1.484906
v 4.305939 -50.644722 1.462606
v 3.143339 -50.205521 1.544606
v 3.813139 -50.953720 1.550906
v 4.648539 -51.503624 1.493605
v 4.926039 -51.355621 1.471505
v 4.391638 -51.641022 1.558906
v 2.953138 -50.346123 1.657206
v 2.798939 -50.460922 1.818006
v 3.436638 -51.193123 1.822406
v 3.605139 -51.085526 1.662606
v 3.984339 -51.861320 1.828406
v 4.166538 -51.762222 1.669806
v 4.643539 -52.391624 1.683805
v 4.448639 -52.481422 1.840406
v 4.884239 -52.282120 1.574305
v 5.455938 -52.022720 1.488005
v 5.159039 -52.157524 1.509705
v 0.599739 -46.865227 1.426306
v 0.445038 -47.047623 1.449206
v 1.034039 -47.641022 1.449606
v 1.203739 -47.458725 1.426606
v 0.299139 -47.220222 1.518306
v 0.874640 -47.813225 1.518406
v 1.770338 -48.389122 1.456906
v 1.958839 -48.208824 1.434006
v 1.593939 -48.559120 1.525106
v 0.169838 -47.373421 1.634706
v 0.065039 -47.498123 1.800006
v 0.619139 -48.090622 1.799506
v 0.733639 -47.966125 1.634606
v 1.311838 -48.832924 1.804106
v 1.438238 -48.710121 1.640206
v 2.204439 -49.528923 1.648806
v 2.064539 -49.648621 1.811106
v 2.376938 -49.381920 1.534906
v 2.782539 -49.040123 1.444906
v 2.572639 -49.216225 1.467606
v -6.768061 -38.798325 0.378305
v -6.909861 -38.911926 0.407305
v -5.378962 -40.758224 0.619405
v -5.238562 -40.630821 0.591305
v -7.044262 -39.019623 0.505805
v -5.511961 -40.878922 0.712605
v -3.832062 -42.510025 0.867305
v -3.693562 -42.368820 0.840705
v -3.963362 -42.643723 0.953405
v -7.163761 -39.115425 0.685705
v -7.261162 -39.193527 0.958605
v -5.726561 -41.073921 1.131805
v -5.630260 -40.986420 0.880305
v -4.175062 -42.859421 1.331705
v -4.080162 -42.762627 1.105905
v -1.636761 -45.638420 1.682405
v -1.543762 -45.525826 1.502505
v -2.666761 -44.317924 1.325605
v -2.760462 -44.423325 1.526005
v -1.429361 -45.387222 1.377705
v -2.551462 -44.188324 1.188305
v -1.300461 -45.231323 1.305005
v -1.164562 -45.066620 1.281505
v -2.284861 -43.888725 1.084805
v -2.421761 -44.042625 1.109605
v -11.730360 -31.916321 0.728805
v -10.855558 -33.714722 0.742306
v -10.758661 -33.662025 0.449506
v -11.634260 -31.871521 0.436905
v -9.821760 -35.521820 0.776606
v -9.724260 -35.461021 0.485206
v -10.639559 -33.597321 0.262706
v -11.516058 -31.816422 0.252205
v -9.604460 -35.386421 0.297506
v -8.624861 -37.345520 0.844506
v -8.527159 -37.276222 0.559006
v -8.407259 -37.191322 0.373005
v -8.130159 -36.995224 0.243705
v -8.272459 -37.095924 0.272505
v -9.327959 -35.214127 0.169406
v -9.469961 -35.302620 0.197506
v -10.364561 -33.447922 0.137506
v -11.243261 -31.689222 0.130105
v -11.383360 -31.754522 0.156005
v -10.505758 -33.524620 0.164506
v -13.832060 -24.740021 0.870405
v -13.485361 -26.529921 0.782905
v -13.390760 -26.507122 0.500505
v -13.736658 -24.723322 0.599105
v -13.029860 -28.323122 0.737705
v -12.935160 -28.293522 0.449405
v -13.274458 -26.479021 0.322905
v -13.619459 -24.702721 0.428005
v -12.818758 -28.256922 0.268105
v -12.449961 -30.118921 0.723505
v -12.354658 -30.081821 0.432505
v -12.237558 -30.036222 0.249205
v -11.966959 -29.930721 0.129205
v -12.105959 -29.984922 0.154505
v -12.549860 -28.172321 0.150005
v -12.687960 -28.215822 0.174705
v -13.005758 -26.413721 0.207605
v -13.348658 -24.654921 0.317305
v -13.487658 -24.679522 0.339905
v -13.143759 -26.447321 0.231505
v -14.528559 -17.518822 1.619904
v -14.524561 -17.539022 1.626204
v -14.416861 -17.540222 1.449804
v -14.420259 -17.520021 1.442304
v -14.514761 -17.671322 1.614104
v -14.407759 -17.672222 1.436304
v -14.284861 -17.541622 1.334604
v -14.287260 -17.521521 1.326204
v -14.276358 -17.673222 1.320504
v -14.491858 -18.024521 1.571604
v -14.448458 -18.707521 1.486504
v -14.343660 -18.706221 1.292704
v -14.385660 -18.024622 1.388504
v -14.214960 -18.704422 1.167404
v -14.255358 -18.024721 1.269504
v -13.918459 -18.700321 1.088804
v -13.955061 -18.024921 1.195404
v -14.109060 -18.024822 1.207504
v -14.070559 -18.702421 1.102304
v -13.973860 -17.675621 1.248504
v -14.129061 -17.674421 1.260004
v -13.980558 -17.544821 1.263004
v -13.980860 -17.524921 1.254004
v -14.138060 -17.523121 1.265504
v -14.136660 -17.543121 1.274404
v -14.071959 -13.343322 1.401404
v -14.204660 -14.496821 1.439604
v -14.050459 -14.507421 1.245004
v -13.897760 -13.356522 1.204404
v -14.319960 -15.486121 1.475604
v -14.180861 -15.494021 1.282904
v -13.865561 -14.520621 1.127504
v -13.690660 -13.372822 1.088504
v -14.012758 -15.503821 1.163604
v -14.413660 -16.288521 1.508904
v -14.481260 -16.881321 1.539204
v -14.360758 -16.884521 1.350804
v -14.285460 -16.293720 1.318204
v -14.213659 -16.888521 1.229104
v -14.129560 -16.300423 1.197304
v -13.875559 -16.898722 1.163304
v -13.772261 -16.316723 1.142704
v -13.955359 -16.308121 1.140704
v -14.048960 -16.893421 1.168504
v -13.628660 -15.527521 1.123504
v -13.825361 -15.515121 1.112304
v -13.445261 -14.552221 1.103104
v -13.222761 -13.411621 1.078704
v -13.461859 -13.391421 1.048304
v -13.660360 -14.535822 1.082004
v -13.540960 -7.646122 1.245004
v -13.647459 -9.166222 1.281604
v -13.386660 -9.183022 1.074504
v -13.248960 -7.661822 1.034604
v -13.780260 -10.644722 1.320904
v -13.550760 -10.661222 1.117304
v -13.082460 -9.203622 0.958704
v -12.908960 -7.681122 0.918604
v -13.281958 -10.681521 1.001904
v -13.926058 -12.048121 1.361404
v -13.726160 -12.063421 1.161204
v -13.490358 -12.082222 1.045804
v -12.961561 -12.126621 1.047704
v -13.231359 -12.103621 1.009804
v -12.683058 -10.729422 1.013304
v -12.987959 -10.704621 0.969004
v -12.408659 -9.251923 0.978604
v -12.159658 -7.726222 0.946704
v -12.539660 -7.702922 0.891304
v -12.751059 -9.226922 0.928604
v -13.422159 -3.043622 1.168903
v -13.060461 -3.048522 0.952703
v -13.437159 -4.582722 1.186303
v -13.092058 -4.592122 0.971403
v -12.637159 -3.054522 0.838003
v -12.688860 -4.603621 0.856203
v -13.473761 -6.117522 1.212404
v -13.152861 -6.130722 0.999503
v -12.778658 -6.146722 0.883803
v -11.957560 -6.184422 0.920803
v -12.372961 -6.164922 0.859503
v -11.807058 -4.630522 0.901503
v -12.252359 -4.616622 0.834803
v -11.712961 -3.068522 0.889503
v -12.178961 -3.061322 0.818803
v 9.681538 -75.549225 2.494507
v 9.733638 -76.586426 2.511007
v 9.444138 -75.524124 2.532007
v 9.497738 -76.545929 2.546007
v 9.777637 -77.510323 2.530307
v 9.544337 -77.448227 2.562407
v 9.233937 -75.500526 2.570807
v 9.064037 -75.482422 2.613707
v 9.122238 -76.479225 2.622307
v 9.289437 -76.507927 2.582107
v 9.181938 -77.332123 2.631607
v 9.341738 -77.380623 2.595007
v 9.313537 -78.383728 2.653307
v 9.428536 -78.584427 2.636407
v 9.394036 -78.073723 2.611507
v 9.250136 -77.988724 2.642607
v 9.611836 -78.775925 2.615107
v 9.584037 -78.198822 2.584107
v 9.838737 -78.903824 2.591607
v 9.812837 -78.292427 2.555907
v 8.404338 -56.120026 2.112405
v 8.189240 -56.160522 2.003605
v 8.431838 -57.352722 2.026605
v 8.642238 -57.314125 2.127505
v 7.924639 -56.210121 1.931005
v 8.173239 -57.399925 1.962905
v 8.738237 -58.903526 2.052805
v 8.943438 -58.867523 2.144506
v 8.486338 -58.947624 1.999805
v 7.626638 -56.265724 1.892305
v 7.882339 -57.452621 1.932905
v 8.203438 -58.996826 1.980505
v 8.553238 -60.790825 2.033306
v 8.827838 -60.745720 2.041306
v 9.272238 -60.672325 2.164206
v 9.072638 -60.705421 2.082806
v 7.043839 -52.202225 1.855705
v 6.813839 -52.295921 1.703005
v 7.193638 -52.956322 1.746005
v 7.427938 -52.873627 1.893305
v 6.532738 -52.408722 1.597405
v 6.906839 -53.056023 1.643805
v 7.480539 -53.567825 1.798305
v 7.715139 -53.496521 1.939105
v 7.193138 -53.654022 1.700305
v 6.220839 -52.532524 1.536405
v 6.587839 -53.165421 1.584705
v 6.872339 -53.749023 1.643405
v 7.226938 -54.640121 1.759105
v 7.082638 -54.251320 1.704305
v 7.542540 -54.568825 1.811405
v 7.401739 -54.169426 1.758905
v 7.823439 -54.505127 1.900805
v 8.051939 -54.453125 2.028505
v 7.918739 -54.035027 1.986305
v 7.686638 -54.095627 1.852305
v 4.441538 -49.270226 1.809706
v 4.270939 -49.391724 1.649706
v 5.055939 -50.181221 1.654805
v 5.245039 -50.064323 1.813805
v 4.062738 -49.539925 1.539006
v 4.825338 -50.323425 1.545005
v 5.742838 -50.920425 1.662205
v 5.948839 -50.809624 1.820005
v 5.491539 -51.054626 1.553205
v 3.831638 -49.705025 1.475106
v 4.569839 -50.481125 1.481806
v 5.213139 -51.202820 1.490505
v 5.763039 -51.882423 1.506905
v 6.060839 -51.745720 1.568905
v 6.549639 -51.518227 1.832605
v 6.329538 -51.621323 1.676605
v 1.142239 -46.228127 1.796405
v 1.035038 -46.354027 1.631505
v 1.685539 -46.946426 1.630306
v 1.804838 -46.819923 1.794806
v 0.903238 -46.508720 1.515805
v 1.539139 -47.101624 1.515206
v 2.499338 -47.699821 1.634706
v 2.633938 -47.573723 1.798006
v 2.334438 -47.854324 1.520906
v 0.755339 -46.682320 1.447906
v 1.375238 -47.275627 1.447906
v 2.150539 -48.027222 1.454706
v 2.997238 -48.862122 1.464906
v 3.204039 -48.692024 1.529906
v 3.542038 -48.415222 1.803706
v 3.389839 -48.539726 1.642106
v -6.275162 -38.402824 0.958205
v -6.372461 -38.481026 0.685305
v -4.847061 -40.274925 0.879505
v -4.750862 -40.187225 1.131005
v -6.492062 -38.576927 0.505505
v -4.965361 -40.382423 0.712005
v -3.307261 -41.974525 1.104605
v -3.212461 -41.877525 1.330405
v -3.423861 -42.093727 0.952405
v -6.626362 -38.684723 0.407105
v -5.098261 -40.503326 0.619005
v -3.555061 -42.227623 0.866805
v -1.028662 -44.901825 1.304205
v -2.148062 -43.734726 1.109005
v -0.899961 -44.745621 1.376205
v -2.018461 -43.588722 1.187105
v -0.785662 -44.606621 1.500505
v -0.692961 -44.493523 1.680205
v -1.809862 -43.353127 1.524205
v -1.903362 -43.458824 1.323905
v -10.223360 -33.371223 0.164506
v -11.103159 -31.623922 0.156005
v -9.185961 -35.125725 0.197406
v -10.089560 -33.298523 0.262706
v -10.970358 -31.561922 0.252205
v -9.051458 -35.041924 0.297406
v -7.987959 -36.894524 0.272505
v -7.853159 -36.799026 0.372905
v -7.635462 -36.644821 0.844305
v -7.733160 -36.714127 0.558805
v -8.834158 -34.906525 0.776505
v -8.931658 -34.967323 0.485205
v -9.873560 -33.181221 0.742306
v -10.756060 -31.462122 0.728805
v -10.852160 -31.506922 0.436905
v -9.970461 -33.233822 0.449506
v -12.867861 -26.380222 0.232705
v -13.209658 -24.630322 0.342905
v -12.411760 -28.128822 0.175005
v -12.737158 -26.348522 0.325205
v -13.078058 -24.607021 0.433805
v -12.280958 -28.087622 0.268605
v -11.828058 -29.876522 0.154505
v -11.696459 -29.825222 0.249205
v -11.484060 -29.742622 0.723505
v -11.579260 -29.779621 0.432505
v -12.069960 -28.021421 0.738605
v -12.164560 -28.051121 0.450205
v -12.526358 -26.297621 0.786305
v -12.865759 -24.569822 0.878805
v -12.960958 -24.586422 0.606805
v -12.620859 -26.320421 0.503605
v -13.824858 -17.546522 1.294304
v -13.824160 -17.526722 1.285604
v -13.818960 -17.676922 1.279504
v -13.677561 -17.548321 1.371904
v -13.675859 -17.528622 1.363904
v -13.672560 -17.678122 1.357004
v -13.766760 -18.698322 1.118904
v -13.801359 -18.025021 1.226004
v -13.623159 -18.696421 1.198604
v -13.655958 -18.025221 1.304204
v -13.391859 -18.693621 1.532204
v -13.421858 -18.025721 1.622404
v -13.526861 -18.025421 1.434804
v -13.495558 -18.694822 1.334304
v -13.436758 -17.680422 1.667704
v -13.542459 -17.679321 1.485104
v -13.440458 -17.551321 1.681004
v -13.437059 -17.531822 1.675104
v -13.544161 -17.530321 1.492504
v -13.546759 -17.549921 1.499604
v -13.230860 -14.569221 1.185404
v -12.984758 -13.432322 1.174204
v -13.432261 -15.540421 1.191804
v -13.028158 -14.585722 1.321304
v -12.760160 -13.452521 1.324504
v -13.246561 -15.553021 1.312704
v -13.702459 -16.904522 1.207604
v -13.589361 -16.325623 1.197804
v -13.538759 -16.910221 1.302404
v -13.416361 -16.334421 1.304404
v -13.275259 -16.919521 1.646704
v -13.138258 -16.348923 1.666004
v -13.262758 -16.342422 1.461004
v -13.393259 -16.915321 1.448404
v -12.948259 -15.573821 1.694104
v -13.081758 -15.564422 1.481604
v -12.702959 -14.613122 1.723804
v -12.399958 -13.485922 1.747704
v -12.561060 -13.470821 1.519204
v -12.848459 -14.600721 1.503304
v -12.071558 -9.277622 1.102804
v -11.787859 -7.750222 1.079104
v -12.381361 -10.754922 1.129104
v -11.755861 -9.302523 1.285304
v -11.441660 -7.773422 1.270904
v -12.097761 -10.779621 1.302104
v -12.693659 -12.150421 1.154204
v -12.441259 -12.173422 1.316604
v -12.036661 -12.211521 1.758504
v -12.217760 -12.194221 1.522304
v -11.644258 -10.820621 1.761204
v -11.847158 -10.802022 1.517604
v -11.253561 -9.343822 1.760604
v -10.895559 -7.812022 1.761604
v -11.138460 -7.794522 1.504304
v -11.477858 -9.325022 1.510004
v -11.266161 -3.075922 1.044203
v -11.377859 -4.644822 1.050503
v -10.858358 -3.083122 1.260503
v -10.983961 -4.658622 1.260503
v -11.554258 -6.204422 1.061903
v -11.181360 -6.223722 1.263304
v -10.601160 -6.255922 1.769104
v -10.857561 -6.241322 1.505603
v -10.379461 -4.681522 1.779403
v -10.644758 -4.671122 1.510503
v -10.239260 -3.095122 1.788503
v -10.509459 -3.089622 1.516103
v 7.381338 -62.948021 2.837406
v 7.392239 -62.946426 2.958806
v 7.730938 -64.887123 2.943606
v 7.720238 -64.888420 2.837406
v 7.434538 -62.941124 3.077106
v 7.772339 -64.883224 3.047406
v 8.016739 -66.804123 2.930806
v 8.006239 -66.805222 2.837406
v 8.057638 -66.801628 3.022506
v 7.517439 -62.931122 3.189006
v 7.853739 -64.876526 3.146606
v 8.138138 -66.798424 3.110606
v 8.558138 -70.344124 3.057706
v 8.372337 -68.640022 3.081006
v 8.479338 -70.341324 2.986306
v 8.292637 -68.639824 3.002106
v 8.439238 -70.341324 2.912506
v 8.428838 -70.341927 2.837406
v 8.241636 -68.641823 2.837406
v 8.252136 -68.640923 2.920506
v 10.715638 -70.224724 2.849406
v 10.711038 -70.250626 3.026406
v 10.552538 -68.483025 3.028606
v 10.559738 -68.459229 2.846906
v 10.688638 -70.317024 3.201306
v 10.522438 -68.535728 3.204006
v 10.359838 -66.577522 3.030706
v 10.368837 -66.558624 2.844206
v 10.322638 -66.608826 3.206606
v 10.649037 -70.452927 3.367006
v 10.465938 -68.635124 3.363106
v 10.250338 -66.655426 3.358806
v 9.731638 -62.625420 3.376206
v 10.008138 -64.638123 3.365106
v 9.815838 -62.605621 3.217706
v 10.088538 -64.613327 3.211706
v 9.859238 -62.592026 3.034606
v 9.870538 -62.584526 2.839506
v 10.140038 -64.581024 2.841606
v 10.129738 -64.593925 3.032706
v 10.113737 -79.224228 3.202207
v 10.389037 -79.541122 3.244407
v 10.380237 -79.684822 3.143307
v 10.121537 -79.561623 3.107307
v 10.618836 -79.615028 3.285707
v 10.620637 -79.702225 3.178307
v 10.383837 -79.809326 3.043407
v 10.125937 -79.739227 3.019107
v 10.625337 -79.774025 3.068207
v 10.813037 -79.480629 3.326407
v 10.957837 -79.119827 3.364007
v 10.976637 -79.162422 3.243407
v 10.824237 -79.538322 3.212307
v 10.989037 -79.190926 3.114807
v 10.832637 -79.581429 3.092507
v 10.993337 -79.194427 2.851707
v 10.836337 -79.600327 2.850407
v 10.837037 -79.604126 2.970707
v 10.994737 -79.202522 2.982707
v 10.627637 -79.815926 2.849007
v 10.628137 -79.813728 2.957607
v 10.384737 -79.881828 2.847407
v 10.125737 -79.838524 2.845607
v 10.126937 -79.825325 2.931407
v 10.385537 -79.873322 2.944207
v 11.017737 -75.699326 3.462007
v 10.958637 -74.586823 3.476307
v 10.987238 -74.543823 3.336707
v 11.046338 -75.682724 3.324707
v 10.876238 -73.414925 3.489606
v 10.904538 -73.318924 3.347806
v 11.005938 -74.513824 3.181507
v 11.063437 -75.670128 3.172907
v 10.926738 -73.259323 3.188807
v 10.766138 -72.179726 3.504507
v 10.793538 -71.984726 3.359906
v 10.822238 -71.875923 3.195807
v 10.839437 -71.797127 2.851407
v 10.838138 -71.820625 3.024107
v 10.935537 -73.205925 2.852807
v 10.937637 -73.224525 3.021406
v 11.008338 -74.480827 2.853607
v 11.062138 -75.651222 2.854107
v 11.068738 -75.660126 3.013707
v 11.013338 -74.493828 3.018007
v 6.354738 -57.723526 3.337005
v 6.054539 -56.553322 3.378005
v 6.726339 -59.247726 3.288805
v 6.262339 -57.739723 3.181805
v 5.958939 -56.570625 3.210805
v 6.637438 -59.262520 3.147605
v 7.127838 -61.019226 3.237906
v 7.042238 -61.031921 3.111606
v 6.987040 -61.040222 2.837405
v 6.998438 -61.038422 2.976706
v 6.579838 -59.272026 2.837405
v 6.591839 -59.270027 2.995306
v 6.202339 -57.750320 2.837405
v 5.896738 -56.581924 2.837405
v 5.909739 -56.579620 3.028006
v 6.214838 -57.748123 3.013005
v 5.004139 -53.692627 3.581505
v 4.692039 -53.127823 3.610705
v 5.253038 -54.212524 3.545805
v 4.908638 -53.727020 3.352705
v 4.600039 -53.166824 3.373005
v 5.155138 -54.242226 3.327905
v 5.581539 -55.003227 3.475405
v 5.443838 -54.658920 3.508705
v 5.481339 -55.025223 3.279005
v 5.344439 -54.684326 3.302206
v 5.415638 -55.039726 2.837405
v 5.278938 -54.701622 2.837405
v 5.292738 -54.697823 3.075005
v 5.429539 -55.036621 3.063106
v 5.090338 -54.263123 2.837405
v 5.104139 -54.258324 3.088206
v 4.845238 -53.751625 2.837405
v 4.538639 -53.195023 2.837405
v 4.551838 -53.188423 3.111305
v 4.858738 -53.746025 3.100905
v 3.318039 -51.269920 3.642606
v 2.690538 -50.541924 3.645906
v 3.856039 -51.932625 3.637906
v 3.242439 -51.319626 3.395106
v 2.621439 -50.594025 3.397306
v 3.774239 -51.979424 3.391906
v 4.311739 -52.546524 3.628406
v 4.224339 -52.589722 3.385305
v 4.165939 -52.620621 2.837405
v 4.178438 -52.613525 3.117505
v 3.719439 -52.012321 2.837406
v 3.731239 -52.004921 3.120906
v 3.191738 -51.353920 2.837406
v 2.575239 -50.629227 2.837406
v 2.585239 -50.621521 3.123706
v 3.202639 -51.346321 3.122506
v 0.539539 -48.177223 3.660006
v -0.007662 -47.584724 3.659405
v 1.223539 -48.918823 3.656605
v 0.489439 -48.231827 3.406806
v -0.053061 -47.639221 3.406406
v 1.167639 -48.973122 3.404506
v 1.966438 -49.732620 3.651206
v 1.904139 -49.786224 3.400906
v 1.862638 -49.821922 2.837406
v 1.871538 -49.814224 3.125506
v 1.130838 -49.009026 2.837406
v 1.138639 -49.001427 3.127306
v 0.456839 -48.267624 2.837406
v -0.082460 -47.674622 2.837406
v -0.076361 -47.667122 3.128206
v 0.463638 -48.260124 3.128406
v -5.793461 -41.134827 4.198206
v -7.328861 -39.248024 4.338306
v -4.240862 -42.926720 4.037006
v -5.835461 -41.173126 3.783505
v -7.371462 -39.282326 3.881705
v -4.282061 -42.969025 3.670605
v -1.700962 -45.716621 3.754505
v -2.825262 -44.496521 3.880405
v -1.740961 -45.765625 3.473005
v -2.865761 -44.542427 3.561105
v -1.766562 -45.797325 2.837406
v -2.891861 -44.572220 2.837405
v -2.886461 -44.566025 3.207805
v -1.761261 -45.790726 3.162506
v -4.308762 -42.996620 2.837405
v -4.303261 -42.990822 3.264005
v -5.862761 -41.198227 2.837405
v -7.399261 -39.304825 2.837405
v -7.393461 -39.300026 3.372705
v -5.857061 -41.192924 3.322105
v -10.923059 -33.751320 4.516706
v -11.797159 -31.947422 4.528706
v -9.889559 -35.564125 4.487605
v -10.965460 -33.774422 4.008306
v -11.839159 -31.966921 4.017305
v -9.932261 -35.590820 3.987306
v -8.692858 -37.393723 4.431505
v -8.735659 -37.424225 3.947405
v -8.763659 -37.444122 2.837405
v -8.757761 -37.439926 3.406605
v -9.960161 -35.608322 2.837406
v -9.954359 -35.604622 3.427306
v -10.993059 -33.789520 2.837406
v -11.866461 -31.979622 2.837405
v -11.860758 -31.977022 3.443005
v -10.987261 -33.786324 3.438306
v -13.551058 -26.545521 4.486305
v -13.898359 -24.751322 4.415605
v -13.095560 -28.343622 4.522605
v -13.592260 -26.555122 3.988105
v -13.939859 -24.758221 3.938505
v -13.136858 -28.356321 4.013505
v -12.516161 -30.144522 4.533705
v -12.557760 -30.160622 4.021105
v -12.584761 -30.170921 2.837405
v -12.579058 -30.168821 3.445105
v -13.163660 -28.364422 2.837405
v -13.158060 -28.362722 3.441205
v -13.619059 -26.561222 2.837405
v -13.966860 -24.762421 2.837405
v -13.961260 -24.761621 3.402705
v -13.613459 -26.560022 3.428205
v -14.528559 -17.518822 4.055005
v -14.524561 -17.539022 4.048705
v -14.599459 -17.538122 3.804904
v -14.603960 -17.517921 3.809804
v -14.514761 -17.671322 4.060804
v -14.589258 -17.670521 3.814704
v -14.646658 -17.537422 3.510504
v -14.651461 -17.517321 3.513904
v -14.636160 -17.669922 3.517404
v -14.491858 -18.024521 4.103304
v -14.521360 -18.708221 3.917904
v -14.565760 -18.024221 3.849104
v -14.567259 -18.708521 3.589705
v -14.612261 -18.023922 3.541504
v -14.597158 -18.708622 2.837404
v -14.642660 -18.023521 2.837404
v -14.636259 -18.023722 3.198404
v -14.590860 -18.708622 3.223204
v -14.666758 -17.669422 2.837404
v -14.660360 -17.669521 3.186004
v -14.677458 -17.536821 2.837404
v -14.682459 -17.516821 2.837404
v -14.675959 -17.516922 3.184104
v -14.670958 -17.537022 3.182405
v -14.317659 -14.489522 3.958104
v -14.201761 -13.334022 3.990004
v -14.420359 -15.480822 3.927804
v -14.393358 -14.484921 3.618904
v -14.290258 -13.328221 3.641804
v -14.486361 -15.477522 3.597204
v -14.566061 -16.879322 3.874604
v -14.504759 -16.285023 3.899904
v -14.620161 -16.878120 3.559104
v -14.563761 -16.282921 3.577104
v -14.656458 -16.877522 2.837404
v -14.604258 -16.281721 2.837404
v -14.595358 -16.281921 3.216704
v -14.648661 -16.877621 3.207304
v -14.532961 -15.475422 2.837404
v -14.522360 -15.475821 3.227204
v -14.448458 -14.481921 2.837404
v -14.356661 -13.324322 2.837404
v -14.340860 -13.325122 3.250404
v -14.435659 -14.482521 3.238504
v -13.848658 -9.154322 4.089203
v -13.766161 -7.634922 4.119403
v -13.956160 -10.633021 4.056804
v -13.991060 -9.146622 3.712304
v -13.925661 -7.627622 3.733804
v -14.079859 -10.625422 3.689304
v -14.077559 -12.037421 4.023304
v -14.182760 -12.030521 3.665604
v -14.263659 -12.025922 2.837404
v -14.244059 -12.026921 3.262804
v -14.176859 -10.620321 2.837404
v -14.152960 -10.621422 3.275104
v -14.103758 -9.141321 2.837404
v -14.051661 -7.622622 2.837404
v -14.020460 -7.623722 3.298203
v -14.075758 -9.142521 3.287004
v -13.695158 -3.040222 4.182703
v -13.699358 -4.576022 4.168104
v -13.884161 -3.037922 3.778903
v -13.882261 -4.571621 3.768503
v -13.719759 -6.108222 4.146403
v -13.892759 -6.102120 3.753003
v -14.028261 -6.097921 2.837404
v -13.994860 -6.098822 3.308104
v -14.023760 -4.568622 2.837403
v -13.989260 -4.569322 3.316203
v -14.028761 -3.036322 2.837403
v -13.993761 -3.036722 3.321603
v 9.110238 -76.486626 3.056807
v 9.004337 -76.469727 3.006807
v 8.942537 -75.477028 3.012807
v 9.172738 -77.341927 3.048907
v 9.072938 -77.332123 3.001607
v 8.939538 -76.465729 2.952607
v 8.874338 -75.472626 2.956707
v 9.013938 -77.344925 2.949807
v 9.244837 -78.003426 3.040007
v 9.310837 -78.402924 3.031207
v 9.271836 -78.555023 2.999407
v 9.157737 -78.024025 2.997407
v 9.238637 -78.679428 2.952207
v 9.109437 -78.086624 2.949007
v 9.218837 -78.745728 2.838807
v 9.081437 -78.125328 2.838007
v 9.086536 -78.117928 2.894807
v 9.222736 -78.735725 2.897307
v 8.979037 -77.360924 2.837607
v 8.985538 -77.356026 2.894507
v 8.899438 -76.471222 2.837407
v 8.830438 -75.474525 2.837407
v 8.839538 -75.473122 2.897707
v 8.907338 -76.468224 2.895707
v 9.425137 -78.612328 3.052307
v 9.427937 -78.934822 3.012807
v 9.608037 -78.831322 3.084607
v 9.625337 -79.205124 3.036607
v 9.414237 -79.112228 2.961507
v 9.627437 -79.414322 2.976407
v 9.836937 -79.018227 3.129407
v 9.863236 -79.407822 3.069907
v 9.869137 -79.615425 2.996207
v 9.868237 -79.726822 2.843707
v 9.869937 -79.711823 2.919907
v 9.623637 -79.523026 2.841807
v 9.625836 -79.508522 2.910207
v 9.403437 -79.203827 2.840107
v 9.406237 -79.191223 2.902507
v 9.412738 -60.659225 3.386506
v 9.086738 -58.844727 3.396106
v 9.500137 -60.641922 3.223105
v 9.176738 -58.828125 3.228106
v 8.554038 -56.091820 3.415005
v 8.788737 -57.287224 3.405605
v 8.648138 -56.074020 3.238605
v 8.881038 -57.270226 3.233205
v 8.709538 -56.062424 2.837405
v 8.941338 -57.259026 2.837405
v 8.928638 -57.261421 3.040405
v 8.696638 -56.064926 3.042805
v 9.235738 -58.816422 2.837605
v 9.223338 -58.819221 3.038306
v 9.557238 -60.627327 2.838305
v 9.545338 -60.631622 3.036406
v 8.079538 -53.992821 3.512605
v 8.210638 -54.417320 3.478905
v 7.877239 -53.446526 3.550305
v 8.180038 -53.966225 3.305005
v 8.310139 -54.394920 3.281605
v 7.978338 -53.414627 3.331305
v 7.202438 -52.135826 3.617105
v 7.589638 -52.815224 3.586905
v 7.301039 -52.093124 3.377805
v 7.690239 -52.777725 3.356805
v 7.363838 -52.064125 2.837405
v 7.754539 -52.752426 2.837405
v 7.741339 -52.757927 3.103005
v 7.351038 -52.070427 3.113805
v 8.043240 -53.393326 2.837405
v 8.029839 -53.397926 3.090005
v 8.244938 -53.948822 2.837405
v 8.374538 -54.380623 2.837405
v 8.361138 -54.383522 3.064505
v 8.231539 -53.952522 3.076505
v 6.701538 -51.445320 3.635505
v 6.091238 -50.731522 3.645505
v 6.796040 -51.398521 3.390605
v 6.179939 -50.681526 3.397605
v 4.559938 -49.185226 3.653506
v 5.375938 -49.982124 3.650405
v 4.634039 -49.131424 3.403006
v 5.457739 -49.929924 3.401005
v 4.682138 -49.095825 2.837405
v 5.510538 -49.895126 2.837405
v 5.499640 -49.902626 3.125705
v 4.672138 -49.103424 3.126705
v 6.236938 -50.647926 2.837405
v 6.225239 -50.655220 3.124006
v 6.856339 -51.366821 2.837405
v 6.843939 -51.373726 3.120405
v 3.647638 -48.328423 3.657906
v 2.727339 -47.485924 3.662106
v 3.713739 -48.273621 3.406006
v 2.785738 -47.430626 3.408705
v 1.216139 -46.140625 3.662706
v 1.887339 -46.731926 3.664306
v 1.262039 -46.085625 3.408806
v 1.938839 -46.676620 3.410006
v 1.291338 -46.049927 2.837406
v 1.971939 -46.640625 2.837406
v 1.965038 -46.648125 3.130105
v 1.285339 -46.057426 3.129506
v 2.823439 -47.394524 2.837406
v 2.815639 -47.402122 3.129506
v 3.756639 -48.237625 2.837406
v 3.747738 -48.245224 3.128206
v -1.745062 -43.279724 3.882105
v -0.628860 -44.415123 3.756505
v -3.146662 -41.810020 4.038205
v -1.704660 -43.233620 3.562305
v -0.588961 -44.365921 3.474505
v -3.105461 -41.767624 3.671505
v -6.207460 -38.348320 4.338705
v -4.683962 -40.126221 4.199005
v -6.164862 -38.314026 3.882005
v -4.641962 -40.087822 3.784005
v -6.137062 -38.291527 2.837405
v -4.614662 -40.062721 2.837405
v -4.620361 -40.068024 3.322405
v -6.142962 -38.296227 3.372905
v -3.078762 -41.740021 2.837405
v -3.084261 -41.745827 3.264505
v -1.678562 -43.203720 2.837405
v -0.563461 -44.334023 2.837405
v -0.568661 -44.340622 3.163305
v -1.683962 -43.209923 3.208405
v -7.567461 -36.596527 4.431605
v -8.766359 -34.864120 4.487605
v -7.524761 -36.566124 3.947505
v -8.723658 -34.837524 3.987305
v -10.689260 -31.431021 4.528706
v -9.806158 -33.144524 4.516705
v -10.647261 -31.411522 4.017305
v -9.763758 -33.121521 4.008305
v -10.619959 -31.398821 2.837405
v -9.736158 -33.106422 2.837405
v -9.741961 -33.109619 3.438305
v -10.625658 -31.401522 3.443005
v -8.695761 -34.820023 2.837405
v -8.701559 -34.823723 3.427305
v -7.496761 -36.546120 2.837405
v -7.502661 -36.550323 3.406705
v -11.417860 -29.716921 4.533705
v -12.004259 -28.001022 4.521905
v -11.376261 -29.700922 4.021105
v -11.962961 -27.988321 4.012905
v -12.799761 -24.558622 4.407905
v -12.460760 -26.282021 4.483205
v -12.758360 -24.551722 3.932805
v -12.419558 -26.272421 3.985805
v -12.731459 -24.547422 2.837405
v -12.392859 -26.266321 2.837405
v -12.398458 -26.267521 3.426905
v -12.737059 -24.548321 3.399605
v -11.936159 -27.980221 2.837405
v -11.941759 -27.981922 3.440905
v -11.349260 -29.690622 2.837405
v -11.354860 -29.692722 3.445105
v -13.033560 -22.829422 4.286205
v -13.183760 -21.203121 4.141405
v -12.991358 -22.824821 3.847105
v -13.140558 -21.200422 3.745205
v -13.319860 -18.692921 3.876304
v -13.271959 -19.788122 3.997005
v -13.274759 -18.692621 3.558604
v -13.227758 -19.786821 3.643504
v -13.245459 -18.692621 2.837404
v -13.199060 -19.786121 2.837404
v -13.205061 -19.786222 3.250404
v -13.251558 -18.692621 3.206604
v -13.112558 -21.198822 2.837405
v -13.118460 -21.199121 3.302805
v -12.964060 -22.822121 2.837405
v -12.969759 -22.822622 3.355405
v -13.109461 -16.924923 2.837404
v -13.116259 -16.924721 3.168304
v -12.971361 -16.357521 3.159604
v -12.964258 -16.357822 2.837404
v -13.142359 -16.923922 3.485904
v -12.998560 -16.356121 3.470004
v -12.770159 -15.586422 3.147704
v -12.762758 -15.587022 2.837404
v -12.799158 -15.584322 3.448204
v -13.193460 -16.922321 3.776904
v -13.052160 -16.353420 3.757004
v -12.856260 -15.580321 3.729104
v -12.288858 -13.496621 3.675304
v -12.602758 -14.621721 3.699704
v -12.219858 -13.503522 3.405804
v -12.540659 -14.627221 3.425204
v -12.184961 -13.507121 3.124504
v -12.175959 -13.508222 2.837404
v -12.501158 -14.630921 2.837404
v -12.509260 -14.630121 3.135204
v -11.911558 -12.223822 3.662304
v -11.503958 -10.833821 3.656504
v -11.833460 -12.231821 3.394804
v -11.416460 -10.842522 3.389104
v -10.730459 -7.824622 3.649704
v -11.099260 -9.357222 3.653704
v -10.629759 -7.832821 3.381504
v -11.003561 -9.366022 3.385704
v -10.567961 -7.838622 2.837404
v -10.942858 -9.372222 2.837404
v -10.955160 -9.370822 3.112804
v -10.580061 -7.837322 3.110303
v -11.360159 -10.848521 2.837404
v -11.371759 -10.847221 3.115004
v -11.783358 -12.237222 2.837404
v -11.793760 -12.236021 3.118304
v -10.430761 -6.266421 3.640303
v -10.207460 -4.689122 3.629003
v -10.330061 -6.273322 3.373404
v -10.109461 -4.694022 3.364203
v -10.067659 -3.099022 3.619303
v -9.973059 -3.101522 3.356403
v -9.927660 -3.103422 2.837403
v -9.933561 -3.102922 3.096203
v -10.058058 -4.697522 2.837403
v -10.066061 -4.696722 3.100503
v -10.272261 -6.278222 2.837404
v -10.282660 -6.277122 3.105704
v 6.983540 -54.951324 3.891205
v 6.652639 -55.018822 3.873805
v 7.055939 -55.197426 3.858105
v 6.727940 -55.261024 3.840506
v 6.338438 -55.082626 3.822105
v 6.416039 -55.321121 3.789805
v 7.151739 -55.604523 3.826405
v 6.828438 -55.665321 3.807405
v 6.520939 -55.722824 3.756805
v 6.023039 -55.815323 3.557505
v 6.246639 -55.773926 3.673706
v 5.910938 -55.417923 3.585305
v 6.137838 -55.374626 3.705005
v 5.830238 -55.185120 3.611505
v 6.058439 -55.139221 3.735005
v 8.128239 -54.714920 3.615705
v 7.902838 -54.761520 3.738805
v 8.186338 -54.976120 3.593605
v 7.964039 -55.019722 3.712505
v 7.625538 -54.818924 3.824905
v 7.690439 -55.073326 3.795405
v 8.265438 -55.392624 3.576905
v 8.046438 -55.434425 3.691405
v 7.776939 -55.485825 3.770005
v 7.473339 -55.543625 3.814505
v 7.382238 -55.133720 3.843505
v 7.313438 -54.883423 3.875305
v 8.447039 -54.650322 2.837405
v 8.433739 -54.652924 3.055805
v 8.501139 -54.915520 2.837405
v 8.487939 -54.918022 3.049805
v 8.383139 -54.662926 3.264705
v 8.437939 -54.927521 3.252905
v 8.575739 -55.333824 2.837405
v 8.562638 -55.336220 3.045705
v 8.513339 -55.345520 3.244705
v 8.417639 -55.363625 3.424805
v 8.340838 -54.946121 3.437305
v 8.284838 -54.682823 3.454505
v 6.983540 -54.951324 1.783705
v 7.313438 -54.883423 1.799505
v 7.055939 -55.197426 1.816805
v 7.382238 -55.133720 1.831405
v 7.625538 -54.818924 1.850005
v 7.690439 -55.073326 1.879505
v 7.151739 -55.604523 1.848505
v 7.473339 -55.543625 1.860405
v 7.776939 -55.485825 1.904805
v 8.265438 -55.392624 2.098005
v 8.046438 -55.434425 1.983505
v 8.186338 -54.976120 2.081305
v 7.964039 -55.019722 1.962305
v 8.128239 -54.714920 2.059205
v 7.902838 -54.761520 1.936105
v 5.830238 -55.185120 2.063305
v 6.058439 -55.139221 1.939905
v 5.910938 -55.417923 2.089606
v 6.137838 -55.374626 1.969905
v 6.338438 -55.082626 1.852805
v 6.416039 -55.321121 1.885105
v 6.023039 -55.815323 2.117405
v 6.246639 -55.773926 2.001105
v 6.520939 -55.722824 1.918105
v 6.828438 -55.665321 1.867505
v 6.727940 -55.261024 1.834405
v 6.652639 -55.018822 1.801105
v 5.505539 -55.249725 2.837405
v 5.519239 -55.247025 2.620605
v 5.429539 -55.036621 2.611805
v 5.588739 -55.478722 2.837405
v 5.602339 -55.476227 2.628105
v 5.571039 -55.236824 2.413006
v 5.481339 -55.025223 2.395905
v 5.653639 -55.466621 2.427605
v 5.705639 -55.873726 2.837405
v 5.909739 -56.579620 2.646805
v 5.719038 -55.871323 2.636205
v 5.958939 -56.570625 2.464105
v 5.769539 -55.862122 2.443405
v 5.867338 -55.844124 2.267705
v 6.054539 -56.553322 2.296905
v 5.753038 -55.447922 2.245205
v 5.581539 -55.003227 2.199506
v 5.671238 -55.216927 2.224205
v -0.272261 -47.132225 3.866906
v -0.173761 -47.008423 4.031106
v -0.558062 -46.817421 3.870906
v -0.463261 -46.695724 4.035405
v -0.052261 -46.856125 4.146905
v -0.346361 -46.546021 4.151206
v -0.957762 -46.377922 3.906306
v -0.864662 -46.259926 4.075105
v -0.749861 -46.114723 4.193405
v -0.484362 -45.778824 4.285805
v -0.620661 -45.951324 4.263005
v -0.075861 -46.199722 4.242506
v -0.214762 -46.377625 4.219805
v 0.229340 -46.503723 4.238405
v 0.084639 -46.684723 4.215605
v -0.409861 -47.306923 2.837406
v -0.404261 -47.299721 3.125906
v -0.690062 -46.988823 2.837406
v -0.684761 -46.981720 3.127105
v -0.382761 -47.272026 3.401906
v -0.664061 -46.954620 3.404305
v -1.087461 -46.544220 2.837406
v -1.082262 -46.537422 3.137506
v -1.061962 -46.511124 3.424406
v -1.021961 -46.459824 3.685006
v -0.623461 -46.901726 3.656406
v -0.340361 -47.218124 3.653105
v 0.229340 -46.503723 1.436505
v 0.084639 -46.684723 1.459306
v -0.075861 -46.199722 1.432405
v -0.214762 -46.377625 1.455105
v -0.052261 -46.856125 1.528006
v -0.346361 -46.546021 1.523705
v -0.484362 -45.778824 1.389105
v -0.620661 -45.951324 1.411905
v -0.749861 -46.114723 1.481506
v -0.957762 -46.377922 1.768605
v -0.864662 -46.259926 1.599805
v -0.558062 -46.817322 1.803906
v -0.463261 -46.695724 1.639506
v -0.272261 -47.132225 1.807906
v -0.173761 -47.008423 1.643706
v 0.733540 -45.872520 1.805005
v 0.634239 -45.997124 1.641105
v 0.406338 -45.580223 1.801305
v 0.311539 -45.702522 1.637105
v 0.511938 -46.150322 1.526006
v 0.194738 -45.852722 1.521905
v -0.011662 -45.178223 1.766205
v -0.104561 -45.296722 1.597605
v -0.219061 -45.442421 1.479905
v -0.348061 -45.606125 1.411005
v 0.063139 -46.021622 1.454206
v 0.374439 -46.322327 1.458205
v 0.871239 -45.696526 2.837405
v 0.865738 -45.703926 2.547905
v 1.285339 -46.057426 2.545406
v 0.537838 -45.407822 2.837405
v 0.532539 -45.415024 2.546805
v 0.844238 -45.731720 2.271005
v 1.262039 -46.085625 2.266106
v 0.512039 -45.442322 2.268805
v 0.117538 -45.011223 2.837405
v -0.568661 -44.340622 2.511605
v 0.112339 -45.018120 2.536505
v -0.588961 -44.365921 2.200405
v 0.092138 -45.044525 2.248905
v 0.052340 -45.096024 1.987705
v -0.628860 -44.415123 1.918405
v 0.471539 -45.495422 2.016105
v 1.216139 -46.140625 2.012206
v 0.801838 -45.786026 2.019205
v 0.374439 -46.322327 4.216605
v 0.063139 -46.021622 4.220706
v 0.511938 -46.150322 4.148905
v 0.194738 -45.852722 4.153005
v -0.348061 -45.606125 4.263805
v -0.219061 -45.442421 4.195005
v -0.011662 -45.178223 3.908705
v -0.104561 -45.296722 4.077305
v 0.406338 -45.580223 3.873505
v 0.311539 -45.702522 4.037806
v 0.733540 -45.872520 3.869905
v 0.634239 -45.997124 4.033805
v -13.938059 -17.252823 4.487004
v -14.104460 -17.249420 4.477604
v -13.969759 -17.436722 4.461605
v -14.131559 -17.434322 4.450305
v -14.262560 -17.246422 4.415305
v -14.285158 -17.432220 4.387805
v -13.980658 -17.508121 4.438504
v -13.980959 -17.524921 4.420905
v -14.138060 -17.523121 4.409404
v -14.139559 -17.506222 4.426805
v -14.287260 -17.521521 4.348704
v -14.290358 -17.504421 4.365104
v -14.534258 -17.501822 4.067605
v -14.424761 -17.503021 4.247405
v -14.420259 -17.520021 4.232605
v -14.533560 -17.429123 4.085704
v -14.421961 -17.430523 4.268304
v -14.518560 -17.241920 4.108604
v -14.403460 -17.243820 4.294304
v -13.361761 -17.266321 4.031404
v -13.475161 -17.263622 4.224004
v -13.409658 -17.446121 4.024004
v -13.519960 -17.444221 4.212204
v -13.614759 -17.260221 4.362605
v -13.655558 -17.441822 4.345804
v -13.430761 -17.515722 4.011604
v -13.437059 -17.531822 3.999704
v -13.544161 -17.530321 4.182304
v -13.539061 -17.514122 4.196505
v -13.675859 -17.528622 4.311005
v -13.672258 -17.512222 4.326904
v -13.822161 -17.510122 4.406404
v -13.824160 -17.526722 4.389305
v -13.808260 -17.439220 4.427905
v -13.771959 -17.256521 4.449504
v -13.201960 -17.269722 2.837404
v -13.208559 -17.269623 3.171204
v -13.254061 -17.448622 2.837404
v -13.260458 -17.448521 3.170204
v -13.233858 -17.269121 3.490904
v -13.285158 -17.448120 3.488605
v -13.277960 -17.518021 2.837404
v -13.285959 -17.534222 2.837404
v -13.292261 -17.534122 3.164004
v -13.284258 -17.517921 3.167204
v -13.316160 -17.533621 3.476204
v -13.308458 -17.517521 3.482504
v -13.355658 -17.516821 3.768804
v -13.362761 -17.532921 3.759504
v -13.333158 -17.447422 3.778004
v -13.283159 -17.268122 3.782304
v -13.937960 -17.252823 1.187804
v -13.771860 -17.256521 1.225404
v -13.969660 -17.436722 1.213204
v -13.808260 -17.439220 1.247004
v -13.614759 -17.260221 1.312204
v -13.655558 -17.441822 1.329104
v -13.980658 -17.508121 1.236404
v -13.822161 -17.510122 1.268504
v -13.672258 -17.512222 1.348004
v -13.430761 -17.515722 1.663304
v -13.539061 -17.514122 1.478404
v -13.409658 -17.446121 1.650904
v -13.519861 -17.444221 1.462704
v -13.361761 -17.266321 1.643504
v -13.475161 -17.263622 1.450804
v -14.518560 -17.241920 1.566204
v -14.403460 -17.243820 1.380604
v -14.533560 -17.429123 1.589204
v -14.421961 -17.430523 1.406604
v -14.262560 -17.246422 1.259604
v -14.285059 -17.432220 1.287004
v -14.534258 -17.501822 1.607304
v -14.424761 -17.503021 1.427504
v -14.290358 -17.504421 1.309804
v -14.139559 -17.506222 1.248104
v -14.131460 -17.434322 1.224604
v -14.104460 -17.249420 1.197304
v -14.683561 -17.239721 2.837404
v -14.676359 -17.239822 2.475604
v -14.648661 -16.877621 2.467504
v -14.692358 -17.427521 2.837404
v -14.685560 -17.427521 2.482204
v -14.649958 -17.240021 2.131404
v -14.620161 -16.878120 2.115804
v -14.660261 -17.427822 2.144305
v -14.689661 -17.500122 2.837404
v -14.675959 -17.516922 2.490804
v -14.683161 -17.500221 2.487304
v -14.651461 -17.517321 2.161005
v -14.658358 -17.500523 2.154204
v -14.610460 -17.501022 1.855204
v -14.603960 -17.517921 1.865104
v -14.611258 -17.428223 1.840804
v -14.566061 -16.879322 1.800304
v -14.598959 -17.240723 1.822404
v 10.795938 -76.721825 3.746307
v 10.677938 -76.709526 3.744707
v 10.819037 -77.561127 3.722607
v 10.705237 -77.548027 3.722207
v 10.546338 -76.697624 3.714207
v 10.578037 -77.541725 3.693807
v 10.820637 -78.216026 3.689107
v 10.804837 -78.604622 3.654607
v 10.731637 -78.748627 3.645407
v 10.718937 -78.231125 3.689107
v 10.621636 -78.810623 3.619907
v 10.603637 -78.256226 3.663607
v 10.415236 -78.561424 3.544907
v 10.372437 -78.167923 3.559207
v 10.483037 -78.205223 3.619107
v 10.504037 -78.722824 3.581007
v 10.325337 -77.513428 3.575207
v 10.447437 -77.522224 3.643107
v 10.283937 -76.681923 3.589207
v 10.411538 -76.687927 3.660507
v 9.813538 -76.652626 3.255707
v 9.638638 -76.614922 3.195307
v 9.880938 -77.599724 3.242507
v 9.701238 -77.551125 3.181507
v 9.448837 -76.568527 3.145607
v 9.506038 -77.477325 3.132607
v 9.971937 -78.451324 3.227507
v 9.775137 -78.375824 3.163007
v 9.563737 -78.243523 3.114407
v 9.383536 -78.097923 3.076207
v 9.323538 -77.399025 3.090507
v 9.265537 -76.522629 3.101207
v 10.410937 -71.791328 2.299206
v 10.585638 -71.784325 2.330106
v 10.196037 -71.799622 2.306607
v 10.506537 -73.191429 2.323307
v 10.680238 -73.189323 2.350406
v 10.292838 -73.193626 2.333507
v 9.699738 -71.817123 2.384306
v 9.954437 -71.808525 2.339206
v 9.799138 -73.196022 2.413007
v 10.052438 -73.195427 2.367806
v 10.126738 -74.446327 2.391207
v 9.874038 -74.438728 2.435907
v 10.366438 -74.451424 2.356307
v 10.752638 -74.457825 2.368707
v 10.579537 -74.454926 2.344307
v 9.445437 -71.824829 2.428807
v 9.204738 -71.831429 2.474506
v 9.546138 -73.194923 2.455906
v 9.306838 -73.192825 2.498606
v 8.816738 -71.841629 2.576406
v 8.990838 -71.837029 2.523107
v 8.921238 -73.188728 2.592607
v 9.094138 -73.190529 2.543506
v 9.172038 -74.403229 2.558607
v 9.000338 -74.394028 2.604407
v 9.383637 -74.415123 2.517007
v 9.621938 -74.427628 2.476907
v 11.039536 -78.513824 3.395807
v 11.063336 -78.543922 3.269807
v 11.069338 -77.710228 3.422407
v 11.096038 -77.727722 3.291807
v 11.078036 -78.561829 3.133607
v 11.111837 -77.736824 3.149407
v 11.058437 -76.756226 3.444307
v 11.086537 -76.759026 3.309907
v 11.102838 -76.758728 3.162407
v 11.101337 -76.746925 2.854007
v 11.107637 -76.754723 3.008207
v 11.112038 -77.728622 2.853507
v 11.117038 -77.737122 3.001307
v 11.080637 -78.557426 2.852807
v 11.083736 -78.566628 2.992807
v 8.696938 -71.853722 3.040606
v 8.799937 -73.195122 3.028306
v 8.620038 -71.849525 2.974807
v 8.725537 -73.190323 2.966707
v 8.878138 -74.394226 3.019507
v 8.806638 -74.389427 2.961007
v 8.759937 -74.389328 2.837407
v 8.769737 -74.388725 2.899907
v 8.676938 -73.189629 2.837406
v 8.687138 -73.189224 2.902706
v 8.570238 -71.849228 2.837406
v 8.580638 -71.848724 2.906707
v 7.730938 -64.887123 2.731306
v 7.392239 -62.946426 2.716006
v 8.016739 -66.804123 2.744006
v 7.771839 -64.882126 2.627706
v 7.434340 -62.940521 2.597906
v 8.056938 -66.799927 2.652706
v 8.439238 -70.341324 2.762406
v 8.252136 -68.640923 2.754406
v 8.478638 -70.338928 2.689006
v 8.291737 -68.637627 2.673106
v 8.369038 -68.631126 2.595406
v 8.555138 -70.334328 2.619006
v 8.135239 -66.791626 2.565506
v 7.516439 -62.928925 2.486306
v 7.851738 -64.872025 2.529106
v 10.547137 -68.446526 2.669006
v 10.702038 -70.210327 2.677206
v 10.356738 -66.549324 2.660406
v 10.506038 -68.443428 2.506906
v 10.661238 -70.205528 2.521506
v 10.314837 -66.548828 2.491506
v 9.858438 -62.582924 2.645306
v 10.128037 -64.575722 2.652206
v 9.814037 -62.588020 2.463906
v 10.084938 -64.578125 2.476706
v 10.002038 -64.588326 2.327306
v 9.728538 -62.600426 2.307406
v 10.234338 -66.556427 2.349606
v 10.584238 -70.208229 2.393906
v 10.427638 -68.448524 2.372506
v 10.106136 -79.406227 2.619507
v 10.359537 -79.450027 2.593507
v 10.117137 -79.665726 2.686607
v 10.372837 -79.708626 2.668807
v 10.591037 -79.408928 2.569607
v 10.610837 -79.653122 2.650307
v 10.123036 -79.797623 2.763007
v 10.380937 -79.839722 2.754507
v 10.622437 -79.775627 2.745007
v 10.984437 -79.163727 2.726407
v 10.829637 -79.564026 2.735407
v 10.959137 -79.080627 2.618107
v 10.811537 -79.457825 2.633807
v 10.908437 -78.915329 2.538107
v 10.777037 -79.244423 2.553807
v 10.989838 -74.471527 2.695807
v 11.043338 -75.642128 2.701107
v 10.918438 -73.194824 2.690306
v 10.947738 -74.465225 2.555107
v 11.001938 -75.633026 2.565107
v 10.876537 -73.189423 2.545007
v 10.824138 -71.783722 2.684206
v 10.782938 -71.778526 2.534007
v 10.706537 -71.779327 2.412107
v 10.800438 -73.188126 2.428006
v 10.927438 -75.624123 2.456707
v 10.872038 -74.460922 2.442507
v 6.214838 -57.748123 2.661905
v 6.591839 -59.270027 2.679605
v 6.262339 -57.739723 2.493105
v 6.637438 -59.262421 2.527306
v 6.998438 -61.038422 2.698205
v 7.042139 -61.031723 2.563306
v 7.127439 -61.018326 2.437105
v 6.726238 -59.247520 2.386106
v 6.354738 -57.723526 2.337905
v 4.858738 -53.746025 2.574005
v 4.551838 -53.188423 2.563605
v 5.104139 -54.258324 2.586705
v 4.908638 -53.727020 2.322105
v 4.600039 -53.166824 2.301805
v 5.155138 -54.242226 2.346905
v 5.292738 -54.697823 2.599905
v 5.344439 -54.684326 2.372705
v 5.443838 -54.658920 2.166105
v 5.253038 -54.212524 2.129106
v 4.692039 -53.127823 2.064205
v 5.004139 -53.692627 2.093405
v 3.202639 -51.346321 2.552306
v 2.585239 -50.621521 2.551206
v 3.731239 -52.004921 2.554006
v 3.242439 -51.319626 2.279806
v 2.621439 -50.594025 2.277506
v 3.774239 -51.979424 2.283006
v 4.178438 -52.613525 2.557306
v 4.224339 -52.589722 2.289605
v 4.311739 -52.546524 2.046505
v 3.856039 -51.932625 2.037005
v 2.690538 -50.541924 2.028906
v 3.318039 -51.269920 2.032306
v 0.463638 -48.260124 2.546506
v -0.076361 -47.667122 2.546705
v 1.138639 -49.001427 2.547606
v 0.489439 -48.231827 2.268106
v -0.053061 -47.639221 2.268506
v 1.167639 -48.973122 2.270406
v 1.871538 -49.814224 2.549406
v 1.904139 -49.786224 2.273906
v 1.966438 -49.732620 2.023606
v 1.223539 -48.918823 2.018306
v -0.007662 -47.584724 2.015406
v 0.539539 -48.177223 2.014906
v -5.857061 -41.192924 2.352805
v -7.393461 -39.300026 2.302205
v -4.303261 -42.990822 2.410805
v -5.835461 -41.173126 1.891405
v -7.371462 -39.282326 1.793105
v -4.282061 -42.969025 2.004305
v -1.761261 -45.790726 2.512406
v -2.886461 -44.566025 2.467105
v -1.740961 -45.765625 2.201905
v -2.865761 -44.542427 2.113805
v -2.825262 -44.496521 1.794405
v -1.700962 -45.716621 1.920406
v -4.240862 -42.926720 1.637905
v -7.328861 -39.248024 1.336505
v -5.793461 -41.134827 1.476705
v -10.987261 -33.786324 2.236606
v -11.860758 -31.977022 2.231805
v -9.954359 -35.604622 2.247606
v -10.965460 -33.774422 1.666605
v -11.839159 -31.966921 1.657605
v -9.932261 -35.590820 1.687606
v -8.757761 -37.439926 2.268305
v -8.735659 -37.424225 1.727505
v -8.692858 -37.393723 1.243405
v -9.889559 -35.564125 1.187306
v -11.797159 -31.947422 1.146205
v -10.923059 -33.751320 1.158206
v -13.613459 -26.560022 2.246705
v -13.961260 -24.761621 2.272205
v -13.158060 -28.362722 2.233705
v -13.592260 -26.555122 1.686805
v -13.939859 -24.758221 1.736305
v -13.136858 -28.356321 1.661405
v -12.579058 -30.168821 2.229805
v -12.557760 -30.160622 1.653805
v -12.516161 -30.144522 1.141105
v -13.095560 -28.343622 1.152305
v -13.898359 -24.751322 1.259305
v -13.551058 -26.545521 1.188605
v -14.670958 -17.537022 2.492504
v -14.660360 -17.669521 2.488904
v -14.646658 -17.537422 2.164404
v -14.636160 -17.669922 2.157504
v -14.590860 -18.708622 2.451705
v -14.636259 -18.023722 2.476504
v -14.567259 -18.708521 2.085104
v -14.612261 -18.023922 2.133304
v -14.565760 -18.024221 1.825804
v -14.521360 -18.708221 1.757004
v -14.589258 -17.670521 1.860204
v -14.599459 -17.538122 1.870004
v -14.435659 -14.482521 2.436404
v -14.340860 -13.325122 2.424404
v -14.522360 -15.475821 2.447704
v -14.393358 -14.484921 2.056004
v -14.290258 -13.328221 2.033004
v -14.486361 -15.477522 2.077704
v -14.595358 -16.281921 2.458204
v -14.563761 -16.282921 2.097704
v -14.504759 -16.285023 1.775004
v -14.420359 -15.480822 1.747004
v -14.201761 -13.334022 1.684804
v -14.317659 -14.489522 1.716804
v -14.075758 -9.142521 2.387904
v -14.020460 -7.623722 2.376704
v -14.152960 -10.621422 2.399804
v -13.991060 -9.146622 1.962504
v -13.925661 -7.627622 1.941004
v -14.079859 -10.625422 1.985604
v -14.244059 -12.026921 2.412104
v -14.182760 -12.030521 2.009304
v -14.077559 -12.037421 1.651604
v -13.956160 -10.633021 1.618104
v -13.766161 -7.634922 1.555404
v -13.848658 -9.154322 1.585704
v -13.993761 -3.036722 2.353303
v -13.989260 -4.569322 2.358703
v -13.884161 -3.037922 1.896003
v -13.882261 -4.571622 1.906403
v -13.994860 -6.098822 2.366803
v -13.892759 -6.102121 1.921903
v -13.719759 -6.108222 1.528503
v -13.699358 -4.576022 1.506803
v -13.695158 -3.040222 1.492203
v 8.907338 -76.468224 2.779107
v 8.839538 -75.473122 2.777107
v 8.985538 -77.355522 2.780607
v 8.940738 -76.464928 2.722707
v 8.875638 -75.471825 2.718607
v 9.014738 -77.343224 2.726007
v 9.222036 -78.731224 2.780807
v 9.086337 -78.116127 2.781307
v 9.237837 -78.670029 2.727407
v 9.109537 -78.082222 2.728107
v 9.159737 -78.015625 2.681707
v 9.272137 -78.540222 2.682707
v 9.076538 -77.327522 2.675807
v 8.947537 -75.473923 2.663507
v 9.009138 -76.466728 2.669807
v 9.404937 -79.182129 2.778707
v 9.623637 -79.493622 2.775107
v 9.412436 -79.094627 2.722107
v 9.623937 -79.383926 2.713207
v 9.866837 -79.690529 2.769907
v 9.863136 -79.565926 2.701407
v 9.854637 -79.316025 2.641007
v 9.622637 -79.157928 2.659007
v 9.427437 -78.910126 2.674007
v 9.544938 -60.627922 2.640506
v 9.223238 -58.818321 2.637105
v 9.499437 -60.634827 2.454505
v 9.176638 -58.826424 2.447406
v 8.696638 -56.064926 2.632005
v 8.928638 -57.261421 2.634505
v 8.648138 -56.074020 2.436305
v 8.881038 -57.270226 2.441705
v 8.788737 -57.287224 2.269305
v 8.554038 -56.091820 2.259905
v 9.086438 -58.842224 2.279606
v 9.411538 -60.649223 2.291906
v 8.231539 -53.952522 2.598405
v 8.361138 -54.383522 2.610405
v 8.029839 -53.397926 2.584905
v 8.180038 -53.966225 2.369805
v 8.310139 -54.394920 2.393305
v 7.978338 -53.414627 2.343605
v 7.351038 -52.070427 2.561105
v 7.741339 -52.757927 2.571805
v 7.301039 -52.093124 2.297105
v 7.690239 -52.777725 2.318105
v 7.589638 -52.815224 2.088005
v 7.202438 -52.135826 2.057805
v 7.877239 -53.446526 2.124605
v 8.210638 -54.417320 2.196005
v 8.079538 -53.992821 2.162305
v 6.843939 -51.373726 2.554506
v 6.225239 -50.655220 2.550905
v 6.796040 -51.398521 2.284205
v 6.179939 -50.681526 2.277305
v 4.672138 -49.103424 2.548205
v 5.499640 -49.902626 2.549205
v 4.634039 -49.131424 2.271905
v 5.457739 -49.929924 2.273905
v 5.375938 -49.982124 2.024405
v 4.559938 -49.185226 2.021405
v 6.091238 -50.731522 2.029305
v 6.701538 -51.445320 2.039406
v 3.747738 -48.245224 2.546705
v 2.815639 -47.402122 2.545406
v 3.713739 -48.273621 2.268906
v 2.785738 -47.430626 2.266206
v 1.965038 -46.648125 2.544706
v 1.938839 -46.676620 2.264906
v 1.887339 -46.731926 2.010606
v 2.727339 -47.485924 2.012805
v 3.647638 -48.328423 2.016906
v -1.683962 -43.209923 2.466505
v -3.084261 -41.745827 2.410305
v -1.704660 -43.233620 2.112605
v -3.105461 -41.767624 2.003405
v -6.142962 -38.296227 2.302005
v -4.620361 -40.068024 2.352505
v -6.164862 -38.314026 1.792805
v -4.641962 -40.087822 1.890805
v -4.683962 -40.126221 1.475905
v -6.207460 -38.348320 1.336205
v -3.146662 -41.810020 1.636705
v -1.745062 -43.279724 1.792805
v -7.502661 -36.550323 2.268205
v -8.701559 -34.823723 2.247605
v -7.524761 -36.566124 1.727405
v -8.723658 -34.837524 1.687606
v -10.625658 -31.401522 2.231805
v -9.741961 -33.109619 2.236605
v -10.647261 -31.411522 1.657605
v -9.763758 -33.121521 1.666605
v -9.806158 -33.144524 1.158206
v -10.689260 -31.431021 1.146205
v -8.766359 -34.864120 1.187305
v -7.567461 -36.596527 1.243305
v -11.354860 -29.692722 2.229805
v -11.941759 -27.981922 2.234005
v -11.376261 -29.700922 1.653805
v -11.962961 -27.988321 1.662005
v -12.737059 -24.548321 2.275305
v -12.398458 -26.267521 2.247905
v -12.758360 -24.551722 1.742105
v -12.419558 -26.272421 1.689105
v -12.460760 -26.282021 1.191705
v -12.799761 -24.558622 1.266905
v -12.004259 -28.001022 1.153005
v -11.417860 -29.716921 1.141105
v -12.969759 -22.822622 2.319505
v -13.118460 -21.199121 2.372005
v -12.991358 -22.824821 1.827805
v -13.140558 -21.200422 1.929705
v -13.251558 -18.692621 2.468304
v -13.205061 -19.786222 2.424505
v -13.274759 -18.692621 2.116304
v -13.227758 -19.786821 2.031404
v -13.342558 -19.790522 1.383905
v -13.271959 -19.788122 1.677905
v -13.319860 -18.692921 1.798504
v -13.252558 -21.207821 1.206405
v -13.183760 -21.203121 1.533505
v -13.100760 -22.837122 1.028405
v -13.033560 -22.829422 1.388705
v -12.971361 -16.357521 2.515304
v -13.116259 -16.924721 2.506604
v -12.770159 -15.586422 2.527204
v -12.998560 -16.356121 2.204804
v -13.142359 -16.923922 2.189004
v -12.799158 -15.584322 2.226704
v -12.184961 -13.507121 2.550404
v -12.509260 -14.630121 2.539704
v -12.219858 -13.503522 2.269104
v -12.540659 -14.627221 2.249704
v -12.602758 -14.621721 1.975204
v -12.288858 -13.496621 1.999604
v -12.856260 -15.580321 1.945704
v -13.193460 -16.922321 1.898004
v -13.052160 -16.353420 1.917804
v -11.793760 -12.236021 2.556504
v -11.371759 -10.847221 2.559904
v -11.833460 -12.231821 2.280104
v -11.416361 -10.842522 2.285804
v -10.580061 -7.837322 2.564604
v -10.955160 -9.370822 2.562104
v -10.629759 -7.832822 2.293303
v -11.003561 -9.366022 2.289104
v -11.099260 -9.357222 2.021204
v -10.730459 -7.824622 2.025203
v -11.503958 -10.833821 2.018404
v -11.911558 -12.223822 2.012604
v -10.282660 -6.277122 2.569203
v -10.066061 -4.696722 2.574403
v -10.330061 -6.273322 2.301404
v -10.109461 -4.694022 2.310703
v -9.933561 -3.102922 2.578603
v -9.973059 -3.101522 2.318503
v -10.067659 -3.099022 2.055503
v -10.207460 -4.689122 2.045903
v -10.430761 -6.266422 2.034604
v 8.417639 -55.363625 2.250005
v 8.513339 -55.345520 2.430205
v 8.340838 -54.946121 2.237605
v 8.437939 -54.927422 2.422005
v 8.562638 -55.336220 2.629105
v 8.487939 -54.918022 2.625005
v 8.433739 -54.652924 2.619005
v 8.383139 -54.662926 2.410205
v 8.284838 -54.682823 2.220405
v 5.867338 -55.844124 3.407206
v 5.769539 -55.862122 3.231405
v 5.753038 -55.447922 3.429705
v 5.653639 -55.466621 3.247205
v 5.719038 -55.871323 3.038706
v 5.602339 -55.476227 3.046805
v 5.519239 -55.247025 3.054306
v 5.571039 -55.236824 3.261905
v 5.671238 -55.216927 3.450705
v -1.021961 -46.459824 1.989905
v -1.061962 -46.511124 2.250506
v -0.623461 -46.901726 2.018506
v -0.664061 -46.954620 2.270606
v -1.082262 -46.537422 2.537405
v -0.684761 -46.981720 2.547806
v -0.404261 -47.299721 2.549006
v -0.382761 -47.272026 2.273005
v -0.340361 -47.218124 2.021806
v 0.052340 -45.096024 3.687205
v 0.092138 -45.044525 3.426005
v 0.471539 -45.495422 3.658805
v 0.512039 -45.442322 3.406005
v 0.112339 -45.018120 3.138305
v 0.532539 -45.415024 3.128105
v 0.865738 -45.703926 3.126905
v 0.844238 -45.731720 3.403905
v 0.801838 -45.786026 3.655705
v -13.362761 -17.532921 1.915304
v -13.355658 -17.516821 1.906104
v -13.316160 -17.533621 2.198704
v -13.308458 -17.517521 2.192405
v -13.333158 -17.447422 1.896904
v -13.285158 -17.448120 2.186304
v -13.292261 -17.534122 2.510904
v -13.284258 -17.517921 2.507704
v -13.260458 -17.448521 2.504704
v -13.208559 -17.269623 2.503704
v -13.233858 -17.269121 2.184004
v -13.283060 -17.268122 1.892604
v -14.610460 -17.501022 3.819705
v -14.658358 -17.500523 3.520705
v -14.611258 -17.428223 3.834105
v -14.660261 -17.427822 3.530604
v -14.683161 -17.500221 3.187604
v -14.685560 -17.427521 3.192704
v -14.676359 -17.239822 3.199304
v -14.649958 -17.240021 3.543504
v -14.598959 -17.240723 3.852504
v 11.068837 -78.533325 2.718807
v 11.097238 -77.711029 2.712307
v 11.037637 -78.479324 2.602207
v 11.061438 -77.682724 2.587607
v 11.083938 -76.734627 2.706407
v 11.044738 -76.719727 2.575607
v 10.972538 -76.704124 2.471507
v 10.993538 -77.642326 2.489707
v 10.976437 -78.380325 2.514307
v 8.580638 -71.848724 2.768207
v 8.687138 -73.189224 2.772207
v 8.619738 -71.847427 2.700506
v 8.725838 -73.188622 2.708507
v 8.769737 -74.388725 2.775007
v 8.807538 -74.388222 2.714207
v 8.881638 -74.389526 2.656807
v 8.801138 -73.188324 2.648107
v 8.695738 -71.845024 2.636007
v 10.803638 -74.774727 3.745407
v 10.851738 -75.766624 3.731607
v 10.748538 -73.829224 3.754807
v 10.870838 -74.711922 3.683507
v 10.923738 -75.745125 3.668707
v 10.807238 -73.710228 3.694407
v 10.628138 -72.364723 3.760406
v 10.689137 -73.002022 3.759907
v 10.664238 -72.126923 3.706806
v 10.735638 -72.807129 3.702206
v 10.754038 -72.493423 3.617907
v 10.664437 -71.713524 3.629906
v 10.846838 -73.558723 3.605607
v 10.977938 -75.721428 3.577807
v 10.921138 -74.646126 3.592807
v 10.900237 -78.296928 3.657207
v 10.852537 -78.800224 3.622707
v 10.909238 -77.601028 3.689207
v 10.961037 -78.405228 3.595507
v 10.898937 -78.969727 3.560507
v 10.979037 -77.648422 3.625507
v 10.890038 -76.733124 3.713407
v 10.963138 -76.742928 3.649707
v 11.018238 -76.750725 3.558707
v 11.031338 -77.684326 3.535107
v 10.932937 -79.065926 3.472007
v 11.006536 -78.472626 3.506407
v 10.496037 -79.060722 3.521207
v 10.374337 -78.747429 3.492807
v 10.630437 -79.174828 3.558707
v 10.466937 -79.274529 3.442407
v 10.316236 -78.923729 3.414007
v 10.631137 -79.397926 3.481207
v 10.755937 -79.090424 3.591207
v 10.782037 -79.298424 3.521507
v 10.799936 -79.414627 3.431407
v 10.624837 -79.529129 3.388407
v 10.239037 -79.060425 3.318407
v 10.424537 -79.419426 3.347107
v 10.173738 -76.681122 3.506107
v 10.134538 -75.729622 3.518907
v 10.223437 -77.539124 3.495107
v 10.067637 -76.679924 3.418107
v 10.024837 -75.700623 3.431507
v 10.125937 -77.576523 3.408607
v 10.286837 -78.234024 3.487407
v 10.205637 -78.341026 3.405007
v 10.108037 -78.426628 3.313207
v 10.017138 -77.602425 3.321307
v 9.905437 -75.667229 3.346307
v 9.952038 -76.672325 3.332307
v 10.067938 -73.009827 3.554606
v 10.070638 -72.380226 3.561306
v 10.079238 -73.824326 3.544406
v 9.967338 -72.819824 3.478007
v 9.985838 -72.149323 3.491006
v 9.971337 -73.706223 3.462707
v 10.102238 -74.754128 3.532107
v 9.991637 -74.687927 3.446807
v 9.870138 -74.618126 3.363307
v 9.850838 -73.556427 3.383007
v 9.890938 -71.745827 3.427006
v 9.852238 -72.513329 3.405006
v 10.542237 -71.151024 3.574007
v 10.409537 -70.895523 3.522606
v 10.517338 -71.396523 3.589107
v 10.431337 -71.298523 3.533406
v 10.243937 -70.791122 3.480106
v 10.319838 -71.262627 3.486706
v 10.499838 -71.561829 3.596307
v 10.488038 -71.666122 3.598907
v 10.452538 -71.647728 3.546306
v 10.444838 -71.528229 3.541106
v 10.396338 -71.640923 3.501107
v 10.368038 -71.517822 3.494206
v 10.269037 -71.663528 3.458406
v 10.213138 -71.566025 3.451706
v 10.285337 -71.530525 3.462207
v 10.331338 -71.646027 3.469606
v 10.122938 -71.411324 3.440006
v 10.208438 -71.307129 3.452007
v 9.986338 -71.179924 3.420106
v 10.088037 -70.913025 3.438706
v 10.516838 -71.618622 3.653007
v 10.491338 -71.695824 3.652406
v 10.552638 -71.538322 3.650506
v 10.503037 -71.687424 3.704006
v 10.469237 -71.731125 3.700006
v 10.547638 -71.687729 3.707506
v 10.599538 -71.482529 3.641807
v 10.601538 -71.793922 3.708507
v 10.507738 -72.103828 3.779607
v 10.568438 -71.989128 3.756506
v 10.456238 -71.898026 3.770006
v 10.513038 -71.808624 3.749707
v 10.411138 -71.814728 3.759506
v 10.375937 -71.795822 3.750107
v 10.428437 -71.766327 3.734906
v 10.465338 -71.756523 3.741906
v 10.157938 -72.114922 3.628906
v 10.243137 -72.179428 3.689907
v 10.164838 -71.906822 3.623106
v 10.230437 -71.957329 3.681006
v 10.335938 -72.199028 3.739806
v 10.306437 -71.972527 3.729106
v 10.175138 -71.819626 3.616307
v 10.185338 -71.797226 3.610206
v 10.216138 -71.815025 3.662706
v 10.221738 -71.853127 3.671206
v 10.262837 -71.820526 3.707706
v 10.281638 -71.863228 3.717706
v 10.347338 -71.850327 3.749207
v 10.318337 -71.814026 3.739007
v 10.384538 -71.952728 3.760906
v 10.427238 -72.173828 3.771806
v 10.149737 -71.762627 3.559306
v 10.177338 -71.766922 3.556607
v 10.118237 -71.820824 3.562006
v 10.146638 -71.693726 3.507807
v 10.190038 -71.730324 3.508806
v 10.092338 -71.702324 3.505507
v 10.089638 -72.005325 3.563206
v 10.033137 -71.815529 3.500006
v 9.983438 -71.510628 3.446507
v 10.089038 -71.554428 3.461307
v 10.221238 -71.693726 3.473806
v 10.167337 -71.624222 3.469406
v 10.480138 -71.728928 3.600507
v 10.456537 -71.720024 3.549706
v 10.413137 -71.715828 3.505806
v 10.302938 -71.723526 3.463306
v 10.358937 -71.716827 3.474906
v 10.354238 -71.783424 3.744107
v 10.405538 -71.771225 3.730206
v 10.448038 -71.756622 3.697206
v 10.475138 -71.741829 3.651807
v 10.191837 -71.783127 3.607007
v 10.213037 -71.791122 3.657706
v 10.251438 -71.793625 3.701706
v 10.300737 -71.790924 3.732507
v 10.194438 -71.769424 3.555606
v 10.216537 -71.752823 3.510206
v 10.254038 -71.736526 3.477306
v -13.955561 15.010178 4.477902
v -14.109659 15.010078 4.465802
v -13.974260 14.663078 4.425202
v -14.129461 14.661779 4.413702
v -14.255960 15.009979 4.403902
v -14.276861 14.660679 4.353302
v -13.980761 14.534979 4.411102
v -14.136858 14.533279 4.399702
v -14.285158 14.531679 4.339602
v -14.417158 14.530279 4.224402
v -14.408159 14.659578 4.237502
v -14.386259 15.009779 4.285002
v -13.422358 15.011078 4.051102
v -13.527361 15.010778 4.238702
v -13.437059 14.667978 4.006202
v -13.542860 14.666878 4.188702
v -13.656458 15.010578 4.369102
v -13.672960 14.665678 4.316702
v -13.440660 14.541479 3.993302
v -13.546961 14.540079 4.174602
v -13.677759 14.538378 4.302202
v -13.825060 14.536678 4.379802
v -13.819361 14.664379 4.394202
v -13.801859 15.010279 4.447302
v -13.858961 16.794878 0.915402
v -14.007959 16.800579 0.930902
v -13.756559 18.231678 0.705502
v -13.901758 18.242279 0.723502
v -14.149359 16.805979 1.001202
v -14.039560 18.252378 0.800002
v -13.592760 19.885679 0.494902
v -13.734461 19.902578 0.515401
v -13.868761 19.918579 0.598202
v -14.085661 19.944178 1.012201
v -13.988359 19.932779 0.758702
v -14.262060 18.268379 1.180302
v -14.162161 18.261278 0.948102
v -14.377760 16.814379 1.347902
v -14.275259 16.810678 1.136802
v -13.444559 16.779478 1.170602
v -13.352160 18.202379 0.972702
v -13.569559 16.784079 1.026602
v -13.474161 18.211079 0.818502
v -13.197859 19.838579 0.774101
v -13.317060 19.852678 0.609802
v -13.451159 19.868679 0.521501
v -13.611460 18.221079 0.733302
v -13.710360 16.789278 0.944402
v -14.523161 16.818779 2.837402
v -14.517061 16.818678 3.263602
v -14.403460 18.277378 2.837402
v -14.397558 18.277079 3.312402
v -14.493959 16.818079 3.668202
v -14.375059 18.275778 3.763102
v -14.223261 19.959179 2.837402
v -14.217558 19.958679 3.361402
v -14.195658 19.956478 3.858302
v -14.153261 19.951878 4.301102
v -14.331461 18.272978 4.165202
v -14.449060 16.816778 4.029801
v -13.274160 15.012178 2.837402
v -13.280359 15.012079 3.179502
v -13.287760 14.670078 2.837402
v -13.293959 14.669878 3.166202
v -13.303759 15.011778 3.506102
v -13.317659 14.669479 3.480302
v -13.290560 14.543879 2.837402
v -13.296759 14.543678 3.162302
v -13.320559 14.543278 3.472802
v -13.366858 14.542479 3.754502
v -13.363661 14.668879 3.765202
v -13.349459 15.011478 3.801802
v -14.449060 16.816778 1.645102
v -14.331461 18.272978 1.509702
v -14.493959 16.818079 2.006702
v -14.375059 18.275778 1.911802
v -14.153261 19.951878 1.373801
v -14.195658 19.956478 1.816601
v -14.217558 19.958679 2.313502
v -14.397558 18.277079 2.362502
v -14.517061 16.818678 2.411302
v -13.349459 15.011478 1.873102
v -13.363661 14.668879 1.909702
v -13.303759 15.011778 2.168802
v -13.317659 14.669479 2.194602
v -13.366858 14.542479 1.920302
v -13.320559 14.543278 2.202102
v -13.296759 14.543678 2.512602
v -13.293959 14.669878 2.508702
v -13.280359 15.012079 2.495402
v -14.385660 -18.024622 4.286405
v -14.407759 -17.672222 4.238504
v -14.255358 -18.024721 4.405304
v -14.276358 -17.673222 4.354404
v -14.416861 -17.540222 4.225104
v -14.284861 -17.541622 4.340304
v -13.980558 -17.544821 4.411904
v -14.136660 -17.543121 4.400505
v -13.973860 -17.675621 4.426404
v -14.129061 -17.674421 4.414905
v -13.955061 -18.024921 4.479505
v -14.109060 -18.024822 4.467304
v -13.801359 -18.025021 4.448804
v -13.818960 -17.676922 4.395404
v -13.655958 -18.025221 4.370605
v -13.672560 -17.678122 4.317904
v -13.824858 -17.546522 4.380604
v -13.677561 -17.548321 4.303004
v -13.440458 -17.551321 3.993904
v -13.546759 -17.549921 4.175304
v -13.436758 -17.680422 4.007205
v -13.542459 -17.679321 4.189805
v -13.421858 -18.025721 4.052404
v -13.526861 -18.025421 4.240104
v -14.377161 -19.829222 1.346705
v -14.274660 -19.825521 1.135405
v -14.261560 -21.281021 1.179404
v -14.161760 -21.273922 0.947005
v -14.148760 -19.820721 0.999704
v -14.039061 -21.265022 0.798905
v -14.085360 -22.954121 1.011605
v -13.988058 -22.942722 0.758105
v -13.868460 -22.928522 0.597505
v -13.592459 -22.895521 0.494205
v -13.734159 -22.912521 0.514605
v -13.756060 -21.244221 0.704305
v -13.901358 -21.254921 0.722305
v -13.858458 -19.809721 0.913804
v -14.007460 -19.815321 0.929304
v -13.709860 -19.804022 0.942904
v -13.611059 -21.233622 0.732105
v -13.569159 -19.798721 1.025105
v -13.473761 -21.223621 0.817305
v -13.450861 -22.878622 0.520805
v -13.316858 -22.862621 0.609005
v -13.197660 -22.848421 0.773405
v -13.351759 -21.214821 0.971605
v -13.444159 -19.794121 1.169205
v -14.448458 -19.831621 4.030805
v -14.330961 -21.285721 4.166005
v -14.493261 -19.832922 3.668905
v -14.374559 -21.288422 3.763605
v -14.152960 -22.961821 4.301605
v -14.195360 -22.966421 3.858605
v -14.222960 -22.969122 2.837405
v -14.217161 -22.968622 3.361605
v -14.402960 -21.290022 2.837405
v -14.397058 -21.289722 3.312705
v -14.522459 -19.833622 2.837404
v -14.516359 -19.833521 3.263904
v -13.349058 -18.026121 3.802904
v -13.363359 -17.681322 3.766004
v -13.303358 -18.026421 3.506904
v -13.317358 -17.681921 3.480904
v -13.366659 -17.552322 3.755105
v -13.320360 -17.553122 3.473104
v -13.290358 -17.553722 2.837404
v -13.296560 -17.553522 3.162504
v -13.287458 -17.682522 2.837404
v -13.293661 -17.682322 3.166504
v -13.273760 -18.026821 2.837404
v -13.279860 -18.026722 3.179904
v -14.516359 -19.833521 2.411005
v -14.397058 -21.289722 2.362205
v -14.493261 -19.832922 2.006004
v -14.374559 -21.288422 1.911305
v -14.217161 -22.968622 2.313305
v -14.195360 -22.966421 1.816305
v -14.152960 -22.961821 1.373305
v -14.330961 -21.285721 1.508905
v -14.448458 -19.831621 1.644105
v -13.279860 -18.026722 2.495004
v -13.293661 -17.682322 2.508404
v -13.303358 -18.026421 2.168005
v -13.317358 -17.681921 2.194005
v -13.296560 -17.553522 2.512404
v -13.320360 -17.553122 2.201705
v -13.366659 -17.552322 1.919804
v -13.363359 -17.681322 1.908904
v -13.349058 -18.026121 1.872004
vn -0.1515 0.0496 0.9872
vn -0.1990 0.0591 0.9782
vn -0.1831 0.0639 0.9810
vn -0.1243 0.0506 0.9910
vn -0.2574 0.0686 0.9639
vn -0.2553 0.0778 0.9637
vn -0.1743 0.0474 0.9836
vn -0.2090 0.0537 0.9764
vn -0.2550 0.0600 0.9651
vn -0.3424 0.0803 0.9361
vn -0.4833 0.0986 0.8699
vn -0.5053 0.1194 0.8547
vn -0.3531 0.0944 0.9308
vn -0.3278 0.0680 0.9423
vn -0.4559 0.0817 0.8863
vn -0.4288 0.0673 0.9009
vn -0.3105 0.0570 0.9489
vn -0.2941 0.0470 0.9546
vn -0.4033 0.0542 0.9134
vn -0.2494 0.0518 0.9670
vn -0.2435 0.0435 0.9689
vn -0.2139 0.0475 0.9757
vn -0.1914 0.0427 0.9806
vn -0.2118 0.0256 0.9770
vn -0.2213 0.0404 0.9744
vn -0.1616 0.0376 0.9861
vn -0.1790 0.0353 0.9832
vn -0.1071 0.0240 0.9940
vn -0.1760 0.0262 0.9840
vn -0.1281 0.0379 0.9910
vn -0.0384 0.0209 0.9990
vn 0.0666 -0.0047 0.9978
vn 0.4745 -0.0540 0.8786
vn 0.4900 -0.0887 0.8672
vn -0.0724 -0.0025 0.9974
vn 0.1437 -0.0089 0.9896
vn 0.4770 -0.0534 0.8773
vn 0.4910 -0.0573 0.8693
vn 0.1958 -0.0137 0.9805
vn 0.2340 -0.0226 0.9720
vn 0.5090 -0.0695 0.8579
vn 0.0130 0.0170 0.9998
vn 0.0563 0.0107 0.9984
vn -0.0919 0.0368 0.9951
vn -0.0539 0.0341 0.9980
vn -0.5439 0.0275 0.8387
vn -0.4394 0.0252 0.8979
vn -0.4346 0.0281 0.9002
vn -0.5442 0.0312 0.8384
vn -0.3162 0.0223 0.9484
vn -0.3082 0.0249 0.9510
vn -0.5484 0.0235 0.8359
vn -0.4468 0.0226 0.8943
vn -0.3264 0.0200 0.9450
vn -0.1403 0.0165 0.9900
vn 0.1477 0.0037 0.9890
vn 0.1509 0.0087 0.9885
vn -0.1316 0.0197 0.9911
vn -0.1501 0.0137 0.9886
vn 0.1458 -0.0015 0.9893
vn 0.1396 -0.0081 0.9902
vn -0.1638 0.0107 0.9864
vn -0.1842 0.0064 0.9829
vn 0.1206 -0.0194 0.9925
vn -0.3407 0.0180 0.9400
vn -0.3648 0.0151 0.9310
vn -0.4617 0.0192 0.8868
vn -0.5608 0.0179 0.8278
vn -0.5849 0.0068 0.8111
vn -0.4871 0.0137 0.8732
vn -0.5213 0.1382 0.8421
vn -0.3563 0.1075 0.9282
vn -0.2456 0.0854 0.9656
vn -0.5332 0.1536 0.8319
vn -0.3558 0.1173 0.9272
vn -0.2342 0.0906 0.9680
vn -0.1636 0.0672 0.9842
vn -0.0941 0.0498 0.9943
vn -0.1425 0.0685 0.9874
vn -0.0631 0.0475 0.9969
vn -0.0357 0.0459 0.9983
vn -0.1230 0.0697 0.9900
vn -0.1055 0.0739 0.9917
vn -0.0141 0.0487 0.9987
vn -0.2226 0.0949 0.9703
vn -0.2131 0.1012 0.9718
vn -0.3541 0.1255 0.9268
vn -0.5413 0.1661 0.8243
vn -0.5479 0.1768 0.8177
vn -0.3520 0.1340 0.9264
vn -0.5546 0.3151 0.7701
vn -0.3509 0.2582 0.9001
vn -0.3358 0.2691 0.9027
vn -0.5381 0.3231 0.7785
vn -0.1955 0.2088 0.9582
vn -0.1848 0.2248 0.9567
vn -0.5678 0.3289 0.7546
vn -0.3653 0.2613 0.8935
vn -0.2046 0.2020 0.9578
vn -0.0737 0.1646 0.9836
vn 0.0290 0.1224 0.9921
vn 0.0307 0.1457 0.9888
vn -0.0687 0.1846 0.9804
vn -0.0787 0.1496 0.9856
vn 0.0270 0.1011 0.9945
vn 0.0232 0.0779 0.9967
vn -0.0847 0.1352 0.9872
vn -0.0919 0.1196 0.9886
vn 0.0165 0.0515 0.9985
vn -0.2147 0.1987 0.9563
vn -0.2238 0.1972 0.9545
vn -0.3781 0.2719 0.8849
vn -0.5757 0.3537 0.7372
vn -0.5771 0.3862 0.7196
vn -0.3866 0.2874 0.8763
vn -0.5714 0.4224 0.7036
vn -0.3918 0.3066 0.8674
vn -0.2320 0.1999 0.9519
vn -0.5656 0.4533 0.6889
vn -0.3944 0.3267 0.8589
vn -0.2375 0.2075 0.9489
vn -0.1007 0.1085 0.9890
vn 0.0085 0.0288 0.9996
vn -0.1068 0.1051 0.9887
vn 0.0028 0.0156 0.9999
vn 0.0001 0.0099 1.0000
vn -0.1109 0.1079 0.9880
vn -0.1133 0.1153 0.9868
vn 0.0005 0.0096 1.0000
vn -0.2421 0.2193 0.9451
vn -0.2462 0.2337 0.9406
vn -0.3962 0.3463 0.8504
vn -0.5612 0.4794 0.6747
vn -0.5595 0.5015 0.6600
vn -0.3992 0.3661 0.8406
vn -0.5635 0.5203 0.6417
vn -0.4069 0.3852 0.8283
vn -0.2523 0.2481 0.9353
vn -0.5713 0.5349 0.6226
vn -0.4183 0.4010 0.8150
vn -0.2629 0.2610 0.9289
vn -0.1165 0.1236 0.9855
vn 0.0019 0.0102 0.9999
vn -0.1223 0.1299 0.9840
vn 0.0019 0.0086 1.0000
vn -0.0005 0.0048 1.0000
vn -0.1308 0.1336 0.9824
vn -0.1461 0.1312 0.9805
vn -0.0096 -0.0047 0.9999
vn -0.2759 0.2706 0.9223
vn -0.2943 0.2723 0.9161
vn -0.4323 0.4130 0.8015
vn -0.5812 0.5448 0.6045
vn -0.5964 0.5474 0.5871
vn -0.4515 0.4172 0.7887
vn -0.6244 0.6298 0.4621
vn -0.4834 0.5427 0.6869
vn -0.4449 0.5145 0.7331
vn -0.5982 0.6146 0.5143
vn -0.2970 0.4075 0.8635
vn -0.2617 0.3775 0.8883
vn -0.6591 0.6325 0.4069
vn -0.5343 0.5602 0.6330
vn -0.3492 0.4316 0.8317
vn -0.0984 0.2459 0.9643
vn 0.0872 0.0799 0.9930
vn 0.0871 0.0743 0.9934
vn -0.0791 0.2257 0.9710
vn -0.1322 0.2609 0.9563
vn 0.0776 0.0796 0.9938
vn 0.0637 0.0733 0.9953
vn -0.1721 0.2673 0.9481
vn -0.2195 0.2595 0.9405
vn 0.0444 0.0589 0.9973
vn -0.4072 0.4439 0.7982
vn -0.4694 0.4352 0.7683
vn -0.5877 0.5636 0.5805
vn -0.6955 0.6225 0.3588
vn -0.7362 0.5950 0.3224
vn -0.6437 0.5451 0.5371
vn -0.2604 0.2380 0.9357
vn 0.0247 0.0400 0.9989
vn -0.2925 0.2103 0.9328
vn 0.0107 0.0228 0.9997
vn -0.5225 0.4099 0.7476
vn -0.5671 0.3738 0.7339
vn -0.3163 0.1807 0.9313
vn -0.3357 0.1538 0.9293
vn -0.0026 0.0035 1.0000
vn 0.0016 0.0101 0.9999
vn -0.6041 0.3318 0.7245
vn -0.6355 0.2870 0.7168
vn -0.8094 0.3623 0.4622
vn -0.7752 0.4181 0.4735
vn -0.8502 0.4529 0.2686
vn -0.8828 0.3922 0.2586
vn -0.7365 0.4687 0.4877
vn -0.8144 0.5075 0.2813
vn -0.6926 0.5123 0.5078
vn -0.7761 0.5553 0.2990
vn -0.3522 0.1244 0.9276
vn -0.0051 -0.0040 1.0000
vn -0.3675 0.0875 0.9259
vn -0.0081 -0.0201 0.9998
vn -0.6628 0.2388 0.7097
vn -0.6860 0.1853 0.7036
vn -0.3754 0.0419 0.9259
vn -0.3706 -0.0118 0.9287
vn -0.0058 -0.0799 0.9968
vn -0.0102 -0.0453 0.9989
vn -0.6986 0.1260 0.7043
vn -0.6969 0.0620 0.7145
vn -0.8815 0.1149 0.4579
vn -0.8771 0.1783 0.4460
vn -0.9476 0.2027 0.2470
vn -0.9562 0.1445 0.2545
vn -0.8623 0.2414 0.4451
vn -0.9323 0.2646 0.2467
vn -0.8391 0.3033 0.4515
vn -0.9106 0.3283 0.2510
vn -0.3483 -0.0621 0.9353
vn 0.0060 -0.1133 0.9935
vn -0.3170 -0.0982 0.9433
vn 0.0210 -0.1366 0.9904
vn -0.6756 0.0028 0.7373
vn -0.6408 -0.0418 0.7666
vn -0.2817 -0.1231 0.9516
vn -0.2523 -0.1340 0.9583
vn 0.0505 -0.1579 0.9862
vn 0.0365 -0.1518 0.9877
vn -0.5994 -0.0741 0.7971
vn -0.5613 -0.0899 0.8227
vn -0.7973 -0.0356 0.6026
vn -0.8254 -0.0186 0.5643
vn -0.9412 0.0265 0.3369
vn -0.9291 0.0112 0.3696
vn -0.8526 0.0143 0.5223
vn -0.9513 0.0549 0.3033
vn -0.8728 0.0582 0.4847
vn -0.9571 0.0935 0.2742
vn -0.1908 0.0372 0.9809
vn -0.1512 0.0166 0.9884
vn 0.1480 0.0558 0.9874
vn 0.1072 0.0756 0.9914
vn -0.1063 0.0156 0.9942
vn 0.1894 0.0575 0.9802
vn -0.4975 -0.0052 0.8674
vn -0.4668 -0.0250 0.8840
vn -0.4263 -0.0273 0.9042
vn -0.0616 0.0198 0.9979
vn -0.0258 0.0255 0.9993
vn 0.2446 0.0707 0.9670
vn 0.2241 0.0635 0.9725
vn -0.3796 -0.0242 0.9248
vn -0.3329 -0.0190 0.9428
vn -0.6236 -0.0554 0.7798
vn -0.6653 -0.0604 0.7442
vn -0.8608 -0.0827 0.5022
vn -0.8359 -0.0781 0.5433
vn -0.7007 -0.0626 0.7107
vn -0.8795 -0.0848 0.4684
vn -0.7280 -0.0601 0.6830
vn -0.7471 -0.0429 0.6633
vn -0.9013 -0.0710 0.4274
vn -0.8929 -0.0830 0.4426
vn -0.0012 0.0301 0.9995
vn 0.2498 0.0742 0.9655
vn 0.0138 0.0316 0.9994
vn 0.2470 0.0715 0.9664
vn -0.2916 -0.0125 0.9565
vn -0.2551 -0.0059 0.9669
vn 0.0255 0.0307 0.9992
vn 0.0350 0.0277 0.9990
vn 0.2393 0.0541 0.9694
vn 0.2422 0.0645 0.9681
vn -0.2236 0.0001 0.9747
vn -0.1994 0.0050 0.9799
vn -0.4567 -0.0127 0.8895
vn -0.4930 -0.0251 0.8697
vn -0.7371 -0.0419 0.6744
vn -0.7065 -0.0243 0.7072
vn -0.5328 -0.0368 0.8454
vn -0.7706 -0.0572 0.6347
vn -0.5776 -0.0476 0.8149
vn -0.8047 -0.0698 0.5896
vn 0.0437 0.0229 0.9988
vn 0.2384 0.0418 0.9703
vn 0.0504 0.0166 0.9986
vn 0.2391 0.0288 0.9706
vn -0.1790 0.0078 0.9838
vn -0.1620 0.0074 0.9868
vn 0.0553 0.0088 0.9984
vn 0.0570 -0.0000 0.9984
vn 0.2408 -0.0000 0.9706
vn 0.2402 0.0149 0.9706
vn -0.1534 0.0048 0.9882
vn -0.1499 -0.0000 0.9887
vn -0.3853 -0.0000 0.9228
vn -0.3906 0.0022 0.9206
vn -0.6481 0.0022 0.7615
vn -0.6433 -0.0000 0.7656
vn -0.4050 0.0016 0.9143
vn -0.6612 -0.0008 0.7502
vn -0.4275 -0.0031 0.9040
vn -0.6811 -0.0093 0.7321
vn -0.3663 0.0302 0.9300
vn -0.2723 0.0260 0.9619
vn -0.2665 0.0243 0.9635
vn -0.3613 0.0285 0.9320
vn -0.2580 0.0255 0.9658
vn -0.2540 0.0246 0.9669
vn -0.3733 0.0357 0.9270
vn -0.2780 0.0308 0.9601
vn -0.2561 0.0288 0.9662
vn -0.2967 0.0261 0.9546
vn -0.4012 0.0272 0.9156
vn -0.4068 0.0307 0.9130
vn -0.2967 0.0268 0.9546
vn -0.2848 0.0266 0.9582
vn -0.3848 0.0235 0.9227
vn -0.3453 0.0178 0.9383
vn -0.2562 0.0280 0.9662
vn -0.2471 0.0351 0.9684
vn -0.2848 0.0380 0.9578
vn -0.3865 0.0441 0.9212
vn -0.0153 0.0297 0.9994
vn 0.0975 0.0030 0.9952
vn 0.0212 0.0245 0.9995
vn 0.1354 -0.0045 0.9908
vn 0.2691 -0.0334 0.9625
vn 0.5263 -0.0830 0.8462
vn 0.3011 -0.0426 0.9526
vn 0.5421 -0.0932 0.8351
vn 0.5561 -0.0992 0.8252
vn 0.3293 -0.0490 0.9429
vn 0.3513 -0.0480 0.9350
vn 0.5686 -0.0972 0.8169
vn 0.1693 -0.0101 0.9855
vn 0.1953 -0.0093 0.9807
vn 0.0549 0.0204 0.9983
vn 0.0798 0.0220 0.9966
vn 0.1302 0.0776 0.9884
vn 0.1298 0.1038 0.9861
vn 0.2480 0.0242 0.9685
vn 0.2460 0.0537 0.9678
vn 0.1298 0.0504 0.9903
vn 0.2483 -0.0095 0.9686
vn 0.3998 -0.0443 0.9155
vn 0.6012 -0.1355 0.7875
vn 0.5984 -0.0962 0.7954
vn 0.3968 -0.0105 0.9179
vn 0.4000 -0.0867 0.9124
vn 0.5983 -0.1885 0.7787
vn 0.5879 -0.2538 0.7681
vn 0.3954 -0.1385 0.9080
vn 0.3836 -0.2012 0.9013
vn 0.5665 -0.3318 0.7543
vn 0.2454 -0.0497 0.9682
vn 0.2374 -0.0982 0.9664
vn 0.1269 0.0194 0.9917
vn 0.1201 -0.0173 0.9926
vn 0.1116 -0.0507 0.9925
vn 0.2273 -0.1435 0.9632
vn 0.1063 -0.0733 0.9916
vn 0.2213 -0.1765 0.9591
vn 0.3688 -0.2604 0.8923
vn 0.5402 -0.4043 0.7380
vn 0.3591 -0.3041 0.8823
vn 0.5209 -0.4567 0.7211
vn 0.5110 -0.4947 0.7030
vn 0.3573 -0.3371 0.8710
vn 0.3626 -0.3617 0.8589
vn 0.5105 -0.5225 0.6830
vn 0.2209 -0.2001 0.9545
vn 0.2265 -0.2171 0.9495
vn 0.1051 -0.0875 0.9906
vn 0.1087 -0.0962 0.9894
vn 0.1150 -0.1042 0.9879
vn 0.2372 -0.2340 0.9429
vn 0.1212 -0.1145 0.9860
vn 0.2483 -0.2523 0.9352
vn 0.3738 -0.3845 0.8440
vn 0.5159 -0.5449 0.6610
vn 0.3865 -0.4079 0.8272
vn 0.5228 -0.5658 0.6376
vn 0.5287 -0.5858 0.6143
vn 0.3971 -0.4311 0.8102
vn 0.3997 -0.4552 0.7957
vn 0.5279 -0.6049 0.5962
vn 0.2582 -0.2724 0.9269
vn 0.2596 -0.2947 0.9196
vn 0.1261 -0.1272 0.9838
vn 0.1225 -0.1435 0.9820
vn 0.2632 -0.0928 0.9603
vn 0.2461 -0.0841 0.9656
vn 0.4339 -0.2773 0.8572
vn 0.4014 -0.2539 0.8800
vn 0.2780 -0.1099 0.9543
vn 0.4677 -0.3077 0.8286
vn 0.5762 -0.4504 0.6820
vn 0.6691 -0.5832 0.4606
vn 0.6426 -0.5695 0.5126
vn 0.5413 -0.4245 0.7258
vn 0.6116 -0.4780 0.6304
vn 0.6940 -0.5940 0.4067
vn 0.7190 -0.5946 0.3598
vn 0.6454 -0.4963 0.5807
vn 0.6791 -0.4983 0.5390
vn 0.7480 -0.5802 0.3224
vn 0.5005 -0.3356 0.7980
vn 0.5307 -0.3526 0.7707
vn 0.2916 -0.1306 0.9476
vn 0.3001 -0.1498 0.9421
vn 0.7090 -0.4870 0.5101
vn 0.7782 -0.5532 0.2974
vn 0.7402 -0.4598 0.4905
vn 0.8104 -0.5145 0.2804
vn 0.5548 -0.3576 0.7512
vn 0.5792 -0.3468 0.7377
vn 0.7718 -0.4210 0.4765
vn 0.8039 -0.3714 0.4646
vn 0.8754 -0.4078 0.2596
vn 0.8429 -0.4657 0.2695
vn 0.6036 -0.3229 0.7290
vn 0.6301 -0.2882 0.7211
vn 0.3291 -0.1484 0.9326
vn 0.3177 -0.1629 0.9341
vn 0.3103 -0.1685 0.9356
vn 0.3039 -0.1636 0.9385
vn 0.8324 -0.3176 0.4540
vn 0.9040 -0.3453 0.2520
vn 0.8539 -0.2662 0.4472
vn 0.9262 -0.2843 0.2476
vn 0.6543 -0.2499 0.7137
vn 0.6729 -0.2170 0.7072
vn 0.8670 -0.2196 0.4473
vn 0.8710 -0.1807 0.4568
vn 0.9506 -0.1759 0.2556
vn 0.9418 -0.2271 0.2478
vn 0.6827 -0.1900 0.7055
vn 0.6821 -0.1716 0.7109
vn 0.3548 -0.1350 0.9251
vn 0.3544 -0.1253 0.9267
vn 0.3495 -0.1248 0.9286
vn 0.3410 -0.1327 0.9307
vn 0.8646 -0.1520 0.4789
vn 0.9518 -0.1362 0.2749
vn 0.8495 -0.1343 0.5102
vn 0.9469 -0.1101 0.3021
vn 0.6705 -0.1604 0.7244
vn 0.6508 -0.1540 0.7435
vn 0.8293 -0.1251 0.5446
vn 0.8080 -0.1237 0.5760
vn 0.9264 -0.0928 0.3649
vn 0.9375 -0.0950 0.3347
vn 0.6275 -0.1515 0.7638
vn 0.6065 -0.1516 0.7805
vn 0.3379 -0.1640 0.9268
vn 0.3423 -0.1617 0.9256
vn 0.3479 -0.1558 0.9245
vn 0.3530 -0.1473 0.9240
vn 0.7747 0.1756 0.6075
vn 0.7756 0.1647 0.6094
vn 0.8855 0.2003 0.4192
vn 0.8892 0.2072 0.4078
vn 0.7700 0.1684 0.6154
vn 0.8758 0.2047 0.4372
vn 0.6002 0.1420 0.7871
vn 0.6146 0.1279 0.7784
vn 0.6238 0.1314 0.7705
vn 0.7586 0.1772 0.6270
vn 0.7402 0.1884 0.6454
vn 0.8415 0.2273 0.4901
vn 0.8618 0.2140 0.4600
vn 0.6244 0.1401 0.7684
vn 0.6147 0.1506 0.7743
vn 0.4559 0.1122 0.8829
vn 0.4513 0.1031 0.8864
vn 0.4329 0.0949 0.8964
vn 0.4046 0.0922 0.9098
vn 0.3723 0.1091 0.9217
vn 0.7161 0.1922 0.6710
vn 0.8192 0.2293 0.5257
vn 0.6930 0.1822 0.6975
vn 0.7996 0.2178 0.5597
vn 0.5950 0.1544 0.7888
vn 0.5737 0.1464 0.8059
vn 0.6734 0.1625 0.7212
vn 0.6600 0.1344 0.7392
vn 0.7761 0.1620 0.6094
vn 0.7846 0.1950 0.5886
vn 0.5552 0.1303 0.8214
vn 0.5414 0.1077 0.8338
vn 0.4068 0.0813 0.9099
vn 0.4176 0.0982 0.9033
vn 0.4315 0.1101 0.8954
vn 0.4463 0.1158 0.8873
vn 0.6535 0.1024 0.7500
vn 0.7746 0.1239 0.6202
vn 0.6525 0.0697 0.7546
vn 0.7772 0.0849 0.6235
vn 0.5346 0.0818 0.8412
vn 0.5319 0.0558 0.8450
vn 0.6529 0.0358 0.7566
vn 0.6532 -0.0000 0.7572
vn 0.7814 -0.0000 0.6241
vn 0.7797 0.0437 0.6246
vn 0.5318 0.0286 0.8464
vn 0.5319 -0.0000 0.8468
vn 0.3999 -0.0000 0.9165
vn 0.3998 0.0217 0.9163
vn 0.4002 0.0422 0.9155
vn 0.4023 0.0619 0.9134
vn -0.2762 0.0466 -0.9600
vn -0.2979 0.0567 -0.9529
vn -0.4224 0.0672 -0.9039
vn -0.3935 0.0547 -0.9177
vn -0.3192 0.0678 -0.9452
vn -0.4535 0.0816 -0.8875
vn -0.2162 0.0434 -0.9754
vn -0.2296 0.0516 -0.9719
vn -0.2413 0.0600 -0.9686
vn -0.3372 0.0802 -0.9380
vn -0.3489 0.0944 -0.9324
vn -0.5048 0.1187 -0.8550
vn -0.4809 0.0985 -0.8712
vn -0.2500 0.0688 -0.9658
vn -0.2505 0.0780 -0.9650
vn -0.1769 0.0647 -0.9821
vn -0.1868 0.0599 -0.9806
vn -0.1382 0.0513 -0.9891
vn -0.1170 0.0520 -0.9918
vn -0.1903 0.0544 -0.9802
vn -0.1543 0.0491 -0.9868
vn -0.1887 0.0485 -0.9808
vn -0.1841 0.0419 -0.9820
vn -0.1691 0.0407 -0.9848
vn -0.1634 0.0456 -0.9855
vn 0.2342 -0.0184 -0.9720
vn 0.1973 -0.0066 -0.9803
vn 0.4800 -0.0488 -0.8759
vn 0.5039 -0.0649 -0.8613
vn 0.1608 0.0019 -0.9870
vn 0.4546 -0.0364 -0.8899
vn 0.0614 0.0140 -0.9980
vn 0.0230 0.0216 -0.9995
vn -0.0109 0.0261 -0.9996
vn 0.1251 0.0078 -0.9921
vn 0.0947 0.0109 -0.9954
vn 0.3991 -0.0193 -0.9167
vn 0.4259 -0.0264 -0.9044
vn -0.0411 0.0282 -0.9988
vn -0.0655 0.0279 -0.9975
vn -0.1412 0.0370 -0.9893
vn -0.1266 0.0399 -0.9912
vn -0.1055 0.0408 -0.9936
vn -0.0778 0.0397 -0.9962
vn -0.0476 0.0365 -0.9982
vn 0.0337 0.0159 -0.9993
vn 0.0267 0.0212 -0.9994
vn 0.3175 0.0080 -0.9482
vn 0.3272 -0.0001 -0.9449
vn 0.0245 0.0358 -0.9991
vn 0.3068 0.0285 -0.9513
vn -0.1030 0.0232 -0.9944
vn -0.1040 0.0271 -0.9942
vn -0.1020 0.0386 -0.9940
vn 0.0382 0.0652 -0.9971
vn 0.1139 0.1233 -0.9858
vn 0.2603 0.1043 -0.9599
vn 0.2895 0.0633 -0.9551
vn -0.0884 0.0648 -0.9940
vn -0.0428 0.1296 -0.9906
vn -0.1258 0.1190 -0.9849
vn -0.1423 0.0608 -0.9880
vn -0.1456 0.0563 -0.9877
vn -0.1396 0.1043 -0.9847
vn -0.1514 0.0384 -0.9877
vn -0.1526 0.0363 -0.9876
vn -0.1556 0.0287 -0.9874
vn -0.1582 0.0258 -0.9871
vn -0.1638 0.0253 -0.9862
vn -0.1591 0.0275 -0.9869
vn -0.1054 0.0754 -0.9916
vn -0.1227 0.0698 -0.9900
vn -0.0357 0.0461 -0.9983
vn -0.0163 0.0490 -0.9987
vn -0.1416 0.0688 -0.9875
vn -0.0630 0.0483 -0.9968
vn -0.2131 0.1012 -0.9718
vn -0.2221 0.0949 -0.9704
vn -0.2335 0.0908 -0.9681
vn -0.1609 0.0678 -0.9846
vn -0.0909 0.0508 -0.9946
vn -0.2438 0.0858 -0.9660
vn -0.3553 0.1075 -0.9286
vn -0.5215 0.1383 -0.8420
vn -0.3554 0.1174 -0.9273
vn -0.5335 0.1537 -0.8317
vn -0.3540 0.1255 -0.9268
vn -0.3520 0.1340 -0.9263
vn -0.5479 0.1772 -0.8175
vn -0.5422 0.1663 -0.8236
vn -0.0924 0.1198 -0.9885
vn -0.0848 0.1352 -0.9872
vn 0.0232 0.0779 -0.9967
vn 0.0165 0.0515 -0.9985
vn -0.0784 0.1497 -0.9856
vn 0.0270 0.1010 -0.9945
vn -0.2239 0.1972 -0.9545
vn -0.2147 0.1987 -0.9563
vn -0.2052 0.2020 -0.9577
vn -0.0737 0.1646 -0.9836
vn -0.0686 0.1847 -0.9804
vn 0.0308 0.1458 -0.9888
vn 0.0291 0.1224 -0.9921
vn -0.1948 0.2088 -0.9584
vn -0.1849 0.2261 -0.9564
vn -0.3354 0.2717 -0.9021
vn -0.3509 0.2582 -0.9001
vn -0.5574 0.3160 -0.7677
vn -0.5389 0.3222 -0.7783
vn -0.3660 0.2616 -0.8931
vn -0.5699 0.3299 -0.7526
vn -0.3781 0.2719 -0.8849
vn -0.3865 0.2873 -0.8764
vn -0.5776 0.3877 -0.7184
vn -0.5776 0.3545 -0.7354
vn -0.1127 0.1149 -0.9870
vn -0.1103 0.1073 -0.9881
vn 0.0001 0.0099 -1.0000
vn 0.0005 0.0096 -1.0000
vn -0.1068 0.1050 -0.9887
vn 0.0028 0.0155 -0.9999
vn -0.2461 0.2336 -0.9407
vn -0.2420 0.2191 -0.9452
vn -0.2377 0.2077 -0.9489
vn -0.1006 0.1085 -0.9890
vn 0.0085 0.0287 -0.9996
vn -0.2320 0.2000 -0.9519
vn -0.3917 0.3066 -0.8675
vn -0.5725 0.4232 -0.7023
vn -0.3944 0.3267 -0.8589
vn -0.5665 0.4540 -0.6878
vn -0.3962 0.3463 -0.8504
vn -0.3992 0.3662 -0.8405
vn -0.5600 0.5018 -0.6592
vn -0.5615 0.4797 -0.6742
vn -0.1471 0.1307 -0.9804
vn -0.1309 0.1337 -0.9823
vn 0.0001 0.0044 -1.0000
vn -0.0101 -0.0045 -0.9999
vn -0.1220 0.1298 -0.9840
vn 0.0020 0.0086 -1.0000
vn -0.2964 0.2720 -0.9155
vn -0.2759 0.2706 -0.9223
vn -0.2628 0.2610 -0.9289
vn -0.1164 0.1235 -0.9855
vn 0.0019 0.0102 -0.9999
vn -0.2519 0.2478 -0.9355
vn -0.4066 0.3850 -0.8285
vn -0.5640 0.5208 -0.6408
vn -0.4183 0.4010 -0.8150
vn -0.5721 0.5356 -0.6212
vn -0.4329 0.4136 -0.8010
vn -0.4534 0.4160 -0.7882
vn -0.5964 0.5473 -0.5872
vn -0.5827 0.5460 -0.6020
vn -0.2195 0.2595 -0.9405
vn -0.1725 0.2677 -0.9480
vn 0.0639 0.0733 -0.9953
vn 0.0442 0.0590 -0.9973
vn -0.1312 0.2603 -0.9566
vn 0.0778 0.0794 -0.9938
vn -0.4694 0.4352 -0.7683
vn -0.4071 0.4438 -0.7983
vn -0.3490 0.4315 -0.8319
vn -0.0979 0.2456 -0.9644
vn -0.0786 0.2269 -0.9707
vn 0.0871 0.0746 -0.9934
vn 0.0864 0.0805 -0.9930
vn -0.2970 0.4075 -0.8636
vn -0.2598 0.3795 -0.8880
vn -0.4419 0.5172 -0.7330
vn -0.4834 0.5427 -0.6869
vn -0.6255 0.6303 -0.4599
vn -0.5979 0.6147 -0.5144
vn -0.5342 0.5602 -0.6331
vn -0.6598 0.6329 -0.4051
vn -0.5879 0.5637 -0.5802
vn -0.6437 0.5451 -0.5371
vn -0.7364 0.5953 -0.3214
vn -0.6961 0.6228 -0.3572
vn -0.8502 0.4529 -0.2685
vn -0.7753 0.4182 -0.4733
vn -0.8094 0.3623 -0.4622
vn -0.8828 0.3922 -0.2586
vn -0.6041 0.3318 -0.7245
vn -0.6355 0.2870 -0.7168
vn -0.8146 0.5078 -0.2804
vn -0.7365 0.4687 -0.4877
vn -0.5672 0.3739 -0.7339
vn -0.3164 0.1807 -0.9312
vn 0.0016 0.0101 -0.9999
vn -0.0026 0.0034 -1.0000
vn -0.3352 0.1537 -0.9295
vn -0.2925 0.2103 -0.9329
vn 0.0106 0.0228 -0.9997
vn 0.0249 0.0397 -0.9989
vn -0.2604 0.2380 -0.9357
vn -0.5225 0.4099 -0.7477
vn -0.6924 0.5121 -0.5084
vn -0.7763 0.5556 -0.2978
vn -0.9476 0.2029 -0.2469
vn -0.8771 0.1783 -0.4461
vn -0.8818 0.1130 -0.4579
vn -0.9564 0.1425 -0.2549
vn -0.6986 0.1260 -0.7043
vn -0.6972 0.0603 -0.7144
vn -0.9323 0.2646 -0.2467
vn -0.8623 0.2414 -0.4451
vn -0.6860 0.1853 -0.7036
vn -0.3753 0.0419 -0.9259
vn -0.0101 -0.0453 -0.9989
vn -0.0062 -0.0805 -0.9967
vn -0.3711 -0.0129 -0.9285
vn -0.3678 0.0876 -0.9258
vn -0.0090 -0.0198 -0.9998
vn -0.0051 -0.0040 -1.0000
vn -0.3526 0.1246 -0.9274
vn -0.6634 0.2392 -0.7090
vn -0.8391 0.3032 -0.4517
vn -0.9106 0.3283 -0.2510
vn -0.9025 0.1835 -0.3897
vn -0.7612 0.1938 -0.6189
vn -0.6610 0.5213 -0.5397
vn -0.8219 0.4433 -0.3577
vn -0.5261 0.2014 -0.8262
vn -0.4348 0.5879 -0.6821
vn -0.9143 0.0202 -0.4045
vn -0.7686 -0.0252 -0.6392
vn -0.5268 -0.0738 -0.8468
vn -0.2311 0.2010 -0.9519
vn 0.0590 0.1932 -0.9794
vn 0.0405 0.6340 -0.7723
vn -0.1875 0.6256 -0.7572
vn -0.2278 -0.1119 -0.9673
vn 0.0625 -0.1331 -0.9891
vn 0.0584 -0.1556 -0.9861
vn -0.2354 -0.1330 -0.9627
vn -0.2529 -0.1320 -0.9585
vn 0.0505 -0.1573 -0.9863
vn -0.5375 -0.0914 -0.8383
vn -0.5619 -0.0865 -0.8227
vn -0.7780 -0.0385 -0.6271
vn -0.9194 0.0102 -0.3931
vn -0.9286 0.0158 -0.3707
vn -0.7974 -0.0316 -0.6026
vn -0.8591 -0.0819 -0.5052
vn -0.6655 -0.0604 -0.7439
vn -0.6239 -0.0554 -0.7795
vn -0.8340 -0.0772 -0.5464
vn -0.3797 -0.0242 -0.9248
vn -0.3340 -0.0189 -0.9424
vn -0.8782 -0.0841 -0.4709
vn -0.7007 -0.0626 -0.7107
vn -0.4260 -0.0273 -0.9043
vn -0.0629 0.0199 -0.9978
vn 0.2243 0.0634 -0.9725
vn 0.2447 0.0707 -0.9670
vn -0.0259 0.0255 -0.9993
vn -0.1056 0.0159 -0.9943
vn 0.1895 0.0575 -0.9802
vn 0.1479 0.0558 -0.9874
vn -0.1519 0.0165 -0.9883
vn -0.1910 0.0330 -0.9810
vn 0.1071 0.0710 -0.9917
vn -0.4669 -0.0250 -0.8840
vn -0.4975 -0.0090 -0.8674
vn -0.7279 -0.0601 -0.6830
vn -0.8917 -0.0823 -0.4450
vn -0.9007 -0.0711 -0.4285
vn -0.7472 -0.0461 -0.6630
vn -0.7354 -0.0418 -0.6763
vn -0.4921 -0.0250 -0.8702
vn -0.4567 -0.0127 -0.8895
vn -0.7046 -0.0244 -0.7092
vn -0.2236 0.0001 -0.9747
vn -0.1995 0.0050 -0.9799
vn -0.7684 -0.0569 -0.6374
vn -0.5332 -0.0369 -0.8452
vn -0.2551 -0.0059 -0.9669
vn 0.0256 0.0307 -0.9992
vn 0.2423 0.0645 -0.9681
vn 0.2393 0.0541 -0.9694
vn 0.0351 0.0277 -0.9990
vn 0.0150 0.0316 -0.9994
vn 0.2462 0.0715 -0.9666
vn 0.2498 0.0742 -0.9655
vn -0.0012 0.0301 -0.9995
vn -0.2907 -0.0125 -0.9567
vn -0.5777 -0.0476 -0.8149
vn -0.8024 -0.0691 -0.5928
vn -0.6473 0.0017 -0.7622
vn -0.3905 0.0022 -0.9206
vn -0.3853 -0.0000 -0.9228
vn -0.6429 -0.0000 -0.7660
vn -0.1520 0.0045 -0.9884
vn -0.1485 -0.0000 -0.9889
vn -0.6600 -0.0011 -0.7513
vn -0.4051 0.0016 -0.9143
vn -0.1622 0.0074 -0.9867
vn 0.0550 0.0088 -0.9984
vn 0.2403 0.0149 -0.9706
vn 0.2408 -0.0000 -0.9706
vn 0.0572 -0.0000 -0.9984
vn 0.0499 0.0167 -0.9986
vn 0.2392 0.0288 -0.9705
vn 0.2384 0.0418 -0.9703
vn 0.0431 0.0229 -0.9988
vn -0.1790 0.0078 -0.9838
vn -0.4275 -0.0031 -0.9040
vn -0.6793 -0.0096 -0.7338
vn -0.1572 0.0236 -0.9873
vn -0.1504 0.0255 -0.9883
vn -0.1441 0.0334 -0.9890
vn -0.1713 0.0226 -0.9850
vn -0.1631 0.0242 -0.9863
vn -0.1573 0.0318 -0.9870
vn -0.1402 0.0519 -0.9888
vn -0.1466 0.0960 -0.9845
vn -0.1590 0.0499 -0.9860
vn -0.1819 0.0916 -0.9790
vn -0.2446 0.0859 -0.9658
vn -0.2088 0.0507 -0.9766
vn -0.3104 0.0583 -0.9488
vn -0.3073 0.0752 -0.9486
vn -0.2026 0.0328 -0.9787
vn -0.3126 0.0399 -0.9490
vn -0.2071 0.0247 -0.9780
vn -0.2157 0.0230 -0.9762
vn -0.3225 0.0272 -0.9462
vn -0.3155 0.0298 -0.9485
vn 0.3518 -0.0461 -0.9349
vn 0.3295 -0.0486 -0.9429
vn 0.5560 -0.0989 -0.8253
vn 0.5692 -0.0967 -0.8165
vn 0.3016 -0.0415 -0.9525
vn 0.5416 -0.0921 -0.8356
vn 0.1958 -0.0069 -0.9806
vn 0.1695 -0.0098 -0.9855
vn 0.1361 -0.0034 -0.9907
vn 0.2693 -0.0310 -0.9626
vn 0.5242 -0.0807 -0.8478
vn 0.0996 0.0050 -0.9950
vn -0.0122 0.0312 -0.9994
vn 0.0222 0.0254 -0.9994
vn 0.0547 0.0207 -0.9983
vn 0.0803 0.0244 -0.9965
vn 0.3837 -0.2012 -0.9013
vn 0.3954 -0.1386 -0.9080
vn 0.5875 -0.2534 -0.7685
vn 0.5656 -0.3307 -0.7555
vn 0.4000 -0.0867 -0.9124
vn 0.5969 -0.1875 -0.7801
vn 0.2373 -0.0981 -0.9665
vn 0.2454 -0.0498 -0.9682
vn 0.2483 -0.0095 -0.9686
vn 0.3998 -0.0443 -0.9155
vn 0.3959 -0.0124 -0.9182
vn 0.5989 -0.0961 -0.7950
vn 0.5995 -0.1346 -0.7890
vn 0.2480 0.0243 -0.9685
vn 0.2460 0.0537 -0.9678
vn 0.1294 0.1029 -0.9862
vn 0.1303 0.0776 -0.9884
vn 0.1298 0.0505 -0.9903
vn 0.1269 0.0194 -0.9917
vn 0.1201 -0.0173 -0.9926
vn 0.3624 -0.3615 -0.8591
vn 0.3573 -0.3371 -0.8710
vn 0.5103 -0.4937 -0.7042
vn 0.5095 -0.5210 -0.6849
vn 0.3595 -0.3045 -0.8821
vn 0.5204 -0.4558 -0.7220
vn 0.2265 -0.2171 -0.9495
vn 0.2209 -0.2001 -0.9545
vn 0.2213 -0.1765 -0.9591
vn 0.3688 -0.2604 -0.8923
vn 0.5395 -0.4032 -0.7392
vn 0.2272 -0.1435 -0.9632
vn 0.1116 -0.0507 -0.9925
vn 0.1063 -0.0733 -0.9916
vn 0.1051 -0.0875 -0.9906
vn 0.1087 -0.0962 -0.9894
vn 0.4015 -0.4536 -0.7956
vn 0.3972 -0.4312 -0.8101
vn 0.5281 -0.5853 -0.6153
vn 0.5281 -0.6049 -0.5959
vn 0.3863 -0.4077 -0.8273
vn 0.5224 -0.5652 -0.6385
vn 0.2607 -0.2933 -0.9198
vn 0.2582 -0.2724 -0.9269
vn 0.2491 -0.2529 -0.9349
vn 0.3739 -0.3845 -0.8440
vn 0.5150 -0.5437 -0.6627
vn 0.2372 -0.2340 -0.9429
vn 0.1150 -0.1042 -0.9879
vn 0.1213 -0.1145 -0.9860
vn 0.1260 -0.1271 -0.9839
vn 0.1233 -0.1427 -0.9821
vn 0.6790 -0.4983 -0.5391
vn 0.6454 -0.4963 -0.5806
vn 0.7187 -0.5940 -0.3614
vn 0.7475 -0.5800 -0.3237
vn 0.6116 -0.4775 -0.6308
vn 0.6935 -0.5932 -0.4089
vn 0.5307 -0.3526 -0.7707
vn 0.5005 -0.3356 -0.7980
vn 0.4676 -0.3076 -0.8287
vn 0.5762 -0.4504 -0.6820
vn 0.5384 -0.4270 -0.7265
vn 0.6425 -0.5696 -0.5125
vn 0.6685 -0.5822 -0.4628
vn 0.4340 -0.2774 -0.8572
vn 0.3991 -0.2553 -0.8806
vn 0.2445 -0.0837 -0.9660
vn 0.2633 -0.0928 -0.9603
vn 0.2782 -0.1102 -0.9542
vn 0.2918 -0.1307 -0.9475
vn 0.2999 -0.1497 -0.9422
vn 0.3177 -0.1629 -0.9341
vn 0.3291 -0.1484 -0.9325
vn 0.6036 -0.3229 -0.7290
vn 0.6300 -0.2882 -0.7211
vn 0.3102 -0.1684 -0.9356
vn 0.5785 -0.3459 -0.7387
vn 0.7720 -0.4212 -0.4761
vn 0.8429 -0.4657 -0.2695
vn 0.8754 -0.4078 -0.2595
vn 0.8038 -0.3714 -0.4647
vn 0.7402 -0.4599 -0.4905
vn 0.8100 -0.5140 -0.2822
vn 0.7779 -0.5531 -0.2982
vn 0.7089 -0.4869 -0.5102
vn 0.5548 -0.3576 -0.7512
vn 0.3044 -0.1640 -0.9383
vn 0.3544 -0.1253 -0.9267
vn 0.3551 -0.1350 -0.9250
vn 0.6828 -0.1900 -0.7055
vn 0.6821 -0.1706 -0.7110
vn 0.3497 -0.1248 -0.9285
vn 0.6731 -0.2171 -0.7070
vn 0.8670 -0.2197 -0.4472
vn 0.9420 -0.2274 -0.2468
vn 0.9510 -0.1753 -0.2545
vn 0.8714 -0.1792 -0.4568
vn 0.8533 -0.2658 -0.4486
vn 0.9264 -0.2846 -0.2464
vn 0.9040 -0.3453 -0.2519
vn 0.8324 -0.3176 -0.4541
vn 0.6543 -0.2499 -0.7137
vn 0.3410 -0.1328 -0.9306
vn 0.3328 0.1781 -0.9260
vn 0.2583 0.6196 -0.7412
vn 0.5884 0.1594 -0.7927
vn 0.4778 0.5815 -0.6584
vn 0.3341 -0.1393 -0.9322
vn 0.5879 -0.1306 -0.7983
vn 0.7874 0.1404 -0.6003
vn 0.9121 0.1258 -0.3902
vn 0.8155 0.4575 -0.3545
vn 0.6728 0.5229 -0.5234
vn 0.7874 -0.1076 -0.6070
vn 0.9140 -0.0791 -0.3980
vn 0.9174 -0.0923 -0.3870
vn 0.7933 -0.1238 -0.5961
vn 0.8075 -0.1271 -0.5761
vn 0.9271 -0.0913 -0.3635
vn 0.5928 -0.1501 -0.7912
vn 0.6057 -0.1538 -0.7807
vn 0.3347 -0.1614 -0.9284
vn 0.3381 -0.1640 -0.9267
vn 0.4514 0.1031 -0.8864
vn 0.4559 0.1122 -0.8830
vn 0.6244 0.1401 -0.7685
vn 0.6147 0.1506 -0.7742
vn 0.4326 0.0950 -0.8966
vn 0.6236 0.1314 -0.7706
vn 0.7587 0.1772 -0.6269
vn 0.8619 0.2140 -0.4598
vn 0.8425 0.2260 -0.4889
vn 0.7402 0.1884 -0.6454
vn 0.7700 0.1684 -0.6154
vn 0.8760 0.2047 -0.4366
vn 0.8855 0.2003 -0.4192
vn 0.7755 0.1647 -0.6095
vn 0.7745 0.1760 -0.6075
vn 0.8888 0.2081 -0.4083
vn 0.6142 0.1280 -0.7787
vn 0.6016 0.1405 -0.7864
vn 0.4047 0.0922 -0.9098
vn 0.3729 0.1053 -0.9219
vn 0.4175 0.0982 -0.9034
vn 0.4068 0.0813 -0.9099
vn 0.5552 0.1303 -0.8215
vn 0.5414 0.1077 -0.8338
vn 0.4310 0.1102 -0.8956
vn 0.5737 0.1464 -0.8059
vn 0.6733 0.1625 -0.7213
vn 0.7856 0.1958 -0.5869
vn 0.7766 0.1628 -0.6087
vn 0.6601 0.1344 -0.7390
vn 0.6930 0.1822 -0.6975
vn 0.8012 0.2186 -0.5570
vn 0.8202 0.2300 -0.5238
vn 0.7155 0.1922 -0.6717
vn 0.5946 0.1544 -0.7890
vn 0.4462 0.1158 -0.8874
vn 0.3998 0.0217 -0.9164
vn 0.3999 -0.0000 -0.9166
vn 0.5317 0.0286 -0.8464
vn 0.5318 -0.0000 -0.8469
vn 0.4002 0.0422 -0.9155
vn 0.5325 0.0557 -0.8446
vn 0.6529 0.0358 -0.7566
vn 0.7797 0.0438 -0.6246
vn 0.7811 -0.0000 -0.6245
vn 0.6532 -0.0000 -0.7572
vn 0.6522 0.0698 -0.7548
vn 0.7766 0.0851 -0.6242
vn 0.7754 0.1243 -0.6192
vn 0.6540 0.1023 -0.7495
vn 0.5348 0.0818 -0.8410
vn 0.4015 0.0620 -0.9138
vn -0.9586 0.1849 0.2167
vn -0.9584 0.1573 0.2383
vn -0.9871 0.1601 -0.0000
vn -0.9823 0.1876 -0.0000
vn -0.9555 0.1346 0.2624
vn -0.9905 0.1377 -0.0000
vn -0.8638 0.1727 0.4733
vn -0.8488 0.1446 0.5086
vn -0.8284 0.1213 0.5469
vn -0.9508 0.1151 0.2877
vn -0.9452 0.0975 0.3116
vn -0.9948 0.1017 -0.0001
vn -0.9929 0.1186 -0.0001
vn -0.8055 0.1018 0.5838
vn -0.7839 0.0841 0.6152
vn -0.5771 0.0671 0.8139
vn -0.6064 0.0834 0.7908
vn -0.6394 0.1015 0.7622
vn -0.6700 0.1225 0.7322
vn -0.6964 0.1491 0.7020
vn 0.9914 -0.0862 0.0987
vn 0.9878 -0.0948 0.1234
vn 0.9955 -0.0941 -0.0063
vn 0.9963 -0.0838 -0.0170
vn 0.9841 -0.1069 0.1417
vn 0.9942 -0.1076 -0.0014
vn 0.9685 -0.0903 0.2319
vn 0.9515 -0.0946 0.2926
vn 0.9348 -0.1027 0.3400
vn 0.9812 -0.1231 0.1488
vn 0.9779 -0.1443 0.1510
vn 0.9893 -0.1460 0.0011
vn 0.9922 -0.1245 0.0020
vn 0.9266 -0.1161 0.3577
vn 0.9228 -0.1358 0.3605
vn 0.7760 -0.1126 0.6206
vn 0.7759 -0.0963 0.6234
vn 0.7889 -0.0883 0.6082
vn 0.8276 -0.0862 0.5547
vn 0.9066 -0.0986 0.4102
vn -0.4590 0.4939 0.7385
vn -0.2612 0.5743 0.7759
vn -0.3089 0.3530 0.8832
vn -0.4337 0.2292 0.8714
vn -0.1007 0.7486 0.6553
vn -0.2794 0.5749 0.7690
vn 0.0202 0.7653 0.6434
vn 0.1712 0.7861 0.5939
vn 0.3343 0.8303 0.4460
vn 0.0032 0.9466 0.3224
vn 0.0433 0.9858 -0.1622
vn -0.2760 0.9511 -0.1386
vn -0.2831 0.8592 0.4262
vn 0.4533 0.8729 0.1805
vn 0.4847 0.8599 -0.1599
vn 0.8270 0.5489 -0.1213
vn 0.8239 0.5631 0.0642
vn 0.9653 0.2602 0.0203
vn 0.9635 0.2557 -0.0790
vn 0.7848 0.5815 0.2145
vn 0.9577 0.2660 0.1097
vn 0.7259 0.6004 0.3355
vn 0.6703 0.6075 0.4261
vn 0.9196 0.2653 0.2899
vn 0.9426 0.2692 0.1976
vn 0.9599 -0.0558 0.2747
vn 0.9831 -0.0566 0.1743
vn 0.9858 -0.0418 0.1624
vn 0.9618 -0.0400 0.2708
vn 0.9943 -0.0553 0.0912
vn 0.9962 -0.0419 0.0762
vn 0.9551 -0.0726 0.2871
vn 0.9764 -0.0713 0.2038
vn 0.9903 -0.0681 0.1213
vn 0.9985 -0.0534 0.0135
vn 0.9963 -0.0514 -0.0691
vn 0.9960 -0.0405 -0.0791
vn 0.9991 -0.0412 -0.0009
vn 0.9972 -0.0652 0.0368
vn 0.9967 -0.0627 -0.0522
vn 0.9967 -0.0735 -0.0340
vn 0.9948 -0.0760 0.0672
vn 0.9823 -0.0790 0.1701
vn 0.9618 -0.0835 0.2607
vn 0.9351 -0.0933 0.3418
vn -0.7440 0.2074 0.6352
vn -0.7521 0.2183 0.6219
vn -0.8868 0.2340 0.3985
vn -0.8898 0.2444 0.3854
vn -0.7327 0.1921 0.6529
vn -0.8821 0.2188 0.4172
vn -0.9537 0.2451 0.1744
vn -0.9690 0.2472 -0.0000
vn -0.9664 0.2570 -0.0000
vn -0.9523 0.2552 0.1673
vn -0.9554 0.2306 0.1847
vn -0.9725 0.2329 -0.0000
vn -0.9769 0.2137 -0.0000
vn -0.9572 0.2112 0.1980
vn -0.8743 0.1987 0.4429
vn -0.7173 0.1727 0.6750
vn -0.7454 0.4167 0.5204
vn -0.7315 0.4626 0.5009
vn -0.8406 0.4466 0.3065
vn -0.8160 0.4988 0.2922
vn -0.7496 0.3819 0.5406
vn -0.8556 0.4062 0.3209
vn -0.8800 0.4564 0.1315
vn -0.8890 0.4579 -0.0000
vn -0.8577 0.5141 -0.0000
vn -0.8499 0.5118 0.1257
vn -0.9001 0.4134 0.1376
vn -0.9102 0.4142 -0.0000
vn -0.9226 0.3856 -0.0000
vn -0.9115 0.3855 0.1437
vn -0.9109 0.3849 0.1485
vn -0.9230 0.3847 -0.0000
vn -0.8620 0.3803 0.3351
vn -0.8563 0.3825 0.3470
vn -0.7463 0.3601 0.5598
vn -0.7327 0.3652 0.5743
vn -0.6826 0.5742 0.4520
vn -0.6749 0.5956 0.4356
vn -0.7424 0.6183 0.2578
vn -0.7299 0.6377 0.2462
vn -0.6956 0.5461 0.4668
vn -0.7613 0.5900 0.2688
vn -0.7656 0.6339 0.1094
vn -0.7708 0.6370 -0.0000
vn -0.7555 0.6552 -0.0000
vn -0.7508 0.6523 0.1037
vn -0.7872 0.6059 0.1148
vn -0.7931 0.6090 -0.0000
vn -0.8226 0.5687 -0.0000
vn -0.8158 0.5657 0.1201
vn -0.7863 0.5507 0.2802
vn -0.7126 0.5090 0.4827
vn -0.6789 0.6276 0.3811
vn -0.6871 0.6263 0.3683
vn -0.7212 0.6607 0.2082
vn -0.7266 0.6578 0.1986
vn -0.6740 0.6212 0.3997
vn -0.7205 0.6573 0.2209
vn -0.7363 0.6712 0.0856
vn -0.7396 0.6730 -0.0000
vn -0.7431 0.6692 -0.0000
vn -0.7401 0.6676 0.0811
vn -0.7376 0.6691 0.0913
vn -0.7413 0.6712 -0.0000
vn -0.7462 0.6658 -0.0000
vn -0.7420 0.6633 0.0976
vn -0.7230 0.6501 0.2337
vn -0.6724 0.6109 0.4180
vn -0.7430 0.6403 0.1948
vn -0.7736 0.6097 0.1727
vn -0.7593 0.6429 0.1005
vn -0.7864 0.6115 0.0874
vn -0.7188 0.6573 0.2264
vn -0.7404 0.6618 0.1172
vn -0.7652 0.6426 0.0400
vn -0.7665 0.6422 -0.0000
vn -0.7916 0.6111 -0.0000
vn -0.7906 0.6113 0.0351
vn -0.7483 0.6618 0.0461
vn -0.7499 0.6615 -0.0000
vn -0.7398 0.6728 -0.0000
vn -0.7375 0.6731 0.0550
vn -0.7351 0.6750 0.0633
vn -0.7379 0.6749 -0.0000
vn -0.7273 0.6723 0.1377
vn -0.7223 0.6729 0.1597
vn -0.6986 0.6646 0.2649
vn -0.6864 0.6606 0.3041
vn -0.8756 0.4628 0.1385
vn -0.9066 0.4006 0.1323
vn -0.8828 0.4645 0.0693
vn -0.9132 0.4021 0.0660
vn -0.8424 0.5186 0.1465
vn -0.8508 0.5204 0.0737
vn -0.8851 0.4646 0.0274
vn -0.8855 0.4646 -0.0000
vn -0.9156 0.4022 -0.0000
vn -0.9152 0.4022 0.0260
vn -0.8534 0.5204 0.0292
vn -0.8540 0.5203 -0.0000
vn -0.8223 0.5690 -0.0000
vn -0.8216 0.5692 0.0312
vn -0.8183 0.5693 0.0791
vn -0.8081 0.5676 0.1576
vn -0.9691 0.2124 0.1257
vn -0.9789 0.1578 0.1301
vn -0.9744 0.2158 0.0624
vn -0.9845 0.1632 0.0644
vn -0.9540 0.2724 0.1251
vn -0.9596 0.2744 0.0621
vn -0.9759 0.2170 0.0245
vn -0.9761 0.2173 -0.0000
vn -0.9862 0.1654 -0.0000
vn -0.9860 0.1649 0.0256
vn -0.9611 0.2750 0.0244
vn -0.9614 0.2751 -0.0000
vn -0.9414 0.3374 -0.0000
vn -0.9410 0.3374 0.0249
vn -0.9393 0.3371 0.0635
vn -0.9333 0.3357 0.1277
vn -0.9027 0.1843 0.3889
vn -0.9604 0.1771 0.2153
vn -0.8995 0.3867 0.2035
vn -0.8219 0.4433 0.3577
vn -0.9783 0.1748 0.1111
vn -0.9268 0.3603 0.1058
vn -0.9148 0.0209 0.4033
vn -0.9739 0.0505 0.2214
vn -0.9913 0.0658 0.1140
vn -0.9837 0.1743 0.0445
vn -0.9848 0.1739 0.0001
vn -0.9378 0.3471 -0.0000
vn -0.9359 0.3498 0.0425
vn -0.9964 0.0719 0.0451
vn -0.9973 0.0737 -0.0000
vn -0.9978 0.0667 -0.0000
vn -0.9970 0.0648 0.0433
vn -0.9972 0.0637 0.0402
vn -0.9978 0.0659 -0.0000
vn -0.9924 0.0580 0.1088
vn -0.9932 0.0563 0.1016
vn -0.9757 0.0426 0.2150
vn -0.9203 0.0109 0.3910
vn -0.9790 0.0404 0.2000
vn -0.9498 -0.0890 0.2998
vn -0.9387 -0.0841 0.3343
vn -0.9823 -0.0870 0.1661
vn -0.9786 -0.0815 0.1892
vn -0.9573 -0.0914 0.2741
vn -0.9849 -0.0907 0.1475
vn -0.9938 -0.0842 0.0721
vn -0.9966 -0.0828 0.0004
vn -0.9971 -0.0764 -0.0000
vn -0.9934 -0.0779 0.0843
vn -0.9941 -0.0884 0.0628
vn -0.9962 -0.0872 0.0003
vn -0.9961 -0.0885 -0.0000
vn -0.9944 -0.0894 0.0559
vn -0.9953 -0.0827 0.0511
vn -0.9967 -0.0816 -0.0000
vn -0.9867 -0.0911 0.1344
vn -0.9885 -0.0833 0.1258
vn -0.9631 -0.0911 0.2533
vn -0.9672 -0.0840 0.2396
vn -0.8884 -0.0472 0.4566
vn -0.8719 -0.0279 0.4888
vn -0.9601 -0.0460 0.2757
vn -0.9538 -0.0271 0.2992
vn -0.9064 -0.0629 0.4178
vn -0.9670 -0.0613 0.2473
vn -0.9906 -0.0435 0.1294
vn -0.9991 -0.0428 -0.0000
vn -0.9997 -0.0255 -0.0000
vn -0.9897 -0.0258 0.1407
vn -0.9917 -0.0581 0.1143
vn -0.9984 -0.0567 -0.0000
vn -0.9977 -0.0676 0.0009
vn -0.9927 -0.0694 0.0989
vn -0.9733 -0.0730 0.2178
vn -0.9236 -0.0755 0.3758
vn -0.8423 0.0030 0.5391
vn -0.8400 -0.0000 0.5425
vn -0.9436 0.0037 0.3311
vn -0.9434 -0.0000 0.3318
vn -0.8483 -0.0006 0.5295
vn -0.9459 -0.0002 0.3244
vn -0.9882 0.0033 0.1534
vn -1.0000 0.0032 -0.0000
vn -1.0000 -0.0000 -0.0000
vn -0.9882 -0.0000 0.1532
vn -0.9885 -0.0000 0.1510
vn -1.0000 0.0001 -0.0000
vn -1.0000 -0.0095 -0.0000
vn -0.9890 -0.0095 0.1477
vn -0.9491 -0.0101 0.3149
vn -0.8585 -0.0107 0.5128
vn -0.3581 0.0319 0.9332
vn -0.5415 0.0438 0.8395
vn -0.5395 0.0382 0.8411
vn -0.7673 0.0601 0.6385
vn -0.7593 0.0515 0.6487
vn -0.3570 0.0427 0.9331
vn -0.5464 0.0594 0.8354
vn -0.7781 0.0842 0.6225
vn -0.9442 0.0742 0.3209
vn -0.9969 0.0789 -0.0001
vn -0.9978 0.0666 -0.0000
vn -0.9399 0.0629 0.3355
vn -0.9483 0.1048 0.2995
vn -0.9938 0.1115 -0.0003
vn -0.9841 0.1775 -0.0015
vn -0.9426 0.1686 0.2882
vn -0.9034 0.2876 0.3182
vn -0.9524 0.3049 -0.0075
vn -0.7710 0.1320 0.6230
vn -0.7157 0.2074 0.6669
vn -0.5385 0.0868 0.8381
vn -0.3564 0.0616 0.9323
vn -0.3521 0.0819 0.9324
vn -0.4850 0.1258 0.8654
vn -0.3166 0.0948 0.9438
vn -0.4131 0.1661 0.8954
vn -0.6106 0.2958 0.7346
vn -0.2869 0.1081 0.9518
vn -0.3465 0.2033 0.9157
vn -0.4811 0.3757 0.7921
vn -0.8096 0.4442 0.3837
vn -0.8724 0.4879 -0.0291
vn -0.6602 0.6047 0.4454
vn -0.7234 0.6873 -0.0655
vn -0.5099 0.8539 -0.1046
vn -0.4739 0.7484 0.4640
vn -0.3674 0.4614 0.8075
vn -0.3085 0.2526 0.9171
vn -0.3122 0.1324 0.9407
vn 0.7760 -0.1291 0.6173
vn 0.9192 -0.1548 0.3622
vn 0.7778 -0.1405 0.6126
vn 0.9166 -0.1675 0.3631
vn 0.9745 -0.1645 0.1523
vn 0.9860 -0.1665 0.0007
vn 0.9720 -0.1781 0.1533
vn 0.9836 -0.1803 0.0002
vn 0.9822 -0.1880 -0.0000
vn 0.9705 -0.1856 0.1541
vn 0.9709 -0.1829 0.1545
vn 0.9827 -0.1854 -0.0000
vn 0.9152 -0.1745 0.3634
vn 0.9157 -0.1714 0.3634
vn 0.7799 -0.1466 0.6085
vn 0.7833 -0.1434 0.6049
vn 0.7884 -0.2248 0.5726
vn 0.7908 -0.1825 0.5842
vn 0.8974 -0.2820 0.3394
vn 0.9058 -0.2398 0.3493
vn 0.7780 -0.2849 0.5600
vn 0.8796 -0.3442 0.3284
vn 0.9407 -0.3078 0.1427
vn 0.9494 -0.3141 -0.0000
vn 0.9620 -0.2729 -0.0000
vn 0.9525 -0.2664 0.1478
vn 0.9189 -0.3698 0.1375
vn 0.9267 -0.3758 -0.0000
vn 0.8919 -0.4523 -0.0000
vn 0.8850 -0.4464 0.1322
vn 0.8348 -0.5358 0.1267
vn 0.8407 -0.5415 -0.0000
vn 0.8500 -0.4207 0.3172
vn 0.8043 -0.5101 0.3048
vn 0.7574 -0.3590 0.5453
vn 0.7222 -0.4462 0.5285
vn 0.6811 -0.5255 0.5098
vn 0.7528 -0.5902 0.2916
vn 0.6490 -0.5805 0.4918
vn 0.7122 -0.6442 0.2788
vn 0.7789 -0.6153 0.1211
vn 0.7840 -0.6208 -0.0000
vn 0.7348 -0.6684 0.1156
vn 0.7392 -0.6735 -0.0000
vn 0.7073 -0.7069 -0.0000
vn 0.7036 -0.7020 0.1101
vn 0.6842 -0.7218 0.1044
vn 0.6874 -0.7263 -0.0000
vn 0.6839 -0.6791 0.2668
vn 0.6673 -0.7005 0.2528
vn 0.6281 -0.6178 0.4730
vn 0.6182 -0.6428 0.4524
vn 0.6149 -0.6603 0.4313
vn 0.6583 -0.7139 0.2389
vn 0.6138 -0.6748 0.4097
vn 0.6522 -0.7239 0.2249
vn 0.6727 -0.7333 0.0982
vn 0.6754 -0.7374 -0.0000
vn 0.6646 -0.7415 0.0919
vn 0.6669 -0.7452 -0.0000
vn 0.6594 -0.7518 -0.0000
vn 0.6575 -0.7485 0.0863
vn 0.6481 -0.7571 0.0820
vn 0.6498 -0.7601 -0.0000
vn 0.6466 -0.7327 0.2122
vn 0.6392 -0.7423 0.2013
vn 0.6123 -0.6878 0.3898
vn 0.6081 -0.7010 0.3725
vn 0.7074 -0.6551 0.2652
vn 0.6906 -0.6562 0.3041
vn 0.7165 -0.6838 0.1378
vn 0.7048 -0.6910 0.1606
vn 0.7237 -0.6514 0.2278
vn 0.7300 -0.6733 0.1174
vn 0.7177 -0.6942 0.0551
vn 0.7175 -0.6965 -0.0000
vn 0.7088 -0.7054 -0.0000
vn 0.7082 -0.7031 0.0643
vn 0.7305 -0.6813 0.0468
vn 0.7303 -0.6831 -0.0000
vn 0.7482 -0.6635 -0.0000
vn 0.7484 -0.6621 0.0401
vn 0.7740 -0.6322 0.0351
vn 0.7737 -0.6335 0.0003
vn 0.7480 -0.6561 0.1006
vn 0.7734 -0.6277 0.0882
vn 0.7433 -0.6396 0.1959
vn 0.7691 -0.6154 0.1727
vn 0.7998 -0.5794 0.1570
vn 0.8045 -0.5885 0.0797
vn 0.8321 -0.5349 0.1468
vn 0.8372 -0.5418 0.0737
vn 0.8054 -0.5918 0.0316
vn 0.8055 -0.5926 -0.0000
vn 0.8384 -0.5443 0.0292
vn 0.8385 -0.5449 -0.0000
vn 0.8721 -0.4893 0.0010
vn 0.8718 -0.4891 0.0274
vn 0.9043 -0.4260 0.0260
vn 0.9046 -0.4264 -0.0000
vn 0.8705 -0.4872 0.0694
vn 0.9030 -0.4246 0.0660
vn 0.8652 -0.4819 0.1388
vn 0.8975 -0.4205 0.1326
vn 0.9262 -0.3547 0.1280
vn 0.9317 -0.3575 0.0636
vn 0.9491 -0.2894 0.1247
vn 0.9548 -0.2907 0.0622
vn 0.9332 -0.3585 0.0250
vn 0.9334 -0.3588 -0.0000
vn 0.9564 -0.2911 0.0244
vn 0.9567 -0.2911 -0.0000
vn 0.9743 -0.2254 -0.0000
vn 0.9741 -0.2250 0.0235
vn 0.9862 -0.1638 0.0250
vn 0.9865 -0.1635 -0.0000
vn 0.9721 -0.2261 0.0622
vn 0.9840 -0.1658 0.0652
vn 0.9658 -0.2269 0.1252
vn 0.9770 -0.1692 0.1298
vn 0.9824 -0.1230 0.1409
vn 0.9906 -0.1165 0.0710
vn 0.9830 -0.0918 0.1588
vn 0.9934 -0.0821 0.0799
vn 0.9932 -0.1134 0.0279
vn 0.9937 -0.1125 -0.0000
vn 0.9965 -0.0776 0.0315
vn 0.9971 -0.0763 -0.0000
vn 0.9986 -0.0521 -0.0000
vn 0.9979 -0.0537 0.0360
vn 0.9981 -0.0450 0.0409
vn 0.9991 -0.0428 -0.0000
vn 0.9941 -0.0594 0.0911
vn 0.9933 -0.0527 0.1033
vn 0.9812 -0.0717 0.1791
vn 0.9773 -0.0678 0.2009
vn 0.9666 0.2512 0.0502
vn 0.9672 0.2483 0.0542
vn 0.9682 0.2501 -0.0000
vn 0.9674 0.2532 -0.0000
vn 0.9648 0.2560 0.0596
vn 0.9661 0.2580 -0.0000
vn 0.9615 0.2446 0.1250
vn 0.9611 0.2414 0.1344
vn 0.9574 0.2485 0.1469
vn 0.9610 0.2684 0.0672
vn 0.9555 0.2850 0.0764
vn 0.9581 0.2866 -0.0003
vn 0.9627 0.2706 -0.0000
vn 0.9516 0.2602 0.1638
vn 0.9431 0.2770 0.1840
vn 0.9099 0.2597 0.3234
vn 0.9244 0.2430 0.2938
vn 0.9342 0.2325 0.2707
vn 0.9408 0.2267 0.2521
vn 0.9435 0.2309 0.2377
vn 0.8964 0.2612 0.3581
vn 0.9367 0.2809 0.2092
vn 0.8856 0.2495 0.3917
vn 0.9343 0.2694 0.2333
vn 0.9528 0.2903 0.0885
vn 0.9562 0.2928 -0.0000
vn 0.9551 0.2790 0.0996
vn 0.9596 0.2814 -0.0000
vn 0.9670 0.2546 -0.0000
vn 0.9615 0.2523 0.1087
vn 0.9712 0.2104 0.1117
vn 0.9773 0.2121 -0.0000
vn 0.9363 0.2435 0.2529
vn 0.9426 0.2033 0.2647
vn 0.8789 0.2243 0.4209
vn 0.8783 0.1871 0.4401
vn 0.8828 0.1435 0.4472
vn 0.9520 0.1558 0.2637
vn 0.8898 0.0986 0.4456
vn 0.9610 0.1065 0.2551
vn 0.9813 0.1602 0.1065
vn 0.9870 0.1608 0.0003
vn 0.9894 0.1087 0.0967
vn 0.9941 0.1086 -0.0000
vn 0.9985 0.0551 -0.0000
vn 0.9947 0.0555 0.0871
vn 0.9966 -0.0000 0.0819
vn 1.0000 -0.0000 -0.0000
vn 0.9677 0.0546 0.2463
vn 0.9708 -0.0000 0.2398
vn 0.8956 0.0508 0.4420
vn 0.8988 -0.0000 0.4384
vn 0.0280 0.1420 0.9895
vn -0.0693 0.1769 0.9818
vn -0.1829 0.2131 0.9598
vn 0.0163 0.1012 0.9947
vn -0.0804 0.1305 0.9882
vn -0.1929 0.1616 0.9678
vn -0.3311 0.2537 0.9088
vn -0.5334 0.3039 0.7894
vn -0.3401 0.1977 0.9194
vn -0.5432 0.2440 0.8034
vn -0.5491 0.1969 0.8122
vn -0.3486 0.1524 0.9248
vn -0.2039 0.1186 0.9718
vn -0.0933 0.0902 0.9915
vn -0.0000 0.0638 0.9980
vn 0.5974 -0.0733 0.7986
vn 0.3928 0.0021 0.9196
vn 0.2416 0.0592 0.9686
vn 0.5901 -0.0713 0.8042
vn 0.3818 -0.0128 0.9242
vn 0.2291 0.0327 0.9729
vn 0.1259 0.1042 0.9866
vn 0.1129 0.0693 0.9912
vn 0.0964 0.0360 0.9947
vn 0.2138 0.0036 0.9769
vn 0.3668 -0.0356 0.9296
vn 0.5793 -0.0855 0.8106
vn 0.9734 -0.2292 -0.0000
vn 0.9629 -0.2237 0.1512
vn 0.9137 -0.1995 0.3541
vn 0.9823 -0.1875 -0.0000
vn 0.9711 -0.1833 0.1529
vn 0.9183 -0.1665 0.3592
vn 0.7941 -0.1490 0.5893
vn 0.7931 -0.1288 0.5953
vn 0.7883 -0.1329 0.6008
vn 0.9177 -0.1626 0.3625
vn 0.9724 -0.1752 0.1542
vn 0.9840 -0.1780 -0.0000
vn 0.0279 0.1420 -0.9895
vn 0.1260 0.1042 -0.9866
vn 0.2416 0.0592 -0.9686
vn 0.0152 0.1007 -0.9948
vn 0.1129 0.0694 -0.9912
vn 0.2290 0.0327 -0.9729
vn 0.3928 0.0021 -0.9196
vn 0.5986 -0.0741 -0.7976
vn 0.3818 -0.0128 -0.9241
vn 0.5913 -0.0720 -0.8032
vn 0.5805 -0.0859 -0.8097
vn 0.3681 -0.0360 -0.9291
vn 0.2137 0.0034 -0.9769
vn 0.0975 0.0357 -0.9946
vn 0.0008 0.0636 -0.9980
vn -0.5319 0.3034 -0.7906
vn -0.3310 0.2538 -0.9088
vn -0.1831 0.2129 -0.9597
vn -0.5420 0.2436 -0.8043
vn -0.3404 0.1974 -0.9193
vn -0.1937 0.1610 -0.9678
vn -0.0693 0.1770 -0.9818
vn -0.0812 0.1301 -0.9882
vn -0.0935 0.0898 -0.9916
vn -0.2046 0.1184 -0.9717
vn -0.3486 0.1524 -0.9248
vn -0.5485 0.1967 -0.8127
vn -0.9297 0.3683 -0.0000
vn -0.9170 0.3681 -0.1536
vn -0.9109 0.3849 -0.1485
vn -0.8604 0.3634 -0.3574
vn -0.8570 0.3800 -0.3480
vn -0.9496 0.3134 -0.0000
vn -0.9365 0.3129 -0.1581
vn -0.8782 0.3056 -0.3678
vn -0.7319 0.3438 -0.5883
vn -0.7338 0.3614 -0.5752
vn -0.7459 0.2840 -0.6024
vn -0.7533 0.2383 -0.6131
vn -0.7519 0.2193 -0.6217
vn -0.8884 0.2624 -0.3766
vn -0.8898 0.2450 -0.3850
vn -0.9487 0.2712 -0.1625
vn -0.9622 0.2725 -0.0000
vn -0.9523 0.2552 -0.1674
vn -0.6048 0.5505 0.5754
vn -0.4602 0.4247 0.7797
vn -0.3008 0.2812 0.9113
vn -0.5976 0.5693 0.5646
vn -0.4456 0.4516 0.7730
vn -0.2778 0.3118 0.9086
vn -0.1464 0.1370 0.9797
vn -0.0064 -0.0018 1.0000
vn -0.1179 0.1688 0.9786
vn 0.0310 0.0273 0.9991
vn 0.0700 0.0584 0.9958
vn -0.0850 0.2019 0.9757
vn -0.2560 0.3471 0.9022
vn -0.4331 0.4844 0.7601
vn -0.5899 0.5933 0.5477
vn -0.7483 0.6633 -0.0000
vn -0.7455 0.6619 0.0776
vn -0.7323 0.6534 0.1919
vn -0.7477 0.6640 -0.0000
vn -0.7447 0.6632 0.0744
vn -0.7308 0.6571 0.1848
vn -0.6944 0.6250 0.3566
vn -0.6915 0.6344 0.3454
vn -0.6858 0.6492 0.3290
vn -0.7251 0.6659 0.1756
vn -0.7394 0.6696 0.0700
vn -0.7425 0.6699 -0.0000
vn -0.0065 -0.0018 -1.0000
vn -0.1477 0.1375 -0.9794
vn -0.3010 0.2815 -0.9111
vn 0.0305 0.0275 -0.9992
vn -0.1179 0.1688 -0.9786
vn -0.2790 0.3120 -0.9082
vn -0.4601 0.4246 -0.7798
vn -0.6039 0.5499 -0.5770
vn -0.4469 0.4516 -0.7722
vn -0.5964 0.5681 -0.5671
vn -0.5884 0.5924 -0.5503
vn -0.4340 0.4842 -0.7597
vn -0.2573 0.3473 -0.9017
vn -0.0864 0.2025 -0.9755
vn 0.0695 0.0588 -0.9958
vn 0.5360 -0.6109 -0.5827
vn 0.4111 -0.4615 -0.7861
vn 0.2705 -0.2993 -0.9150
vn 0.5743 -0.5894 -0.5681
vn 0.4558 -0.4393 -0.7741
vn 0.3160 -0.2748 -0.9081
vn 0.1302 -0.1446 -0.9809
vn 0.1728 -0.1181 -0.9778
vn 0.2184 -0.0902 -0.9717
vn 0.3660 -0.2513 -0.8960
vn 0.5052 -0.4182 -0.7549
vn 0.6163 -0.5677 -0.5458
vn 0.6495 -0.7604 -0.0000
vn 0.6480 -0.7576 -0.0788
vn 0.6481 -0.7571 -0.0820
vn 0.6393 -0.7439 -0.1948
vn 0.6381 -0.7431 -0.2016
vn 0.6710 -0.7415 -0.0000
vn 0.6701 -0.7384 -0.0754
vn 0.6638 -0.7241 -0.1869
vn 0.6106 -0.7045 -0.3617
vn 0.6064 -0.7017 -0.3741
vn 0.6406 -0.6836 -0.3497
vn 0.6738 -0.6603 -0.3316
vn 0.6930 -0.6539 -0.3035
vn 0.6918 -0.7002 -0.1765
vn 0.7065 -0.6897 -0.1585
vn 0.6958 -0.7147 -0.0705
vn 0.6961 -0.7179 -0.0000
vn 0.7088 -0.7025 -0.0636
vn 0.1302 -0.1445 0.9809
vn 0.2707 -0.2993 0.9149
vn 0.1729 -0.1181 0.9778
vn 0.3167 -0.2760 0.9075
vn 0.4113 -0.4619 0.7858
vn 0.5352 -0.6101 0.5843
vn 0.4555 -0.4400 0.7739
vn 0.5729 -0.5886 0.5704
vn 0.6151 -0.5665 0.5484
vn 0.5051 -0.4190 0.7545
vn 0.3666 -0.2522 0.8956
vn 0.2189 -0.0909 0.9715
vn 0.0795 0.1154 0.9901
vn -0.2147 0.0777 0.9736
vn -0.5150 0.0325 0.8565
vn 0.0620 0.2317 0.9708
vn -0.2240 0.1956 0.9548
vn -0.5186 0.1436 0.8429
vn -0.7582 -0.0108 0.6519
vn -0.9070 -0.0420 0.4191
vn -0.7595 0.0860 0.6448
vn -0.9086 0.0370 0.4160
vn -0.8589 0.3314 0.3904
vn -0.7005 0.4058 0.5870
vn -0.6610 0.5215 0.5396
vn -0.4693 0.4751 0.7443
vn -0.4349 0.5885 0.6816
vn -0.2059 0.5233 0.8269
vn 0.0405 0.5479 0.8356
vn 0.0408 0.6340 0.7722
vn -0.1876 0.6256 0.7572
vn 0.8858 0.2353 0.4000
vn 0.7691 0.2088 0.6040
vn 0.5856 0.1776 0.7909
vn 0.8719 0.2932 0.3921
vn 0.7516 0.2835 0.5955
vn 0.5645 0.2706 0.7798
vn 0.3474 0.1467 0.9262
vn 0.3248 0.2541 0.9110
vn 0.2687 0.5498 0.7909
vn 0.2583 0.6197 0.7412
vn 0.4863 0.5339 0.6917
vn 0.4783 0.5805 0.6590
vn 0.6709 0.5053 0.5427
vn 0.8034 0.4676 0.3687
vn 0.8155 0.4575 0.3545
vn 0.6730 0.5222 0.5238
vn 0.9631 0.2692 -0.0000
vn 0.9622 0.2680 0.0482
vn 0.9572 0.2634 0.1202
vn 0.9526 0.3042 -0.0000
vn 0.9516 0.3037 0.0467
vn 0.9462 0.3019 0.1167
vn 0.9396 0.2535 0.2299
vn 0.9278 0.2985 0.2239
vn 0.8753 0.4333 0.2147
vn 0.8890 0.4085 0.2071
vn 0.9026 0.4155 0.1127
vn 0.9172 0.3831 0.1092
vn 0.9124 0.4068 0.0453
vn 0.9144 0.4049 -0.0000
vn 0.9292 0.3695 -0.0000
vn 0.9269 0.3727 0.0441
vn 0.0790 0.1168 -0.9900
vn 0.3488 0.1482 -0.9254
vn 0.5870 0.1785 -0.7897
vn 0.0611 0.2336 -0.9704
vn 0.3265 0.2554 -0.9100
vn 0.5654 0.2721 -0.7786
vn 0.7697 0.2084 -0.6035
vn 0.8859 0.2353 -0.3998
vn 0.7524 0.2834 -0.5946
vn 0.8720 0.2932 -0.3920
vn 0.8032 0.4680 -0.3686
vn 0.6711 0.5051 -0.5427
vn 0.4864 0.5354 -0.6905
vn 0.2686 0.5501 -0.7907
vn 0.0404 0.5483 -0.8353
vn -0.9076 -0.0417 -0.4178
vn -0.7584 -0.0096 -0.6518
vn -0.5155 0.0338 -0.8562
vn -0.9091 0.0372 -0.4149
vn -0.7596 0.0871 -0.6446
vn -0.5185 0.1454 -0.8426
vn -0.2125 0.0788 -0.9740
vn -0.2244 0.1975 -0.9543
vn -0.2060 0.5240 -0.8264
vn -0.4689 0.4755 -0.7443
vn -0.7001 0.4066 -0.5870
vn -0.8590 0.3313 -0.3903
vn -0.9981 -0.0614 -0.0000
vn -0.9970 -0.0614 -0.0480
vn -0.9953 -0.0821 -0.0508
vn -0.9908 -0.0616 -0.1203
vn -0.9885 -0.0833 -0.1258
vn -1.0000 -0.0061 -0.0000
vn -0.9989 -0.0058 -0.0474
vn -0.9930 -0.0029 -0.1184
vn -0.9709 -0.0576 -0.2326
vn -0.9675 -0.0816 -0.2395
vn -0.9731 0.0079 -0.2302
vn -0.9359 0.2740 -0.2215
vn -0.8995 0.3867 -0.2035
vn -0.9620 0.2476 -0.1148
vn -0.9269 0.3602 -0.1057
vn -0.9703 0.2375 -0.0459
vn -0.9721 0.2347 -0.0000
vn -0.9359 0.3497 -0.0425
vn 0.1599 0.0173 0.9870
vn -0.1227 0.0258 0.9921
vn -0.3009 0.0303 0.9532
vn 0.1674 0.0348 0.9853
vn -0.1137 0.0398 0.9927
vn -0.2940 0.0430 0.9548
vn -0.4313 0.0335 0.9016
vn -0.5470 0.0374 0.8363
vn -0.4287 0.0458 0.9023
vn -0.5497 0.0503 0.8338
vn -0.5515 0.0708 0.8312
vn -0.4326 0.0687 0.8989
vn -0.4686 0.1156 0.8758
vn -0.5479 0.0943 0.8312
vn -0.2874 0.0708 0.9552
vn -0.2778 0.1391 0.9505
vn -0.0963 0.0675 0.9931
vn 0.1668 0.0635 0.9839
vn 0.1616 0.0959 0.9822
vn -0.0276 0.1226 0.9921
vn -0.4115 0.0368 0.9107
vn -0.2952 0.0304 0.9549
vn -0.2500 0.0271 0.9679
vn -0.4169 0.0511 0.9075
vn -0.2931 0.0405 0.9552
vn -0.2477 0.0359 0.9682
vn -0.2613 0.0267 0.9649
vn -0.2595 0.0356 0.9651
vn -0.2686 0.0547 0.9617
vn -0.2534 0.0555 0.9658
vn -0.2954 0.0625 0.9533
vn -0.4248 0.0838 0.9014
vn 0.0713 0.0123 -0.9974
vn 0.3760 -0.0137 -0.9265
vn 0.0543 0.0132 -0.9984
vn 0.3562 -0.0087 -0.9344
vn -0.0814 0.0262 -0.9963
vn -0.0934 0.0243 -0.9953
vn 0.0428 0.0143 -0.9990
vn 0.3406 -0.0042 -0.9402
vn -0.1002 0.0230 -0.9947
vn -0.1590 0.0267 -0.9869
vn -0.1680 0.0267 -0.9854
vn -0.1572 0.0294 -0.9871
vn -0.1708 0.0303 -0.9848
vn -0.1516 0.0331 -0.9879
vn -0.1714 0.0352 -0.9846
vn -0.1781 0.0352 -0.9834
vn -0.1714 0.0295 -0.9848
vn -0.2033 0.0356 -0.9785
vn -0.1915 0.0292 -0.9811
vn -0.1643 0.0254 -0.9861
vn -0.1809 0.0246 -0.9832
vn -0.2269 0.0252 -0.9736
vn -0.3334 0.0295 -0.9423
vn -0.2408 0.0303 -0.9701
vn -0.3483 0.0352 -0.9367
vn -0.2560 0.0375 -0.9659
vn -0.3685 0.0439 -0.9286
vn 0.9608 0.0933 0.2612
vn 0.9822 0.0947 0.1624
vn 0.9923 0.0936 0.0810
vn 0.9646 0.0194 0.2631
vn 0.9875 0.0187 0.1565
vn 0.9971 0.0173 0.0737
vn 0.9958 0.0909 0.0083
vn 0.9939 0.0883 -0.0663
vn 0.9999 0.0156 0.0012
vn 0.9975 0.0137 -0.0696
vn 0.9969 -0.0234 -0.0755
vn 0.9997 -0.0223 -0.0040
vn 0.9971 -0.0218 0.0724
vn 0.9873 -0.0207 0.1577
vn 0.9638 -0.0187 0.2661
vn -0.5566 0.0557 0.8289
vn -0.7677 0.0707 0.6369
vn -0.5447 0.0458 0.8374
vn -0.7586 0.0593 0.6488
vn -0.9407 0.0830 0.3289
vn -0.9962 0.0866 -0.0001
vn -0.9380 0.0708 0.3394
vn -0.9972 0.0743 -0.0001
vn -0.9978 0.0669 -0.0001
vn -0.9377 0.0633 0.3417
vn -0.7559 0.0523 0.6525
vn -0.5397 0.0396 0.8409
vn -0.9586 0.1572 -0.2376
vn -0.9586 0.1849 -0.2165
vn -0.8497 0.1446 -0.5071
vn -0.8642 0.1722 -0.4728
vn -0.9558 0.1344 -0.2615
vn -0.8305 0.1217 -0.5436
vn -0.6709 0.1226 -0.7314
vn -0.6972 0.1479 -0.7015
vn -0.6401 0.1016 -0.7615
vn -0.6061 0.0835 -0.7910
vn -0.5735 0.0682 -0.8164
vn -0.8073 0.1021 -0.5812
vn -0.7845 0.0851 -0.6143
vn -0.9511 0.1151 -0.2866
vn -0.9455 0.0980 -0.3105
vn 0.9838 -0.0920 -0.1541
vn 0.9834 -0.0807 -0.1627
vn 0.9220 -0.0839 -0.3781
vn 0.9190 -0.0729 -0.3875
vn 0.9829 -0.1057 -0.1509
vn 0.9235 -0.0975 -0.3711
vn 0.7454 -0.0630 -0.6636
vn 0.7327 -0.0529 -0.6785
vn 0.7569 -0.0755 -0.6492
vn 0.7655 -0.0908 -0.6370
vn 0.7712 -0.1098 -0.6270
vn 0.9236 -0.1141 -0.3660
vn 0.9215 -0.1348 -0.3643
vn 0.9811 -0.1227 -0.1499
vn 0.9781 -0.1441 -0.1504
vn -0.1379 0.1979 -0.9705
vn -0.0949 0.2256 -0.9696
vn 0.0473 0.2462 -0.9681
vn -0.1602 0.3894 -0.9070
vn -0.0444 0.4381 -0.8978
vn 0.2171 0.4613 -0.8603
vn 0.2810 0.2185 -0.9345
vn 0.4927 0.1468 -0.8577
vn 0.5427 0.3734 -0.7523
vn 0.7698 0.2171 -0.6002
vn 0.9273 0.2565 -0.2725
vn 0.7466 0.5127 -0.4239
vn 0.3973 0.7247 -0.5630
vn 0.0166 0.7734 -0.6337
vn -0.2244 0.7242 -0.6521
vn 0.9787 -0.0488 -0.1995
vn 0.9780 -0.0393 -0.2047
vn 0.9041 -0.0425 -0.4252
vn 0.9015 -0.0343 -0.4313
vn 0.9805 -0.0595 -0.1875
vn 0.9091 -0.0522 -0.4132
vn 0.6943 -0.0274 -0.7192
vn 0.6859 -0.0210 -0.7273
vn 0.7060 -0.0352 -0.7073
vn 0.7193 -0.0439 -0.6933
vn 0.9142 -0.0625 -0.4003
vn 0.9822 -0.0703 -0.1744
vn -0.9537 0.2451 -0.1744
vn -0.8864 0.2339 -0.3994
vn -0.9554 0.2306 -0.1847
vn -0.8820 0.2187 -0.4175
vn -0.7441 0.2073 -0.6351
vn -0.7329 0.1921 -0.6526
vn -0.7175 0.1727 -0.6748
vn -0.8746 0.1987 -0.4422
vn -0.9571 0.2112 -0.1986
vn -0.8800 0.4564 -0.1315
vn -0.8499 0.5118 -0.1257
vn -0.8406 0.4466 -0.3066
vn -0.8156 0.4990 -0.2929
vn -0.9001 0.4134 -0.1376
vn -0.8556 0.4062 -0.3210
vn -0.7453 0.4164 -0.5207
vn -0.7315 0.4626 -0.5009
vn -0.7496 0.3818 -0.5406
vn -0.7458 0.3597 -0.5607
vn -0.8618 0.3799 -0.3361
vn -0.9115 0.3855 -0.1437
vn -0.7656 0.6339 -0.1094
vn -0.7508 0.6523 -0.1037
vn -0.7424 0.6183 -0.2578
vn -0.7298 0.6374 -0.2473
vn -0.7872 0.6059 -0.1148
vn -0.7613 0.5900 -0.2688
vn -0.6826 0.5740 -0.4523
vn -0.6746 0.5952 -0.4366
vn -0.6957 0.5461 -0.4667
vn -0.7127 0.5091 -0.4826
vn -0.7863 0.5507 -0.2802
vn -0.8158 0.5657 -0.1201
vn -0.7363 0.6712 -0.0856
vn -0.7401 0.6676 -0.0811
vn -0.7210 0.6607 -0.2091
vn -0.7257 0.6587 -0.1986
vn -0.7376 0.6691 -0.0913
vn -0.7205 0.6573 -0.2209
vn -0.6784 0.6273 -0.3824
vn -0.6863 0.6281 -0.3668
vn -0.6740 0.6212 -0.3997
vn -0.6724 0.6108 -0.4181
vn -0.7230 0.6501 -0.2337
vn -0.7420 0.6633 -0.0975
vn -0.7652 0.6426 -0.0400
vn -0.7906 0.6113 -0.0351
vn -0.7593 0.6429 -0.1005
vn -0.7862 0.6117 -0.0875
vn -0.7482 0.6618 -0.0468
vn -0.7404 0.6618 -0.1172
vn -0.7426 0.6405 -0.1958
vn -0.7735 0.6100 -0.1721
vn -0.7183 0.6574 -0.2278
vn -0.6984 0.6646 -0.2655
vn -0.6886 0.6582 -0.3043
vn -0.7273 0.6723 -0.1380
vn -0.7236 0.6714 -0.1601
vn -0.7375 0.6731 -0.0550
vn -0.7351 0.6750 -0.0633
vn -0.8851 0.4646 -0.0274
vn -0.9152 0.4022 -0.0260
vn -0.8828 0.4645 -0.0693
vn -0.9132 0.4021 -0.0660
vn -0.8534 0.5204 -0.0292
vn -0.8508 0.5204 -0.0737
vn -0.8756 0.4628 -0.1385
vn -0.9066 0.4006 -0.1323
vn -0.8424 0.5186 -0.1465
vn -0.8081 0.5676 -0.1576
vn -0.8182 0.5694 -0.0793
vn -0.8216 0.5692 -0.0316
vn -0.9759 0.2170 -0.0245
vn -0.9860 0.1649 -0.0256
vn -0.9744 0.2158 -0.0624
vn -0.9845 0.1626 -0.0651
vn -0.9611 0.2750 -0.0244
vn -0.9596 0.2744 -0.0621
vn -0.9691 0.2126 -0.1251
vn -0.9790 0.1567 -0.1302
vn -0.9540 0.2723 -0.1251
vn -0.9333 0.3357 -0.1277
vn -0.9393 0.3371 -0.0634
vn -0.9410 0.3374 -0.0249
vn -0.9839 0.1732 -0.0444
vn -0.9785 0.1740 -0.1109
vn -0.9964 0.0719 -0.0451
vn -0.9914 0.0653 -0.1133
vn -0.9604 0.1770 -0.2153
vn -0.9739 0.0505 -0.2214
vn -0.9759 0.0422 -0.2141
vn -0.9788 0.0452 -0.1998
vn -0.9924 0.0579 -0.1088
vn -0.9931 0.0587 -0.1013
vn -0.9970 0.0648 -0.0433
vn -0.9971 0.0647 -0.0402
vn -0.9939 -0.0840 -0.0714
vn -0.9934 -0.0779 -0.0843
vn -0.9826 -0.0867 -0.1644
vn -0.9789 -0.0810 -0.1878
vn -0.9941 -0.0882 -0.0623
vn -0.9848 -0.0906 -0.1479
vn -0.9501 -0.0883 -0.2991
vn -0.9390 -0.0833 -0.3335
vn -0.9579 -0.0912 -0.2722
vn -0.9631 -0.0906 -0.2534
vn -0.9869 -0.0907 -0.1335
vn -0.9944 -0.0894 -0.0559
vn -0.9907 -0.0439 -0.1285
vn -0.9899 -0.0261 -0.1396
vn -0.9604 -0.0463 -0.2748
vn -0.9542 -0.0278 -0.2979
vn -0.9918 -0.0580 -0.1138
vn -0.9670 -0.0613 -0.2473
vn -0.8890 -0.0476 -0.4553
vn -0.8728 -0.0285 -0.4872
vn -0.9066 -0.0632 -0.4172
vn -0.9238 -0.0754 -0.3754
vn -0.9733 -0.0730 -0.2178
vn -0.9928 -0.0692 -0.0982
vn -0.9883 0.0032 -0.1528
vn -0.9881 -0.0000 -0.1537
vn -0.9442 0.0031 -0.3294
vn -0.9436 -0.0000 -0.3311
vn -0.9885 -0.0000 -0.1510
vn -0.9459 -0.0006 -0.3244
vn -0.8423 0.0022 -0.5389
vn -0.8401 -0.0000 -0.5424
vn -0.8488 -0.0014 -0.5287
vn -0.8589 -0.0115 -0.5119
vn -0.9495 -0.0106 -0.3135
vn -0.9891 -0.0098 -0.1470
vn -0.9416 0.0739 -0.3286
vn -0.9369 0.0625 -0.3441
vn -0.7480 0.0585 -0.6611
vn -0.7414 0.0502 -0.6691
vn -0.9454 0.1048 -0.3085
vn -0.7589 0.0829 -0.6459
vn -0.5053 0.0413 -0.8619
vn -0.5057 0.0365 -0.8619
vn -0.5089 0.0569 -0.8589
vn -0.4988 0.0835 -0.8627
vn -0.4466 0.1191 -0.8868
vn -0.7507 0.1305 -0.6476
vn -0.6896 0.2032 -0.6950
vn -0.9389 0.1687 -0.2999
vn -0.8953 0.2869 -0.3409
vn -0.7868 0.4349 -0.4379
vn -0.5674 0.2840 -0.7729
vn -0.6179 0.5685 -0.5431
vn -0.4069 0.3379 -0.8487
vn -0.3521 0.1568 -0.9227
vn -0.2496 0.1763 -0.9521
vn -0.1778 0.1863 -0.9663
vn -0.2649 0.3650 -0.8925
vn -0.4180 0.6651 -0.6188
vn 0.9747 -0.1645 -0.1515
vn 0.9188 -0.1543 -0.3634
vn 0.9721 -0.1781 -0.1529
vn 0.9165 -0.1674 -0.3633
vn 0.7744 -0.1277 -0.6196
vn 0.7772 -0.1399 -0.6135
vn 0.7798 -0.1465 -0.6086
vn 0.7833 -0.1441 -0.6047
vn 0.9151 -0.1744 -0.3635
vn 0.9157 -0.1713 -0.3635
vn 0.9705 -0.1856 -0.1540
vn 0.9709 -0.1829 -0.1546
vn 0.9407 -0.3078 -0.1427
vn 0.9525 -0.2663 -0.1474
vn 0.8975 -0.2820 -0.3390
vn 0.9063 -0.2381 -0.3491
vn 0.9189 -0.3698 -0.1375
vn 0.8796 -0.3442 -0.3284
vn 0.7887 -0.2249 -0.5722
vn 0.7914 -0.1805 -0.5840
vn 0.7782 -0.2851 -0.5596
vn 0.7574 -0.3591 -0.5453
vn 0.7222 -0.4462 -0.5285
vn 0.8500 -0.4209 -0.3168
vn 0.8043 -0.5101 -0.3048
vn 0.8850 -0.4464 -0.1323
vn 0.8348 -0.5358 -0.1267
vn 0.7789 -0.6153 -0.1211
vn 0.7528 -0.5902 -0.2917
vn 0.7348 -0.6684 -0.1156
vn 0.7122 -0.6442 -0.2788
vn 0.6811 -0.5255 -0.5099
vn 0.6493 -0.5808 -0.4911
vn 0.6284 -0.6181 -0.4722
vn 0.6182 -0.6428 -0.4524
vn 0.6840 -0.6792 -0.2660
vn 0.6673 -0.7005 -0.2528
vn 0.7036 -0.7020 -0.1102
vn 0.6842 -0.7218 -0.1044
vn 0.6727 -0.7333 -0.0982
vn 0.6583 -0.7139 -0.2389
vn 0.6646 -0.7416 -0.0914
vn 0.6522 -0.7239 -0.2249
vn 0.6149 -0.6603 -0.4313
vn 0.6138 -0.6749 -0.4096
vn 0.6125 -0.6881 -0.3890
vn 0.6466 -0.7327 -0.2122
vn 0.6575 -0.7485 -0.0863
vn 0.7177 -0.6942 -0.0551
vn 0.7165 -0.6838 -0.1377
vn 0.7305 -0.6814 -0.0463
vn 0.7298 -0.6738 -0.1158
vn 0.7075 -0.6554 -0.2643
vn 0.7237 -0.6514 -0.2278
vn 0.7432 -0.6394 -0.1970
vn 0.7689 -0.6152 -0.1739
vn 0.7480 -0.6561 -0.1006
vn 0.7734 -0.6277 -0.0882
vn 0.7484 -0.6621 -0.0401
vn 0.7740 -0.6322 -0.0348
vn 0.8054 -0.5918 -0.0316
vn 0.8045 -0.5885 -0.0797
vn 0.8384 -0.5443 -0.0292
vn 0.8372 -0.5418 -0.0737
vn 0.7997 -0.5796 -0.1569
vn 0.8321 -0.5349 -0.1467
vn 0.8652 -0.4819 -0.1388
vn 0.8975 -0.4205 -0.1326
vn 0.8705 -0.4872 -0.0694
vn 0.9030 -0.4246 -0.0660
vn 0.8718 -0.4891 -0.0274
vn 0.9043 -0.4260 -0.0260
vn 0.9332 -0.3585 -0.0250
vn 0.9317 -0.3575 -0.0636
vn 0.9564 -0.2911 -0.0244
vn 0.9548 -0.2908 -0.0614
vn 0.9262 -0.3547 -0.1280
vn 0.9489 -0.2895 -0.1253
vn 0.9658 -0.2273 -0.1251
vn 0.9769 -0.1698 -0.1297
vn 0.9721 -0.2262 -0.0625
vn 0.9840 -0.1658 -0.0652
vn 0.9739 -0.2256 -0.0245
vn 0.9861 -0.1640 -0.0256
vn 0.9932 -0.1134 -0.0279
vn 0.9906 -0.1165 -0.0710
vn 0.9965 -0.0776 -0.0315
vn 0.9934 -0.0822 -0.0795
vn 0.9821 -0.1234 -0.1421
vn 0.9527 -0.1356 -0.2719
vn 0.9830 -0.0918 -0.1588
vn 0.9481 -0.1094 -0.2986
vn 0.9390 -0.0942 -0.3307
vn 0.9812 -0.0717 -0.1792
vn 0.9776 -0.0628 -0.2009
vn 0.9941 -0.0594 -0.0911
vn 0.9934 -0.0496 -0.1032
vn 0.9979 -0.0537 -0.0360
vn 0.9982 -0.0438 -0.0411
vn 0.9672 0.2483 -0.0541
vn 0.9665 0.2516 -0.0505
vn 0.9611 0.2415 -0.1340
vn 0.9615 0.2448 -0.1252
vn 0.9648 0.2560 -0.0596
vn 0.9574 0.2485 -0.1469
vn 0.9408 0.2267 -0.2521
vn 0.9435 0.2309 -0.2376
vn 0.9342 0.2325 -0.2707
vn 0.9245 0.2430 -0.2937
vn 0.9102 0.2564 -0.3252
vn 0.9517 0.2603 -0.1631
vn 0.9435 0.2749 -0.1849
vn 0.9610 0.2684 -0.0672
vn 0.9557 0.2844 -0.0758
vn 0.9528 0.2903 -0.0885
vn 0.9367 0.2809 -0.2092
vn 0.9551 0.2790 -0.0996
vn 0.9344 0.2695 -0.2330
vn 0.8962 0.2612 -0.3587
vn 0.8852 0.2496 -0.3927
vn 0.8786 0.2250 -0.4212
vn 0.8777 0.1880 -0.4408
vn 0.9359 0.2440 -0.2539
vn 0.9424 0.2042 -0.2651
vn 0.9614 0.2527 -0.1091
vn 0.9711 0.2110 -0.1118
vn 0.9814 0.1603 -0.1056
vn 0.9518 0.1563 -0.2640
vn 0.9894 0.1087 -0.0967
vn 0.9610 0.1065 -0.2551
vn 0.8826 0.1442 -0.4476
vn 0.8896 0.0987 -0.4460
vn 0.8956 0.0508 -0.4420
vn 0.8987 -0.0000 -0.4385
vn 0.9680 0.0545 -0.2449
vn 0.9708 -0.0000 -0.2398
vn 0.9947 0.0552 -0.0873
vn 0.9967 -0.0000 -0.0817
vn 0.7883 -0.1330 -0.6008
vn 0.7927 -0.1293 -0.5957
vn 0.9175 -0.1627 -0.3629
vn 0.9185 -0.1663 -0.3587
vn 0.7937 -0.1493 -0.5897
vn 0.9137 -0.1995 -0.3541
vn 0.9631 -0.2232 -0.1506
vn 0.9711 -0.1833 -0.1529
vn 0.9724 -0.1752 -0.1543
vn -0.7533 0.2383 0.6130
vn -0.7458 0.2847 0.6023
vn -0.8885 0.2624 0.3766
vn -0.8781 0.3063 0.3676
vn -0.7319 0.3439 0.5882
vn -0.8604 0.3634 0.3573
vn -0.9169 0.3685 0.1532
vn -0.9365 0.3129 0.1581
vn -0.9487 0.2712 0.1625
vn -0.6858 0.6492 -0.3290
vn -0.6915 0.6345 -0.3453
vn -0.7252 0.6660 -0.1746
vn -0.7307 0.6571 -0.1851
vn -0.6945 0.6250 -0.3565
vn -0.7323 0.6534 -0.1919
vn -0.7455 0.6619 -0.0776
vn -0.7447 0.6632 -0.0744
vn -0.7394 0.6696 -0.0700
vn 0.6738 -0.6604 0.3314
vn 0.6406 -0.6842 0.3485
vn 0.6919 -0.7004 0.1754
vn 0.6639 -0.7241 0.1869
vn 0.6106 -0.7045 0.3617
vn 0.6393 -0.7439 0.1948
vn 0.6480 -0.7576 0.0788
vn 0.6701 -0.7384 0.0754
vn 0.6958 -0.7147 0.0705
vn 0.8891 0.4082 -0.2070
vn 0.8749 0.4342 -0.2144
vn 0.9277 0.2985 -0.2240
vn 0.9169 0.3838 -0.1092
vn 0.9029 0.4149 -0.1128
vn 0.9461 0.3022 -0.1165
vn 0.9398 0.2538 -0.2290
vn 0.9572 0.2638 -0.1192
vn 0.9622 0.2684 -0.0472
vn 0.9515 0.3040 -0.0466
vn 0.9124 0.4068 -0.0453
vn 0.9269 0.3727 -0.0441
vn -0.9356 0.2752 0.2213
vn -0.9731 0.0078 0.2302
vn -0.9620 0.2476 0.1148
vn -0.9930 -0.0029 0.1184
vn -0.9709 -0.0575 0.2325
vn -0.9909 -0.0614 0.1199
vn -0.9969 -0.0618 0.0486
vn -0.9989 -0.0055 0.0472
vn -0.9703 0.2375 0.0459
vn 0.9759 0.0873 -0.2001
vn 0.8786 0.0834 -0.4702
vn 0.9812 0.0124 -0.1927
vn 0.9021 0.0131 -0.4313
vn 0.6305 0.0702 -0.7730
vn 0.6710 0.0184 -0.7412
vn 0.6796 -0.0094 -0.7335
vn 0.9023 -0.0205 -0.4306
vn 0.9798 -0.0237 -0.1987
vn -0.9403 0.0828 -0.3300
vn -0.7643 0.0704 -0.6410
vn -0.9366 0.0705 -0.3432
vn -0.7497 0.0587 -0.6592
vn -0.5468 0.0554 -0.8354
vn -0.5260 0.0451 -0.8493
vn -0.5125 0.0385 -0.8579
vn -0.7418 0.0515 -0.6686
vn -0.9354 0.0630 -0.3480
vn 0.5043 -0.0166 0.8634
vn 0.4984 -0.0081 0.8669
vn 0.7711 -0.0364 0.6357
vn 0.7645 -0.0243 0.6441
vn 0.5144 -0.0259 0.8572
vn 0.7843 -0.0496 0.6184
vn 0.9052 -0.0497 0.4220
vn 0.9036 -0.0349 0.4269
vn 0.9092 -0.0658 0.4111
vn 0.9028 -0.0852 0.4215
vn 0.8270 -0.1291 0.5471
vn 0.7911 -0.0666 0.6080
vn 0.7366 -0.0973 0.6693
vn 0.5180 -0.0384 0.8545
vn 0.4857 -0.0600 0.8721
vn 0.4896 0.0728 0.8689
vn 0.3830 0.1400 0.9131
vn 0.7577 0.0857 0.6470
vn 0.6596 0.2071 0.7225
vn 0.5099 0.0290 0.8597
vn 0.7726 0.0238 0.6344
vn 0.9061 0.0909 0.4131
vn 0.8496 0.2557 0.4612
vn 0.9087 0.0205 0.4169
vn 0.9049 -0.0152 0.4253
vn 0.7661 -0.0076 0.6426
vn 0.5031 0.0043 0.8642
vn -0.5165 0.1880 0.8354
vn -0.5964 0.1224 0.7933
vn -0.5487 0.2920 0.7834
vn -0.6249 0.1586 0.7645
vn -0.2610 0.2689 0.9271
vn -0.1920 0.4848 0.8533
vn -0.5500 0.4095 0.7278
vn -0.5804 0.1865 0.7927
vn -0.0836 0.6929 0.7162
vn 0.5624 0.5605 0.6079
vn 0.3702 0.4036 0.8367
vn 0.1280 0.2313 0.9644
vn -0.6205 0.0414 0.7831
vn -0.6124 0.0338 0.7898
vn -0.6180 0.0438 0.7849
vn -0.6080 0.0348 0.7931
vn -0.6300 0.0563 0.7746
vn -0.6333 0.0609 0.7715
vn -0.5437 0.0427 0.8382
vn -0.5349 0.0340 0.8442
vn -0.5589 0.0604 0.8270
vn -0.5765 0.0989 0.8111
vn -0.6427 0.0931 0.7604
vn -0.6309 0.0817 0.7715
vn -0.6148 0.0143 0.7885
vn -0.6280 -0.0054 0.7782
vn -0.5897 0.0109 0.8076
vn -0.5707 -0.0188 0.8209
vn -0.6083 0.0230 0.7934
vn -0.5950 0.0218 0.8034
vn -0.4866 0.0113 0.8736
vn -0.4017 -0.0239 0.9155
vn -0.5142 0.0217 0.8574
vn -0.5257 0.0285 0.8502
vn -0.5997 0.0290 0.7997
vn -0.6078 0.0288 0.7936
vn -0.1447 -0.0860 0.9857
vn -0.1991 -0.0287 0.9796
vn -0.2433 0.0259 0.9696
vn -0.5117 -0.0915 0.8543
vn -0.4331 -0.0158 0.9012
vn -0.3329 0.0296 0.9425
vn -0.1767 0.0271 0.9839
vn -0.1073 -0.0346 0.9936
vn -0.2035 0.0242 0.9788
vn -0.0302 -0.0656 0.9974
vn 0.0130 -0.0836 0.9964
vn -0.2437 0.0320 0.9693
vn -0.2991 0.0431 0.9532
vn 0.0134 -0.0873 0.9961
vn -0.4362 0.0469 0.8986
vn -0.5289 0.0618 0.8464
vn -0.6057 -0.0049 0.7957
vn -0.7621 -0.1276 0.6348
vn -0.9084 -0.1335 0.3962
vn -0.7285 0.0023 0.6850
vn -0.7758 -0.3084 0.5505
vn -0.9384 -0.3355 0.0822
vn -0.4850 -0.5734 0.6603
vn -0.7804 -0.6235 0.0473
vn -0.3987 -0.2587 0.8798
vn 0.2081 -0.3721 0.9046
vn -0.1062 -0.5401 0.8349
vn -0.0617 -0.2217 0.9732
vn -0.0980 -0.3293 0.9391
vn -0.3113 -0.7911 0.5266
vn 0.2544 -0.2020 0.9458
vn 0.0207 -0.0831 0.9963
vn 0.0783 -0.0404 0.9961
vn 0.3937 -0.1015 0.9136
vn 0.5620 -0.1666 0.8102
vn 0.4325 -0.3088 0.8471
vn -0.6264 -0.0191 0.7793
vn -0.5299 0.0053 0.8480
vn -0.4022 0.0128 0.9155
vn -0.6797 -0.0820 0.7289
vn -0.5945 -0.0102 0.8040
vn -0.4551 0.0135 0.8903
vn -0.2153 0.0006 0.9766
vn -0.2550 -0.0073 0.9669
vn -0.2969 -0.0229 0.9546
vn -0.3423 -0.0104 0.9395
vn -0.5190 0.0265 0.8543
vn -0.5870 0.0577 0.8075
vn -0.6747 -0.0396 0.7370
vn -0.6842 -0.2817 0.6727
vn -0.6763 -0.5067 0.5347
vn -0.7580 -0.0500 0.6504
vn -0.2247 -0.5611 0.7967
vn 0.2307 -0.7965 0.5588
vn 0.1403 -0.4679 0.8726
vn 0.4578 -0.5290 0.7145
vn -0.6126 -0.2140 0.7608
vn -0.2595 -0.2842 0.9230
vn 0.2164 -0.2822 0.9346
vn 0.3188 -0.2989 0.8994
vn 0.0098 -0.2079 0.9781
vn -0.1867 -0.0798 0.9792
vn -0.4920 -0.1093 0.8637
vn -0.6432 -0.0597 0.7634
vn -0.0123 -0.8634 0.5045
vn 0.4578 -0.4055 0.7912
vn 0.1856 0.9823 0.0257
vn -0.2579 0.9446 -0.2029
vn -0.7379 -0.6621 0.1308
vn 0.0824 -0.5468 0.8332
vn -0.0520 -0.8530 0.5193
vn -0.0837 -0.8942 0.4397
vn -0.9444 -0.2532 0.2096
vn -0.8345 -0.0247 0.5505
vn -0.6490 0.0418 0.7597
vn -0.3991 0.0210 0.9167
vn -0.6155 -0.7610 0.2052
vn -0.4336 -0.8737 0.2206
vn -0.4460 -0.8672 0.2215
vn -0.1842 -0.0640 0.9808
vn -0.1990 -0.0591 0.9782
vn -0.1522 -0.0497 0.9871
vn -0.1243 -0.0506 0.9910
vn -0.2087 -0.0537 0.9765
vn -0.1744 -0.0474 0.9835
vn -0.2554 -0.0778 0.9637
vn -0.2581 -0.0686 0.9637
vn -0.2555 -0.0600 0.9649
vn -0.2139 -0.0475 0.9757
vn -0.2213 -0.0404 0.9744
vn -0.2118 -0.0256 0.9770
vn -0.1909 -0.0427 0.9807
vn -0.2494 -0.0518 0.9670
vn -0.2433 -0.0435 0.9690
vn -0.2945 -0.0470 0.9545
vn -0.3110 -0.0571 0.9487
vn -0.4288 -0.0673 0.9009
vn -0.4033 -0.0542 0.9134
vn -0.3278 -0.0680 0.9423
vn -0.4559 -0.0817 0.8863
vn -0.3433 -0.0802 0.9358
vn -0.3519 -0.0944 0.9313
vn -0.5052 -0.1193 0.8547
vn -0.4833 -0.0986 0.8699
vn -0.1790 -0.0353 0.9832
vn -0.1620 -0.0376 0.9861
vn -0.1281 -0.0379 0.9910
vn -0.1760 -0.0262 0.9840
vn -0.1071 -0.0240 0.9940
vn -0.0385 -0.0209 0.9990
vn -0.0924 -0.0369 0.9950
vn -0.0539 -0.0341 0.9980
vn 0.0130 -0.0170 0.9998
vn 0.0563 -0.0107 0.9984
vn 0.2340 0.0226 0.9720
vn 0.1958 0.0137 0.9805
vn 0.4924 0.0577 0.8685
vn 0.5096 0.0693 0.8576
vn 0.1437 0.0089 0.9896
vn 0.4769 0.0534 0.8773
vn 0.0666 0.0047 0.9978
vn -0.0724 0.0025 0.9974
vn 0.4900 0.0887 0.8672
vn 0.4745 0.0540 0.8786
vn -0.4346 -0.0281 0.9002
vn -0.4394 -0.0252 0.8980
vn -0.5448 -0.0273 0.8381
vn -0.5446 -0.0311 0.8381
vn -0.4475 -0.0224 0.8940
vn -0.5484 -0.0235 0.8359
vn -0.3082 -0.0249 0.9510
vn -0.3162 -0.0223 0.9484
vn -0.3263 -0.0200 0.9451
vn -0.4614 -0.0193 0.8870
vn -0.4864 -0.0144 0.8736
vn -0.5849 -0.0068 0.8111
vn -0.5608 -0.0179 0.8278
vn -0.3408 -0.0180 0.9400
vn -0.3648 -0.0150 0.9310
vn -0.1842 -0.0064 0.9829
vn -0.1638 -0.0107 0.9864
vn 0.1397 0.0081 0.9902
vn 0.1205 0.0194 0.9925
vn -0.1501 -0.0137 0.9886
vn 0.1461 0.0015 0.9893
vn -0.1403 -0.0165 0.9900
vn -0.1315 -0.0197 0.9911
vn 0.1509 -0.0087 0.9885
vn 0.1477 -0.0037 0.9890
vn -0.3564 -0.1075 0.9281
vn -0.5216 -0.1382 0.8419
vn -0.3563 -0.1173 0.9270
vn -0.5328 -0.1536 0.8322
vn -0.2456 -0.0854 0.9656
vn -0.2342 -0.0906 0.9680
vn -0.3540 -0.1254 0.9268
vn -0.3520 -0.1340 0.9263
vn -0.5474 -0.1769 0.8179
vn -0.5413 -0.1661 0.8243
vn -0.2226 -0.0949 0.9703
vn -0.2128 -0.1012 0.9719
vn -0.1054 -0.0739 0.9917
vn -0.1229 -0.0697 0.9900
vn -0.0359 -0.0459 0.9983
vn -0.0140 -0.0487 0.9987
vn -0.1425 -0.0685 0.9874
vn -0.0641 -0.0477 0.9968
vn -0.1636 -0.0672 0.9842
vn -0.0941 -0.0498 0.9943
vn -0.3355 -0.2692 0.9028
vn -0.3509 -0.2582 0.9001
vn -0.5548 -0.3151 0.7700
vn -0.5382 -0.3228 0.7785
vn -0.3653 -0.2613 0.8935
vn -0.5679 -0.3290 0.7545
vn -0.1857 -0.2244 0.9566
vn -0.1944 -0.2088 0.9584
vn -0.2044 -0.2019 0.9578
vn -0.3781 -0.2719 0.8849
vn -0.3865 -0.2874 0.8764
vn -0.5764 -0.3866 0.7200
vn -0.5758 -0.3532 0.7373
vn -0.2147 -0.1987 0.9563
vn -0.2238 -0.1972 0.9545
vn -0.0924 -0.1198 0.9885
vn -0.0847 -0.1352 0.9872
vn 0.0232 -0.0779 0.9967
vn 0.0165 -0.0515 0.9985
vn -0.0786 -0.1496 0.9856
vn 0.0270 -0.1011 0.9945
vn -0.0733 -0.1647 0.9836
vn -0.0680 -0.1850 0.9804
vn 0.0307 -0.1457 0.9888
vn 0.0290 -0.1224 0.9921
vn -0.3918 -0.3066 0.8675
vn -0.5717 -0.4220 0.7036
vn -0.3944 -0.3267 0.8589
vn -0.5656 -0.4533 0.6889
vn -0.2320 -0.1999 0.9519
vn -0.2378 -0.2077 0.9488
vn -0.3965 -0.3466 0.8501
vn -0.3991 -0.3661 0.8407
vn -0.5594 -0.5014 0.6600
vn -0.5610 -0.4792 0.6751
vn -0.2416 -0.2188 0.9454
vn -0.2454 -0.2331 0.9410
vn -0.1133 -0.1153 0.9868
vn -0.1109 -0.1079 0.9880
vn 0.0001 -0.0099 1.0000
vn 0.0005 -0.0096 1.0000
vn -0.1068 -0.1051 0.9887
vn 0.0028 -0.0156 0.9999
vn -0.1007 -0.1085 0.9890
vn 0.0085 -0.0288 0.9996
vn -0.4069 -0.3852 0.8283
vn -0.5635 -0.5203 0.6417
vn -0.4183 -0.4010 0.8150
vn -0.5713 -0.5349 0.6224
vn -0.2523 -0.2481 0.9353
vn -0.2629 -0.2610 0.9289
vn -0.4325 -0.4133 0.8013
vn -0.4516 -0.4172 0.7887
vn -0.5964 -0.5474 0.5871
vn -0.5819 -0.5453 0.6034
vn -0.2759 -0.2706 0.9223
vn -0.2950 -0.2729 0.9157
vn -0.1458 -0.1308 0.9806
vn -0.1309 -0.1336 0.9824
vn -0.0005 -0.0048 1.0000
vn -0.0098 0.0046 0.9999
vn -0.1223 -0.1299 0.9840
vn 0.0019 -0.0086 1.0000
vn -0.1161 -0.1233 0.9856
vn 0.0019 -0.0102 0.9999
vn -0.4449 -0.5145 0.7331
vn -0.4835 -0.5428 0.6868
vn -0.6243 -0.6297 0.4623
vn -0.5982 -0.6146 0.5143
vn -0.5345 -0.5604 0.6326
vn -0.6590 -0.6325 0.4071
vn -0.2617 -0.3775 0.8883
vn -0.2970 -0.4075 0.8636
vn -0.3490 -0.4314 0.8319
vn -0.5879 -0.5637 0.5803
vn -0.6437 -0.5451 0.5371
vn -0.7362 -0.5950 0.3225
vn -0.6956 -0.6225 0.3587
vn -0.4072 -0.4439 0.7982
vn -0.4694 -0.4352 0.7683
vn -0.2194 -0.2595 0.9405
vn -0.1721 -0.2673 0.9481
vn 0.0641 -0.0730 0.9953
vn 0.0444 -0.0589 0.9973
vn -0.1322 -0.2609 0.9563
vn 0.0776 -0.0796 0.9938
vn -0.0977 -0.2454 0.9645
vn -0.0791 -0.2257 0.9710
vn 0.0871 -0.0743 0.9934
vn 0.0863 -0.0806 0.9930
vn 0.0246 -0.0401 0.9989
vn -0.2604 -0.2380 0.9357
vn -0.5224 -0.4099 0.7477
vn 0.0108 -0.0228 0.9997
vn -0.2924 -0.2102 0.9329
vn -0.5665 -0.3732 0.7347
vn -0.6924 -0.5122 0.5082
vn -0.7761 -0.5553 0.2990
vn -0.7365 -0.4687 0.4877
vn -0.8144 -0.5075 0.2813
vn -0.8502 -0.4529 0.2686
vn -0.7752 -0.4181 0.4735
vn -0.8094 -0.3623 0.4622
vn -0.8828 -0.3922 0.2586
vn -0.6036 -0.3313 0.7252
vn -0.6355 -0.2870 0.7168
vn -0.3167 -0.1811 0.9311
vn 0.0017 -0.0101 0.9999
vn -0.0026 -0.0034 1.0000
vn -0.3357 -0.1538 0.9293
vn -0.0063 0.0035 1.0000
vn -0.3523 -0.1245 0.9276
vn -0.6634 -0.2393 0.7090
vn -0.0089 0.0198 0.9998
vn -0.3678 -0.0876 0.9258
vn -0.6847 -0.1847 0.7051
vn -0.8391 -0.3033 0.4515
vn -0.9106 -0.3283 0.2510
vn -0.8623 -0.2415 0.4452
vn -0.9323 -0.2646 0.2467
vn -0.9477 -0.2029 0.2464
vn -0.8770 -0.1785 0.4461
vn -0.8816 -0.1150 0.4578
vn -0.9563 -0.1439 0.2546
vn -0.6986 -0.1261 0.7043
vn -0.6969 -0.0621 0.7145
vn -0.3739 -0.0415 0.9265
vn -0.0098 0.0452 0.9989
vn -0.0055 0.0799 0.9968
vn -0.3707 0.0116 0.9287
vn 0.0058 0.1133 0.9935
vn -0.3486 0.0620 0.9352
vn -0.6759 -0.0031 0.7370
vn 0.0210 0.1365 0.9904
vn -0.3170 0.0982 0.9433
vn -0.6409 0.0417 0.7665
vn -0.8728 -0.0583 0.4846
vn -0.9575 -0.0936 0.2729
vn -0.8528 -0.0144 0.5221
vn -0.9518 -0.0553 0.3016
vn -0.9418 -0.0271 0.3350
vn -0.8255 0.0185 0.5640
vn -0.7974 0.0392 0.6021
vn -0.9293 -0.0112 0.3692
vn -0.5996 0.0740 0.7969
vn -0.5619 0.0927 0.8220
vn -0.2818 0.1231 0.9515
vn 0.0372 0.1519 0.9877
vn 0.0493 0.1578 0.9862
vn -0.2529 0.1356 0.9579
vn 0.1483 -0.0559 0.9874
vn -0.1520 -0.0165 0.9882
vn -0.1908 -0.0372 0.9809
vn 0.1072 -0.0756 0.9914
vn -0.4668 0.0250 0.8840
vn -0.4975 0.0052 0.8674
vn 0.1894 -0.0575 0.9802
vn -0.1056 -0.0159 0.9943
vn -0.4261 0.0273 0.9043
vn -0.7280 0.0601 0.6829
vn -0.8929 0.0830 0.4426
vn -0.9012 0.0710 0.4275
vn -0.7471 0.0429 0.6633
vn -0.7007 0.0626 0.7107
vn -0.8795 0.0848 0.4684
vn -0.8608 0.0827 0.5022
vn -0.6657 0.0604 0.7438
vn -0.6239 0.0554 0.7796
vn -0.8359 0.0781 0.5433
vn -0.3796 0.0241 0.9248
vn -0.3340 0.0190 0.9424
vn -0.0613 -0.0197 0.9979
vn 0.2243 -0.0635 0.9725
vn 0.2447 -0.0707 0.9670
vn -0.0281 -0.0256 0.9993
vn 0.2498 -0.0742 0.9654
vn -0.0012 -0.0301 0.9995
vn -0.2911 0.0125 0.9566
vn 0.2470 -0.0715 0.9664
vn 0.0149 -0.0316 0.9994
vn -0.2551 0.0059 0.9669
vn -0.5776 0.0476 0.8149
vn -0.8047 0.0698 0.5896
vn -0.5330 0.0368 0.8453
vn -0.7707 0.0572 0.6347
vn -0.7371 0.0419 0.6744
vn -0.4922 0.0250 0.8701
vn -0.4569 0.0127 0.8895
vn -0.7067 0.0243 0.7071
vn -0.2236 -0.0001 0.9747
vn -0.1994 -0.0050 0.9799
vn 0.0255 -0.0307 0.9992
vn 0.2422 -0.0645 0.9681
vn 0.2393 -0.0541 0.9694
vn 0.0350 -0.0277 0.9990
vn 0.2384 -0.0418 0.9703
vn 0.0431 -0.0229 0.9988
vn -0.1778 -0.0077 0.9840
vn 0.2391 -0.0288 0.9706
vn 0.0503 -0.0166 0.9986
vn -0.1623 -0.0074 0.9867
vn -0.4274 0.0031 0.9041
vn -0.6805 0.0094 0.7327
vn -0.4053 -0.0017 0.9142
vn -0.6612 0.0008 0.7502
vn -0.6489 -0.0022 0.7609
vn -0.3908 -0.0023 0.9205
vn -0.1534 -0.0048 0.9882
vn 0.0553 -0.0088 0.9984
vn 0.2402 -0.0149 0.9706
vn -0.2665 -0.0243 0.9635
vn -0.2723 -0.0260 0.9619
vn -0.3658 -0.0302 0.9302
vn -0.3613 -0.0286 0.9320
vn -0.2780 -0.0308 0.9601
vn -0.3730 -0.0357 0.9272
vn -0.2541 -0.0246 0.9669
vn -0.2566 -0.0257 0.9662
vn -0.2560 -0.0288 0.9663
vn -0.2849 -0.0380 0.9578
vn -0.3848 -0.0441 0.9219
vn -0.2471 -0.0351 0.9683
vn -0.2562 -0.0280 0.9662
vn -0.3453 -0.0178 0.9383
vn -0.2852 -0.0265 0.9581
vn -0.3848 -0.0235 0.9227
vn -0.2966 -0.0261 0.9546
vn -0.2966 -0.0268 0.9546
vn -0.4074 -0.0306 0.9127
vn -0.4014 -0.0272 0.9155
vn -0.0153 -0.0297 0.9994
vn 0.0212 -0.0245 0.9995
vn 0.0975 -0.0030 0.9952
vn 0.1360 0.0046 0.9907
vn 0.0540 -0.0206 0.9983
vn 0.0799 -0.0220 0.9966
vn 0.1678 0.0098 0.9858
vn 0.1953 0.0093 0.9807
vn 0.3513 0.0480 0.9350
vn 0.3283 0.0487 0.9433
vn 0.5561 0.0992 0.8252
vn 0.5687 0.0973 0.8168
vn 0.3015 0.0427 0.9525
vn 0.5421 0.0932 0.8351
vn 0.2691 0.0334 0.9625
vn 0.5263 0.0830 0.8462
vn 0.1298 -0.1038 0.9861
vn 0.1302 -0.0775 0.9884
vn 0.1298 -0.0505 0.9903
vn 0.2460 -0.0537 0.9678
vn 0.2480 -0.0242 0.9685
vn 0.2483 0.0095 0.9686
vn 0.1269 -0.0194 0.9917
vn 0.1201 0.0173 0.9926
vn 0.2454 0.0497 0.9681
vn 0.2374 0.0982 0.9664
vn 0.3836 0.2012 0.9013
vn 0.3954 0.1385 0.9080
vn 0.5879 0.2537 0.7681
vn 0.5665 0.3318 0.7543
vn 0.4000 0.0867 0.9124
vn 0.5983 0.1885 0.7788
vn 0.3998 0.0443 0.9155
vn 0.3968 0.0106 0.9178
vn 0.5991 0.0962 0.7949
vn 0.6012 0.1355 0.7875
vn 0.1116 0.0507 0.9925
vn 0.1063 0.0733 0.9916
vn 0.2273 0.1436 0.9632
vn 0.2213 0.1765 0.9591
vn 0.1051 0.0875 0.9906
vn 0.1087 0.0962 0.9894
vn 0.2209 0.2001 0.9545
vn 0.2269 0.2176 0.9493
vn 0.3625 0.3616 0.8590
vn 0.3573 0.3371 0.8710
vn 0.5109 0.4946 0.7031
vn 0.5100 0.5220 0.6836
vn 0.3592 0.3041 0.8823
vn 0.5209 0.4567 0.7212
vn 0.3685 0.2599 0.8926
vn 0.5402 0.4043 0.7380
vn 0.1150 0.1042 0.9879
vn 0.1212 0.1145 0.9860
vn 0.2372 0.2340 0.9429
vn 0.2483 0.2523 0.9352
vn 0.1252 0.1266 0.9840
vn 0.1214 0.1427 0.9823
vn 0.2582 0.2724 0.9269
vn 0.2595 0.2946 0.9197
vn 0.3997 0.4552 0.7957
vn 0.3971 0.4311 0.8102
vn 0.5287 0.5858 0.6143
vn 0.5284 0.6049 0.5957
vn 0.3861 0.4075 0.8276
vn 0.5228 0.5658 0.6376
vn 0.3738 0.3845 0.8440
vn 0.5158 0.5449 0.6611
vn 0.2461 0.0841 0.9656
vn 0.2632 0.0928 0.9603
vn 0.2780 0.1099 0.9543
vn 0.4014 0.2539 0.8800
vn 0.4340 0.2774 0.8572
vn 0.4677 0.3077 0.8286
vn 0.2915 0.1305 0.9476
vn 0.3002 0.1498 0.9420
vn 0.5005 0.3356 0.7980
vn 0.5307 0.3526 0.7707
vn 0.6791 0.4983 0.5390
vn 0.6453 0.4962 0.5808
vn 0.7191 0.5946 0.3597
vn 0.7480 0.5802 0.3224
vn 0.6116 0.4775 0.6309
vn 0.6940 0.5939 0.4071
vn 0.5761 0.4503 0.6821
vn 0.5413 0.4245 0.7258
vn 0.6426 0.5695 0.5126
vn 0.6691 0.5832 0.4606
vn 0.7782 0.5532 0.2973
vn 0.7090 0.4870 0.5101
vn 0.5548 0.3575 0.7513
vn 0.8104 0.5145 0.2804
vn 0.7399 0.4594 0.4914
vn 0.5790 0.3466 0.7380
vn 0.3043 0.1640 0.9384
vn 0.3103 0.1685 0.9356
vn 0.3177 0.1629 0.9341
vn 0.3291 0.1484 0.9326
vn 0.6038 0.3232 0.7287
vn 0.6300 0.2882 0.7211
vn 0.7718 0.4210 0.4765
vn 0.8429 0.4657 0.2695
vn 0.8754 0.4078 0.2596
vn 0.8038 0.3714 0.4646
vn 0.9042 0.3454 0.2512
vn 0.8324 0.3176 0.4542
vn 0.6543 0.2499 0.7138
vn 0.9265 0.2845 0.2464
vn 0.8537 0.2662 0.4477
vn 0.6729 0.2170 0.7072
vn 0.3411 0.1328 0.9306
vn 0.3497 0.1248 0.9285
vn 0.3545 0.1253 0.9266
vn 0.3554 0.1351 0.9249
vn 0.6828 0.1901 0.7055
vn 0.6822 0.1716 0.7108
vn 0.8671 0.2198 0.4471
vn 0.9420 0.2272 0.2472
vn 0.9506 0.1760 0.2558
vn 0.8712 0.1808 0.4565
vn 0.9518 0.1362 0.2747
vn 0.8645 0.1521 0.4791
vn 0.6704 0.1604 0.7244
vn 0.9470 0.1102 0.3019
vn 0.8495 0.1343 0.5103
vn 0.6504 0.1541 0.7438
vn 0.3530 0.1473 0.9240
vn 0.3483 0.1558 0.9243
vn 0.3424 0.1617 0.9255
vn 0.3374 0.1637 0.9270
vn 0.6277 0.1515 0.7636
vn 0.6064 0.1498 0.7809
vn 0.8293 0.1251 0.5447
vn 0.9377 0.0950 0.3343
vn 0.9270 0.0896 0.3643
vn 0.8084 0.1207 0.5761
vn 0.8855 -0.2003 0.4193
vn 0.7756 -0.1647 0.6093
vn 0.7745 -0.1760 0.6076
vn 0.8892 -0.2072 0.4078
vn 0.6143 -0.1281 0.7786
vn 0.6002 -0.1420 0.7871
vn 0.8761 -0.2047 0.4365
vn 0.7700 -0.1684 0.6154
vn 0.6237 -0.1314 0.7706
vn 0.4046 -0.0922 0.9098
vn 0.3723 -0.1091 0.9217
vn 0.4327 -0.0949 0.8965
vn 0.4513 -0.1031 0.8864
vn 0.4558 -0.1122 0.8830
vn 0.6243 -0.1401 0.7686
vn 0.6147 -0.1506 0.7742
vn 0.7585 -0.1772 0.6271
vn 0.8618 -0.2140 0.4598
vn 0.8415 -0.2260 0.4908
vn 0.7402 -0.1884 0.6454
vn 0.8192 -0.2293 0.5256
vn 0.7161 -0.1922 0.6710
vn 0.5952 -0.1544 0.7886
vn 0.7996 -0.2178 0.5597
vn 0.6930 -0.1822 0.6975
vn 0.5737 -0.1464 0.8059
vn 0.4463 -0.1158 0.8874
vn 0.4316 -0.1101 0.8953
vn 0.4176 -0.0982 0.9033
vn 0.4068 -0.0813 0.9099
vn 0.5556 -0.1304 0.8212
vn 0.5414 -0.1077 0.8338
vn 0.6743 -0.1625 0.7204
vn 0.7846 -0.1950 0.5886
vn 0.7761 -0.1620 0.6094
vn 0.6601 -0.1344 0.7391
vn 0.7746 -0.1239 0.6202
vn 0.6541 -0.1023 0.7495
vn 0.5346 -0.0818 0.8411
vn 0.7769 -0.0849 0.6239
vn 0.6523 -0.0698 0.7547
vn 0.5319 -0.0558 0.8450
vn 0.4015 -0.0620 0.9137
vn 0.4002 -0.0422 0.9155
vn 0.3998 -0.0217 0.9163
vn 0.5318 -0.0286 0.8464
vn 0.6526 -0.0359 0.7568
vn 0.7797 -0.0437 0.6246
vn -0.4224 -0.0672 -0.9039
vn -0.2979 -0.0567 -0.9529
vn -0.2762 -0.0466 -0.9600
vn -0.3929 -0.0545 -0.9180
vn -0.2296 -0.0516 -0.9719
vn -0.2162 -0.0434 -0.9754
vn -0.4534 -0.0816 -0.8876
vn -0.3198 -0.0676 -0.9451
vn -0.2413 -0.0600 -0.9686
vn -0.1887 -0.0485 -0.9808
vn -0.1641 -0.0456 -0.9854
vn -0.1691 -0.0407 -0.9848
vn -0.1841 -0.0419 -0.9820
vn -0.1910 -0.0544 -0.9801
vn -0.1534 -0.0491 -0.9869
vn -0.1393 -0.0514 -0.9889
vn -0.1869 -0.0599 -0.9806
vn -0.1783 -0.0648 -0.9818
vn -0.1184 -0.0521 -0.9916
vn -0.2499 -0.0688 -0.9658
vn -0.2511 -0.0780 -0.9648
vn -0.3379 -0.0801 -0.9378
vn -0.4804 -0.0985 -0.8715
vn -0.5046 -0.1187 -0.8551
vn -0.3502 -0.0944 -0.9319
vn 0.4799 0.0488 -0.8760
vn 0.1973 0.0066 -0.9803
vn 0.2342 0.0184 -0.9720
vn 0.5033 0.0648 -0.8617
vn 0.0230 -0.0216 -0.9995
vn 0.0606 -0.0142 -0.9981
vn 0.4538 0.0362 -0.8904
vn 0.1602 -0.0021 -0.9871
vn -0.0111 -0.0261 -0.9996
vn -0.0791 -0.0398 -0.9961
vn -0.0466 -0.0364 -0.9982
vn -0.1053 -0.0408 -0.9936
vn -0.1266 -0.0399 -0.9912
vn -0.1424 -0.0370 -0.9891
vn -0.0412 -0.0282 -0.9988
vn -0.0657 -0.0279 -0.9975
vn 0.1259 -0.0078 -0.9920
vn 0.4259 0.0264 -0.9044
vn 0.3990 0.0193 -0.9167
vn 0.0949 -0.0109 -0.9954
vn 0.3167 -0.0081 -0.9485
vn 0.0269 -0.0212 -0.9994
vn 0.0337 -0.0159 -0.9993
vn 0.3273 0.0001 -0.9449
vn -0.1045 -0.0270 -0.9942
vn -0.1030 -0.0232 -0.9944
vn 0.3072 -0.0286 -0.9512
vn 0.0245 -0.0358 -0.9991
vn -0.1025 -0.0385 -0.9940
vn -0.1556 -0.0287 -0.9874
vn -0.1587 -0.0276 -0.9869
vn -0.1638 -0.0253 -0.9862
vn -0.1582 -0.0258 -0.9871
vn -0.1518 -0.0384 -0.9877
vn -0.1526 -0.0363 -0.9876
vn -0.1465 -0.0557 -0.9876
vn -0.1425 -0.0608 -0.9879
vn -0.1258 -0.1190 -0.9849
vn -0.1405 -0.1032 -0.9847
vn -0.0884 -0.0648 -0.9940
vn -0.0428 -0.1296 -0.9906
vn 0.0382 -0.0652 -0.9971
vn 0.2895 -0.0633 -0.9551
vn 0.2603 -0.1043 -0.9599
vn 0.1139 -0.1233 -0.9858
vn -0.0363 -0.0462 -0.9983
vn -0.1227 -0.0698 -0.9900
vn -0.1056 -0.0753 -0.9916
vn -0.0140 -0.0508 -0.9986
vn -0.2226 -0.0950 -0.9703
vn -0.2123 -0.1018 -0.9719
vn -0.0630 -0.0483 -0.9968
vn -0.1416 -0.0688 -0.9875
vn -0.2335 -0.0908 -0.9681
vn -0.3540 -0.1255 -0.9268
vn -0.5422 -0.1663 -0.8236
vn -0.5471 -0.1772 -0.8181
vn -0.3520 -0.1340 -0.9263
vn -0.3554 -0.1174 -0.9273
vn -0.5339 -0.1538 -0.8315
vn -0.5218 -0.1384 -0.8418
vn -0.3553 -0.1075 -0.9285
vn -0.2435 -0.0857 -0.9661
vn -0.1609 -0.0678 -0.9846
vn -0.0908 -0.0508 -0.9946
vn 0.0232 -0.0779 -0.9967
vn -0.0848 -0.1352 -0.9872
vn -0.0924 -0.1198 -0.9885
vn 0.0165 -0.0515 -0.9985
vn -0.2147 -0.1987 -0.9563
vn -0.2239 -0.1972 -0.9545
vn 0.0273 -0.1012 -0.9945
vn -0.0788 -0.1496 -0.9856
vn -0.2052 -0.2020 -0.9577
vn -0.3778 -0.2715 -0.8852
vn -0.5776 -0.3545 -0.7354
vn -0.5777 -0.3877 -0.7183
vn -0.3868 -0.2870 -0.8764
vn -0.3660 -0.2616 -0.8931
vn -0.5699 -0.3299 -0.7526
vn -0.5574 -0.3160 -0.7677
vn -0.3522 -0.2584 -0.8995
vn -0.3354 -0.2716 -0.9021
vn -0.5388 -0.3224 -0.7783
vn -0.1948 -0.2088 -0.9584
vn -0.1848 -0.2260 -0.9564
vn -0.0737 -0.1646 -0.9836
vn 0.0291 -0.1224 -0.9921
vn 0.0308 -0.1458 -0.9888
vn -0.0686 -0.1847 -0.9804
vn 0.0001 -0.0099 -1.0000
vn -0.1101 -0.1071 -0.9881
vn -0.1132 -0.1152 -0.9869
vn 0.0005 -0.0096 -1.0000
vn -0.2420 -0.2191 -0.9452
vn -0.2460 -0.2336 -0.9407
vn 0.0028 -0.0155 -0.9999
vn -0.1068 -0.1050 -0.9887
vn -0.2377 -0.2077 -0.9489
vn -0.3965 -0.3466 -0.8501
vn -0.5612 -0.4795 -0.6746
vn -0.5604 -0.5021 -0.6586
vn -0.3991 -0.3661 -0.8406
vn -0.3944 -0.3266 -0.8589
vn -0.5663 -0.4538 -0.6881
vn -0.5725 -0.4232 -0.7022
vn -0.3917 -0.3066 -0.8675
vn -0.2320 -0.2000 -0.9519
vn -0.1003 -0.1083 -0.9890
vn 0.0085 -0.0287 -0.9996
vn -0.0004 -0.0047 -1.0000
vn -0.1310 -0.1338 -0.9823
vn -0.1463 -0.1308 -0.9806
vn -0.0101 0.0045 -0.9999
vn -0.2759 -0.2706 -0.9223
vn -0.2961 -0.2720 -0.9156
vn 0.0027 -0.0082 -1.0000
vn -0.1223 -0.1300 -0.9839
vn -0.2629 -0.2610 -0.9289
vn -0.4329 -0.4136 -0.8009
vn -0.5827 -0.5460 -0.6020
vn -0.5964 -0.5474 -0.5871
vn -0.4535 -0.4160 -0.7882
vn -0.4183 -0.4010 -0.8150
vn -0.5720 -0.5355 -0.6213
vn -0.5640 -0.5208 -0.6408
vn -0.4070 -0.3852 -0.8282
vn -0.2526 -0.2483 -0.9352
vn -0.1164 -0.1235 -0.9855
vn 0.0019 -0.0102 -0.9999
vn 0.0640 -0.0731 -0.9953
vn -0.1722 -0.2673 -0.9481
vn -0.2195 -0.2595 -0.9405
vn 0.0442 -0.0590 -0.9973
vn -0.4063 -0.4431 -0.7991
vn -0.4693 -0.4352 -0.7684
vn 0.0776 -0.0796 -0.9938
vn -0.1312 -0.2602 -0.9566
vn -0.3490 -0.4314 -0.8319
vn -0.5877 -0.5636 -0.5805
vn -0.6961 -0.6228 -0.3572
vn -0.7365 -0.5953 -0.3212
vn -0.6437 -0.5451 -0.5371
vn -0.5342 -0.5602 -0.6331
vn -0.6598 -0.6329 -0.4051
vn -0.6253 -0.6303 -0.4601
vn -0.4834 -0.5427 -0.6869
vn -0.4419 -0.5172 -0.7330
vn -0.5979 -0.6147 -0.5145
vn -0.2970 -0.4075 -0.8635
vn -0.2598 -0.3795 -0.8880
vn -0.0977 -0.2454 -0.9645
vn 0.0869 -0.0801 -0.9930
vn 0.0863 -0.0749 -0.9935
vn -0.0785 -0.2269 -0.9707
vn -0.8094 -0.3623 -0.4622
vn -0.7753 -0.4182 -0.4733
vn -0.8502 -0.4529 -0.2685
vn -0.8828 -0.3922 -0.2586
vn -0.7364 -0.4685 -0.4881
vn -0.8146 -0.5078 -0.2803
vn -0.6355 -0.2870 -0.7168
vn -0.6041 -0.3318 -0.7246
vn -0.5671 -0.3738 -0.7340
vn -0.6926 -0.5123 -0.5079
vn -0.7760 -0.5553 -0.2990
vn -0.5224 -0.4099 -0.7477
vn -0.2604 -0.2380 -0.9357
vn 0.0249 -0.0397 -0.9989
vn -0.2924 -0.2103 -0.9329
vn 0.0106 -0.0228 -0.9997
vn -0.3169 -0.1812 -0.9310
vn -0.3353 -0.1536 -0.9295
vn -0.0026 -0.0034 -1.0000
vn 0.0016 -0.0101 -0.9999
vn -0.8815 -0.1150 -0.4579
vn -0.8770 -0.1785 -0.4460
vn -0.9477 -0.2031 -0.2463
vn -0.9562 -0.1442 -0.2548
vn -0.8623 -0.2415 -0.4452
vn -0.9325 -0.2649 -0.2457
vn -0.6969 -0.0621 -0.7145
vn -0.6986 -0.1261 -0.7043
vn -0.6860 -0.1854 -0.7036
vn -0.8391 -0.3034 -0.4514
vn -0.9106 -0.3283 -0.2510
vn -0.6628 -0.2388 -0.7097
vn -0.3523 -0.1244 -0.9276
vn -0.0051 0.0040 -1.0000
vn -0.3673 -0.0874 -0.9260
vn -0.0081 0.0200 -0.9998
vn -0.3755 -0.0420 -0.9259
vn -0.3707 0.0116 -0.9287
vn -0.0051 0.0799 -0.9968
vn -0.0098 0.0452 -0.9989
vn -0.6793 -0.4801 -0.5551
vn -0.7636 -0.1693 -0.6231
vn -0.9049 -0.1649 -0.3924
vn -0.8368 -0.4086 -0.3644
vn -0.7687 0.0255 -0.6391
vn -0.9143 -0.0199 -0.4044
vn -0.4509 -0.5436 -0.7080
vn -0.5279 -0.1712 -0.8319
vn -0.5270 0.0741 -0.8466
vn -0.7783 0.0384 -0.6268
vn -0.7975 0.0355 -0.6022
vn -0.9288 -0.0124 -0.3703
vn -0.9195 -0.0103 -0.3929
vn -0.5379 0.0913 -0.8381
vn -0.5617 0.0898 -0.8225
vn -0.2525 0.1340 -0.9583
vn -0.2357 0.1330 -0.9627
vn 0.0573 0.1555 -0.9862
vn 0.0508 0.1580 -0.9861
vn -0.2280 0.1123 -0.9672
vn 0.0615 0.1332 -0.9892
vn -0.2316 -0.1675 -0.9583
vn -0.1954 -0.5790 -0.7915
vn 0.0435 -0.5861 -0.8091
vn 0.0596 -0.1574 -0.9857
vn -0.6237 0.0554 -0.7797
vn -0.6655 0.0604 -0.7440
vn -0.8591 0.0819 -0.5053
vn -0.8340 0.0772 -0.5464
vn -0.7004 0.0626 -0.7110
vn -0.8779 0.0841 -0.4715
vn -0.3335 0.0191 -0.9426
vn -0.3802 0.0243 -0.9246
vn -0.4260 0.0273 -0.9043
vn -0.7279 0.0601 -0.6830
vn -0.7472 0.0461 -0.6630
vn -0.9013 0.0710 -0.4274
vn -0.8918 0.0823 -0.4449
vn -0.4669 0.0250 -0.8840
vn -0.4977 0.0090 -0.8673
vn -0.1910 -0.0330 -0.9810
vn -0.1519 -0.0165 -0.9883
vn 0.1479 -0.0558 -0.9874
vn 0.1072 -0.0710 -0.9917
vn -0.1056 -0.0159 -0.9943
vn 0.1895 -0.0575 -0.9802
vn -0.0629 -0.0199 -0.9978
vn -0.0259 -0.0255 -0.9993
vn 0.2447 -0.0707 -0.9670
vn 0.2242 -0.0634 -0.9725
vn -0.4579 0.0128 -0.8889
vn -0.4921 0.0250 -0.8702
vn -0.7348 0.0418 -0.6770
vn -0.7046 0.0244 -0.7092
vn -0.5330 0.0368 -0.8453
vn -0.7684 0.0569 -0.6374
vn -0.1995 -0.0050 -0.9799
vn -0.2237 -0.0001 -0.9747
vn -0.2551 0.0059 -0.9669
vn -0.5777 0.0476 -0.8149
vn -0.8024 0.0691 -0.5928
vn -0.2906 0.0125 -0.9568
vn -0.0012 -0.0301 -0.9995
vn 0.2498 -0.0742 -0.9655
vn 0.0150 -0.0316 -0.9994
vn 0.2471 -0.0715 -0.9664
vn 0.0256 -0.0307 -0.9992
vn 0.0351 -0.0277 -0.9990
vn 0.2393 -0.0541 -0.9694
vn 0.2423 -0.0645 -0.9681
vn -0.3907 -0.0022 -0.9205
vn -0.6474 -0.0017 -0.7622
vn -0.4053 -0.0016 -0.9142
vn -0.6600 0.0011 -0.7513
vn -0.1534 -0.0048 -0.9882
vn -0.1634 -0.0076 -0.9865
vn -0.4279 0.0031 -0.9038
vn -0.6793 0.0096 -0.7338
vn -0.1790 -0.0078 -0.9838
vn 0.0431 -0.0229 -0.9988
vn 0.2384 -0.0418 -0.9703
vn 0.0499 -0.0167 -0.9986
vn 0.2392 -0.0288 -0.9705
vn 0.0550 -0.0088 -0.9984
vn 0.2403 -0.0149 -0.9706
vn -0.1504 -0.0255 -0.9883
vn -0.1572 -0.0236 -0.9873
vn -0.1630 -0.0242 -0.9863
vn -0.1713 -0.0226 -0.9850
vn -0.1441 -0.0334 -0.9890
vn -0.1573 -0.0318 -0.9870
vn -0.2071 -0.0247 -0.9780
vn -0.3150 -0.0298 -0.9486
vn -0.3218 -0.0272 -0.9464
vn -0.2160 -0.0230 -0.9761
vn -0.2017 -0.0330 -0.9789
vn -0.3127 -0.0399 -0.9490
vn -0.3104 -0.0584 -0.9488
vn -0.2075 -0.0509 -0.9769
vn -0.2451 -0.0854 -0.9657
vn -0.3074 -0.0753 -0.9486
vn -0.1591 -0.0499 -0.9860
vn -0.1819 -0.0911 -0.9791
vn -0.1402 -0.0519 -0.9888
vn -0.1466 -0.0960 -0.9845
vn 0.5560 0.0989 -0.8253
vn 0.3290 0.0485 -0.9431
vn 0.3516 0.0462 -0.9350
vn 0.5691 0.0967 -0.8165
vn 0.1690 0.0097 -0.9856
vn 0.1956 0.0070 -0.9807
vn 0.5416 0.0921 -0.8356
vn 0.3012 0.0414 -0.9527
vn 0.1367 0.0035 -0.9906
vn 0.0547 -0.0207 -0.9983
vn 0.0803 -0.0244 -0.9965
vn 0.0222 -0.0254 -0.9994
vn -0.0122 -0.0312 -0.9994
vn 0.0996 -0.0050 -0.9950
vn 0.2693 0.0310 -0.9626
vn 0.5242 0.0807 -0.8478
vn 0.5870 0.2529 -0.7691
vn 0.3954 0.1385 -0.9080
vn 0.3837 0.2012 -0.9013
vn 0.5656 0.3307 -0.7554
vn 0.2454 0.0498 -0.9682
vn 0.2373 0.0981 -0.9665
vn 0.5972 0.1877 -0.7798
vn 0.4000 0.0867 -0.9124
vn 0.2483 0.0095 -0.9686
vn 0.1269 -0.0194 -0.9917
vn 0.1201 0.0173 -0.9926
vn 0.1298 -0.0505 -0.9903
vn 0.1303 -0.0776 -0.9884
vn 0.1298 -0.1037 -0.9861
vn 0.2480 -0.0243 -0.9685
vn 0.2456 -0.0528 -0.9679
vn 0.3998 0.0443 -0.9155
vn 0.5994 0.1345 -0.7891
vn 0.5986 0.0960 -0.7953
vn 0.3959 0.0125 -0.9182
vn 0.5103 0.4936 -0.7042
vn 0.3570 0.3368 -0.8713
vn 0.3624 0.3615 -0.8591
vn 0.5094 0.5209 -0.6850
vn 0.2209 0.2001 -0.9545
vn 0.2269 0.2176 -0.9493
vn 0.5208 0.4563 -0.7215
vn 0.3595 0.3045 -0.8821
vn 0.2213 0.1765 -0.9591
vn 0.1051 0.0875 -0.9906
vn 0.1087 0.0962 -0.9894
vn 0.1063 0.0733 -0.9916
vn 0.1116 0.0507 -0.9925
vn 0.2272 0.1435 -0.9632
vn 0.3688 0.2604 -0.8923
vn 0.5394 0.4031 -0.7393
vn 0.5279 0.5850 -0.6157
vn 0.3972 0.4312 -0.8101
vn 0.4014 0.4536 -0.7957
vn 0.5282 0.6049 -0.5959
vn 0.2582 0.2725 -0.9269
vn 0.2608 0.2933 -0.9198
vn 0.5224 0.5651 -0.6385
vn 0.3861 0.4076 -0.8275
vn 0.2483 0.2523 -0.9352
vn 0.1262 0.1273 -0.9838
vn 0.1230 0.1427 -0.9821
vn 0.1213 0.1145 -0.9860
vn 0.1150 0.1042 -0.9879
vn 0.2372 0.2340 -0.9429
vn 0.3739 0.3845 -0.8440
vn 0.5151 0.5437 -0.6626
vn 0.7187 0.5940 -0.3614
vn 0.6454 0.4963 -0.5806
vn 0.6791 0.4983 -0.5390
vn 0.7466 0.5801 -0.3256
vn 0.5005 0.3356 -0.7981
vn 0.5307 0.3526 -0.7707
vn 0.6935 0.5932 -0.4090
vn 0.6116 0.4775 -0.6308
vn 0.4677 0.3076 -0.8287
vn 0.2912 0.1302 -0.9478
vn 0.3000 0.1497 -0.9421
vn 0.2783 0.1104 -0.9541
vn 0.2630 0.0924 -0.9604
vn 0.2445 0.0837 -0.9660
vn 0.4342 0.2776 -0.8570
vn 0.3991 0.2553 -0.8806
vn 0.5762 0.4504 -0.6820
vn 0.6685 0.5822 -0.4628
vn 0.6425 0.5696 -0.5125
vn 0.5384 0.4270 -0.7265
vn 0.3287 0.1482 -0.9327
vn 0.3178 0.1629 -0.9341
vn 0.3098 0.1680 -0.9358
vn 0.6293 0.2886 -0.7216
vn 0.6035 0.3229 -0.7290
vn 0.5791 0.3467 -0.7378
vn 0.3039 0.1635 -0.9386
vn 0.5548 0.3576 -0.7512
vn 0.7090 0.4870 -0.5101
vn 0.7779 0.5531 -0.2981
vn 0.7404 0.4601 -0.4900
vn 0.8100 0.5140 -0.2822
vn 0.7718 0.4210 -0.4765
vn 0.8038 0.3714 -0.4647
vn 0.8754 0.4078 -0.2595
vn 0.8429 0.4657 -0.2695
vn 0.3547 0.1349 -0.9252
vn 0.3544 0.1252 -0.9267
vn 0.3496 0.1248 -0.9286
vn 0.6822 0.1716 -0.7108
vn 0.6828 0.1901 -0.7054
vn 0.6729 0.2170 -0.7072
vn 0.3410 0.1328 -0.9306
vn 0.6545 0.2501 -0.7135
vn 0.8321 0.3172 -0.4549
vn 0.9040 0.3453 -0.2519
vn 0.8533 0.2658 -0.4486
vn 0.9262 0.2844 -0.2475
vn 0.8671 0.2198 -0.4471
vn 0.8711 0.1808 -0.4565
vn 0.9507 0.1762 -0.2553
vn 0.9420 0.2275 -0.2468
vn 0.2713 -0.5707 -0.7750
vn 0.3346 -0.1432 -0.9314
vn 0.3340 0.1398 -0.9321
vn 0.4986 -0.5312 -0.6850
vn 0.5907 -0.1263 -0.7970
vn 0.5880 0.1310 -0.7982
vn 0.3345 0.1614 -0.9285
vn 0.3381 0.1640 -0.9267
vn 0.5932 0.1501 -0.7910
vn 0.6067 0.1516 -0.7804
vn 0.8083 0.1237 -0.5756
vn 0.7936 0.1238 -0.5957
vn 0.9184 0.0915 -0.3848
vn 0.9272 0.0909 -0.3635
vn 0.7875 0.1079 -0.6068
vn 0.9149 0.0785 -0.3959
vn 0.7897 -0.1124 -0.6031
vn 0.6954 -0.4745 -0.5398
vn 0.8352 -0.4134 -0.3626
vn 0.9145 -0.1026 -0.3913
vn 0.4559 -0.1122 -0.8829
vn 0.4514 -0.1031 -0.8863
vn 0.4327 -0.0950 -0.8965
vn 0.6147 -0.1506 -0.7742
vn 0.6244 -0.1401 -0.7684
vn 0.6238 -0.1314 -0.7705
vn 0.4045 -0.0919 -0.9099
vn 0.3729 -0.1053 -0.9219
vn 0.6149 -0.1277 -0.7782
vn 0.6011 -0.1402 -0.7868
vn 0.7750 -0.1759 -0.6070
vn 0.7755 -0.1647 -0.6095
vn 0.8852 -0.2003 -0.4198
vn 0.8884 -0.2091 -0.4087
vn 0.7701 -0.1684 -0.6153
vn 0.8760 -0.2047 -0.4366
vn 0.7587 -0.1772 -0.6269
vn 0.7402 -0.1884 -0.6455
vn 0.8425 -0.2260 -0.4891
vn 0.8618 -0.2140 -0.4599
vn 0.4066 -0.0813 -0.9100
vn 0.4175 -0.0982 -0.9034
vn 0.4315 -0.1101 -0.8954
vn 0.5413 -0.1077 -0.8339
vn 0.5556 -0.1304 -0.8212
vn 0.5737 -0.1464 -0.8059
vn 0.4462 -0.1158 -0.8874
vn 0.5952 -0.1544 -0.7886
vn 0.7155 -0.1922 -0.6717
vn 0.8202 -0.2300 -0.5238
vn 0.6926 -0.1822 -0.6980
vn 0.8012 -0.2186 -0.5570
vn 0.6732 -0.1625 -0.7214
vn 0.6601 -0.1344 -0.7391
vn 0.7766 -0.1628 -0.6086
vn 0.7855 -0.1958 -0.5871
vn 0.3998 -0.0217 -0.9164
vn 0.4002 -0.0422 -0.9155
vn 0.5317 -0.0286 -0.8464
vn 0.5325 -0.0557 -0.8446
vn 0.4022 -0.0619 -0.9135
vn 0.5346 -0.0818 -0.8412
vn 0.6541 -0.1023 -0.7495
vn 0.7749 -0.1244 -0.6198
vn 0.6529 -0.0696 -0.7543
vn 0.7765 -0.0851 -0.6243
vn 0.6526 -0.0359 -0.7569
vn 0.7797 -0.0438 -0.6246
vn -0.9871 -0.1602 -0.0000
vn -0.9584 -0.1573 0.2383
vn -0.9586 -0.1849 0.2167
vn -0.9823 -0.1876 -0.0000
vn -0.8487 -0.1446 0.5087
vn -0.8638 -0.1730 0.4733
vn -0.9905 -0.1377 -0.0000
vn -0.9555 -0.1345 0.2627
vn -0.8284 -0.1213 0.5468
vn -0.6700 -0.1225 0.7322
vn -0.6964 -0.1492 0.7020
vn -0.6386 -0.1011 0.7628
vn -0.6065 -0.0834 0.7907
vn -0.5771 -0.0671 0.8139
vn -0.8056 -0.1018 0.5836
vn -0.7839 -0.0841 0.6152
vn -0.9506 -0.1151 0.2885
vn -0.9929 -0.1186 -0.0001
vn -0.9948 -0.1017 -0.0001
vn -0.9452 -0.0975 0.3116
vn 0.9955 0.0941 -0.0066
vn 0.9877 0.0947 0.1240
vn 0.9914 0.0860 0.0988
vn 0.9964 0.0834 -0.0180
vn 0.9513 0.0945 0.2935
vn 0.9685 0.0903 0.2319
vn 0.9942 0.1076 -0.0010
vn 0.9844 0.1071 0.1397
vn 0.9348 0.1027 0.3400
vn 0.8276 0.0862 0.5547
vn 0.9066 0.0986 0.4102
vn 0.7889 0.0883 0.6082
vn 0.7759 0.0963 0.6235
vn 0.7760 0.1126 0.6206
vn 0.9266 0.1161 0.3576
vn 0.9228 0.1358 0.3605
vn 0.9811 0.1231 0.1490
vn 0.9922 0.1245 0.0012
vn 0.9893 0.1460 0.0011
vn 0.9780 0.1443 0.1509
vn -0.3089 -0.3530 0.8832
vn -0.2613 -0.5743 0.7758
vn -0.4590 -0.4939 0.7385
vn -0.4337 -0.2291 0.8714
vn 0.1712 -0.7861 0.5939
vn 0.0202 -0.7653 0.6434
vn -0.2794 -0.5750 0.7690
vn -0.1007 -0.7486 0.6553
vn 0.3343 -0.8303 0.4459
vn 0.7259 -0.6004 0.3355
vn 0.9426 -0.2692 0.1976
vn 0.9195 -0.2653 0.2900
vn 0.6703 -0.6075 0.4261
vn 0.7848 -0.5815 0.2145
vn 0.9577 -0.2660 0.1097
vn 0.9654 -0.2601 0.0204
vn 0.8239 -0.5631 0.0641
vn 0.8270 -0.5489 -0.1213
vn 0.9635 -0.2557 -0.0791
vn 0.4533 -0.8729 0.1804
vn 0.4847 -0.8599 -0.1599
vn 0.0032 -0.9466 0.3224
vn -0.2831 -0.8592 0.4261
vn -0.2760 -0.9511 -0.1386
vn 0.0430 -0.9858 -0.1621
vn 0.9857 0.0419 0.1634
vn 0.9831 0.0566 0.1743
vn 0.9598 0.0558 0.2749
vn 0.9621 0.0400 0.2699
vn 0.9764 0.0713 0.2038
vn 0.9550 0.0726 0.2875
vn 0.9962 0.0419 0.0761
vn 0.9943 0.0553 0.0913
vn 0.9903 0.0681 0.1213
vn 0.9618 0.0835 0.2607
vn 0.9351 0.0933 0.3418
vn 0.9823 0.0790 0.1701
vn 0.9948 0.0760 0.0671
vn 0.9967 0.0735 -0.0339
vn 0.9972 0.0652 0.0371
vn 0.9967 0.0627 -0.0521
vn 0.9985 0.0534 0.0134
vn 0.9991 0.0416 0.0015
vn 0.9960 0.0405 -0.0791
vn 0.9964 0.0516 -0.0678
vn -0.7521 -0.2182 0.6219
vn -0.7441 -0.2074 0.6350
vn -0.7330 -0.1921 0.6525
vn -0.8894 -0.2450 0.3860
vn -0.8867 -0.2340 0.3987
vn -0.8820 -0.2188 0.4173
vn -0.7166 -0.1727 0.6758
vn -0.8746 -0.1987 0.4423
vn -0.9571 -0.2112 0.1982
vn -0.9769 -0.2137 -0.0000
vn -0.9553 -0.2306 0.1848
vn -0.9725 -0.2329 -0.0000
vn -0.9537 -0.2451 0.1745
vn -0.9523 -0.2552 0.1673
vn -0.9664 -0.2570 -0.0000
vn -0.9690 -0.2472 -0.0000
vn -0.7315 -0.4626 0.5008
vn -0.7454 -0.4167 0.5203
vn -0.7496 -0.3819 0.5406
vn -0.8159 -0.4988 0.2923
vn -0.8406 -0.4466 0.3065
vn -0.8557 -0.4060 0.3208
vn -0.7464 -0.3602 0.5596
vn -0.7326 -0.3653 0.5743
vn -0.8620 -0.3803 0.3351
vn -0.8563 -0.3825 0.3470
vn -0.9109 -0.3849 0.1485
vn -0.9115 -0.3854 0.1437
vn -0.9227 -0.3856 -0.0000
vn -0.9230 -0.3847 -0.0000
vn -0.9001 -0.4134 0.1376
vn -0.9102 -0.4142 -0.0000
vn -0.8800 -0.4564 0.1315
vn -0.8499 -0.5118 0.1257
vn -0.8577 -0.5141 -0.0000
vn -0.8890 -0.4579 -0.0000
vn -0.6749 -0.5956 0.4356
vn -0.6828 -0.5744 0.4516
vn -0.6956 -0.5461 0.4667
vn -0.7299 -0.6377 0.2462
vn -0.7425 -0.6183 0.2577
vn -0.7613 -0.5900 0.2687
vn -0.7131 -0.5088 0.4822
vn -0.7863 -0.5507 0.2802
vn -0.8158 -0.5657 0.1201
vn -0.8226 -0.5687 -0.0000
vn -0.7872 -0.6059 0.1148
vn -0.7931 -0.6090 -0.0000
vn -0.7656 -0.6339 0.1094
vn -0.7508 -0.6523 0.1037
vn -0.7555 -0.6552 -0.0000
vn -0.7708 -0.6371 -0.0000
vn -0.6877 -0.6265 0.3668
vn -0.6788 -0.6276 0.3813
vn -0.6743 -0.6213 0.3992
vn -0.7263 -0.6578 0.1996
vn -0.7210 -0.6606 0.2091
vn -0.7206 -0.6573 0.2206
vn -0.6724 -0.6109 0.4180
vn -0.7230 -0.6501 0.2337
vn -0.7420 -0.6633 0.0976
vn -0.7462 -0.6657 -0.0000
vn -0.7376 -0.6691 0.0913
vn -0.7413 -0.6712 -0.0000
vn -0.7363 -0.6712 0.0856
vn -0.7403 -0.6675 0.0805
vn -0.7431 -0.6692 -0.0000
vn -0.7396 -0.6730 -0.0000
vn -0.7738 -0.6097 0.1718
vn -0.7430 -0.6403 0.1950
vn -0.7183 -0.6574 0.2278
vn -0.7862 -0.6116 0.0882
vn -0.7593 -0.6429 0.1005
vn -0.7405 -0.6618 0.1168
vn -0.6986 -0.6646 0.2649
vn -0.6865 -0.6606 0.3038
vn -0.7273 -0.6723 0.1377
vn -0.7223 -0.6729 0.1595
vn -0.7351 -0.6750 0.0633
vn -0.7375 -0.6731 0.0550
vn -0.7398 -0.6728 -0.0000
vn -0.7379 -0.6749 -0.0000
vn -0.7482 -0.6618 0.0468
vn -0.7499 -0.6615 -0.0000
vn -0.7653 -0.6425 0.0397
vn -0.7906 -0.6113 0.0351
vn -0.7916 -0.6111 -0.0000
vn -0.7665 -0.6422 -0.0000
vn -0.9066 -0.4006 0.1323
vn -0.8756 -0.4628 0.1385
vn -0.8424 -0.5186 0.1465
vn -0.9132 -0.4021 0.0660
vn -0.8828 -0.4645 0.0693
vn -0.8508 -0.5204 0.0737
vn -0.8081 -0.5676 0.1576
vn -0.8184 -0.5692 0.0787
vn -0.8216 -0.5692 0.0316
vn -0.8223 -0.5690 -0.0000
vn -0.8534 -0.5204 0.0292
vn -0.8540 -0.5203 -0.0000
vn -0.8851 -0.4646 0.0274
vn -0.9152 -0.4022 0.0260
vn -0.9156 -0.4022 -0.0000
vn -0.8855 -0.4646 -0.0000
vn -0.9790 -0.1571 0.1300
vn -0.9691 -0.2124 0.1251
vn -0.9540 -0.2724 0.1251
vn -0.9845 -0.1628 0.0650
vn -0.9744 -0.2159 0.0624
vn -0.9596 -0.2745 0.0621
vn -0.9333 -0.3357 0.1277
vn -0.9393 -0.3372 0.0634
vn -0.9410 -0.3374 0.0249
vn -0.9414 -0.3374 -0.0000
vn -0.9611 -0.2751 0.0244
vn -0.9614 -0.2752 -0.0000
vn -0.9758 -0.2171 0.0245
vn -0.9860 -0.1650 0.0256
vn -0.9862 -0.1655 -0.0000
vn -0.9761 -0.2174 -0.0000
vn -0.9109 -0.3574 0.2061
vn -0.9626 -0.1625 0.2169
vn -0.9047 -0.1662 0.3923
vn -0.8369 -0.4086 0.3643
vn -0.9736 -0.0510 0.2224
vn -0.9143 -0.0211 0.4045
vn -0.9367 -0.3333 0.1070
vn -0.9806 -0.1612 0.1114
vn -0.9913 -0.0658 0.1140
vn -0.9758 -0.0426 0.2143
vn -0.9788 -0.0429 0.2001
vn -0.9193 -0.0108 0.3934
vn -0.9924 -0.0580 0.1086
vn -0.9931 -0.0577 0.1018
vn -0.9971 -0.0641 0.0399
vn -0.9970 -0.0649 0.0432
vn -0.9978 -0.0667 -0.0000
vn -0.9978 -0.0659 -0.0000
vn -0.9964 -0.0719 0.0451
vn -0.9973 -0.0737 -0.0000
vn -0.9858 -0.1618 0.0446
vn -0.9451 -0.3239 0.0429
vn -0.9469 -0.3215 -0.0000
vn -0.9868 -0.1620 -0.0000
vn -0.9387 0.0840 0.3343
vn -0.9494 0.0886 0.3013
vn -0.9573 0.0914 0.2741
vn -0.9785 0.0814 0.1897
vn -0.9823 0.0870 0.1661
vn -0.9848 0.0906 0.1479
vn -0.9631 0.0911 0.2532
vn -0.9672 0.0839 0.2396
vn -0.9867 0.0910 0.1347
vn -0.9885 0.0834 0.1258
vn -0.9953 0.0823 0.0513
vn -0.9944 0.0894 0.0559
vn -0.9961 0.0885 -0.0000
vn -0.9967 0.0816 -0.0000
vn -0.9941 0.0884 0.0628
vn -0.9962 0.0873 -0.0000
vn -0.9938 0.0842 0.0721
vn -0.9934 0.0779 0.0843
vn -0.9971 0.0764 -0.0000
vn -0.9966 0.0828 0.0004
vn -0.8719 0.0279 0.4889
vn -0.8884 0.0472 0.4566
vn -0.9066 0.0633 0.4172
vn -0.9541 0.0274 0.2983
vn -0.9600 0.0459 0.2762
vn -0.9668 0.0609 0.2484
vn -0.9238 0.0755 0.3754
vn -0.9733 0.0730 0.2178
vn -0.9927 0.0693 0.0992
vn -0.9977 0.0676 0.0008
vn -0.9917 0.0578 0.1150
vn -0.9984 0.0567 -0.0000
vn -0.9907 0.0439 0.1285
vn -0.9897 0.0258 0.1407
vn -0.9997 0.0255 -0.0000
vn -0.9991 0.0428 -0.0000
vn -0.8421 -0.0031 0.5393
vn -0.8483 0.0006 0.5295
vn -0.9438 -0.0035 0.3306
vn -0.9458 -0.0000 0.3248
vn -0.8584 0.0107 0.5129
vn -0.9490 0.0101 0.3150
vn -0.9890 0.0095 0.1479
vn -1.0000 0.0095 -0.0000
vn -1.0000 -0.0001 -0.0000
vn -0.9883 -0.0032 0.1528
vn -1.0000 -0.0032 -0.0000
vn -0.5395 -0.0382 0.8411
vn -0.5424 -0.0438 0.8390
vn -0.3581 -0.0319 0.9332
vn -0.5464 -0.0594 0.8354
vn -0.3570 -0.0427 0.9331
vn -0.7593 -0.0515 0.6486
vn -0.7672 -0.0601 0.6386
vn -0.7782 -0.0842 0.6224
vn -0.5381 -0.0868 0.8384
vn -0.4850 -0.1258 0.8654
vn -0.3521 -0.0819 0.9324
vn -0.3563 -0.0616 0.9323
vn -0.7711 -0.1320 0.6229
vn -0.7157 -0.2074 0.6669
vn -0.9036 -0.2876 0.3173
vn -0.9424 -0.1686 0.2888
vn -0.9841 -0.1775 -0.0004
vn -0.9523 -0.3050 -0.0076
vn -0.9483 -0.1048 0.2997
vn -0.9938 -0.1115 0.0006
vn -0.9441 -0.0742 0.3211
vn -0.9400 -0.0629 0.3354
vn -0.9969 -0.0789 -0.0001
vn -0.4130 -0.1661 0.8955
vn -0.3166 -0.0948 0.9438
vn -0.3466 -0.2034 0.9157
vn -0.2869 -0.1081 0.9518
vn -0.6106 -0.2958 0.7346
vn -0.4811 -0.3757 0.7921
vn -0.3085 -0.2526 0.9171
vn -0.3122 -0.1324 0.9407
vn -0.3675 -0.4614 0.8075
vn -0.4739 -0.7484 0.4640
vn -0.5099 -0.8539 -0.1046
vn -0.6602 -0.6047 0.4454
vn -0.7234 -0.6873 -0.0652
vn -0.8096 -0.4442 0.3837
vn -0.8724 -0.4879 -0.0289
vn 0.7763 0.1291 0.6170
vn 0.7777 0.1405 0.6127
vn 0.9191 0.1548 0.3622
vn 0.9166 0.1675 0.3631
vn 0.7798 0.1466 0.6086
vn 0.7833 0.1434 0.6049
vn 0.9151 0.1745 0.3635
vn 0.9157 0.1714 0.3634
vn 0.9709 0.1829 0.1546
vn 0.9705 0.1856 0.1541
vn 0.9822 0.1880 -0.0000
vn 0.9827 0.1854 -0.0000
vn 0.9720 0.1781 0.1533
vn 0.9836 0.1803 0.0002
vn 0.9745 0.1645 0.1523
vn 0.9860 0.1665 0.0007
vn 0.7915 0.1824 0.5833
vn 0.7887 0.2249 0.5722
vn 0.7782 0.2851 0.5596
vn 0.9058 0.2398 0.3493
vn 0.8974 0.2820 0.3393
vn 0.8796 0.3442 0.3284
vn 0.7574 0.3591 0.5453
vn 0.7222 0.4462 0.5285
vn 0.8500 0.4207 0.3172
vn 0.8043 0.5101 0.3048
vn 0.8348 0.5358 0.1267
vn 0.8850 0.4464 0.1322
vn 0.8919 0.4523 -0.0000
vn 0.8407 0.5415 -0.0000
vn 0.9189 0.3698 0.1375
vn 0.9267 0.3758 -0.0000
vn 0.9405 0.3080 0.1437
vn 0.9524 0.2665 0.1482
vn 0.9620 0.2730 0.0005
vn 0.9494 0.3140 -0.0000
vn 0.6809 0.5253 0.5103
vn 0.6487 0.5802 0.4925
vn 0.7528 0.5902 0.2916
vn 0.7122 0.6442 0.2788
vn 0.6284 0.6182 0.4722
vn 0.6180 0.6426 0.4530
vn 0.6839 0.6791 0.2665
vn 0.6673 0.7005 0.2528
vn 0.6842 0.7218 0.1044
vn 0.7036 0.7020 0.1101
vn 0.7072 0.7070 0.0005
vn 0.6874 0.7263 -0.0000
vn 0.7347 0.6684 0.1160
vn 0.7392 0.6735 -0.0000
vn 0.7789 0.6153 0.1211
vn 0.7840 0.6208 -0.0000
vn 0.6149 0.6603 0.4313
vn 0.6138 0.6748 0.4097
vn 0.6583 0.7139 0.2389
vn 0.6522 0.7239 0.2249
vn 0.6123 0.6878 0.3898
vn 0.6082 0.7010 0.3724
vn 0.6466 0.7327 0.2122
vn 0.6386 0.7426 0.2019
vn 0.6481 0.7571 0.0820
vn 0.6575 0.7485 0.0863
vn 0.6594 0.7518 -0.0000
vn 0.6498 0.7601 -0.0000
vn 0.6646 0.7415 0.0919
vn 0.6669 0.7452 -0.0000
vn 0.6727 0.7333 0.0981
vn 0.6754 0.7374 -0.0000
vn 0.6905 0.6563 0.3041
vn 0.7074 0.6551 0.2654
vn 0.7238 0.6515 0.2274
vn 0.7049 0.6909 0.1605
vn 0.7165 0.6837 0.1386
vn 0.7300 0.6733 0.1174
vn 0.7433 0.6396 0.1960
vn 0.7689 0.6152 0.1739
vn 0.7480 0.6561 0.1000
vn 0.7734 0.6277 0.0882
vn 0.7740 0.6322 0.0351
vn 0.7484 0.6621 0.0401
vn 0.7482 0.6635 -0.0000
vn 0.7740 0.6332 -0.0000
vn 0.7305 0.6813 0.0468
vn 0.7303 0.6831 -0.0000
vn 0.7177 0.6942 0.0551
vn 0.7081 0.7031 0.0644
vn 0.7088 0.7054 -0.0000
vn 0.7175 0.6965 -0.0000
vn 0.8000 0.5794 0.1560
vn 0.8321 0.5349 0.1467
vn 0.8045 0.5885 0.0796
vn 0.8372 0.5418 0.0737
vn 0.8652 0.4819 0.1388
vn 0.8975 0.4205 0.1326
vn 0.8705 0.4872 0.0694
vn 0.9030 0.4246 0.0660
vn 0.9043 0.4260 0.0260
vn 0.8718 0.4891 0.0274
vn 0.8720 0.4895 -0.0000
vn 0.9046 0.4264 -0.0000
vn 0.8384 0.5443 0.0292
vn 0.8385 0.5449 -0.0000
vn 0.8054 0.5918 0.0317
vn 0.8055 0.5926 -0.0000
vn 0.9262 0.3547 0.1280
vn 0.9489 0.2896 0.1254
vn 0.9318 0.3575 0.0632
vn 0.9548 0.2908 0.0622
vn 0.9657 0.2272 0.1259
vn 0.9769 0.1694 0.1301
vn 0.9721 0.2261 0.0619
vn 0.9840 0.1658 0.0648
vn 0.9861 0.1641 0.0256
vn 0.9739 0.2257 0.0245
vn 0.9742 0.2255 -0.0000
vn 0.9865 0.1636 -0.0000
vn 0.9564 0.2911 0.0244
vn 0.9567 0.2912 -0.0000
vn 0.9332 0.3586 0.0250
vn 0.9334 0.3588 -0.0000
vn 0.9821 0.1235 0.1421
vn 0.9832 0.0915 0.1581
vn 0.9906 0.1166 0.0710
vn 0.9934 0.0821 0.0798
vn 0.9812 0.0717 0.1789
vn 0.9776 0.0654 0.2002
vn 0.9941 0.0594 0.0909
vn 0.9934 0.0512 0.1025
vn 0.9982 0.0446 0.0407
vn 0.9979 0.0537 0.0361
vn 0.9986 0.0521 -0.0000
vn 0.9991 0.0428 -0.0000
vn 0.9965 0.0776 0.0315
vn 0.9971 0.0764 -0.0000
vn 0.9932 0.1135 0.0279
vn 0.9936 0.1126 -0.0000
vn 0.9682 -0.2501 -0.0000
vn 0.9672 -0.2483 0.0542
vn 0.9665 -0.2516 0.0505
vn 0.9674 -0.2532 -0.0000
vn 0.9611 -0.2414 0.1344
vn 0.9615 -0.2447 0.1251
vn 0.9661 -0.2580 -0.0000
vn 0.9648 -0.2560 0.0596
vn 0.9574 -0.2485 0.1469
vn 0.9408 -0.2267 0.2521
vn 0.9435 -0.2309 0.2377
vn 0.9345 -0.2325 0.2695
vn 0.9240 -0.2430 0.2952
vn 0.9099 -0.2597 0.3233
vn 0.9516 -0.2602 0.1638
vn 0.9430 -0.2775 0.1838
vn 0.9610 -0.2684 0.0672
vn 0.9627 -0.2706 -0.0000
vn 0.9582 -0.2862 -0.0000
vn 0.9555 -0.2848 0.0766
vn 0.8962 -0.2612 0.3587
vn 0.8856 -0.2495 0.3917
vn 0.9367 -0.2809 0.2091
vn 0.9344 -0.2695 0.2330
vn 0.8789 -0.2243 0.4210
vn 0.8781 -0.1870 0.4404
vn 0.9365 -0.2438 0.2521
vn 0.9426 -0.2033 0.2647
vn 0.9712 -0.2104 0.1118
vn 0.9616 -0.2525 0.1077
vn 0.9670 -0.2546 -0.0000
vn 0.9773 -0.2121 -0.0000
vn 0.9551 -0.2790 0.0997
vn 0.9596 -0.2814 -0.0000
vn 0.9528 -0.2903 0.0885
vn 0.9562 -0.2928 -0.0000
vn 0.8828 -0.1435 0.4472
vn 0.8898 -0.0986 0.4456
vn 0.9522 -0.1560 0.2624
vn 0.9610 -0.1065 0.2551
vn 0.8956 -0.0508 0.4420
vn 0.9677 -0.0546 0.2463
vn 0.9946 -0.0553 0.0879
vn 0.9985 -0.0551 -0.0000
vn 0.9894 -0.1087 0.0967
vn 0.9941 -0.1084 0.0006
vn 0.9813 -0.1602 0.1064
vn 0.9870 -0.1608 0.0006
vn -0.0690 -0.1773 0.9817
vn 0.0288 -0.1426 0.9894
vn -0.0804 -0.1305 0.9882
vn 0.0162 -0.1011 0.9947
vn -0.1824 -0.2134 0.9598
vn -0.1938 -0.1611 0.9677
vn -0.0945 -0.0901 0.9914
vn 0.0016 -0.0638 0.9980
vn -0.2047 -0.1184 0.9716
vn -0.3486 -0.1525 0.9248
vn -0.5492 -0.1970 0.8121
vn -0.3404 -0.1975 0.9193
vn -0.5431 -0.2440 0.8034
vn -0.3302 -0.2542 0.9090
vn -0.5334 -0.3039 0.7893
vn 0.3928 -0.0021 0.9196
vn 0.5974 0.0734 0.7986
vn 0.3818 0.0127 0.9242
vn 0.5902 0.0713 0.8041
vn 0.2416 -0.0592 0.9686
vn 0.2294 -0.0328 0.9728
vn 0.3668 0.0356 0.9296
vn 0.5795 0.0859 0.8104
vn 0.2125 -0.0038 0.9771
vn 0.0970 -0.0360 0.9946
vn 0.1137 -0.0696 0.9911
vn 0.1260 -0.1042 0.9865
vn 0.9629 0.2236 0.1511
vn 0.9734 0.2293 -0.0000
vn 0.9711 0.1832 0.1530
vn 0.9823 0.1874 -0.0000
vn 0.9134 0.1999 0.3547
vn 0.9185 0.1661 0.3588
vn 0.9724 0.1751 0.1544
vn 0.9840 0.1780 -0.0000
vn 0.9179 0.1624 0.3621
vn 0.7883 0.1330 0.6007
vn 0.7930 0.1290 0.5954
vn 0.7937 0.1493 0.5897
vn 0.1260 -0.1042 -0.9865
vn 0.0278 -0.1425 -0.9894
vn 0.1129 -0.0694 -0.9912
vn 0.0152 -0.1007 -0.9948
vn 0.2416 -0.0592 -0.9686
vn 0.2290 -0.0327 -0.9729
vn 0.0977 -0.0356 -0.9946
vn -0.0000 -0.0638 -0.9980
vn 0.2138 -0.0033 -0.9769
vn 0.3677 0.0359 -0.9292
vn 0.5804 0.0859 -0.8098
vn 0.3818 0.0128 -0.9242
vn 0.5914 0.0719 -0.8032
vn 0.3928 -0.0020 -0.9196
vn 0.5987 0.0741 -0.7976
vn -0.3311 -0.2538 -0.9088
vn -0.5318 -0.3027 -0.7910
vn -0.3404 -0.1974 -0.9193
vn -0.5420 -0.2436 -0.8043
vn -0.1831 -0.2129 -0.9597
vn -0.1937 -0.1610 -0.9678
vn -0.3486 -0.1524 -0.9248
vn -0.5485 -0.1967 -0.8127
vn -0.2046 -0.1184 -0.9717
vn -0.0945 -0.0901 -0.9914
vn -0.0812 -0.1301 -0.9882
vn -0.0695 -0.1775 -0.9817
vn -0.9110 -0.3846 -0.1492
vn -0.9170 -0.3681 -0.1538
vn -0.9297 -0.3684 -0.0000
vn -0.9365 -0.3129 -0.1581
vn -0.9496 -0.3134 -0.0000
vn -0.8571 -0.3800 -0.3477
vn -0.8604 -0.3633 -0.3575
vn -0.8781 -0.3062 -0.3676
vn -0.9487 -0.2712 -0.1625
vn -0.9523 -0.2552 -0.1674
vn -0.9622 -0.2725 -0.0000
vn -0.8885 -0.2624 -0.3765
vn -0.8896 -0.2450 -0.3854
vn -0.7517 -0.2193 -0.6219
vn -0.7533 -0.2383 -0.6130
vn -0.7459 -0.2841 -0.6024
vn -0.7319 -0.3439 -0.5882
vn -0.7346 -0.3626 -0.5735
vn -0.4602 -0.4247 0.7797
vn -0.6048 -0.5505 0.5754
vn -0.4456 -0.4516 0.7730
vn -0.5973 -0.5692 0.5650
vn -0.3008 -0.2811 0.9113
vn -0.2777 -0.3118 0.9086
vn -0.4331 -0.4844 0.7601
vn -0.5899 -0.5933 0.5477
vn -0.2560 -0.3471 0.9022
vn -0.0850 -0.2019 0.9757
vn 0.0703 -0.0583 0.9958
vn -0.1179 -0.1688 0.9786
vn 0.0305 -0.0274 0.9992
vn -0.1477 -0.1375 0.9794
vn -0.0064 0.0018 1.0000
vn -0.7455 -0.6619 0.0776
vn -0.7483 -0.6633 -0.0000
vn -0.7447 -0.6632 0.0744
vn -0.7477 -0.6640 -0.0000
vn -0.7323 -0.6534 0.1919
vn -0.7307 -0.6572 0.1848
vn -0.7394 -0.6697 0.0700
vn -0.7425 -0.6699 -0.0000
vn -0.7252 -0.6660 0.1747
vn -0.6851 -0.6488 0.3312
vn -0.6915 -0.6344 0.3454
vn -0.6944 -0.6250 0.3566
vn -0.1477 -0.1375 -0.9794
vn -0.0065 0.0018 -1.0000
vn -0.1179 -0.1688 -0.9786
vn 0.0305 -0.0275 -0.9992
vn -0.3008 -0.2811 -0.9113
vn -0.2789 -0.3119 -0.9082
vn -0.0863 -0.2024 -0.9755
vn 0.0695 -0.0588 -0.9958
vn -0.2573 -0.3473 -0.9018
vn -0.4340 -0.4842 -0.7597
vn -0.5884 -0.5924 -0.5503
vn -0.4470 -0.4517 -0.7721
vn -0.5964 -0.5682 -0.5670
vn -0.4602 -0.4246 -0.7797
vn -0.6040 -0.5500 -0.5768
vn 0.4111 0.4615 -0.7861
vn 0.5364 0.6109 -0.5823
vn 0.4558 0.4393 -0.7741
vn 0.5743 0.5896 -0.5680
vn 0.2705 0.2993 -0.9150
vn 0.3161 0.2748 -0.9081
vn 0.5052 0.4182 -0.7549
vn 0.6163 0.5677 -0.5458
vn 0.3660 0.2514 -0.8960
vn 0.2180 0.0898 -0.9718
vn 0.1725 0.1174 -0.9780
vn 0.1302 0.1446 -0.9809
vn 0.6480 0.7572 -0.0815
vn 0.6480 0.7576 -0.0787
vn 0.6495 0.7604 -0.0000
vn 0.6701 0.7384 -0.0754
vn 0.6710 0.7415 -0.0000
vn 0.6381 0.7432 -0.2011
vn 0.6393 0.7439 -0.1948
vn 0.6639 0.7241 -0.1869
vn 0.6959 0.7147 -0.0706
vn 0.7088 0.7025 -0.0636
vn 0.6961 0.7179 -0.0000
vn 0.6918 0.7002 -0.1766
vn 0.7064 0.6895 -0.1598
vn 0.6930 0.6539 -0.3034
vn 0.6738 0.6604 -0.3316
vn 0.6406 0.6837 -0.3495
vn 0.6106 0.7045 -0.3617
vn 0.6064 0.7017 -0.3741
vn 0.1302 0.1446 0.9809
vn 0.1729 0.1181 0.9778
vn 0.2708 0.2995 0.9149
vn 0.3167 0.2760 0.9075
vn 0.2189 0.0909 0.9715
vn 0.3668 0.2524 0.8954
vn 0.5053 0.4192 0.7543
vn 0.6150 0.5665 0.5484
vn 0.4555 0.4400 0.7739
vn 0.5729 0.5886 0.5703
vn 0.4111 0.4615 0.7861
vn 0.5352 0.6101 0.5842
vn -0.2147 -0.0775 0.9736
vn 0.0796 -0.1152 0.9902
vn -0.2241 -0.1936 0.9551
vn 0.0632 -0.2300 0.9711
vn -0.5152 -0.0324 0.8564
vn -0.5187 -0.1420 0.8431
vn -0.2087 -0.5011 0.8398
vn -0.1950 -0.5796 0.7913
vn 0.0439 -0.5863 0.8089
vn 0.0419 -0.5250 0.8501
vn -0.4751 -0.4531 0.7543
vn -0.4509 -0.5436 0.7080
vn -0.6793 -0.4802 0.5550
vn -0.7073 -0.3850 0.5928
vn -0.8650 -0.3122 0.3928
vn -0.7598 -0.0847 0.6447
vn -0.9090 -0.0366 0.4151
vn -0.7582 0.0108 0.6519
vn -0.9067 0.0418 0.4197
vn 0.7688 -0.2078 0.6048
vn 0.8859 -0.2351 0.3999
vn 0.7522 -0.2809 0.5961
vn 0.8726 -0.2909 0.3923
vn 0.5856 -0.1774 0.7910
vn 0.5650 -0.2683 0.7803
vn 0.6817 -0.4809 0.5514
vn 0.6952 -0.4751 0.5394
vn 0.8351 -0.4136 0.3626
vn 0.8147 -0.4440 0.3731
vn 0.4952 -0.5104 0.7030
vn 0.4987 -0.5312 0.6850
vn 0.2715 -0.5707 0.7750
vn 0.2736 -0.5261 0.8052
vn 0.3251 -0.2518 0.9116
vn 0.3474 -0.1465 0.9262
vn 0.9623 -0.2677 0.0482
vn 0.9632 -0.2689 -0.0000
vn 0.9523 -0.3016 0.0467
vn 0.9532 -0.3023 -0.0000
vn 0.9572 -0.2631 0.1203
vn 0.9469 -0.2996 0.1169
vn 0.9209 -0.3872 0.0456
vn 0.9405 -0.3370 0.0446
vn 0.9424 -0.3344 -0.0000
vn 0.9231 -0.3845 -0.0000
vn 0.9118 -0.3947 0.1137
vn 0.9316 -0.3462 0.1107
vn 0.9053 -0.3690 0.2104
vn 0.8852 -0.4117 0.2166
vn 0.9284 -0.2968 0.2237
vn 0.9398 -0.2536 0.2291
vn 0.3504 -0.1479 -0.9248
vn 0.0792 -0.1166 -0.9900
vn 0.3268 -0.2535 -0.9105
vn 0.0616 -0.2311 -0.9710
vn 0.5870 -0.1781 -0.7898
vn 0.5659 -0.2695 -0.7792
vn 0.2741 -0.5264 -0.8048
vn 0.0412 -0.5263 -0.8493
vn 0.4952 -0.5113 -0.7024
vn 0.6821 -0.4809 -0.5509
vn 0.8146 -0.4442 -0.3729
vn 0.7530 -0.2811 -0.5950
vn 0.8726 -0.2910 -0.3922
vn 0.7699 -0.2079 -0.6034
vn 0.8859 -0.2351 -0.3998
vn -0.7583 0.0097 -0.6518
vn -0.9076 0.0417 -0.4178
vn -0.7592 -0.0854 -0.6452
vn -0.9093 -0.0367 -0.4146
vn -0.5155 -0.0337 -0.8562
vn -0.5177 -0.1428 -0.8436
vn -0.7070 -0.3855 -0.5929
vn -0.8649 -0.3126 -0.3926
vn -0.4752 -0.4531 -0.7543
vn -0.2087 -0.5020 -0.8393
vn -0.2244 -0.1953 -0.9547
vn -0.2151 -0.0790 -0.9734
vn -0.9953 0.0823 -0.0513
vn -0.9969 0.0617 -0.0486
vn -0.9981 0.0614 -0.0000
vn -0.9989 0.0056 -0.0474
vn -1.0000 0.0059 -0.0000
vn -0.9885 0.0833 -0.1258
vn -0.9909 0.0613 -0.1199
vn -0.9930 0.0028 -0.1183
vn -0.9739 -0.2222 -0.0460
vn -0.9451 -0.3239 -0.0429
vn -0.9755 -0.2199 -0.0000
vn -0.9658 -0.2324 -0.1150
vn -0.9366 -0.3337 -0.1068
vn -0.9109 -0.3574 -0.2061
vn -0.9400 -0.2591 -0.2220
vn -0.9732 -0.0082 -0.2298
vn -0.9709 0.0574 -0.2323
vn -0.9675 0.0816 -0.2395
vn -0.1227 -0.0258 0.9921
vn 0.1592 -0.0172 0.9871
vn -0.1128 -0.0400 0.9928
vn 0.1666 -0.0348 0.9854
vn -0.3010 -0.0303 0.9532
vn -0.2940 -0.0430 0.9548
vn -0.0963 -0.0675 0.9931
vn -0.0276 -0.1226 0.9921
vn 0.1616 -0.0959 0.9822
vn 0.1688 -0.0639 0.9836
vn -0.2873 -0.0708 0.9552
vn -0.2779 -0.1391 0.9505
vn -0.4686 -0.1156 0.8758
vn -0.4326 -0.0687 0.8989
vn -0.5513 -0.0708 0.8313
vn -0.5479 -0.0943 0.8312
vn -0.4294 -0.0457 0.9019
vn -0.5497 -0.0503 0.8338
vn -0.4313 -0.0335 0.9016
vn -0.5470 -0.0374 0.8363
vn -0.2952 -0.0304 0.9550
vn -0.4114 -0.0368 0.9107
vn -0.2931 -0.0405 0.9552
vn -0.4171 -0.0511 0.9074
vn -0.2501 -0.0271 0.9679
vn -0.2477 -0.0359 0.9682
vn -0.2954 -0.0625 0.9533
vn -0.4248 -0.0838 0.9014
vn -0.2531 -0.0556 0.9658
vn -0.2686 -0.0547 0.9617
vn -0.2598 -0.0356 0.9650
vn -0.2613 -0.0267 0.9649
vn 0.3760 0.0137 -0.9265
vn 0.0713 -0.0123 -0.9974
vn -0.0827 -0.0262 -0.9962
vn 0.3576 0.0088 -0.9338
vn 0.0543 -0.0132 -0.9984
vn -0.0929 -0.0243 -0.9954
vn -0.1524 -0.0331 -0.9878
vn -0.1718 -0.0352 -0.9845
vn -0.1582 -0.0293 -0.9870
vn -0.1708 -0.0303 -0.9848
vn -0.1680 -0.0267 -0.9854
vn -0.1598 -0.0266 -0.9868
vn -0.0996 -0.0231 -0.9948
vn 0.0423 -0.0142 -0.9990
vn 0.3399 0.0042 -0.9404
vn -0.1781 -0.0352 -0.9834
vn -0.2033 -0.0356 -0.9785
vn -0.1714 -0.0295 -0.9848
vn -0.1916 -0.0292 -0.9810
vn -0.2562 -0.0375 -0.9659
vn -0.3679 -0.0438 -0.9288
vn -0.2408 -0.0303 -0.9701
vn -0.3486 -0.0353 -0.9366
vn -0.3337 -0.0295 -0.9422
vn -0.2268 -0.0252 -0.9736
vn -0.1809 -0.0246 -0.9832
vn -0.1643 -0.0254 -0.9861
vn 0.9822 -0.0948 0.1625
vn 0.9608 -0.0933 0.2612
vn 0.9875 -0.0187 0.1565
vn 0.9646 -0.0194 0.2630
vn 0.9923 -0.0935 0.0812
vn 0.9971 -0.0173 0.0737
vn 0.9873 0.0207 0.1577
vn 0.9634 0.0189 0.2673
vn 0.9971 0.0218 0.0724
vn 0.9997 0.0224 -0.0034
vn 0.9968 0.0231 -0.0771
vn 0.9999 -0.0156 0.0012
vn 0.9975 -0.0137 -0.0696
vn 0.9958 -0.0909 0.0083
vn 0.9939 -0.0883 -0.0663
vn -0.5566 -0.0557 0.8289
vn -0.5446 -0.0458 0.8375
vn -0.7678 -0.0707 0.6368
vn -0.7583 -0.0593 0.6493
vn -0.5393 -0.0396 0.8412
vn -0.7564 -0.0523 0.6520
vn -0.9377 -0.0633 0.3417
vn -0.9978 -0.0669 -0.0001
vn -0.9379 -0.0708 0.3395
vn -0.9972 -0.0743 -0.0001
vn -0.9407 -0.0830 0.3289
vn -0.9962 -0.0866 -0.0001
vn -0.9586 -0.1849 -0.2165
vn -0.9586 -0.1572 -0.2376
vn -0.9559 -0.1345 -0.2612
vn -0.8642 -0.1722 -0.4728
vn -0.8497 -0.1446 -0.5071
vn -0.8301 -0.1215 -0.5441
vn -0.9514 -0.1152 -0.2856
vn -0.9454 -0.0980 -0.3108
vn -0.8075 -0.1021 -0.5809
vn -0.7848 -0.0852 -0.6138
vn -0.5735 -0.0682 -0.8164
vn -0.6063 -0.0836 -0.7908
vn -0.6401 -0.1016 -0.7615
vn -0.6709 -0.1226 -0.7314
vn -0.6971 -0.1479 -0.7016
vn 0.9835 0.0808 -0.1617
vn 0.9838 0.0920 -0.1540
vn 0.9830 0.1057 -0.1504
vn 0.9188 0.0728 -0.3880
vn 0.9220 0.0839 -0.3781
vn 0.9237 0.0976 -0.3704
vn 0.9811 0.1227 -0.1497
vn 0.9781 0.1441 -0.1503
vn 0.9233 0.1140 -0.3667
vn 0.9215 0.1348 -0.3643
vn 0.7712 0.1098 -0.6270
vn 0.7651 0.0907 -0.6375
vn 0.7567 0.0755 -0.6493
vn 0.7454 0.0630 -0.6636
vn 0.7327 0.0529 -0.6785
vn -0.0950 -0.2257 -0.9696
vn -0.1379 -0.1979 -0.9705
vn -0.0437 -0.4380 -0.8979
vn -0.1602 -0.3894 -0.9070
vn 0.0473 -0.2462 -0.9681
vn 0.2171 -0.4613 -0.8603
vn 0.0166 -0.7734 -0.6337
vn -0.2244 -0.7242 -0.6521
vn 0.3981 -0.7243 -0.5629
vn 0.7466 -0.5127 -0.4239
vn 0.9273 -0.2565 -0.2725
vn 0.5427 -0.3734 -0.7523
vn 0.7698 -0.2168 -0.6003
vn 0.2807 -0.2187 -0.9346
vn 0.4927 -0.1468 -0.8577
vn 0.9781 0.0393 -0.2045
vn 0.9787 0.0488 -0.1996
vn 0.9804 0.0594 -0.1880
vn 0.9014 0.0343 -0.4317
vn 0.9041 0.0425 -0.4251
vn 0.9091 0.0522 -0.4132
vn 0.9822 0.0703 -0.1743
vn 0.9142 0.0625 -0.4003
vn 0.7193 0.0439 -0.6934
vn 0.7063 0.0353 -0.7070
vn 0.6945 0.0274 -0.7190
vn 0.6852 0.0209 -0.7280
vn -0.9537 -0.2451 -0.1745
vn -0.9553 -0.2306 -0.1848
vn -0.8869 -0.2339 -0.3984
vn -0.8820 -0.2187 -0.4173
vn -0.9570 -0.2112 -0.1987
vn -0.8744 -0.1987 -0.4427
vn -0.7175 -0.1727 -0.6748
vn -0.7322 -0.1920 -0.6535
vn -0.7434 -0.2072 -0.6359
vn -0.8499 -0.5118 -0.1257
vn -0.8800 -0.4564 -0.1315
vn -0.9001 -0.4134 -0.1376
vn -0.8156 -0.4990 -0.2929
vn -0.8406 -0.4466 -0.3066
vn -0.8555 -0.4060 -0.3215
vn -0.9115 -0.3854 -0.1437
vn -0.8619 -0.3799 -0.3359
vn -0.7458 -0.3597 -0.5608
vn -0.7496 -0.3818 -0.5406
vn -0.7453 -0.4163 -0.5208
vn -0.7316 -0.4626 -0.5008
vn -0.7508 -0.6523 -0.1037
vn -0.7656 -0.6339 -0.1095
vn -0.7872 -0.6059 -0.1148
vn -0.7298 -0.6375 -0.2471
vn -0.7425 -0.6183 -0.2577
vn -0.7613 -0.5900 -0.2688
vn -0.8158 -0.5657 -0.1201
vn -0.7863 -0.5507 -0.2802
vn -0.7127 -0.5091 -0.4826
vn -0.6957 -0.5461 -0.4667
vn -0.6827 -0.5744 -0.4516
vn -0.6746 -0.5952 -0.4366
vn -0.7401 -0.6676 -0.0811
vn -0.7363 -0.6712 -0.0856
vn -0.7376 -0.6691 -0.0913
vn -0.7263 -0.6578 -0.1996
vn -0.7211 -0.6607 -0.2086
vn -0.7205 -0.6573 -0.2209
vn -0.7420 -0.6633 -0.0976
vn -0.7230 -0.6501 -0.2337
vn -0.6724 -0.6108 -0.4181
vn -0.6743 -0.6212 -0.3993
vn -0.6786 -0.6275 -0.3816
vn -0.6863 -0.6281 -0.3669
vn -0.7906 -0.6113 -0.0351
vn -0.7652 -0.6426 -0.0400
vn -0.7482 -0.6618 -0.0468
vn -0.7862 -0.6116 -0.0882
vn -0.7593 -0.6429 -0.1005
vn -0.7404 -0.6618 -0.1173
vn -0.7375 -0.6731 -0.0550
vn -0.7351 -0.6750 -0.0633
vn -0.7273 -0.6723 -0.1377
vn -0.7225 -0.6730 -0.1584
vn -0.6886 -0.6582 -0.3043
vn -0.6984 -0.6646 -0.2655
vn -0.7183 -0.6574 -0.2278
vn -0.7426 -0.6405 -0.1959
vn -0.7735 -0.6100 -0.1722
vn -0.9152 -0.4022 -0.0260
vn -0.8851 -0.4646 -0.0274
vn -0.8534 -0.5204 -0.0292
vn -0.9132 -0.4021 -0.0660
vn -0.8828 -0.4647 -0.0690
vn -0.8508 -0.5204 -0.0737
vn -0.8216 -0.5692 -0.0316
vn -0.8182 -0.5693 -0.0796
vn -0.8081 -0.5676 -0.1576
vn -0.8424 -0.5186 -0.1465
vn -0.8756 -0.4628 -0.1385
vn -0.9066 -0.4006 -0.1323
vn -0.9860 -0.1650 -0.0256
vn -0.9758 -0.2171 -0.0245
vn -0.9611 -0.2751 -0.0244
vn -0.9845 -0.1628 -0.0650
vn -0.9744 -0.2161 -0.0618
vn -0.9596 -0.2745 -0.0621
vn -0.9410 -0.3374 -0.0249
vn -0.9393 -0.3372 -0.0634
vn -0.9333 -0.3357 -0.1277
vn -0.9540 -0.2726 -0.1246
vn -0.9690 -0.2125 -0.1257
vn -0.9790 -0.1577 -0.1295
vn -0.9858 -0.1618 -0.0446
vn -0.9964 -0.0719 -0.0451
vn -0.9806 -0.1612 -0.1114
vn -0.9914 -0.0653 -0.1132
vn -0.9970 -0.0649 -0.0432
vn -0.9971 -0.0641 -0.0399
vn -0.9924 -0.0580 -0.1089
vn -0.9933 -0.0577 -0.1004
vn -0.9791 -0.0429 -0.1989
vn -0.9759 -0.0422 -0.2141
vn -0.9739 -0.0504 -0.2212
vn -0.9628 -0.1615 -0.2167
vn -0.9934 0.0779 -0.0843
vn -0.9938 0.0842 -0.0721
vn -0.9941 0.0884 -0.0628
vn -0.9788 0.0810 -0.1879
vn -0.9826 0.0867 -0.1645
vn -0.9848 0.0906 -0.1479
vn -0.9944 0.0894 -0.0559
vn -0.9869 0.0907 -0.1336
vn -0.9634 0.0905 -0.2524
vn -0.9578 0.0912 -0.2725
vn -0.9501 0.0883 -0.2991
vn -0.9391 0.0833 -0.3334
vn -0.9899 0.0261 -0.1396
vn -0.9907 0.0439 -0.1285
vn -0.9917 0.0581 -0.1143
vn -0.9544 0.0277 -0.2974
vn -0.9604 0.0463 -0.2748
vn -0.9670 0.0613 -0.2473
vn -0.9927 0.0694 -0.0989
vn -0.9733 0.0730 -0.2178
vn -0.9236 0.0755 -0.3759
vn -0.9066 0.0632 -0.4172
vn -0.8890 0.0476 -0.4553
vn -0.8725 0.0286 -0.4878
vn -0.9883 -0.0032 -0.1528
vn -0.9442 -0.0031 -0.3294
vn -0.9461 0.0004 -0.3238
vn -0.9891 0.0098 -0.1470
vn -0.9493 0.0108 -0.3142
vn -0.8587 0.0115 -0.5123
vn -0.8489 0.0013 -0.5286
vn -0.8424 -0.0022 -0.5389
vn -0.9369 -0.0625 -0.3439
vn -0.9410 -0.0737 -0.3301
vn -0.9454 -0.1047 -0.3087
vn -0.7411 -0.0502 -0.6695
vn -0.7480 -0.0585 -0.6611
vn -0.7592 -0.0829 -0.6456
vn -0.9392 -0.1686 -0.2992
vn -0.8952 -0.2869 -0.3409
vn -0.7507 -0.1305 -0.6476
vn -0.6903 -0.2027 -0.6946
vn -0.4480 -0.1212 -0.8858
vn -0.4989 -0.0836 -0.8626
vn -0.5088 -0.0569 -0.8590
vn -0.5053 -0.0413 -0.8620
vn -0.5057 -0.0365 -0.8619
vn -0.7868 -0.4349 -0.4379
vn -0.6179 -0.5685 -0.5431
vn -0.5672 -0.2839 -0.7731
vn -0.4069 -0.3378 -0.8487
vn -0.4180 -0.6651 -0.6189
vn -0.2649 -0.3647 -0.8926
vn -0.1778 -0.1863 -0.9663
vn -0.2496 -0.1766 -0.9521
vn -0.3521 -0.1568 -0.9227
vn 0.9747 0.1645 -0.1515
vn 0.9721 0.1781 -0.1529
vn 0.9188 0.1543 -0.3634
vn 0.9165 0.1674 -0.3633
vn 0.9705 0.1856 -0.1540
vn 0.9709 0.1829 -0.1547
vn 0.9151 0.1744 -0.3635
vn 0.9157 0.1714 -0.3635
vn 0.7833 0.1434 -0.6049
vn 0.7798 0.1465 -0.6087
vn 0.7775 0.1400 -0.6131
vn 0.7746 0.1277 -0.6194
vn 0.9526 0.2663 -0.1473
vn 0.9407 0.3078 -0.1427
vn 0.9189 0.3698 -0.1375
vn 0.9063 0.2381 -0.3491
vn 0.8975 0.2820 -0.3390
vn 0.8796 0.3442 -0.3284
vn 0.8850 0.4464 -0.1323
vn 0.8348 0.5358 -0.1267
vn 0.8500 0.4207 -0.3172
vn 0.8043 0.5101 -0.3048
vn 0.7222 0.4462 -0.5285
vn 0.7575 0.3591 -0.5453
vn 0.7782 0.2851 -0.5596
vn 0.7886 0.2249 -0.5722
vn 0.7914 0.1803 -0.5841
vn 0.7789 0.6153 -0.1211
vn 0.7348 0.6684 -0.1156
vn 0.7528 0.5902 -0.2916
vn 0.7122 0.6442 -0.2788
vn 0.7036 0.7020 -0.1102
vn 0.6842 0.7218 -0.1044
vn 0.6840 0.6792 -0.2660
vn 0.6673 0.7005 -0.2528
vn 0.6182 0.6428 -0.4524
vn 0.6284 0.6181 -0.4722
vn 0.6493 0.5808 -0.4911
vn 0.6811 0.5255 -0.5099
vn 0.6727 0.7333 -0.0982
vn 0.6646 0.7415 -0.0919
vn 0.6583 0.7141 -0.2381
vn 0.6522 0.7239 -0.2249
vn 0.6575 0.7486 -0.0850
vn 0.6467 0.7329 -0.2113
vn 0.6123 0.6878 -0.3898
vn 0.6140 0.6752 -0.4088
vn 0.6149 0.6603 -0.4313
vn 0.7177 0.6942 -0.0551
vn 0.7305 0.6813 -0.0468
vn 0.7165 0.6838 -0.1378
vn 0.7299 0.6736 -0.1164
vn 0.7484 0.6621 -0.0401
vn 0.7740 0.6322 -0.0351
vn 0.7479 0.6563 -0.0997
vn 0.7734 0.6277 -0.0882
vn 0.7689 0.6157 -0.1722
vn 0.7432 0.6394 -0.1970
vn 0.7237 0.6514 -0.2278
vn 0.7072 0.6554 -0.2651
vn 0.8054 0.5918 -0.0317
vn 0.8384 0.5443 -0.0292
vn 0.8045 0.5887 -0.0790
vn 0.8372 0.5418 -0.0737
vn 0.8718 0.4891 -0.0274
vn 0.9043 0.4260 -0.0260
vn 0.8705 0.4872 -0.0694
vn 0.9030 0.4246 -0.0660
vn 0.8975 0.4205 -0.1326
vn 0.8652 0.4819 -0.1388
vn 0.8321 0.5349 -0.1467
vn 0.7997 0.5796 -0.1569
vn 0.9332 0.3586 -0.0250
vn 0.9564 0.2911 -0.0244
vn 0.9317 0.3576 -0.0636
vn 0.9548 0.2908 -0.0622
vn 0.9739 0.2257 -0.0245
vn 0.9861 0.1641 -0.0256
vn 0.9721 0.2263 -0.0625
vn 0.9840 0.1659 -0.0652
vn 0.9768 0.1699 -0.1301
vn 0.9657 0.2272 -0.1259
vn 0.9489 0.2896 -0.1254
vn 0.9262 0.3547 -0.1280
vn 0.9932 0.1135 -0.0279
vn 0.9965 0.0776 -0.0315
vn 0.9906 0.1166 -0.0710
vn 0.9934 0.0821 -0.0798
vn 0.9979 0.0537 -0.0361
vn 0.9982 0.0445 -0.0412
vn 0.9940 0.0595 -0.0923
vn 0.9935 0.0512 -0.1021
vn 0.9774 0.0653 -0.2011
vn 0.9811 0.0718 -0.1794
vn 0.9386 0.0946 -0.3317
vn 0.9831 0.0918 -0.1586
vn 0.9474 0.1100 -0.3004
vn 0.9822 0.1236 -0.1411
vn 0.9522 0.1363 -0.2733
vn 0.9665 -0.2516 -0.0505
vn 0.9672 -0.2483 -0.0541
vn 0.9648 -0.2560 -0.0596
vn 0.9615 -0.2446 -0.1251
vn 0.9611 -0.2414 -0.1344
vn 0.9575 -0.2485 -0.1463
vn 0.9610 -0.2684 -0.0672
vn 0.9558 -0.2838 -0.0770
vn 0.9516 -0.2602 -0.1637
vn 0.9436 -0.2750 -0.1843
vn 0.9102 -0.2564 -0.3252
vn 0.9243 -0.2430 -0.2943
vn 0.9342 -0.2325 -0.2707
vn 0.9408 -0.2267 -0.2521
vn 0.9435 -0.2309 -0.2376
vn 0.9528 -0.2903 -0.0885
vn 0.9551 -0.2790 -0.0996
vn 0.9366 -0.2810 -0.2095
vn 0.9341 -0.2696 -0.2341
vn 0.9614 -0.2527 -0.1086
vn 0.9711 -0.2110 -0.1116
vn 0.9360 -0.2440 -0.2539
vn 0.9423 -0.2042 -0.2653
vn 0.8777 -0.1880 -0.4408
vn 0.8788 -0.2250 -0.4209
vn 0.8852 -0.2496 -0.3925
vn 0.8962 -0.2612 -0.3587
vn 0.9814 -0.1603 -0.1056
vn 0.9894 -0.1087 -0.0967
vn 0.9518 -0.1563 -0.2641
vn 0.9610 -0.1065 -0.2551
vn 0.9947 -0.0552 -0.0871
vn 0.9679 -0.0545 -0.2452
vn 0.8956 -0.0508 -0.4420
vn 0.8895 -0.0988 -0.4461
vn 0.8826 -0.1442 -0.4476
vn 0.7883 0.1330 -0.6008
vn 0.9179 0.1624 -0.3621
vn 0.7931 0.1288 -0.5953
vn 0.9185 0.1661 -0.3588
vn 0.9724 0.1751 -0.1544
vn 0.9711 0.1832 -0.1530
vn 0.9631 0.2232 -0.1506
vn 0.9134 0.1998 -0.3547
vn 0.7941 0.1490 -0.5893
vn -0.7534 -0.2383 0.6129
vn -0.8885 -0.2624 0.3765
vn -0.7458 -0.2846 0.6023
vn -0.8781 -0.3063 0.3676
vn -0.9487 -0.2712 0.1625
vn -0.9366 -0.3126 0.1583
vn -0.9170 -0.3681 0.1537
vn -0.8603 -0.3641 0.3568
vn -0.7319 -0.3436 0.5884
vn -0.6851 -0.6488 -0.3310
vn -0.7252 -0.6660 -0.1747
vn -0.6911 -0.6344 -0.3463
vn -0.7307 -0.6572 -0.1848
vn -0.7394 -0.6697 -0.0700
vn -0.7447 -0.6632 -0.0744
vn -0.7455 -0.6619 -0.0776
vn -0.7323 -0.6534 -0.1919
vn -0.6945 -0.6250 -0.3565
vn 0.6738 0.6603 0.3316
vn 0.6918 0.7001 0.1769
vn 0.6406 0.6840 0.3490
vn 0.6640 0.7237 0.1880
vn 0.6959 0.7147 0.0705
vn 0.6701 0.7384 0.0754
vn 0.6480 0.7576 0.0787
vn 0.6393 0.7439 0.1948
vn 0.6106 0.7045 0.3618
vn 0.8852 -0.4117 -0.2164
vn 0.9056 -0.3680 -0.2106
vn 0.9118 -0.3945 -0.1137
vn 0.9316 -0.3462 -0.1108
vn 0.9284 -0.2964 -0.2241
vn 0.9467 -0.3004 -0.1163
vn 0.9212 -0.3865 -0.0456
vn 0.9404 -0.3372 -0.0446
vn 0.9523 -0.3016 -0.0467
vn 0.9623 -0.2677 -0.0482
vn 0.9572 -0.2631 -0.1202
vn 0.9397 -0.2533 -0.2299
vn -0.9401 -0.2585 0.2220
vn -0.9658 -0.2324 0.1150
vn -0.9731 -0.0075 0.2301
vn -0.9930 0.0028 0.1183
vn -0.9739 -0.2222 0.0460
vn -0.9989 0.0056 0.0474
vn -0.9969 0.0617 0.0486
vn -0.9909 0.0613 0.1199
vn -0.9708 0.0576 0.2329
vn 0.9759 -0.0873 -0.2001
vn 0.9811 -0.0124 -0.1930
vn 0.8786 -0.0834 -0.4702
vn 0.9021 -0.0131 -0.4313
vn 0.9795 0.0234 -0.2000
vn 0.9022 0.0204 -0.4308
vn 0.6795 0.0094 -0.7336
vn 0.6710 -0.0184 -0.7412
vn 0.6305 -0.0702 -0.7730
vn -0.9403 -0.0828 -0.3302
vn -0.9366 -0.0705 -0.3433
vn -0.7643 -0.0704 -0.6410
vn -0.7497 -0.0587 -0.6591
vn -0.9353 -0.0630 -0.3482
vn -0.7417 -0.0515 -0.6687
vn -0.5132 -0.0386 -0.8574
vn -0.5259 -0.0451 -0.8494
vn -0.5464 -0.0553 -0.8357
vn 0.4983 0.0081 0.8670
vn 0.5041 0.0166 0.8635
vn 0.5143 0.0259 0.8572
vn 0.7646 0.0243 0.6441
vn 0.7712 0.0364 0.6356
vn 0.7843 0.0496 0.6184
vn 0.5180 0.0384 0.8545
vn 0.4857 0.0600 0.8721
vn 0.7911 0.0666 0.6081
vn 0.7366 0.0973 0.6693
vn 0.8270 0.1291 0.5471
vn 0.9029 0.0852 0.4214
vn 0.9092 0.0658 0.4111
vn 0.9052 0.0497 0.4220
vn 0.9036 0.0349 0.4269
vn 0.3829 -0.1400 0.9131
vn 0.4897 -0.0728 0.8689
vn 0.5100 -0.0289 0.8597
vn 0.6596 -0.2071 0.7225
vn 0.7576 -0.0857 0.6470
vn 0.7725 -0.0238 0.6345
vn 0.5030 -0.0043 0.8643
vn 0.7662 0.0076 0.6426
vn 0.9048 0.0152 0.4256
vn 0.9087 -0.0205 0.4169
vn 0.9061 -0.0909 0.4132
vn 0.8497 -0.2556 0.4612
vn -0.5965 -0.1225 0.7932
vn -0.5165 -0.1880 0.8354
vn -0.2611 -0.2689 0.9271
vn -0.6249 -0.1586 0.7644
vn -0.5487 -0.2920 0.7834
vn -0.1920 -0.4848 0.8533
vn 0.1276 -0.2308 0.9646
vn 0.3702 -0.4036 0.8367
vn 0.5624 -0.5605 0.6079
vn -0.0837 -0.6929 0.7162
vn -0.5501 -0.4095 0.7278
vn -0.5804 -0.1865 0.7927
vn -0.6125 -0.0338 0.7898
vn -0.6211 -0.0414 0.7826
vn -0.6299 -0.0563 0.7746
vn -0.6086 -0.0348 0.7927
vn -0.6181 -0.0438 0.7849
vn -0.6332 -0.0609 0.7716
vn -0.6309 -0.0817 0.7715
vn -0.6429 -0.0931 0.7603
vn -0.5765 -0.0989 0.8111
vn -0.5589 -0.0604 0.8270
vn -0.5437 -0.0427 0.8382
vn -0.5348 -0.0340 0.8443
vn -0.6280 0.0054 0.7782
vn -0.6148 -0.0143 0.7885
vn -0.6081 -0.0230 0.7935
vn -0.5707 0.0188 0.8209
vn -0.5897 -0.0109 0.8076
vn -0.5950 -0.0218 0.8034
vn -0.6078 -0.0288 0.7936
vn -0.5998 -0.0290 0.7996
vn -0.5257 -0.0285 0.8502
vn -0.5141 -0.0217 0.8574
vn -0.4864 -0.0113 0.8736
vn -0.4017 0.0239 0.9155
vn -0.1991 0.0287 0.9796
vn -0.1447 0.0860 0.9857
vn -0.4331 0.0158 0.9012
vn -0.5117 0.0915 0.8543
vn -0.2433 -0.0259 0.9696
vn -0.3329 -0.0296 0.9425
vn -0.6057 0.0049 0.7957
vn -0.7286 -0.0023 0.6850
vn -0.9084 0.1335 0.3962
vn -0.7621 0.1276 0.6348
vn -0.4362 -0.0469 0.8986
vn -0.5289 -0.0618 0.8464
vn -0.2991 -0.0430 0.9533
vn -0.2437 -0.0320 0.9693
vn 0.0130 0.0836 0.9964
vn 0.0134 0.0873 0.9961
vn -0.2035 -0.0242 0.9788
vn -0.0302 0.0656 0.9974
vn -0.1767 -0.0271 0.9839
vn -0.1073 0.0346 0.9936
vn -0.9385 0.3355 0.0822
vn -0.7758 0.3084 0.5505
vn -0.3987 0.2587 0.8798
vn -0.7804 0.6235 0.0472
vn -0.4850 0.5735 0.6602
vn 0.2080 0.3722 0.9045
vn 0.4325 0.3088 0.8471
vn 0.5620 0.1666 0.8102
vn 0.3937 0.1015 0.9136
vn 0.0782 0.0404 0.9961
vn 0.2544 0.2020 0.9458
vn 0.0206 0.0831 0.9963
vn -0.1062 0.5401 0.8349
vn -0.3096 0.7916 0.5269
vn -0.0970 0.3312 0.9386
vn -0.0617 0.2218 0.9731
vn -0.5299 -0.0053 0.8480
vn -0.6263 0.0191 0.7793
vn -0.5945 0.0102 0.8040
vn -0.6797 0.0820 0.7289
vn -0.4020 -0.0127 0.9155
vn -0.4551 -0.0135 0.8903
vn -0.6747 0.0396 0.7370
vn -0.7580 0.0500 0.6504
vn -0.6761 0.5071 0.5346
vn -0.6842 0.2817 0.6727
vn -0.5190 -0.0265 0.8543
vn -0.5870 -0.0577 0.8075
vn -0.3423 0.0104 0.9395
vn -0.2969 0.0229 0.9546
vn -0.2551 0.0073 0.9669
vn -0.2151 -0.0001 0.9766
vn 0.2310 0.7964 0.5589
vn -0.2247 0.5610 0.7967
vn -0.6127 0.2140 0.7608
vn 0.4579 0.5289 0.7146
vn 0.1403 0.4679 0.8726
vn -0.2595 0.2842 0.9230
vn -0.6432 0.0597 0.7634
vn -0.4920 0.1093 0.8637
vn -0.1867 0.0798 0.9792
vn 0.0098 0.2079 0.9781
vn 0.2164 0.2821 0.9347
vn 0.3188 0.2989 0.8994
vn 0.4574 0.4044 0.7920
vn -0.0109 0.8630 0.5051
vn 0.1858 -0.9823 0.0256
vn -0.2567 -0.9451 -0.2024
vn -0.7379 0.6622 0.1306
vn 0.0839 0.5454 0.8339
vn -0.0752 0.1236 0.9895
vn -0.0515 0.8527 0.5199
vn -0.0828 0.8939 0.4405
vn -0.8345 0.0248 0.5505
vn -0.9440 0.2541 0.2105
vn -0.6489 -0.0418 0.7597
vn -0.3974 -0.0201 0.9174
vn -0.6150 0.7611 0.2062
vn -0.4345 0.8734 0.2201
vn -0.4464 0.8672 0.2206
vn -0.2351 -0.1331 0.9628
vn 0.0585 -0.1556 0.9861
vn -0.2289 -0.1114 0.9671
vn 0.0618 -0.1328 0.9892
vn -0.5375 -0.0914 0.8383
vn -0.5268 -0.0738 0.8468
vn -0.2315 0.2012 0.9518
vn 0.0590 0.1927 0.9795
vn -0.5262 0.2016 0.8261
vn -0.7612 0.1938 0.6188
vn -0.7686 -0.0252 0.6392
vn -0.7780 -0.0385 0.6271
vn 0.7934 -0.1238 0.5960
vn 0.9184 -0.0915 0.3850
vn 0.7874 -0.1076 0.6070
vn 0.9148 -0.0782 0.3962
vn 0.5931 -0.1501 0.7910
vn 0.5884 -0.1304 0.7980
vn 0.7873 0.1404 0.6003
vn 0.9124 0.1266 0.3893
vn 0.5884 0.1594 0.7927
vn 0.3328 0.1781 0.9260
vn 0.3343 -0.1397 0.9321
vn 0.3345 -0.1613 0.9285
vn -0.2827 -0.1229 -0.9513
vn 0.0365 -0.1518 -0.9877
vn -0.3168 -0.0983 -0.9434
vn 0.0210 -0.1366 -0.9904
vn -0.6000 -0.0740 -0.7966
vn -0.6407 -0.0418 -0.7667
vn -0.3491 -0.0623 -0.9350
vn 0.0057 -0.1133 -0.9935
vn -0.6761 0.0025 -0.7368
vn -0.8728 0.0575 -0.4847
vn -0.9571 0.0929 -0.2746
vn -0.8526 0.0138 -0.5223
vn -0.9514 0.0545 -0.3032
vn -0.8256 -0.0187 -0.5640
vn -0.9410 0.0263 -0.3374
vn 0.8291 -0.1250 -0.5449
vn 0.8492 -0.1344 -0.5107
vn 0.6266 -0.1515 -0.7645
vn 0.6503 -0.1541 -0.7439
vn 0.8647 -0.1514 -0.4790
vn 0.6690 -0.1604 -0.7257
vn 0.3525 -0.1472 -0.9242
vn 0.3479 -0.1558 -0.9245
vn 0.3424 -0.1617 -0.9255
vn -0.9968 0.0722 0.0356
vn -0.9952 0.0927 0.0313
vn -0.9956 0.0939 -0.0000
vn -0.9937 0.0665 0.0901
vn -0.9929 0.0882 0.0794
vn -0.9920 0.1228 0.0279
vn -0.9923 0.1237 -0.0000
vn -0.9903 0.1196 0.0702
vn -0.9837 0.1117 0.1409
vn -0.9843 0.0777 0.1584
vn -0.9825 0.0537 0.1785
vn 0.9981 -0.0433 0.0448
vn 0.9991 -0.0414 0.0005
vn 0.9984 -0.0328 0.0469
vn 0.9995 -0.0313 -0.0000
vn 0.9924 -0.0503 0.1123
vn 0.9923 -0.0393 0.1172
vn 0.9920 0.1176 0.0466
vn 0.9931 0.1174 0.0001
vn 0.9862 0.1181 0.1158
vn 0.9678 0.1199 0.2212
vn 0.9729 -0.0537 0.2248
vn 0.9741 -0.0652 0.2165
vn -0.9824 0.0536 -0.1789
vn -0.9844 0.0775 -0.1579
vn -0.9937 0.0665 -0.0901
vn -0.9929 0.0882 -0.0794
vn -0.9837 0.1113 -0.1411
vn -0.9903 0.1194 -0.0708
vn -0.9920 0.1228 -0.0279
vn -0.9952 0.0927 -0.0313
vn -0.9968 0.0722 -0.0356
vn 0.9743 -0.0656 -0.2156
vn 0.9732 -0.0543 -0.2237
vn 0.9925 -0.0506 -0.1110
vn 0.9924 -0.0400 -0.1163
vn 0.9679 0.1189 -0.2215
vn 0.9864 0.1173 -0.1155
vn 0.9921 0.1167 -0.0464
vn 0.9984 -0.0332 -0.0466
vn 0.9981 -0.0434 -0.0443
vn -0.7784 0.0377 0.6266
vn -0.7690 0.0239 0.6388
vn -0.5388 0.0906 0.8376
vn -0.5277 0.0727 0.8463
vn -0.7636 -0.1710 0.6227
vn -0.5280 -0.1729 0.8314
vn -0.2322 -0.1684 0.9580
vn 0.0598 -0.1573 0.9857
vn -0.2291 0.1115 0.9670
vn 0.0615 0.1331 0.9892
vn -0.2365 0.1326 0.9625
vn 0.0581 0.1555 0.9861
vn 0.3346 0.1613 0.9284
vn 0.3335 0.1401 0.9323
vn 0.5922 0.1506 0.7916
vn 0.5871 0.1319 0.7987
vn 0.3346 -0.1431 0.9314
vn 0.5908 -0.1258 0.7970
vn 0.7895 -0.1108 0.6036
vn 0.9146 -0.1010 0.3915
vn 0.7869 0.1093 0.6073
vn 0.9149 0.0797 0.3958
vn 0.7931 0.1245 0.5962
vn 0.9186 0.0921 0.3843
vn -0.8255 0.0185 -0.5640
vn -0.9410 -0.0268 -0.3373
vn -0.8524 -0.0141 -0.5228
vn -0.9515 -0.0552 -0.3028
vn -0.5996 0.0740 -0.7968
vn -0.6410 0.0417 -0.7664
vn -0.8727 -0.0582 -0.4848
vn -0.9572 -0.0937 -0.2740
vn -0.6758 -0.0031 -0.7370
vn -0.3486 0.0620 -0.9352
vn 0.0059 0.1133 -0.9935
vn -0.3171 0.0982 -0.9433
vn 0.0212 0.1365 -0.9904
vn -0.2817 0.1231 -0.9516
vn 0.0366 0.1518 -0.9877
vn 0.3426 0.1617 -0.9255
vn 0.3486 0.1558 -0.9242
vn 0.6279 0.1515 -0.7634
vn 0.6504 0.1541 -0.7438
vn 0.3535 0.1473 -0.9238
vn 0.6706 0.1604 -0.7243
vn 0.8648 0.1521 -0.4786
vn 0.8493 0.1344 -0.5105
vn 0.8292 0.1251 -0.5447
vn -0.9825 -0.0537 0.1782
vn -0.9843 -0.0777 0.1583
vn -0.9937 -0.0666 0.0899
vn -0.9929 -0.0882 0.0793
vn -0.9837 -0.1114 0.1413
vn -0.9903 -0.1195 0.0707
vn -0.9920 -0.1229 0.0279
vn -0.9923 -0.1238 -0.0000
vn -0.9952 -0.0927 0.0313
vn -0.9956 -0.0939 -0.0000
vn -0.9968 -0.0722 0.0356
vn 0.9744 0.0656 0.2152
vn 0.9730 0.0547 0.2240
vn 0.9925 0.0506 0.1110
vn 0.9924 0.0403 0.1162
vn 0.9700 -0.0983 0.2225
vn 0.9884 -0.0985 0.1159
vn 0.9940 -0.0994 0.0465
vn 0.9950 -0.0996 -0.0001
vn 0.9984 0.0334 0.0465
vn 0.9995 0.0315 -0.0000
vn 0.9981 0.0435 0.0443
vn 0.9991 0.0415 -0.0000
vn -0.9968 -0.0722 -0.0356
vn -0.9952 -0.0927 -0.0313
vn -0.9937 -0.0666 -0.0899
vn -0.9930 -0.0883 -0.0790
vn -0.9920 -0.1229 -0.0279
vn -0.9903 -0.1198 -0.0698
vn -0.9837 -0.1118 -0.1410
vn -0.9844 -0.0782 -0.1574
vn -0.9825 -0.0537 -0.1782
vn 0.9980 0.0433 -0.0451
vn 0.9984 0.0334 -0.0465
vn 0.9924 0.0503 -0.1121
vn 0.9924 0.0403 -0.1162
vn 0.9940 -0.0987 -0.0466
vn 0.9884 -0.0985 -0.1160
vn 0.9699 -0.0991 -0.2225
vn 0.9731 0.0544 -0.2238
vn 0.9741 0.0652 -0.2165
vt 0.157100 0.217300
vt 0.157600 0.220000
vt 0.176900 0.218600
vt 0.176500 0.215800
vt 0.158000 0.222600
vt 0.177300 0.221300
vt 0.137700 0.218600
vt 0.138300 0.221200
vt 0.138900 0.223800
vt 0.158400 0.225100
vt 0.158800 0.227200
vt 0.178000 0.226100
vt 0.177700 0.223800
vt 0.139500 0.226200
vt 0.139900 0.228200
vt 0.121800 0.229200
vt 0.121400 0.227200
vt 0.104700 0.228100
vt 0.105200 0.230000
vt 0.120600 0.224900
vt 0.103800 0.225900
vt 0.119400 0.222300
vt 0.118700 0.219700
vt 0.099000 0.220500
vt 0.102200 0.223400
vt 0.119600 0.217000
vt 0.105400 0.217600
vt 0.120200 0.214500
vt 0.106600 0.215300
vt 0.137600 0.215900
vt 0.137400 0.213400
vt 0.118900 0.212100
vt 0.117300 0.209900
vt 0.097500 0.211200
vt 0.104700 0.213200
vt 0.136900 0.210900
vt 0.136300 0.208600
vt 0.155600 0.207100
vt 0.155900 0.209500
vt 0.175200 0.207800
vt 0.174900 0.205400
vt 0.156300 0.212000
vt 0.175600 0.210400
vt 0.156600 0.214600
vt 0.176000 0.213100
vt 0.060400 0.219800
vt 0.059900 0.218500
vt 0.051100 0.218900
vt 0.051400 0.220200
vt 0.059600 0.217200
vt 0.050800 0.217500
vt 0.069000 0.219300
vt 0.068300 0.218200
vt 0.068000 0.216900
vt 0.059500 0.215900
vt 0.059500 0.214700
vt 0.050400 0.215000
vt 0.050600 0.216200
vt 0.067900 0.215700
vt 0.068200 0.214500
vt 0.075900 0.214500
vt 0.075400 0.215600
vt 0.081300 0.215600
vt 0.081800 0.214600
vt 0.075400 0.216800
vt 0.081100 0.216600
vt 0.075700 0.217900
vt 0.076500 0.219000
vt 0.082300 0.218600
vt 0.081500 0.217700
vt 0.197100 0.224800
vt 0.196700 0.222500
vt 0.196400 0.219800
vt 0.214800 0.223600
vt 0.214400 0.221100
vt 0.214000 0.218300
vt 0.195900 0.217000
vt 0.195500 0.214100
vt 0.213500 0.215400
vt 0.213000 0.212400
vt 0.228200 0.210800
vt 0.228700 0.213900
vt 0.240400 0.212700
vt 0.239800 0.209500
vt 0.229300 0.216900
vt 0.241000 0.215800
vt 0.229700 0.219800
vt 0.230100 0.222500
vt 0.242000 0.221600
vt 0.241600 0.218800
vt 0.262600 0.219600
vt 0.262100 0.216600
vt 0.258200 0.217200
vt 0.258700 0.220100
vt 0.261400 0.213500
vt 0.257500 0.214100
vt 0.267600 0.219000
vt 0.267100 0.216000
vt 0.266500 0.212900
vt 0.260700 0.210300
vt 0.259900 0.207000
vt 0.256000 0.207600
vt 0.256800 0.210800
vt 0.265800 0.209700
vt 0.265000 0.206400
vt 0.271200 0.205800
vt 0.271900 0.209100
vt 0.278700 0.208600
vt 0.278100 0.205300
vt 0.272500 0.212300
vt 0.279300 0.211800
vt 0.273100 0.215400
vt 0.273600 0.218400
vt 0.280200 0.217900
vt 0.279800 0.214900
vt 0.287300 0.217500
vt 0.287000 0.214500
vt 0.286600 0.211400
vt 0.295000 0.217300
vt 0.294800 0.214300
vt 0.294600 0.211300
vt 0.286200 0.208300
vt 0.285700 0.205000
vt 0.294300 0.208200
vt 0.293900 0.205000
vt 0.303000 0.205100
vt 0.303200 0.208200
vt 0.313200 0.208300
vt 0.313100 0.205300
vt 0.303400 0.211200
vt 0.313200 0.211200
vt 0.303500 0.214200
vt 0.303600 0.217100
vt 0.313100 0.216900
vt 0.313200 0.214100
vt 0.323900 0.216800
vt 0.324000 0.214000
vt 0.324100 0.211200
vt 0.335400 0.216600
vt 0.335600 0.213900
vt 0.335900 0.211200
vt 0.324200 0.208400
vt 0.324400 0.205500
vt 0.336200 0.208500
vt 0.336400 0.205900
vt 0.349100 0.206200
vt 0.348700 0.208700
vt 0.361500 0.208900
vt 0.362000 0.206600
vt 0.348200 0.211300
vt 0.360900 0.211300
vt 0.347800 0.213800
vt 0.347500 0.216400
vt 0.359800 0.216000
vt 0.360300 0.213600
vt 0.041500 0.108100
vt 0.041800 0.105400
vt 0.026100 0.106700
vt 0.025700 0.109200
vt 0.042200 0.103000
vt 0.026500 0.104300
vt 0.061700 0.106700
vt 0.062000 0.103900
vt 0.062300 0.101500
vt 0.042600 0.100800
vt 0.043000 0.098600
vt 0.027300 0.099700
vt 0.026900 0.101900
vt 0.062600 0.099300
vt 0.062900 0.097200
vt 0.085300 0.095800
vt 0.085100 0.097800
vt 0.108100 0.096600
vt 0.108300 0.094700
vt 0.084800 0.099900
vt 0.107900 0.098600
vt 0.084500 0.102400
vt 0.084300 0.105300
vt 0.107500 0.104000
vt 0.107700 0.101000
vt 0.129800 0.095800
vt 0.129900 0.094000
vt 0.150500 0.095400
vt 0.150500 0.093700
vt 0.129700 0.097800
vt 0.150400 0.097300
vt 0.170100 0.095300
vt 0.189100 0.095400
vt 0.189100 0.093800
vt 0.170200 0.093700
vt 0.170100 0.097100
vt 0.189100 0.097200
vt 0.189100 0.099500
vt 0.170000 0.099500
vt 0.170000 0.102600
vt 0.189000 0.102600
vt 0.150300 0.099700
vt 0.150200 0.102800
vt 0.129500 0.100200
vt 0.129400 0.103200
vt 0.207400 0.095600
vt 0.207400 0.094100
vt 0.225300 0.096000
vt 0.225200 0.094600
vt 0.207400 0.097400
vt 0.225400 0.097700
vt 0.242900 0.096600
vt 0.260200 0.097300
vt 0.260100 0.095900
vt 0.242700 0.095200
vt 0.243000 0.098300
vt 0.260400 0.099000
vt 0.260500 0.101100
vt 0.243100 0.100400
vt 0.243200 0.103300
vt 0.260700 0.104000
vt 0.225400 0.099900
vt 0.225500 0.102900
vt 0.207500 0.099600
vt 0.207500 0.102600
vt 0.277600 0.098200
vt 0.277400 0.096700
vt 0.293800 0.099200
vt 0.293600 0.097600
vt 0.277700 0.100000
vt 0.294000 0.101100
vt 0.307900 0.100200
vt 0.318800 0.100900
vt 0.318600 0.099000
vt 0.307700 0.098400
vt 0.308100 0.102100
vt 0.318900 0.103000
vt 0.319100 0.105300
vt 0.308200 0.104400
vt 0.308400 0.107100
vt 0.319300 0.108000
vt 0.294200 0.103300
vt 0.294300 0.106100
vt 0.277900 0.102200
vt 0.278000 0.105000
vt 0.338300 0.101000
vt 0.344500 0.100300
vt 0.344400 0.098100
vt 0.338200 0.098900
vt 0.352800 0.099500
vt 0.352700 0.097100
vt 0.338300 0.103200
vt 0.344600 0.102600
vt 0.352900 0.102000
vt 0.363000 0.098500
vt 0.374900 0.097400
vt 0.374700 0.094500
vt 0.362800 0.095900
vt 0.363100 0.101200
vt 0.375000 0.100300
vt 0.375100 0.103300
vt 0.363200 0.104000
vt 0.363300 0.107100
vt 0.375200 0.106600
vt 0.353000 0.104600
vt 0.353000 0.107500
vt 0.344600 0.105100
vt 0.338400 0.105600
vt 0.338500 0.108300
vt 0.344700 0.108000
vt 0.388300 0.096200
vt 0.388100 0.093000
vt 0.402900 0.094900
vt 0.402700 0.091400
vt 0.388500 0.099300
vt 0.403100 0.098400
vt 0.418300 0.093700
vt 0.434000 0.092500
vt 0.433800 0.088300
vt 0.418000 0.089800
vt 0.418400 0.097500
vt 0.434200 0.096700
vt 0.434300 0.100800
vt 0.418500 0.101400
vt 0.418500 0.105400
vt 0.434200 0.105100
vt 0.403200 0.102000
vt 0.403200 0.105700
vt 0.388600 0.102600
vt 0.388600 0.106100
vt 0.449900 0.091600
vt 0.449700 0.087100
vt 0.465700 0.090800
vt 0.465600 0.086100
vt 0.450000 0.096000
vt 0.465800 0.095500
vt 0.481600 0.090300
vt 0.497300 0.090200
vt 0.497300 0.085200
vt 0.481400 0.085400
vt 0.481600 0.095200
vt 0.497300 0.095100
vt 0.497300 0.099900
vt 0.481600 0.100000
vt 0.481500 0.104700
vt 0.497200 0.104700
vt 0.465800 0.100100
vt 0.465700 0.104800
vt 0.450000 0.100400
vt 0.450000 0.104900
vt 0.065800 0.231900
vt 0.065400 0.230300
vt 0.054900 0.230700
vt 0.055300 0.232300
vt 0.064900 0.228400
vt 0.054300 0.229000
vt 0.077400 0.231400
vt 0.077000 0.229700
vt 0.076400 0.227700
vt 0.064200 0.226500
vt 0.063400 0.224800
vt 0.053100 0.225400
vt 0.053700 0.227100
vt 0.075500 0.225700
vt 0.074300 0.223900
vt 0.085800 0.222600
vt 0.087900 0.224600
vt 0.089200 0.226800
vt 0.090000 0.228900
vt 0.090500 0.230700
vt 0.195000 0.211300
vt 0.194500 0.208500
vt 0.212500 0.209400
vt 0.212000 0.206600
vt 0.194100 0.205800
vt 0.193700 0.203300
vt 0.211500 0.203800
vt 0.211000 0.201200
vt 0.225900 0.199200
vt 0.226400 0.201900
vt 0.237900 0.200400
vt 0.237300 0.197700
vt 0.227000 0.204800
vt 0.238500 0.203300
vt 0.227600 0.207700
vt 0.239200 0.206400
vt 0.259100 0.203700
vt 0.255200 0.204300
vt 0.258400 0.200500
vt 0.254500 0.201100
vt 0.264300 0.203000
vt 0.263600 0.199700
vt 0.257700 0.197400
vt 0.257100 0.194400
vt 0.253200 0.195200
vt 0.253800 0.198100
vt 0.262900 0.196500
vt 0.262300 0.193500
vt 0.268600 0.192700
vt 0.269100 0.195800
vt 0.276300 0.195200
vt 0.275800 0.192000
vt 0.269800 0.199000
vt 0.276900 0.198500
vt 0.270500 0.202400
vt 0.277500 0.201900
vt 0.285100 0.201700
vt 0.284600 0.198300
vt 0.293500 0.201700
vt 0.293100 0.198400
vt 0.284100 0.195000
vt 0.283700 0.191800
vt 0.292800 0.195200
vt 0.292500 0.192000
vt 0.302200 0.192400
vt 0.302400 0.195500
vt 0.312900 0.196100
vt 0.312900 0.193100
vt 0.302600 0.198700
vt 0.313000 0.199200
vt 0.302800 0.201900
vt 0.313100 0.202200
vt 0.324500 0.202700
vt 0.324500 0.199700
vt 0.336700 0.203100
vt 0.336900 0.200400
vt 0.324600 0.196800
vt 0.324700 0.193900
vt 0.337200 0.197600
vt 0.337400 0.194800
vt 0.350700 0.195800
vt 0.350300 0.198500
vt 0.363700 0.199400
vt 0.364200 0.197000
vt 0.349900 0.201100
vt 0.363100 0.201800
vt 0.349500 0.203600
vt 0.362600 0.204200
vt 0.043300 0.096400
vt 0.027800 0.097400
vt 0.043700 0.094100
vt 0.028100 0.095100
vt 0.063200 0.095100
vt 0.063500 0.092900
vt 0.043900 0.091700
vt 0.044000 0.088900
vt 0.028600 0.090100
vt 0.028400 0.092700
vt 0.063600 0.090400
vt 0.063700 0.087600
vt 0.085800 0.086200
vt 0.085800 0.089200
vt 0.108600 0.088200
vt 0.108600 0.085100
vt 0.085700 0.091700
vt 0.108500 0.090700
vt 0.085500 0.093900
vt 0.108400 0.092800
vt 0.130200 0.087700
vt 0.130100 0.084500
vt 0.150700 0.087500
vt 0.150600 0.084300
vt 0.130100 0.090200
vt 0.150600 0.090000
vt 0.170300 0.087700
vt 0.189100 0.088000
vt 0.189100 0.084800
vt 0.170300 0.084500
vt 0.170200 0.090100
vt 0.189100 0.090400
vt 0.189100 0.092300
vt 0.170200 0.092000
vt 0.150600 0.092000
vt 0.130100 0.092200
vt 0.207300 0.088500
vt 0.207400 0.085300
vt 0.225100 0.089100
vt 0.225200 0.086000
vt 0.207300 0.090800
vt 0.225100 0.091400
vt 0.242600 0.089700
vt 0.259900 0.090400
vt 0.260000 0.087500
vt 0.242700 0.086700
vt 0.242600 0.092000
vt 0.259900 0.092600
vt 0.260000 0.094400
vt 0.242600 0.093700
vt 0.225200 0.093100
vt 0.207300 0.092600
vt 0.277100 0.091100
vt 0.277200 0.088300
vt 0.293300 0.091800
vt 0.293300 0.089000
vt 0.277200 0.093300
vt 0.293400 0.094000
vt 0.307400 0.092300
vt 0.318200 0.092800
vt 0.318200 0.090200
vt 0.307400 0.089700
vt 0.307400 0.094600
vt 0.318300 0.095000
vt 0.318400 0.097100
vt 0.307600 0.096500
vt 0.293500 0.095900
vt 0.277300 0.095100
vt 0.337800 0.092200
vt 0.343900 0.091000
vt 0.343700 0.088400
vt 0.337600 0.089600
vt 0.352100 0.089500
vt 0.351900 0.086700
vt 0.337900 0.094500
vt 0.344100 0.093500
vt 0.352300 0.092100
vt 0.362200 0.087600
vt 0.373900 0.085400
vt 0.373600 0.082300
vt 0.361900 0.084700
vt 0.362400 0.090400
vt 0.374200 0.088400
vt 0.374500 0.091500
vt 0.362700 0.093200
vt 0.352500 0.094700
vt 0.344300 0.095900
vt 0.338100 0.096700
vt 0.387200 0.082900
vt 0.386800 0.079600
vt 0.401700 0.080300
vt 0.401300 0.076800
vt 0.387500 0.086200
vt 0.402000 0.083900
vt 0.416900 0.077700
vt 0.432700 0.075400
vt 0.432300 0.071500
vt 0.416600 0.074000
vt 0.417300 0.081700
vt 0.433100 0.079600
vt 0.433500 0.084000
vt 0.417700 0.085700
vt 0.402400 0.087700
vt 0.387800 0.089600
vt 0.448700 0.073500
vt 0.448300 0.069500
vt 0.464700 0.072000
vt 0.464400 0.067900
vt 0.449000 0.077800
vt 0.465000 0.076500
vt 0.480700 0.071000
vt 0.496800 0.070800
vt 0.496700 0.066700
vt 0.480500 0.066900
vt 0.481000 0.075600
vt 0.497000 0.075300
vt 0.497100 0.080200
vt 0.481200 0.080500
vt 0.465300 0.081200
vt 0.449400 0.082400
vt 0.105300 0.240500
vt 0.122000 0.240400
vt 0.122200 0.238500
vt 0.105500 0.238700
vt 0.140100 0.240300
vt 0.140200 0.238300
vt 0.105100 0.242700
vt 0.121800 0.242700
vt 0.139900 0.242700
vt 0.159000 0.240300
vt 0.178200 0.240500
vt 0.178400 0.238200
vt 0.159100 0.238200
vt 0.158800 0.242800
vt 0.178000 0.243000
vt 0.177800 0.245700
vt 0.158600 0.245400
vt 0.158400 0.248100
vt 0.177500 0.248500
vt 0.139700 0.245200
vt 0.139500 0.247800
vt 0.121600 0.245100
vt 0.104900 0.245100
vt 0.104600 0.247600
vt 0.121400 0.247700
vt 0.176800 0.256600
vt 0.157700 0.255900
vt 0.157500 0.258300
vt 0.176600 0.259100
vt 0.138800 0.255500
vt 0.138600 0.257800
vt 0.177100 0.254000
vt 0.157900 0.253400
vt 0.139000 0.253000
vt 0.120700 0.255100
vt 0.103900 0.254900
vt 0.103700 0.257100
vt 0.120500 0.257400
vt 0.120900 0.252700
vt 0.104100 0.252600
vt 0.104400 0.250100
vt 0.121200 0.250200
vt 0.139300 0.250400
vt 0.158100 0.250800
vt 0.177300 0.251300
vt 0.052400 0.253900
vt 0.042200 0.253400
vt 0.041900 0.255300
vt 0.052100 0.255900
vt 0.033400 0.252800
vt 0.033100 0.254600
vt 0.052800 0.251700
vt 0.042600 0.251300
vt 0.033600 0.250800
vt 0.026300 0.252100
vt 0.021100 0.251400
vt 0.022500 0.252800
vt 0.026400 0.253700
vt 0.026000 0.250100
vt 0.020100 0.249300
vt 0.020200 0.247000
vt 0.026200 0.247800
vt 0.026900 0.245500
vt 0.020800 0.244600
vt 0.034000 0.248500
vt 0.034500 0.246200
vt 0.043000 0.249000
vt 0.053200 0.249400
vt 0.053600 0.247100
vt 0.043500 0.246700
vt 0.241400 0.248200
vt 0.229600 0.247700
vt 0.229200 0.250800
vt 0.241000 0.251500
vt 0.214400 0.247000
vt 0.214100 0.250000
vt 0.241800 0.245100
vt 0.230000 0.244600
vt 0.214700 0.244000
vt 0.196700 0.246300
vt 0.196500 0.249200
vt 0.197000 0.243500
vt 0.197200 0.240800
vt 0.197400 0.238400
vt 0.214900 0.241200
vt 0.215200 0.238700
vt 0.230300 0.241700
vt 0.242200 0.242100
vt 0.242400 0.239300
vt 0.230500 0.239000
vt 0.279900 0.250300
vt 0.273000 0.250200
vt 0.272500 0.253500
vt 0.279500 0.253600
vt 0.266900 0.249900
vt 0.266300 0.253300
vt 0.280300 0.247000
vt 0.273500 0.246900
vt 0.267400 0.246600
vt 0.261800 0.249600
vt 0.257800 0.249200
vt 0.257300 0.252600
vt 0.261200 0.252900
vt 0.262300 0.246300
vt 0.258400 0.246000
vt 0.258900 0.242800
vt 0.262800 0.243100
vt 0.263200 0.240100
vt 0.259300 0.239900
vt 0.267900 0.243500
vt 0.268200 0.240400
vt 0.273900 0.243700
vt 0.280600 0.243900
vt 0.280800 0.240800
vt 0.274200 0.240700
vt 0.314200 0.248400
vt 0.304300 0.249100
vt 0.304300 0.252200
vt 0.314400 0.251400
vt 0.295400 0.249700
vt 0.295200 0.252900
vt 0.314100 0.245500
vt 0.304300 0.246100
vt 0.295500 0.246600
vt 0.287300 0.250100
vt 0.287000 0.253400
vt 0.287600 0.246900
vt 0.287800 0.243800
vt 0.287900 0.240800
vt 0.295600 0.243500
vt 0.295700 0.240500
vt 0.304300 0.243100
vt 0.313900 0.242700
vt 0.313800 0.239800
vt 0.304200 0.240200
vt 0.362400 0.245100
vt 0.349700 0.246000
vt 0.350200 0.248500
vt 0.363100 0.247400
vt 0.337200 0.246900
vt 0.337600 0.249500
vt 0.361800 0.242800
vt 0.349100 0.243500
vt 0.336800 0.244200
vt 0.325300 0.247700
vt 0.325600 0.250500
vt 0.325000 0.244900
vt 0.324700 0.242100
vt 0.324500 0.239400
vt 0.336400 0.241600
vt 0.336000 0.238900
vt 0.348600 0.241000
vt 0.361100 0.240500
vt 0.360400 0.238200
vt 0.348100 0.238500
vt 0.107800 0.147000
vt 0.084800 0.145500
vt 0.085000 0.147500
vt 0.108000 0.148900
vt 0.062400 0.143700
vt 0.062700 0.145800
vt 0.107700 0.145000
vt 0.084600 0.143400
vt 0.062100 0.141500
vt 0.042400 0.142000
vt 0.026700 0.140600
vt 0.027100 0.142900
vt 0.042800 0.144200
vt 0.042000 0.139800
vt 0.026300 0.138300
vt 0.025900 0.135900
vt 0.041700 0.137300
vt 0.041400 0.134700
vt 0.025600 0.133300
vt 0.061800 0.139100
vt 0.061600 0.136300
vt 0.084400 0.140900
vt 0.107500 0.142600
vt 0.107300 0.139600
vt 0.084200 0.138000
vt 0.169800 0.141800
vt 0.169800 0.144900
vt 0.188800 0.145100
vt 0.188800 0.142000
vt 0.169800 0.147200
vt 0.188800 0.147400
vt 0.150000 0.141400
vt 0.150000 0.144500
vt 0.150100 0.146800
vt 0.169900 0.149100
vt 0.169900 0.150800
vt 0.188800 0.150800
vt 0.188800 0.149200
vt 0.150200 0.148800
vt 0.150200 0.150500
vt 0.129700 0.149900
vt 0.129600 0.148100
vt 0.129400 0.146100
vt 0.129300 0.143700
vt 0.129200 0.140600
vt 0.243000 0.141600
vt 0.242900 0.144500
vt 0.260300 0.143900
vt 0.260500 0.141000
vt 0.242700 0.146700
vt 0.260100 0.146000
vt 0.225300 0.142000
vt 0.225200 0.144900
vt 0.225100 0.147100
vt 0.242600 0.148300
vt 0.242400 0.149700
vt 0.259800 0.149100
vt 0.260000 0.147700
vt 0.225000 0.148800
vt 0.224900 0.150300
vt 0.207100 0.150600
vt 0.207100 0.149100
vt 0.207200 0.147300
vt 0.207200 0.145100
vt 0.207300 0.142100
vt 0.330500 0.136300
vt 0.330300 0.139000
vt 0.330600 0.139000
vt 0.330800 0.136300
vt 0.330100 0.141300
vt 0.330400 0.141300
vt 0.329200 0.136400
vt 0.329000 0.139000
vt 0.328800 0.141400
vt 0.329900 0.143500
vt 0.329700 0.145500
vt 0.330100 0.145500
vt 0.330200 0.143500
vt 0.328500 0.143500
vt 0.328300 0.145600
vt 0.324900 0.145800
vt 0.325100 0.143800
vt 0.318500 0.144200
vt 0.318300 0.146100
vt 0.325300 0.141700
vt 0.318700 0.142200
vt 0.325500 0.139300
vt 0.325700 0.136700
vt 0.319100 0.137200
vt 0.318900 0.139900
vt 0.363000 0.138500
vt 0.362900 0.141600
vt 0.374700 0.142400
vt 0.374800 0.139100
vt 0.362800 0.144400
vt 0.374600 0.145500
vt 0.352800 0.137900
vt 0.352700 0.140800
vt 0.352600 0.143400
vt 0.362600 0.147000
vt 0.362500 0.149600
vt 0.374200 0.151200
vt 0.374400 0.148300
vt 0.352500 0.145900
vt 0.352400 0.148300
vt 0.344100 0.147200
vt 0.344200 0.145000
vt 0.338000 0.144300
vt 0.337900 0.146400
vt 0.344300 0.142700
vt 0.338100 0.142100
vt 0.344400 0.140200
vt 0.344500 0.137300
vt 0.338300 0.136900
vt 0.338200 0.139700
vt 0.417600 0.141200
vt 0.417500 0.145300
vt 0.433100 0.146100
vt 0.433200 0.141800
vt 0.417300 0.149200
vt 0.432900 0.150300
vt 0.402500 0.140600
vt 0.402300 0.144400
vt 0.402200 0.147900
vt 0.417200 0.152900
vt 0.417000 0.156700
vt 0.432600 0.158500
vt 0.432800 0.154400
vt 0.402000 0.151400
vt 0.401800 0.154900
vt 0.387400 0.153000
vt 0.387700 0.149800
vt 0.387800 0.146700
vt 0.388000 0.143400
vt 0.388100 0.139800
vt 0.480300 0.142900
vt 0.480300 0.147700
vt 0.496100 0.147900
vt 0.496100 0.143000
vt 0.480200 0.152500
vt 0.496100 0.152800
vt 0.464500 0.142600
vt 0.464500 0.147400
vt 0.464400 0.152000
vt 0.480100 0.157300
vt 0.480100 0.162200
vt 0.496000 0.162500
vt 0.496000 0.157600
vt 0.464300 0.156700
vt 0.464200 0.161300
vt 0.448300 0.160100
vt 0.448500 0.155700
vt 0.448600 0.151300
vt 0.448700 0.146800
vt 0.448800 0.142300
vt 0.054100 0.244800
vt 0.044200 0.244400
vt 0.035300 0.244000
vt 0.054600 0.242600
vt 0.044800 0.242300
vt 0.036100 0.241900
vt 0.027700 0.243300
vt 0.021800 0.242400
vt 0.028900 0.241300
vt 0.023300 0.240600
vt 0.025300 0.239300
vt 0.030300 0.239700
vt 0.031200 0.238500
vt 0.027400 0.238500
vt 0.037000 0.240100
vt 0.037600 0.238600
vt 0.045400 0.240400
vt 0.055100 0.240600
vt 0.055500 0.238900
vt 0.045800 0.238800
vt 0.239700 0.260700
vt 0.228100 0.259800
vt 0.227800 0.262500
vt 0.239400 0.263400
vt 0.213100 0.258700
vt 0.212800 0.261300
vt 0.240100 0.257800
vt 0.228500 0.256900
vt 0.213400 0.255900
vt 0.195600 0.257600
vt 0.195400 0.260100
vt 0.195900 0.254900
vt 0.196200 0.252100
vt 0.213700 0.253000
vt 0.228900 0.253900
vt 0.240500 0.254600
vt 0.278200 0.263800
vt 0.271100 0.263700
vt 0.270700 0.266900
vt 0.277900 0.267000
vt 0.264800 0.263300
vt 0.264400 0.266400
vt 0.278600 0.260500
vt 0.271500 0.260400
vt 0.265300 0.260000
vt 0.259700 0.262800
vt 0.255700 0.262200
vt 0.255300 0.265100
vt 0.259200 0.265700
vt 0.260100 0.259600
vt 0.256200 0.259100
vt 0.256700 0.255900
vt 0.260600 0.256300
vt 0.265800 0.256700
vt 0.272000 0.257000
vt 0.279000 0.257000
vt 0.314700 0.260500
vt 0.304200 0.261700
vt 0.304200 0.264800
vt 0.314800 0.263500
vt 0.294700 0.262700
vt 0.294500 0.265900
vt 0.314600 0.257500
vt 0.304200 0.258600
vt 0.294800 0.259500
vt 0.286000 0.263500
vt 0.285800 0.266700
vt 0.286300 0.260100
vt 0.286600 0.256700
vt 0.295000 0.256200
vt 0.304300 0.255400
vt 0.314500 0.254400
vt 0.365200 0.254500
vt 0.351900 0.256100
vt 0.352400 0.258700
vt 0.365900 0.256800
vt 0.338800 0.257700
vt 0.339200 0.260400
vt 0.364500 0.252100
vt 0.351300 0.253500
vt 0.338400 0.254900
vt 0.326300 0.259100
vt 0.326600 0.262000
vt 0.326100 0.256200
vt 0.325800 0.253300
vt 0.338000 0.252200
vt 0.350800 0.251000
vt 0.363800 0.249800
vt 0.108200 0.155400
vt 0.085500 0.154100
vt 0.085500 0.157100
vt 0.108200 0.158500
vt 0.063300 0.152600
vt 0.063400 0.155500
vt 0.108200 0.152900
vt 0.085400 0.151600
vt 0.063200 0.150100
vt 0.043600 0.151100
vt 0.028100 0.149900
vt 0.028300 0.152500
vt 0.043700 0.153900
vt 0.043400 0.148700
vt 0.027900 0.147500
vt 0.027500 0.145200
vt 0.043100 0.146400
vt 0.063000 0.147900
vt 0.085200 0.149500
vt 0.108100 0.150800
vt 0.169900 0.152400
vt 0.188800 0.152400
vt 0.169900 0.154400
vt 0.188700 0.154300
vt 0.150300 0.152200
vt 0.150300 0.154200
vt 0.169900 0.156800
vt 0.169900 0.160000
vt 0.188700 0.159900
vt 0.188700 0.156700
vt 0.150300 0.156700
vt 0.150300 0.159900
vt 0.129700 0.159400
vt 0.129800 0.156200
vt 0.129800 0.153700
vt 0.129700 0.151700
vt 0.242300 0.151200
vt 0.259700 0.150600
vt 0.242200 0.152900
vt 0.259600 0.152300
vt 0.224800 0.151700
vt 0.224800 0.153500
vt 0.242200 0.155100
vt 0.242300 0.158100
vt 0.259600 0.157400
vt 0.259500 0.154400
vt 0.224800 0.155800
vt 0.224800 0.158800
vt 0.207000 0.159400
vt 0.207000 0.156300
vt 0.207000 0.153900
vt 0.207000 0.152100
vt 0.329500 0.147600
vt 0.329900 0.147600
vt 0.329300 0.149700
vt 0.329700 0.149700
vt 0.328200 0.147600
vt 0.328000 0.149700
vt 0.329200 0.152000
vt 0.329100 0.154500
vt 0.329500 0.154500
vt 0.329600 0.152000
vt 0.327900 0.152000
vt 0.327800 0.154500
vt 0.324400 0.154700
vt 0.324400 0.152100
vt 0.317900 0.152400
vt 0.317800 0.154900
vt 0.324600 0.149900
vt 0.318000 0.150100
vt 0.324700 0.147800
vt 0.318100 0.148100
vt 0.362300 0.152300
vt 0.374000 0.154100
vt 0.362000 0.155000
vt 0.373700 0.157200
vt 0.352200 0.150700
vt 0.352000 0.153200
vt 0.361700 0.157900
vt 0.361400 0.160700
vt 0.373100 0.163200
vt 0.373400 0.160200
vt 0.351700 0.155900
vt 0.351400 0.158600
vt 0.343300 0.156900
vt 0.343600 0.154300
vt 0.337400 0.153100
vt 0.337200 0.155700
vt 0.343800 0.151800
vt 0.337600 0.150700
vt 0.344000 0.149400
vt 0.337800 0.148500
vt 0.416700 0.160600
vt 0.432400 0.162700
vt 0.416500 0.164500
vt 0.432200 0.166800
vt 0.401600 0.158400
vt 0.401300 0.162000
vt 0.416200 0.168300
vt 0.415900 0.171800
vt 0.431700 0.174500
vt 0.431900 0.170800
vt 0.401000 0.165600
vt 0.400700 0.168900
vt 0.386300 0.166000
vt 0.386600 0.162800
vt 0.386900 0.159500
vt 0.387200 0.156200
vt 0.480000 0.167000
vt 0.496000 0.167400
vt 0.479900 0.171700
vt 0.496000 0.172100
vt 0.464100 0.166000
vt 0.463900 0.170500
vt 0.479800 0.176000
vt 0.479800 0.180000
vt 0.495900 0.180500
vt 0.496000 0.176500
vt 0.463800 0.174800
vt 0.463600 0.178700
vt 0.447600 0.176900
vt 0.447800 0.173100
vt 0.448000 0.168900
vt 0.448200 0.164500
vt 0.178500 0.230900
vt 0.159300 0.231600
vt 0.159300 0.232700
vt 0.178600 0.232100
vt 0.140400 0.232300
vt 0.140400 0.233300
vt 0.178400 0.229500
vt 0.159200 0.230400
vt 0.140300 0.231200
vt 0.122400 0.232900
vt 0.105700 0.233500
vt 0.105800 0.234400
vt 0.122400 0.233800
vt 0.122300 0.231900
vt 0.105700 0.232600
vt 0.105500 0.231500
vt 0.122100 0.230700
vt 0.140100 0.229900
vt 0.159000 0.228900
vt 0.178300 0.227900
vt 0.100200 0.204900
vt 0.117500 0.203900
vt 0.116700 0.202300
vt 0.097300 0.203700
vt 0.136300 0.202600
vt 0.136200 0.200800
vt 0.100700 0.206600
vt 0.117800 0.205700
vt 0.136300 0.204500
vt 0.155400 0.201100
vt 0.174500 0.199300
vt 0.175000 0.197900
vt 0.155600 0.199400
vt 0.155400 0.202900
vt 0.174500 0.201100
vt 0.174600 0.203100
vt 0.155500 0.204900
vt 0.136200 0.206500
vt 0.117400 0.207700
vt 0.100000 0.208600
vt 0.014900 0.223600
vt 0.013400 0.224700
vt 0.015000 0.227300
vt 0.018300 0.225800
vt 0.012000 0.226200
vt 0.013100 0.229100
vt 0.013900 0.221300
vt 0.012800 0.222000
vt 0.011800 0.222800
vt 0.011100 0.228000
vt 0.010400 0.230100
vt 0.012100 0.235400
vt 0.012200 0.231400
vt 0.010700 0.223700
vt 0.009200 0.224700
vt 0.009400 0.219200
vt 0.011300 0.219300
vt 0.014300 0.215300
vt 0.009600 0.213700
vt 0.013000 0.219300
vt 0.016200 0.216000
vt 0.014100 0.219100
vt 0.014900 0.218900
vt 0.018100 0.216700
vt 0.017400 0.216500
vt 0.060800 0.210400
vt 0.060900 0.209100
vt 0.050100 0.209700
vt 0.050200 0.210900
vt 0.060900 0.207500
vt 0.049800 0.208200
vt 0.072000 0.210300
vt 0.072600 0.208800
vt 0.072900 0.207200
vt 0.060600 0.205700
vt 0.060100 0.203800
vt 0.047700 0.203800
vt 0.049200 0.206400
vt 0.072800 0.205500
vt 0.072500 0.203800
vt 0.084900 0.203700
vt 0.085600 0.205300
vt 0.085900 0.207000
vt 0.085400 0.208800
vt 0.083800 0.210400
vt 0.230400 0.224800
vt 0.242300 0.224100
vt 0.230600 0.226900
vt 0.242500 0.226300
vt 0.215000 0.225800
vt 0.215200 0.227700
vt 0.230700 0.228900
vt 0.230800 0.230700
vt 0.242700 0.230400
vt 0.242600 0.228400
vt 0.215300 0.229500
vt 0.215400 0.231100
vt 0.197600 0.231600
vt 0.197600 0.230100
vt 0.197500 0.228600
vt 0.197300 0.226800
vt 0.273900 0.221300
vt 0.280500 0.220900
vt 0.274100 0.224100
vt 0.280600 0.223700
vt 0.268000 0.221800
vt 0.268200 0.224500
vt 0.274200 0.226800
vt 0.274300 0.229500
vt 0.280800 0.229300
vt 0.280700 0.226500
vt 0.268400 0.227100
vt 0.268500 0.229700
vt 0.263500 0.229800
vt 0.263400 0.227400
vt 0.259600 0.227600
vt 0.259600 0.230000
vt 0.263300 0.224900
vt 0.259400 0.225300
vt 0.263000 0.222300
vt 0.259100 0.222800
vt 0.303700 0.220000
vt 0.313100 0.219800
vt 0.303700 0.222900
vt 0.313100 0.222700
vt 0.295200 0.220200
vt 0.295300 0.223100
vt 0.303800 0.225800
vt 0.303800 0.228700
vt 0.313200 0.228400
vt 0.313200 0.225500
vt 0.295300 0.226000
vt 0.295400 0.228900
vt 0.287800 0.229100
vt 0.287700 0.226300
vt 0.287600 0.223400
vt 0.287500 0.220500
vt 0.347300 0.219100
vt 0.359600 0.218800
vt 0.347200 0.221800
vt 0.359500 0.221500
vt 0.335300 0.219300
vt 0.335200 0.222100
vt 0.347200 0.224600
vt 0.347200 0.227400
vt 0.359300 0.227100
vt 0.359400 0.224300
vt 0.335200 0.225000
vt 0.335200 0.227800
vt 0.323800 0.228100
vt 0.323700 0.225300
vt 0.323700 0.222400
vt 0.323800 0.219600
vt 0.084100 0.108800
vt 0.107400 0.107800
vt 0.084000 0.112800
vt 0.107200 0.112100
vt 0.061500 0.110000
vt 0.061300 0.113600
vt 0.083900 0.117100
vt 0.083800 0.121600
vt 0.107100 0.121800
vt 0.107200 0.116900
vt 0.061200 0.117500
vt 0.061200 0.121500
vt 0.040900 0.121400
vt 0.041000 0.117800
vt 0.025100 0.118100
vt 0.025100 0.121300
vt 0.041100 0.114400
vt 0.025300 0.115000
vt 0.041300 0.111100
vt 0.025400 0.112100
vt 0.169900 0.106600
vt 0.189000 0.106600
vt 0.169900 0.111400
vt 0.189000 0.111400
vt 0.150100 0.106800
vt 0.150000 0.111500
vt 0.169900 0.116700
vt 0.169800 0.122200
vt 0.189000 0.122300
vt 0.189000 0.116700
vt 0.150000 0.116600
vt 0.149900 0.122100
vt 0.129100 0.121900
vt 0.129100 0.116700
vt 0.129200 0.111700
vt 0.129300 0.107100
vt 0.243300 0.107200
vt 0.260800 0.107800
vt 0.243400 0.111900
vt 0.260900 0.112300
vt 0.225600 0.106900
vt 0.225600 0.111600
vt 0.243400 0.117100
vt 0.243400 0.122500
vt 0.260900 0.122500
vt 0.260900 0.117300
vt 0.225600 0.116900
vt 0.225600 0.122400
vt 0.207500 0.122400
vt 0.207500 0.116800
vt 0.207500 0.111500
vt 0.207500 0.106700
vt 0.330600 0.108900
vt 0.330800 0.111900
vt 0.331100 0.111900
vt 0.330900 0.108800
vt 0.330900 0.115300
vt 0.331200 0.115300
vt 0.329300 0.108800
vt 0.329400 0.111900
vt 0.329600 0.115300
vt 0.330900 0.118900
vt 0.330900 0.122600
vt 0.331200 0.122600
vt 0.331200 0.118900
vt 0.329600 0.118900
vt 0.329600 0.122600
vt 0.326200 0.122600
vt 0.326200 0.118800
vt 0.319600 0.118600
vt 0.319600 0.122600
vt 0.326100 0.115100
vt 0.319500 0.114800
vt 0.326000 0.111600
vt 0.325900 0.108500
vt 0.319400 0.111200
vt 0.363300 0.110600
vt 0.375200 0.110300
vt 0.363300 0.114500
vt 0.375200 0.114300
vt 0.353100 0.110900
vt 0.353100 0.114700
vt 0.363300 0.118600
vt 0.363300 0.122800
vt 0.375100 0.122800
vt 0.375200 0.118500
vt 0.353100 0.118600
vt 0.353100 0.122700
vt 0.344800 0.122700
vt 0.344800 0.118700
vt 0.338500 0.118800
vt 0.338500 0.122600
vt 0.344800 0.114900
vt 0.338500 0.115000
vt 0.344700 0.111200
vt 0.338500 0.111500
vt 0.418400 0.109600
vt 0.434100 0.109500
vt 0.418300 0.114000
vt 0.433900 0.113900
vt 0.403100 0.109800
vt 0.403100 0.114000
vt 0.418100 0.118500
vt 0.418000 0.123100
vt 0.433500 0.123200
vt 0.433700 0.118500
vt 0.402900 0.118500
vt 0.402800 0.123000
vt 0.388400 0.122900
vt 0.388500 0.118500
vt 0.388600 0.114100
vt 0.388600 0.110000
vt 0.481300 0.109400
vt 0.497000 0.109400
vt 0.481100 0.114100
vt 0.496800 0.114100
vt 0.465600 0.109400
vt 0.465300 0.114000
vt 0.480800 0.118800
vt 0.480600 0.123500
vt 0.496300 0.123600
vt 0.496500 0.118800
vt 0.465100 0.118700
vt 0.464900 0.123400
vt 0.449200 0.123300
vt 0.449400 0.118600
vt 0.449600 0.114000
vt 0.449800 0.109400
vt 0.045700 0.232500
vt 0.046000 0.233600
vt 0.055600 0.233400
vt 0.046100 0.234500
vt 0.055800 0.234300
vt 0.037400 0.232600
vt 0.037600 0.233700
vt 0.037600 0.234500
vt 0.046100 0.235100
vt 0.046100 0.235600
vt 0.055800 0.235600
vt 0.055800 0.235000
vt 0.037500 0.235100
vt 0.037500 0.235600
vt 0.030000 0.235500
vt 0.030100 0.234900
vt 0.024000 0.234700
vt 0.023900 0.235400
vt 0.030300 0.234300
vt 0.024500 0.234000
vt 0.030900 0.233600
vt 0.031000 0.232600
vt 0.027100 0.232500
vt 0.025700 0.233200
vt 0.025000 0.231700
vt 0.021800 0.232400
vt 0.020100 0.233400
vt 0.022600 0.230300
vt 0.019000 0.231200
vt 0.017000 0.232400
vt 0.019400 0.234400
vt 0.019200 0.235400
vt 0.016000 0.233900
vt 0.015900 0.235400
vt 0.013600 0.235400
vt 0.013800 0.233100
vt 0.014700 0.231100
vt 0.016800 0.229500
vt 0.020600 0.228400
vt 0.193300 0.201000
vt 0.193100 0.198900
vt 0.210600 0.198800
vt 0.210300 0.196600
vt 0.192900 0.197000
vt 0.192800 0.195200
vt 0.210400 0.194500
vt 0.210600 0.192400
vt 0.228500 0.189700
vt 0.226700 0.192100
vt 0.239100 0.190200
vt 0.246300 0.187000
vt 0.225500 0.194500
vt 0.237100 0.192800
vt 0.225400 0.196800
vt 0.236800 0.195200
vt 0.256600 0.191700
vt 0.252600 0.192600
vt 0.255900 0.189300
vt 0.251900 0.190200
vt 0.261800 0.190700
vt 0.261300 0.188100
vt 0.254900 0.187000
vt 0.253800 0.184900
vt 0.247600 0.186700
vt 0.250600 0.188200
vt 0.260700 0.185600
vt 0.260000 0.183100
vt 0.266200 0.181300
vt 0.266900 0.184100
vt 0.274100 0.183100
vt 0.272400 0.179500
vt 0.267600 0.187000
vt 0.274900 0.186200
vt 0.268100 0.189800
vt 0.275400 0.189100
vt 0.283400 0.188800
vt 0.283000 0.185900
vt 0.292300 0.189000
vt 0.292100 0.186000
vt 0.282500 0.182900
vt 0.281900 0.179900
vt 0.291800 0.183100
vt 0.291500 0.180200
vt 0.301000 0.180600
vt 0.301500 0.183500
vt 0.312300 0.184200
vt 0.310500 0.181000
vt 0.301900 0.186500
vt 0.312800 0.187200
vt 0.302100 0.189400
vt 0.312900 0.190100
vt 0.324900 0.190900
vt 0.324900 0.188000
vt 0.337600 0.191900
vt 0.337800 0.189000
vt 0.324600 0.185100
vt 0.324300 0.182100
vt 0.337900 0.186100
vt 0.338000 0.183200
vt 0.351800 0.184300
vt 0.351500 0.187200
vt 0.365200 0.188300
vt 0.365600 0.185400
vt 0.351200 0.190100
vt 0.364900 0.191200
vt 0.351000 0.193000
vt 0.364600 0.194100
vt 0.044000 0.085900
vt 0.028700 0.087200
vt 0.043200 0.082700
vt 0.027500 0.084400
vt 0.063700 0.084200
vt 0.063300 0.080500
vt 0.040700 0.079500
vt 0.037500 0.076500
vt 0.013200 0.080500
vt 0.023900 0.081900
vt 0.062600 0.076500
vt 0.061800 0.072400
vt 0.086000 0.068400
vt 0.085800 0.073500
vt 0.108800 0.071200
vt 0.110300 0.064400
vt 0.085700 0.078300
vt 0.108500 0.076600
vt 0.085700 0.082600
vt 0.108500 0.081300
vt 0.130000 0.080500
vt 0.130000 0.075600
vt 0.150600 0.080200
vt 0.150500 0.075300
vt 0.130200 0.070100
vt 0.130500 0.064200
vt 0.150600 0.069800
vt 0.150700 0.064000
vt 0.170800 0.063800
vt 0.170500 0.069700
vt 0.189800 0.069900
vt 0.191000 0.063600
vt 0.170300 0.075300
vt 0.189400 0.075600
vt 0.170300 0.080300
vt 0.189200 0.080600
vt 0.207500 0.081100
vt 0.207700 0.076100
vt 0.225400 0.081800
vt 0.225600 0.076900
vt 0.208200 0.070500
vt 0.208700 0.064600
vt 0.225900 0.071300
vt 0.226300 0.065500
vt 0.244000 0.066400
vt 0.243500 0.072300
vt 0.260900 0.073500
vt 0.261600 0.067400
vt 0.243100 0.077800
vt 0.260500 0.078900
vt 0.242900 0.082700
vt 0.260100 0.083600
vt 0.277400 0.084600
vt 0.277700 0.080200
vt 0.293500 0.085600
vt 0.293800 0.081600
vt 0.278000 0.075300
vt 0.278500 0.070100
vt 0.294500 0.077300
vt 0.295300 0.072900
vt 0.312200 0.075600
vt 0.309900 0.079300
vt 0.321600 0.080800
vt 0.329000 0.078400
vt 0.308100 0.082900
vt 0.319100 0.084000
vt 0.307400 0.086500
vt 0.318200 0.087200
vt 0.335200 0.080800
vt 0.341700 0.079600
vt 0.340200 0.076700
vt 0.331000 0.078300
vt 0.350400 0.078000
vt 0.349500 0.075100
vt 0.336700 0.083800
vt 0.342900 0.082600
vt 0.351100 0.081000
vt 0.360000 0.076200
vt 0.371200 0.073900
vt 0.368000 0.071900
vt 0.358800 0.073500
vt 0.360900 0.079000
vt 0.372500 0.076500
vt 0.373200 0.079300
vt 0.361500 0.081800
vt 0.351500 0.083900
vt 0.343400 0.085500
vt 0.337400 0.086800
vt 0.386400 0.076500
vt 0.385900 0.073700
vt 0.400900 0.073600
vt 0.400400 0.070600
vt 0.384900 0.071000
vt 0.383700 0.068500
vt 0.399900 0.067800
vt 0.399300 0.065000
vt 0.414900 0.061500
vt 0.415400 0.064600
vt 0.431200 0.061800
vt 0.430600 0.058100
vt 0.415800 0.067600
vt 0.431700 0.065000
vt 0.416200 0.070700
vt 0.432000 0.068100
vt 0.448000 0.066000
vt 0.447700 0.062900
vt 0.464200 0.064400
vt 0.464000 0.061400
vt 0.447400 0.059900
vt 0.447100 0.057000
vt 0.463800 0.058600
vt 0.463600 0.055900
vt 0.480200 0.054800
vt 0.480200 0.057600
vt 0.496700 0.057200
vt 0.496700 0.053700
vt 0.480300 0.060400
vt 0.496600 0.060200
vt 0.480400 0.063500
vt 0.496600 0.063200
vt 0.253500 0.207900
vt 0.254300 0.211200
vt 0.255000 0.214400
vt 0.251000 0.208200
vt 0.251700 0.211500
vt 0.252400 0.214700
vt 0.255700 0.217500
vt 0.256200 0.220400
vt 0.253000 0.217800
vt 0.253600 0.220700
vt 0.249300 0.221000
vt 0.248800 0.218200
vt 0.248200 0.215100
vt 0.247600 0.212000
vt 0.246900 0.208700
vt 0.250700 0.195700
vt 0.251400 0.198500
vt 0.252000 0.201500
vt 0.248200 0.196100
vt 0.248900 0.198900
vt 0.249500 0.201900
vt 0.252800 0.204700
vt 0.250300 0.205000
vt 0.246200 0.205500
vt 0.245500 0.202400
vt 0.244900 0.199500
vt 0.244300 0.196700
vt 0.247300 0.186800
vt 0.248500 0.188700
vt 0.249500 0.190800
vt 0.246900 0.186800
vt 0.247000 0.189000
vt 0.247300 0.191200
vt 0.250200 0.193100
vt 0.247700 0.193600
vt 0.243700 0.194200
vt 0.243700 0.191800
vt 0.244900 0.189400
vt 0.246600 0.186900
vt 0.254800 0.252300
vt 0.254200 0.255600
vt 0.253700 0.258900
vt 0.252200 0.252100
vt 0.251700 0.255400
vt 0.251200 0.258600
vt 0.253300 0.261900
vt 0.252900 0.264700
vt 0.250800 0.261600
vt 0.250400 0.264400
vt 0.246400 0.264000
vt 0.246800 0.261300
vt 0.247200 0.258300
vt 0.247600 0.255100
vt 0.248100 0.251900
vt 0.256700 0.239700
vt 0.256300 0.242600
vt 0.255900 0.245800
vt 0.254100 0.239600
vt 0.253700 0.242500
vt 0.253200 0.245600
vt 0.255300 0.249000
vt 0.252700 0.248800
vt 0.248600 0.248600
vt 0.249100 0.245400
vt 0.249500 0.242300
vt 0.249800 0.239400
vt 0.257100 0.230000
vt 0.257100 0.232300
vt 0.259700 0.232300
vt 0.257100 0.234600
vt 0.259600 0.234600
vt 0.254400 0.230100
vt 0.254400 0.232300
vt 0.254400 0.234500
vt 0.257000 0.237000
vt 0.259500 0.237200
vt 0.254300 0.236900
vt 0.250000 0.236900
vt 0.242600 0.236800
vt 0.250100 0.234500
vt 0.242700 0.234500
vt 0.250100 0.232300
vt 0.250100 0.230200
vt 0.242700 0.232400
vt 0.009300 0.110100
vt 0.009700 0.107700
vt 0.009400 0.107500
vt 0.008900 0.109800
vt 0.010200 0.105300
vt 0.009900 0.105200
vt 0.011200 0.110200
vt 0.011600 0.107700
vt 0.012000 0.105300
vt 0.010700 0.103000
vt 0.011200 0.100700
vt 0.010900 0.100600
vt 0.010400 0.102900
vt 0.012500 0.102900
vt 0.013000 0.100600
vt 0.017800 0.100300
vt 0.017400 0.102600
vt 0.016900 0.105000
vt 0.016500 0.107400
vt 0.016100 0.109900
vt 0.008700 0.121200
vt 0.008800 0.118400
vt 0.008500 0.118300
vt 0.008400 0.121200
vt 0.008900 0.115600
vt 0.008700 0.115500
vt 0.010600 0.121200
vt 0.010600 0.118400
vt 0.010700 0.115600
vt 0.009100 0.112800
vt 0.008800 0.112600
vt 0.010900 0.112800
vt 0.015800 0.112600
vt 0.015700 0.115400
vt 0.015500 0.118300
vt 0.015500 0.121200
vt 0.011000 0.141700
vt 0.010500 0.139400
vt 0.010300 0.139500
vt 0.010700 0.141800
vt 0.010100 0.137100
vt 0.009800 0.137200
vt 0.012800 0.141800
vt 0.012300 0.139500
vt 0.011900 0.137100
vt 0.009600 0.134700
vt 0.009200 0.132200
vt 0.008800 0.132600
vt 0.009300 0.134900
vt 0.011500 0.134700
vt 0.011100 0.132200
vt 0.016000 0.132500
vt 0.016400 0.135100
vt 0.016800 0.137500
vt 0.017200 0.139800
vt 0.017600 0.142100
vt 0.012500 0.151100
vt 0.012300 0.148600
vt 0.012100 0.148500
vt 0.012600 0.150800
vt 0.011900 0.146300
vt 0.011600 0.146300
vt 0.014200 0.151300
vt 0.014000 0.148800
vt 0.013600 0.146400
vt 0.011400 0.144000
vt 0.011200 0.144000
vt 0.013200 0.144100
vt 0.018100 0.144400
vt 0.018500 0.146800
vt 0.018800 0.149200
vt 0.019000 0.151700
vt 0.012100 0.162000
vt 0.012300 0.159200
vt 0.012100 0.159200
vt 0.011900 0.162000
vt 0.012500 0.156400
vt 0.012200 0.156400
vt 0.012400 0.162000
vt 0.013300 0.159300
vt 0.014000 0.156600
vt 0.012600 0.153700
vt 0.012400 0.153600
vt 0.014200 0.153900
vt 0.019000 0.154400
vt 0.028300 0.155400
vt 0.018200 0.157100
vt 0.027100 0.158200
vt 0.015800 0.159600
vt 0.012600 0.161900
vt 0.012800 0.161900
vt 0.023500 0.160700
vt 0.011700 0.098400
vt 0.011400 0.098400
vt 0.012100 0.096100
vt 0.011900 0.096100
vt 0.013500 0.098300
vt 0.013900 0.096000
vt 0.012500 0.093800
vt 0.012800 0.091300
vt 0.012900 0.091600
vt 0.012400 0.093800
vt 0.014300 0.093600
vt 0.014500 0.091100
vt 0.019300 0.090800
vt 0.019100 0.093300
vt 0.018700 0.095700
vt 0.018300 0.098100
vt 0.334200 0.099300
vt 0.334300 0.101400
vt 0.334400 0.103500
vt 0.331900 0.099600
vt 0.332000 0.101600
vt 0.332100 0.103700
vt 0.334500 0.105900
vt 0.334500 0.108600
vt 0.332200 0.106000
vt 0.332300 0.108700
vt 0.331300 0.108800
vt 0.331200 0.106100
vt 0.330800 0.106200
vt 0.331100 0.103800
vt 0.330600 0.103800
vt 0.330900 0.101700
vt 0.330800 0.099700
vt 0.330300 0.099700
vt 0.330500 0.101700
vt 0.333700 0.090300
vt 0.333800 0.092800
vt 0.334000 0.095100
vt 0.331400 0.090600
vt 0.331500 0.093200
vt 0.331700 0.095400
vt 0.334100 0.097300
vt 0.331800 0.097500
vt 0.330700 0.097600
vt 0.330200 0.097600
vt 0.330500 0.095500
vt 0.330000 0.095500
vt 0.330400 0.093200
vt 0.330300 0.090700
vt 0.329900 0.090700
vt 0.329900 0.093200
vt 0.330700 0.078300
vt 0.332000 0.081400
vt 0.333000 0.084500
vt 0.330400 0.078400
vt 0.330800 0.081600
vt 0.331100 0.084800
vt 0.333500 0.087500
vt 0.331300 0.087800
vt 0.330300 0.087900
vt 0.329800 0.087900
vt 0.330200 0.084900
vt 0.329800 0.084900
vt 0.330200 0.081700
vt 0.330100 0.078500
vt 0.329800 0.078500
vt 0.329800 0.081700
vt 0.333900 0.145900
vt 0.333800 0.147900
vt 0.333600 0.150100
vt 0.331600 0.145600
vt 0.331500 0.147700
vt 0.331300 0.149800
vt 0.333500 0.152400
vt 0.333300 0.154900
vt 0.331200 0.152000
vt 0.331000 0.154500
vt 0.330000 0.154400
vt 0.330100 0.151900
vt 0.330200 0.149700
vt 0.330400 0.147600
vt 0.330500 0.145500
vt 0.334400 0.136700
vt 0.334300 0.139300
vt 0.334200 0.141700
vt 0.332200 0.136500
vt 0.332000 0.139100
vt 0.331900 0.141500
vt 0.334000 0.143800
vt 0.331800 0.143600
vt 0.330700 0.143500
vt 0.330900 0.141400
vt 0.331000 0.139000
vt 0.331200 0.136400
vt 0.334600 0.122600
vt 0.334600 0.126400
vt 0.338500 0.126500
vt 0.334500 0.130100
vt 0.338400 0.130200
vt 0.332500 0.122600
vt 0.332500 0.126300
vt 0.332400 0.130000
vt 0.334500 0.133500
vt 0.338400 0.133700
vt 0.332300 0.133400
vt 0.331300 0.133300
vt 0.330900 0.133300
vt 0.331400 0.129900
vt 0.331100 0.129900
vt 0.331500 0.126300
vt 0.331600 0.122600
vt 0.331200 0.126300
vt 0.041500 0.215600
vt 0.041800 0.216700
vt 0.042100 0.218000
vt 0.033500 0.216300
vt 0.033800 0.217300
vt 0.034000 0.218500
vt 0.042300 0.219300
vt 0.042500 0.220600
vt 0.034400 0.219800
vt 0.034600 0.221000
vt 0.028300 0.221200
vt 0.027900 0.220200
vt 0.022900 0.220500
vt 0.024500 0.221200
vt 0.027200 0.219100
vt 0.021900 0.219500
vt 0.027300 0.218000
vt 0.027300 0.217000
vt 0.023600 0.217600
vt 0.022400 0.218400
vt 0.043300 0.225800
vt 0.043900 0.227500
vt 0.044500 0.229300
vt 0.034200 0.226000
vt 0.034800 0.227800
vt 0.035800 0.229600
vt 0.045200 0.231000
vt 0.036700 0.231200
vt 0.029900 0.231400
vt 0.028300 0.229800
vt 0.026800 0.227900
vt 0.025900 0.226100
vt 0.088900 0.254700
vt 0.088700 0.256900
vt 0.075500 0.254500
vt 0.075300 0.256600
vt 0.089200 0.252400
vt 0.075800 0.252300
vt 0.063500 0.254300
vt 0.063200 0.256300
vt 0.063800 0.252100
vt 0.064100 0.249700
vt 0.064500 0.247300
vt 0.076100 0.249900
vt 0.076500 0.247500
vt 0.089500 0.250000
vt 0.089800 0.247600
vt 0.090000 0.245100
vt 0.076800 0.245100
vt 0.090300 0.242700
vt 0.077100 0.242800
vt 0.064900 0.244900
vt 0.065300 0.242700
vt 0.065700 0.240700
vt 0.066000 0.239000
vt 0.077400 0.240700
vt 0.077700 0.238900
vt 0.090600 0.240600
vt 0.090800 0.238800
vt 0.023700 0.214800
vt 0.023100 0.214100
vt 0.022200 0.213400
vt 0.031200 0.213100
vt 0.030700 0.212200
vt 0.030200 0.211200
vt 0.020800 0.212400
vt 0.019100 0.211300
vt 0.029400 0.210000
vt 0.028600 0.208800
vt 0.038200 0.206300
vt 0.038900 0.207900
vt 0.039400 0.209500
vt 0.039900 0.210700
vt 0.040200 0.211800
vt 0.090800 0.232100
vt 0.090900 0.233200
vt 0.077700 0.232700
vt 0.077900 0.233700
vt 0.091000 0.234000
vt 0.091100 0.234800
vt 0.078000 0.234500
vt 0.078000 0.235100
vt 0.066300 0.235400
vt 0.066300 0.234800
vt 0.066300 0.234000
vt 0.066100 0.233100
vt 0.159300 0.233800
vt 0.178600 0.233400
vt 0.159300 0.235100
vt 0.178500 0.234800
vt 0.140400 0.234300
vt 0.140400 0.235400
vt 0.159200 0.236500
vt 0.178500 0.236400
vt 0.140300 0.236700
vt 0.122300 0.237000
vt 0.105600 0.237200
vt 0.122400 0.235700
vt 0.105700 0.236100
vt 0.122400 0.234700
vt 0.105800 0.235200
vt 0.118100 0.264700
vt 0.119200 0.263000
vt 0.101900 0.262500
vt 0.098600 0.264000
vt 0.120000 0.261300
vt 0.103000 0.260900
vt 0.137600 0.265300
vt 0.138000 0.263600
vt 0.138300 0.261800
vt 0.120400 0.259400
vt 0.103500 0.259100
vt 0.138500 0.259900
vt 0.157300 0.260500
vt 0.176400 0.261300
vt 0.157200 0.262400
vt 0.176300 0.263300
vt 0.157200 0.264300
vt 0.157200 0.266000
vt 0.176700 0.266600
vt 0.176300 0.265200
vt 0.016700 0.243400
vt 0.016000 0.245900
vt 0.016100 0.248600
vt 0.014000 0.241700
vt 0.013300 0.244500
vt 0.013400 0.247800
vt 0.017500 0.251100
vt 0.020500 0.253200
vt 0.014900 0.250900
vt 0.018200 0.253700
vt 0.015600 0.254500
vt 0.012500 0.251000
vt 0.010200 0.251100
vt 0.010700 0.256300
vt 0.011600 0.246900
vt 0.009800 0.245900
vt 0.011700 0.242700
vt 0.012600 0.239400
vt 0.010700 0.240700
vt 0.061500 0.262900
vt 0.062100 0.261300
vt 0.050600 0.260700
vt 0.049100 0.262500
vt 0.062600 0.259700
vt 0.051300 0.259200
vt 0.073900 0.263300
vt 0.074300 0.261700
vt 0.074800 0.260200
vt 0.062900 0.258100
vt 0.051800 0.257600
vt 0.075000 0.258500
vt 0.088500 0.258800
vt 0.088100 0.260500
vt 0.087300 0.262100
vt 0.086200 0.263600
vt 0.230800 0.232600
vt 0.230800 0.234500
vt 0.215400 0.232800
vt 0.215400 0.234600
vt 0.230700 0.236600
vt 0.215300 0.236500
vt 0.197500 0.236400
vt 0.197600 0.234600
vt 0.197600 0.233100
vt 0.274400 0.232200
vt 0.280900 0.232200
vt 0.274400 0.235000
vt 0.280900 0.235000
vt 0.268500 0.232300
vt 0.268500 0.234900
vt 0.274300 0.237800
vt 0.280900 0.237900
vt 0.268400 0.237600
vt 0.263400 0.237400
vt 0.263500 0.234800
vt 0.263500 0.232300
vt 0.303900 0.231500
vt 0.313300 0.231200
vt 0.304000 0.234400
vt 0.313400 0.234100
vt 0.295500 0.231800
vt 0.295600 0.234700
vt 0.304100 0.237300
vt 0.313600 0.237000
vt 0.295600 0.237600
vt 0.288000 0.237800
vt 0.287900 0.234900
vt 0.287900 0.232000
vt 0.347300 0.230200
vt 0.359600 0.229900
vt 0.347500 0.233000
vt 0.359800 0.232600
vt 0.335300 0.230600
vt 0.335500 0.233400
vt 0.347800 0.235800
vt 0.360100 0.235400
vt 0.335700 0.236200
vt 0.324200 0.236600
vt 0.324000 0.233800
vt 0.323900 0.230900
vt 0.083800 0.126100
vt 0.107100 0.126700
vt 0.083900 0.130500
vt 0.107100 0.131400
vt 0.061200 0.125500
vt 0.061200 0.129400
vt 0.084000 0.134500
vt 0.107200 0.135800
vt 0.061400 0.133000
vt 0.041200 0.131600
vt 0.025400 0.130500
vt 0.041000 0.128400
vt 0.025200 0.127500
vt 0.041000 0.124900
vt 0.025100 0.124400
vt 0.169800 0.127700
vt 0.188900 0.127800
vt 0.169800 0.133000
vt 0.188900 0.133100
vt 0.149900 0.127500
vt 0.149900 0.132600
vt 0.169800 0.137700
vt 0.188900 0.137900
vt 0.149900 0.137400
vt 0.129100 0.136700
vt 0.129100 0.132200
vt 0.129100 0.127100
vt 0.243300 0.127900
vt 0.260900 0.127700
vt 0.243300 0.133100
vt 0.260800 0.132700
vt 0.225600 0.127900
vt 0.225500 0.133200
vt 0.243100 0.137700
vt 0.260600 0.137200
vt 0.225400 0.138000
vt 0.207400 0.138000
vt 0.207400 0.133200
vt 0.207500 0.127900
vt 0.330900 0.126300
vt 0.330800 0.129900
vt 0.329600 0.126300
vt 0.329500 0.129900
vt 0.330600 0.133200
vt 0.329300 0.133300
vt 0.325900 0.133500
vt 0.319300 0.134000
vt 0.326100 0.130100
vt 0.319400 0.130400
vt 0.326200 0.126400
vt 0.319600 0.126600
vt 0.363200 0.126900
vt 0.375100 0.127200
vt 0.363200 0.131000
vt 0.375000 0.131400
vt 0.353000 0.126800
vt 0.353000 0.130700
vt 0.363100 0.134900
vt 0.374900 0.135400
vt 0.352900 0.134500
vt 0.344600 0.134100
vt 0.344700 0.130400
vt 0.344700 0.126600
vt 0.417900 0.127800
vt 0.433400 0.128000
vt 0.417800 0.132400
vt 0.433300 0.132700
vt 0.402700 0.127600
vt 0.402700 0.132100
vt 0.417700 0.136900
vt 0.433200 0.137300
vt 0.402600 0.136400
vt 0.388200 0.135900
vt 0.388300 0.131700
vt 0.388400 0.127400
vt 0.480500 0.128300
vt 0.496200 0.128400
vt 0.480400 0.133200
vt 0.496200 0.133200
vt 0.464800 0.128200
vt 0.464700 0.133000
vt 0.480400 0.138000
vt 0.496100 0.138100
vt 0.464600 0.137900
vt 0.448900 0.137600
vt 0.449000 0.132900
vt 0.449100 0.128100
vt 0.046200 0.236100
vt 0.055800 0.236100
vt 0.046200 0.236700
vt 0.055800 0.236800
vt 0.037500 0.236100
vt 0.037600 0.236700
vt 0.046100 0.237600
vt 0.055700 0.237700
vt 0.037700 0.237500
vt 0.031000 0.237500
vt 0.025900 0.237700
vt 0.030400 0.236700
vt 0.024600 0.236900
vt 0.030100 0.236000
vt 0.024000 0.236100
vt 0.019500 0.236400
vt 0.020400 0.237400
vt 0.016200 0.236900
vt 0.017300 0.238400
vt 0.022200 0.238400
vt 0.019600 0.239600
vt 0.017800 0.241200
vt 0.015300 0.239700
vt 0.014000 0.237700
vt 0.194900 0.268300
vt 0.194900 0.266500
vt 0.195000 0.264500
vt 0.213100 0.270000
vt 0.212700 0.268000
vt 0.212500 0.265900
vt 0.195200 0.262400
vt 0.212600 0.263700
vt 0.227500 0.264900
vt 0.239100 0.265900
vt 0.227800 0.267200
vt 0.239600 0.268300
vt 0.229300 0.269500
vt 0.231300 0.271700
vt 0.249500 0.273400
vt 0.241900 0.270600
vt 0.256500 0.275200
vt 0.257600 0.273100
vt 0.253200 0.272100
vt 0.250300 0.273500
vt 0.258400 0.270900
vt 0.254400 0.270000
vt 0.262800 0.276800
vt 0.263300 0.274300
vt 0.263700 0.271800
vt 0.258900 0.268400
vt 0.255000 0.267700
vt 0.264100 0.269200
vt 0.270400 0.269800
vt 0.277700 0.270000
vt 0.270100 0.272600
vt 0.277400 0.273000
vt 0.269600 0.275500
vt 0.269000 0.278400
vt 0.275300 0.280000
vt 0.276800 0.276100
vt 0.284800 0.278800
vt 0.285200 0.275700
vt 0.285500 0.272700
vt 0.294300 0.277700
vt 0.294400 0.274800
vt 0.294500 0.271900
vt 0.285700 0.269700
vt 0.294500 0.268900
vt 0.304300 0.267800
vt 0.315000 0.266400
vt 0.304300 0.270700
vt 0.315100 0.269400
vt 0.304100 0.273700
vt 0.303700 0.276600
vt 0.313200 0.275400
vt 0.314800 0.272300
vt 0.326900 0.273600
vt 0.327000 0.270700
vt 0.327100 0.267800
vt 0.340500 0.271900
vt 0.340300 0.269000
vt 0.340000 0.266100
vt 0.326900 0.264900
vt 0.339600 0.263300
vt 0.352900 0.261500
vt 0.366400 0.259700
vt 0.353300 0.264400
vt 0.366900 0.262600
vt 0.353700 0.267200
vt 0.354200 0.270100
vt 0.367900 0.268300
vt 0.367400 0.265400
vt 0.037000 0.166300
vt 0.040300 0.163200
vt 0.042800 0.160100
vt 0.061200 0.170600
vt 0.062200 0.166500
vt 0.062900 0.162500
vt 0.043700 0.156900
vt 0.063300 0.158800
vt 0.085300 0.160700
vt 0.108000 0.162400
vt 0.085200 0.165000
vt 0.108000 0.167100
vt 0.085300 0.169800
vt 0.085400 0.174900
vt 0.109700 0.179200
vt 0.108200 0.172500
vt 0.129900 0.179800
vt 0.129700 0.173900
vt 0.129500 0.168400
vt 0.150100 0.180300
vt 0.150100 0.174500
vt 0.150100 0.169000
vt 0.129600 0.163500
vt 0.150200 0.164100
vt 0.169800 0.164300
vt 0.188800 0.164100
vt 0.169900 0.169300
vt 0.188900 0.169200
vt 0.170100 0.174900
vt 0.170300 0.180900
vt 0.190500 0.181400
vt 0.189400 0.174900
vt 0.208200 0.180400
vt 0.207700 0.174400
vt 0.207300 0.168700
vt 0.225900 0.179300
vt 0.225500 0.173500
vt 0.225200 0.167900
vt 0.207100 0.163600
vt 0.224900 0.163000
vt 0.242500 0.162200
vt 0.259800 0.161200
vt 0.242700 0.167000
vt 0.260100 0.165900
vt 0.243100 0.172500
vt 0.243600 0.178300
vt 0.261200 0.177200
vt 0.260500 0.171200
vt 0.278100 0.174600
vt 0.277600 0.169500
vt 0.277300 0.164600
vt 0.294900 0.172000
vt 0.294100 0.167600
vt 0.293400 0.163300
vt 0.277000 0.160300
vt 0.276800 0.156600
vt 0.293100 0.159400
vt 0.293000 0.156000
vt 0.307000 0.155400
vt 0.307100 0.158600
vt 0.317800 0.157900
vt 0.307700 0.162100
vt 0.318700 0.161100
vt 0.309500 0.165700
vt 0.311800 0.169400
vt 0.328600 0.166800
vt 0.321200 0.164300
vt 0.339800 0.168600
vt 0.341200 0.165600
vt 0.334700 0.164400
vt 0.330500 0.166900
vt 0.342400 0.162700
vt 0.336300 0.161400
vt 0.349000 0.170200
vt 0.349900 0.167300
vt 0.350600 0.164400
vt 0.343000 0.159700
vt 0.337000 0.158500
vt 0.351100 0.161500
vt 0.361100 0.163600
vt 0.372700 0.166100
vt 0.360500 0.166500
vt 0.372000 0.168900
vt 0.359500 0.169200
vt 0.358200 0.171900
vt 0.367500 0.173500
vt 0.370700 0.171500
vt 0.383100 0.177000
vt 0.384300 0.174500
vt 0.385300 0.171800
vt 0.398700 0.180500
vt 0.399300 0.177800
vt 0.399900 0.175000
vt 0.385900 0.169000
vt 0.400300 0.172000
vt 0.415600 0.175000
vt 0.431400 0.177800
vt 0.415200 0.178000
vt 0.431000 0.180900
vt 0.414800 0.181000
vt 0.414300 0.184000
vt 0.429900 0.187500
vt 0.430600 0.183900
vt 0.446400 0.189000
vt 0.446800 0.186100
vt 0.447100 0.183200
vt 0.462900 0.190500
vt 0.463100 0.187800
vt 0.463300 0.185100
vt 0.447400 0.180200
vt 0.463500 0.182100
vt 0.479700 0.183300
vt 0.495900 0.183900
vt 0.479600 0.186400
vt 0.495900 0.186900
vt 0.479500 0.189200
vt 0.479400 0.192100
vt 0.495900 0.193600
vt 0.495900 0.189900
vt 0.246100 0.266500
vt 0.250100 0.266900
vt 0.246300 0.268900
vt 0.249800 0.269200
vt 0.252500 0.267300
vt 0.252000 0.269600
vt 0.251100 0.271600
vt 0.250100 0.273500
vt 0.249800 0.271400
vt 0.249900 0.273500
vt 0.247700 0.271200
vt 0.249700 0.273400
vt 0.249700 0.223600
vt 0.253900 0.223300
vt 0.249900 0.225900
vt 0.254200 0.225700
vt 0.256600 0.223000
vt 0.256900 0.225500
vt 0.257000 0.227800
vt 0.254300 0.227900
vt 0.250000 0.228100
vt 0.015800 0.129900
vt 0.010900 0.129600
vt 0.015600 0.127000
vt 0.010700 0.126800
vt 0.009000 0.129600
vt 0.008700 0.129700
vt 0.008900 0.126800
vt 0.008600 0.126900
vt 0.008500 0.124000
vt 0.008800 0.124000
vt 0.010600 0.124000
vt 0.015500 0.124200
vt 0.019300 0.088100
vt 0.014600 0.088500
vt 0.018500 0.085400
vt 0.014400 0.085800
vt 0.012900 0.088700
vt 0.012700 0.088800
vt 0.012800 0.086000
vt 0.012600 0.086000
vt 0.012500 0.083200
vt 0.012700 0.083200
vt 0.012600 0.080400
vt 0.012400 0.080400
vt 0.013700 0.083100
vt 0.012800 0.080400
vt 0.016200 0.082900
vt 0.013000 0.080500
vt 0.329400 0.157300
vt 0.329900 0.157200
vt 0.330900 0.157400
vt 0.329400 0.160300
vt 0.329800 0.160300
vt 0.330700 0.160400
vt 0.333100 0.157700
vt 0.332600 0.160700
vt 0.331600 0.163800
vt 0.330200 0.166900
vt 0.330400 0.163600
vt 0.330000 0.166800
vt 0.329700 0.163500
vt 0.329400 0.163400
vt 0.329400 0.166700
vt 0.329700 0.166700
vt 0.331400 0.111900
vt 0.332400 0.111800
vt 0.331500 0.115300
vt 0.332500 0.115200
vt 0.334600 0.111700
vt 0.334600 0.115100
vt 0.334600 0.118800
vt 0.332500 0.118900
vt 0.331500 0.118900
vt 0.020300 0.257800
vt 0.022200 0.256800
vt 0.024000 0.255700
vt 0.029900 0.259400
vt 0.030900 0.258300
vt 0.031800 0.257200
vt 0.025500 0.254800
vt 0.032500 0.256000
vt 0.041500 0.256900
vt 0.041000 0.258300
vt 0.040300 0.259600
vt 0.039500 0.260900
vt 0.091000 0.235500
vt 0.091000 0.236400
vt 0.078000 0.235800
vt 0.077900 0.236600
vt 0.090900 0.237400
vt 0.077800 0.237600
vt 0.066200 0.237700
vt 0.066300 0.236800
vt 0.066300 0.236000
vt 0.059800 0.213600
vt 0.050300 0.214000
vt 0.060100 0.212600
vt 0.050300 0.213000
vt 0.068800 0.213500
vt 0.069700 0.212500
vt 0.060500 0.211600
vt 0.050300 0.212000
vt 0.070900 0.211500
vt 0.081100 0.211600
vt 0.088700 0.212100
vt 0.078300 0.212600
vt 0.084900 0.212900
vt 0.076700 0.213500
vt 0.082900 0.213700
vt 0.026400 0.216300
vt 0.021700 0.217400
vt 0.025200 0.215800
vt 0.019900 0.217200
vt 0.032900 0.215400
vt 0.032300 0.214600
vt 0.024300 0.215300
vt 0.018800 0.216900
vt 0.031700 0.213900
vt 0.040500 0.212800
vt 0.040800 0.213700
vt 0.041100 0.214600
vt 0.019700 0.221100
vt 0.022800 0.221900
vt 0.017600 0.221700
vt 0.021100 0.222800
vt 0.018400 0.219900
vt 0.016200 0.220300
vt 0.016200 0.222600
vt 0.019800 0.223900
vt 0.014900 0.220700
vt 0.015700 0.218800
vt 0.017000 0.218700
vt 0.019100 0.218600
vt 0.042600 0.221800
vt 0.051700 0.221400
vt 0.042800 0.223100
vt 0.052100 0.222600
vt 0.034400 0.222100
vt 0.034200 0.223300
vt 0.043000 0.224400
vt 0.052600 0.223900
vt 0.034000 0.224600
vt 0.026000 0.224500
vt 0.026800 0.223300
vt 0.027700 0.222200
vt 0.077700 0.219900
vt 0.083600 0.219300
vt 0.079600 0.220700
vt 0.086000 0.219900
vt 0.069900 0.220400
vt 0.071200 0.221400
vt 0.082700 0.221500
vt 0.089900 0.220400
vt 0.072800 0.222500
vt 0.062600 0.223300
vt 0.061800 0.222100
vt 0.061000 0.220900
vt 0.094400 0.213000
vt 0.097100 0.214100
vt 0.098500 0.215700
vt 0.092500 0.213900
vt 0.093600 0.214800
vt 0.094200 0.216000
vt 0.097700 0.217600
vt 0.095300 0.219000
vt 0.094000 0.217200
vt 0.093100 0.218200
vt 0.091500 0.217700
vt 0.091800 0.217000
vt 0.090400 0.216800
vt 0.090400 0.217400
vt 0.091800 0.216100
vt 0.090400 0.216100
vt 0.091600 0.215200
vt 0.091200 0.214500
vt 0.090300 0.214800
vt 0.090300 0.215400
vt 0.090400 0.214300
vt 0.089700 0.214900
vt 0.089600 0.214400
vt 0.089100 0.215000
vt 0.091000 0.213700
vt 0.089500 0.213900
vt 0.088700 0.214700
vt 0.088100 0.215100
vt 0.088000 0.215100
vt 0.088500 0.215000
vt 0.088200 0.214300
vt 0.087400 0.214900
vt 0.085500 0.214800
vt 0.086500 0.214000
vt 0.088300 0.213400
vt 0.091200 0.212900
vt 0.085900 0.218200
vt 0.085100 0.217400
vt 0.084800 0.216600
vt 0.087700 0.218000
vt 0.087100 0.217300
vt 0.086800 0.216500
vt 0.084900 0.215600
vt 0.086900 0.215700
vt 0.087800 0.215700
vt 0.088000 0.215800
vt 0.087700 0.216500
vt 0.088100 0.216500
vt 0.087900 0.217200
vt 0.088400 0.217700
vt 0.088300 0.217800
vt 0.088200 0.217100
vt 0.089100 0.218000
vt 0.088900 0.217700
vt 0.090000 0.218100
vt 0.089400 0.217600
vt 0.088700 0.218400
vt 0.090100 0.218600
vt 0.090800 0.218000
vt 0.089900 0.217500
vt 0.091600 0.218600
vt 0.092100 0.219400
vt 0.089100 0.219300
vt 0.087100 0.218900
vt 0.009300 0.047300
vt 0.009300 0.046100
vt 0.009300 0.046200
vt 0.009200 0.047400
vt 0.009300 0.044900
vt 0.009400 0.043700
vt 0.009400 0.042500
vt 0.009300 0.042400
vt 0.009300 0.043600
vt 0.009300 0.050400
vt 0.009300 0.049400
vt 0.009200 0.049400
vt 0.009200 0.050400
vt 0.009300 0.048400
vt 0.009200 0.048400
vt 0.009500 0.038700
vt 0.009500 0.037700
vt 0.009400 0.038700
vt 0.009500 0.036700
vt 0.009600 0.035700
vt 0.009500 0.035600
vt 0.009400 0.039600
vt 0.009500 0.039600
vt 0.009400 0.040500
vt 0.009400 0.040600
vt 0.009400 0.041500
vt 0.009300 0.041500
vt 0.823200 0.221200
vt 0.842600 0.222000
vt 0.843000 0.219300
vt 0.823600 0.218400
vt 0.861900 0.222700
vt 0.862400 0.220000
vt 0.822900 0.223900
vt 0.842200 0.224700
vt 0.861300 0.225300
vt 0.880800 0.223200
vt 0.898100 0.223700
vt 0.901200 0.220700
vt 0.881400 0.220500
vt 0.879700 0.225800
vt 0.896600 0.226200
vt 0.895700 0.228500
vt 0.879000 0.228100
vt 0.878600 0.230100
vt 0.895300 0.230400
vt 0.860900 0.227700
vt 0.860600 0.229700
vt 0.841900 0.227100
vt 0.822600 0.226500
vt 0.822300 0.228700
vt 0.841600 0.229300
vt 0.894500 0.218100
vt 0.880400 0.217900
vt 0.862400 0.217400
vt 0.893200 0.215800
vt 0.879600 0.215500
vt 0.862400 0.214900
vt 0.843300 0.216700
vt 0.824000 0.215700
vt 0.843600 0.214100
vt 0.824300 0.213000
vt 0.824600 0.210400
vt 0.843900 0.211600
vt 0.844100 0.209200
vt 0.824900 0.208000
vt 0.862900 0.212500
vt 0.863400 0.210200
vt 0.880900 0.213200
vt 0.895000 0.213700
vt 0.902200 0.211600
vt 0.882300 0.211000
vt 0.949200 0.217700
vt 0.940400 0.217500
vt 0.939900 0.218800
vt 0.948900 0.219000
vt 0.932000 0.217300
vt 0.931300 0.218500
vt 0.949500 0.216300
vt 0.940700 0.216200
vt 0.932300 0.216100
vt 0.924600 0.217100
vt 0.918700 0.217000
vt 0.917800 0.218000
vt 0.923800 0.218300
vt 0.925000 0.216000
vt 0.919100 0.215900
vt 0.919000 0.214900
vt 0.924900 0.214900
vt 0.924400 0.213800
vt 0.918400 0.214000
vt 0.932300 0.214800
vt 0.932000 0.213700
vt 0.940800 0.214900
vt 0.949700 0.215000
vt 0.949800 0.213800
vt 0.940700 0.213700
vt 0.803500 0.225600
vt 0.803300 0.228000
vt 0.785800 0.224800
vt 0.785500 0.227300
vt 0.803800 0.223000
vt 0.786200 0.222000
vt 0.770500 0.224000
vt 0.758600 0.223300
vt 0.758300 0.226100
vt 0.770100 0.226600
vt 0.770900 0.221100
vt 0.759100 0.220300
vt 0.759700 0.217200
vt 0.771400 0.218000
vt 0.771900 0.214900
vt 0.760300 0.214000
vt 0.786600 0.219100
vt 0.787000 0.216100
vt 0.804200 0.220200
vt 0.804600 0.217300
vt 0.741900 0.222100
vt 0.738000 0.221700
vt 0.737500 0.224700
vt 0.741400 0.225100
vt 0.732900 0.221300
vt 0.732500 0.224300
vt 0.742500 0.219000
vt 0.738500 0.218600
vt 0.733400 0.218100
vt 0.726900 0.220800
vt 0.720200 0.220500
vt 0.719900 0.223600
vt 0.726500 0.223900
vt 0.727400 0.217700
vt 0.720600 0.217400
vt 0.721000 0.214200
vt 0.727900 0.214500
vt 0.728500 0.211100
vt 0.721600 0.210900
vt 0.734100 0.214900
vt 0.734700 0.211500
vt 0.739200 0.215300
vt 0.743200 0.215800
vt 0.743900 0.212400
vt 0.739900 0.212000
vt 0.713000 0.220400
vt 0.712800 0.223400
vt 0.705100 0.220400
vt 0.705000 0.223400
vt 0.713300 0.217300
vt 0.705300 0.217400
vt 0.696500 0.220600
vt 0.686800 0.220800
vt 0.686900 0.223600
vt 0.696500 0.223500
vt 0.696500 0.217600
vt 0.686700 0.217900
vt 0.686600 0.215000
vt 0.696600 0.214600
vt 0.696700 0.211500
vt 0.686600 0.212000
vt 0.705500 0.214300
vt 0.705800 0.211100
vt 0.713600 0.214100
vt 0.714000 0.210900
vt 0.676000 0.221000
vt 0.676200 0.223800
vt 0.664300 0.221300
vt 0.664600 0.224000
vt 0.675800 0.218300
vt 0.664000 0.218600
vt 0.652100 0.221600
vt 0.639600 0.221800
vt 0.640300 0.224200
vt 0.652500 0.224100
vt 0.651600 0.219100
vt 0.639000 0.219500
vt 0.638400 0.217200
vt 0.651100 0.216600
vt 0.650600 0.214100
vt 0.637700 0.214800
vt 0.663600 0.216000
vt 0.663300 0.213300
vt 0.675600 0.215500
vt 0.675300 0.212600
vt 0.963300 0.111600
vt 0.947600 0.110200
vt 0.947800 0.112800
vt 0.963600 0.114200
vt 0.927500 0.108400
vt 0.927800 0.111200
vt 0.962900 0.109300
vt 0.947200 0.107800
vt 0.927200 0.106000
vt 0.905100 0.106600
vt 0.882000 0.105000
vt 0.882200 0.108000
vt 0.905300 0.109500
vt 0.904800 0.104200
vt 0.881900 0.102600
vt 0.881700 0.100600
vt 0.904600 0.102100
vt 0.904400 0.100100
vt 0.881500 0.098700
vt 0.926900 0.103900
vt 0.926600 0.101800
vt 0.946800 0.105600
vt 0.962500 0.107000
vt 0.962000 0.104800
vt 0.946500 0.103400
vt 0.860000 0.097800
vt 0.860100 0.099500
vt 0.860200 0.101500
vt 0.839500 0.097200
vt 0.839600 0.098900
vt 0.839600 0.100800
vt 0.860300 0.103900
vt 0.860400 0.107000
vt 0.839700 0.103200
vt 0.839800 0.106300
vt 0.820100 0.105800
vt 0.820000 0.102800
vt 0.801200 0.102600
vt 0.801200 0.105600
vt 0.820000 0.100400
vt 0.801200 0.100300
vt 0.820000 0.098600
vt 0.820000 0.097000
vt 0.801200 0.096900
vt 0.801200 0.098500
vt 0.783000 0.097100
vt 0.783000 0.098600
vt 0.782900 0.100300
vt 0.765300 0.097300
vt 0.765300 0.098800
vt 0.765200 0.100500
vt 0.782900 0.102500
vt 0.782800 0.105500
vt 0.765100 0.102600
vt 0.765000 0.105600
vt 0.747400 0.105900
vt 0.747600 0.103000
vt 0.730300 0.103500
vt 0.730100 0.106400
vt 0.747700 0.100800
vt 0.730400 0.101400
vt 0.747800 0.099200
vt 0.748000 0.097800
vt 0.730800 0.098300
vt 0.730600 0.099800
vt 0.713600 0.099000
vt 0.713400 0.100600
vt 0.713200 0.102300
vt 0.697500 0.099800
vt 0.697300 0.101500
vt 0.697100 0.103300
vt 0.713100 0.104400
vt 0.712900 0.107200
vt 0.697000 0.105500
vt 0.696800 0.108200
vt 0.682800 0.109200
vt 0.683000 0.106500
vt 0.672200 0.107300
vt 0.672000 0.110000
vt 0.683200 0.104300
vt 0.672400 0.105100
vt 0.683400 0.102300
vt 0.683600 0.100500
vt 0.672800 0.101100
vt 0.672600 0.103000
vt 0.647600 0.100000
vt 0.647500 0.102200
vt 0.653600 0.102900
vt 0.653700 0.100800
vt 0.647400 0.104400
vt 0.653500 0.105100
vt 0.639500 0.098800
vt 0.639300 0.101200
vt 0.639200 0.103600
vt 0.647300 0.106900
vt 0.647200 0.109700
vt 0.653300 0.110100
vt 0.653400 0.107400
vt 0.639100 0.106200
vt 0.639000 0.109100
vt 0.628900 0.108500
vt 0.629000 0.105400
vt 0.617300 0.104500
vt 0.617200 0.107800
vt 0.629200 0.102600
vt 0.617500 0.101500
vt 0.629300 0.100000
vt 0.629500 0.097500
vt 0.617800 0.095800
vt 0.617600 0.098700
vt 0.604700 0.094000
vt 0.604500 0.097100
vt 0.604300 0.100300
vt 0.590400 0.092100
vt 0.590200 0.095600
vt 0.590000 0.099000
vt 0.604100 0.103600
vt 0.604000 0.107100
vt 0.589900 0.102600
vt 0.589700 0.106400
vt 0.574700 0.105700
vt 0.574800 0.101700
vt 0.559400 0.101000
vt 0.559300 0.105200
vt 0.575000 0.097800
vt 0.559600 0.096800
vt 0.575200 0.094100
vt 0.575400 0.090300
vt 0.559900 0.088600
vt 0.559700 0.092700
vt 0.544400 0.087200
vt 0.544200 0.091600
vt 0.544100 0.096000
vt 0.528700 0.086100
vt 0.528700 0.090800
vt 0.528600 0.095500
vt 0.544000 0.100400
vt 0.543800 0.104900
vt 0.528500 0.100100
vt 0.528300 0.104700
vt 0.512800 0.104700
vt 0.512900 0.099900
vt 0.513000 0.095100
vt 0.513000 0.090300
vt 0.513000 0.085500
vt 0.945700 0.229600
vt 0.935100 0.229500
vt 0.934700 0.231100
vt 0.945200 0.231200
vt 0.923500 0.229200
vt 0.923100 0.231000
vt 0.946200 0.227900
vt 0.935600 0.227600
vt 0.924100 0.227300
vt 0.910500 0.228900
vt 0.910100 0.230700
vt 0.911200 0.226800
vt 0.912500 0.224500
vt 0.914500 0.222400
vt 0.924900 0.225200
vt 0.926000 0.223400
vt 0.936200 0.225700
vt 0.946700 0.226000
vt 0.947300 0.224300
vt 0.937000 0.223900
vt 0.805000 0.214400
vt 0.787500 0.213100
vt 0.805400 0.211700
vt 0.788100 0.210200
vt 0.772500 0.211800
vt 0.761000 0.210800
vt 0.773100 0.208900
vt 0.761700 0.207700
vt 0.762300 0.204800
vt 0.773700 0.206000
vt 0.774300 0.203300
vt 0.762900 0.202100
vt 0.788600 0.207500
vt 0.789000 0.204900
vt 0.805800 0.209000
vt 0.806200 0.206500
vt 0.744700 0.209100
vt 0.740700 0.208700
vt 0.735400 0.208200
vt 0.745400 0.205900
vt 0.741400 0.205400
vt 0.736100 0.204800
vt 0.729200 0.207700
vt 0.722100 0.207500
vt 0.729800 0.204300
vt 0.722600 0.204100
vt 0.723100 0.200700
vt 0.730400 0.201000
vt 0.730900 0.197900
vt 0.723600 0.197500
vt 0.736800 0.201600
vt 0.737300 0.198500
vt 0.742100 0.202200
vt 0.746100 0.202800
vt 0.746800 0.199900
vt 0.742700 0.199300
vt 0.714400 0.207500
vt 0.706000 0.207800
vt 0.714900 0.204100
vt 0.706300 0.204500
vt 0.696800 0.208300
vt 0.686500 0.209000
vt 0.696900 0.205100
vt 0.686500 0.205900
vt 0.686500 0.202900
vt 0.697000 0.202000
vt 0.697100 0.198800
vt 0.686400 0.199800
vt 0.706600 0.201300
vt 0.706800 0.198100
vt 0.715200 0.200800
vt 0.715600 0.197600
vt 0.675100 0.209700
vt 0.662900 0.210600
vt 0.675000 0.206800
vt 0.662600 0.207800
vt 0.650100 0.211500
vt 0.637100 0.212500
vt 0.649700 0.208900
vt 0.636500 0.210100
vt 0.635800 0.207700
vt 0.649200 0.206400
vt 0.648700 0.203700
vt 0.635200 0.205300
vt 0.662300 0.205100
vt 0.661900 0.202300
vt 0.674800 0.203900
vt 0.674600 0.201000
vt 0.961600 0.102600
vt 0.946100 0.101300
vt 0.926400 0.099700
vt 0.961300 0.100300
vt 0.945800 0.099000
vt 0.926100 0.097500
vt 0.904200 0.098200
vt 0.881400 0.096800
vt 0.904000 0.096000
vt 0.881300 0.094700
vt 0.881300 0.092300
vt 0.903900 0.093500
vt 0.903900 0.090600
vt 0.881300 0.089200
vt 0.926000 0.095100
vt 0.925900 0.092200
vt 0.945600 0.096600
vt 0.961000 0.097900
vt 0.960800 0.095300
vt 0.945500 0.093900
vt 0.859900 0.088300
vt 0.859800 0.091400
vt 0.859800 0.093900
vt 0.839500 0.087800
vt 0.839400 0.091000
vt 0.839400 0.093500
vt 0.859900 0.096000
vt 0.839400 0.095500
vt 0.820000 0.095300
vt 0.801200 0.095400
vt 0.819900 0.093400
vt 0.801200 0.093500
vt 0.820000 0.091000
vt 0.820000 0.087800
vt 0.801200 0.087900
vt 0.801200 0.091100
vt 0.783100 0.088300
vt 0.783100 0.091400
vt 0.783100 0.093800
vt 0.765500 0.088800
vt 0.765500 0.091900
vt 0.765500 0.094100
vt 0.783100 0.095600
vt 0.765400 0.095900
vt 0.748100 0.096300
vt 0.730900 0.096900
vt 0.748200 0.094600
vt 0.731000 0.095200
vt 0.748200 0.092400
vt 0.748100 0.089400
vt 0.731000 0.090000
vt 0.731100 0.093000
vt 0.714000 0.090700
vt 0.714000 0.093500
vt 0.713900 0.095700
vt 0.698000 0.091300
vt 0.698000 0.094100
vt 0.697900 0.096300
vt 0.713800 0.097500
vt 0.697700 0.098100
vt 0.683800 0.098700
vt 0.673000 0.099200
vt 0.683900 0.096800
vt 0.673200 0.097200
vt 0.684100 0.094600
vt 0.684200 0.091900
vt 0.673500 0.092400
vt 0.673400 0.094900
vt 0.648500 0.090300
vt 0.648200 0.093000
vt 0.654300 0.094200
vt 0.654500 0.091600
vt 0.648000 0.095400
vt 0.654100 0.096500
vt 0.640400 0.088600
vt 0.640100 0.091300
vt 0.639900 0.093900
vt 0.647800 0.097700
vt 0.653900 0.098700
vt 0.639700 0.096400
vt 0.629700 0.094800
vt 0.618100 0.092900
vt 0.629900 0.092000
vt 0.618300 0.089900
vt 0.630200 0.089200
vt 0.630600 0.086400
vt 0.619000 0.083900
vt 0.618600 0.086900
vt 0.605900 0.081100
vt 0.605500 0.084200
vt 0.605200 0.087500
vt 0.591600 0.078100
vt 0.591200 0.081500
vt 0.590900 0.085000
vt 0.604900 0.090800
vt 0.590700 0.088600
vt 0.575600 0.086400
vt 0.560100 0.084400
vt 0.575800 0.082500
vt 0.560300 0.080200
vt 0.576100 0.078800
vt 0.576400 0.075200
vt 0.560700 0.072500
vt 0.560500 0.076200
vt 0.544900 0.070200
vt 0.544700 0.074100
vt 0.544600 0.078300
vt 0.528900 0.068400
vt 0.528900 0.072400
vt 0.528800 0.076800
vt 0.544500 0.082700
vt 0.528800 0.081400
vt 0.513000 0.080500
vt 0.512900 0.075700
vt 0.512900 0.071200
vt 0.512800 0.067200
vt 0.878600 0.239400
vt 0.878800 0.241400
vt 0.895500 0.241000
vt 0.895200 0.239100
vt 0.879000 0.243600
vt 0.895700 0.243100
vt 0.860500 0.239900
vt 0.860700 0.241900
vt 0.861000 0.244200
vt 0.879300 0.246100
vt 0.879600 0.248600
vt 0.896400 0.248000
vt 0.896000 0.245500
vt 0.861200 0.246700
vt 0.861500 0.249300
vt 0.842700 0.250200
vt 0.842400 0.247500
vt 0.823200 0.248400
vt 0.823500 0.251200
vt 0.842100 0.244900
vt 0.822900 0.245700
vt 0.841800 0.242500
vt 0.841600 0.240300
vt 0.822400 0.240900
vt 0.822600 0.243200
vt 0.843900 0.260400
vt 0.843600 0.258000
vt 0.824600 0.259300
vt 0.824900 0.261800
vt 0.843300 0.255500
vt 0.824200 0.256700
vt 0.862700 0.259300
vt 0.862400 0.257000
vt 0.862100 0.254500
vt 0.843000 0.252900
vt 0.823900 0.254000
vt 0.861800 0.252000
vt 0.879900 0.251200
vt 0.896700 0.250500
vt 0.880200 0.253700
vt 0.897000 0.253000
vt 0.880500 0.256100
vt 0.880700 0.258300
vt 0.897600 0.257500
vt 0.897300 0.255300
vt 0.959300 0.253700
vt 0.958900 0.251800
vt 0.948700 0.252600
vt 0.949100 0.254600
vt 0.958500 0.249700
vt 0.948300 0.250500
vt 0.968100 0.252700
vt 0.967800 0.251000
vt 0.967500 0.248900
vt 0.958000 0.247500
vt 0.957400 0.245200
vt 0.947300 0.245900
vt 0.947800 0.248200
vt 0.967000 0.246700
vt 0.966400 0.244500
vt 0.974100 0.243500
vt 0.974700 0.245800
vt 0.980800 0.244800
vt 0.980100 0.242400
vt 0.975000 0.248100
vt 0.980900 0.247200
vt 0.974800 0.250000
vt 0.974700 0.251700
vt 0.978600 0.250700
vt 0.980000 0.249300
vt 0.772000 0.255000
vt 0.771400 0.251800
vt 0.759700 0.252700
vt 0.760300 0.255900
vt 0.771000 0.248800
vt 0.759100 0.249600
vt 0.787100 0.253700
vt 0.786600 0.250700
vt 0.786200 0.247800
vt 0.770500 0.245900
vt 0.770200 0.243200
vt 0.758300 0.243800
vt 0.758700 0.246600
vt 0.785900 0.245000
vt 0.785600 0.242400
vt 0.803300 0.241700
vt 0.803600 0.244100
vt 0.803900 0.246700
vt 0.804300 0.249500
vt 0.804600 0.252400
vt 0.728700 0.258900
vt 0.728100 0.255600
vt 0.721200 0.255900
vt 0.721700 0.259200
vt 0.727500 0.252300
vt 0.720700 0.252700
vt 0.734900 0.258500
vt 0.734200 0.255100
vt 0.733500 0.251900
vt 0.727000 0.249200
vt 0.726600 0.246100
vt 0.720000 0.246500
vt 0.720300 0.249500
vt 0.733000 0.248700
vt 0.732500 0.245700
vt 0.737600 0.245300
vt 0.738100 0.248200
vt 0.742000 0.247800
vt 0.741500 0.244900
vt 0.738600 0.251400
vt 0.742600 0.250900
vt 0.739300 0.254600
vt 0.740100 0.258000
vt 0.744000 0.257500
vt 0.743300 0.254200
vt 0.696800 0.258600
vt 0.696700 0.255500
vt 0.686800 0.255100
vt 0.686700 0.258100
vt 0.696600 0.252500
vt 0.686800 0.252200
vt 0.705900 0.259000
vt 0.705700 0.255800
vt 0.705400 0.252700
vt 0.696600 0.249500
vt 0.696500 0.246600
vt 0.687000 0.246500
vt 0.686900 0.249300
vt 0.705200 0.249600
vt 0.705100 0.246700
vt 0.712800 0.246600
vt 0.713100 0.249700
vt 0.713400 0.252800
vt 0.713800 0.255900
vt 0.714200 0.259200
vt 0.650800 0.256200
vt 0.651300 0.253700
vt 0.638500 0.253200
vt 0.637800 0.255500
vt 0.651700 0.251200
vt 0.639100 0.250900
vt 0.663400 0.256900
vt 0.663800 0.254200
vt 0.664100 0.251600
vt 0.652200 0.248700
vt 0.652600 0.246200
vt 0.640400 0.246200
vt 0.639700 0.248600
vt 0.664400 0.248900
vt 0.664700 0.246200
vt 0.676300 0.246400
vt 0.676100 0.249100
vt 0.675900 0.251900
vt 0.675700 0.254700
vt 0.675500 0.257500
vt 0.904100 0.151400
vt 0.904400 0.149500
vt 0.881400 0.150800
vt 0.881300 0.152700
vt 0.904600 0.147400
vt 0.881600 0.148800
vt 0.926400 0.150000
vt 0.926700 0.147900
vt 0.927100 0.145700
vt 0.904900 0.145000
vt 0.905100 0.142100
vt 0.882000 0.143400
vt 0.881800 0.146300
vt 0.927400 0.143300
vt 0.927600 0.140600
vt 0.947700 0.139100
vt 0.947400 0.141800
vt 0.963100 0.140500
vt 0.963500 0.137900
vt 0.947000 0.144200
vt 0.962700 0.142800
vt 0.946600 0.146400
vt 0.946300 0.148500
vt 0.961800 0.147300
vt 0.962300 0.145100
vt 0.800900 0.148000
vt 0.819800 0.148000
vt 0.819900 0.144900
vt 0.801000 0.144900
vt 0.839500 0.147800
vt 0.839600 0.144700
vt 0.800900 0.150300
vt 0.819800 0.150300
vt 0.839400 0.150100
vt 0.860100 0.147300
vt 0.860200 0.144200
vt 0.859900 0.149700
vt 0.859800 0.151600
vt 0.859700 0.153400
vt 0.839300 0.152100
vt 0.839200 0.153800
vt 0.819700 0.152200
vt 0.800900 0.152000
vt 0.800900 0.153600
vt 0.819700 0.153800
vt 0.730100 0.146100
vt 0.747300 0.146900
vt 0.747200 0.144000
vt 0.729900 0.143300
vt 0.764800 0.147500
vt 0.764800 0.144500
vt 0.730200 0.148300
vt 0.747500 0.149100
vt 0.764900 0.149700
vt 0.782700 0.147800
vt 0.782600 0.144800
vt 0.782700 0.150000
vt 0.782700 0.151800
vt 0.782800 0.153300
vt 0.765000 0.151400
vt 0.765100 0.152800
vt 0.747600 0.150700
vt 0.730400 0.149900
vt 0.730500 0.151400
vt 0.747700 0.152200
vt 0.660500 0.140500
vt 0.660800 0.140500
vt 0.660600 0.137900
vt 0.660300 0.137900
vt 0.662100 0.140600
vt 0.661900 0.138000
vt 0.660600 0.142800
vt 0.661000 0.142800
vt 0.662300 0.142900
vt 0.665500 0.140900
vt 0.672000 0.141500
vt 0.671900 0.138900
vt 0.665300 0.138300
vt 0.665700 0.143200
vt 0.672300 0.143800
vt 0.672500 0.145800
vt 0.666000 0.145200
vt 0.666300 0.147100
vt 0.672800 0.147600
vt 0.662500 0.145000
vt 0.662900 0.146800
vt 0.661200 0.144900
vt 0.660900 0.144900
vt 0.661100 0.146700
vt 0.661500 0.146700
vt 0.617100 0.143700
vt 0.628900 0.142900
vt 0.628800 0.139800
vt 0.617000 0.140400
vt 0.638900 0.142200
vt 0.638900 0.139300
vt 0.617200 0.146700
vt 0.629000 0.145700
vt 0.639000 0.144800
vt 0.647100 0.141600
vt 0.653300 0.141200
vt 0.653200 0.138500
vt 0.647100 0.138800
vt 0.647200 0.144100
vt 0.653300 0.143600
vt 0.653400 0.145700
vt 0.647300 0.146400
vt 0.647400 0.148600
vt 0.653500 0.147700
vt 0.639100 0.147200
vt 0.639200 0.149600
vt 0.629100 0.148300
vt 0.617400 0.149500
vt 0.617500 0.152400
vt 0.629200 0.150900
vt 0.559000 0.146800
vt 0.574500 0.146100
vt 0.574500 0.142100
vt 0.558900 0.142500
vt 0.589600 0.145300
vt 0.589500 0.141600
vt 0.559100 0.151000
vt 0.574700 0.150000
vt 0.589800 0.148900
vt 0.603900 0.144500
vt 0.603800 0.141000
vt 0.604100 0.147800
vt 0.604200 0.150900
vt 0.604400 0.154100
vt 0.589900 0.152400
vt 0.590100 0.155800
vt 0.574800 0.153800
vt 0.559200 0.155100
vt 0.559400 0.159200
vt 0.575000 0.157600
vt 0.511900 0.147900
vt 0.511900 0.143000
vt 0.527700 0.147700
vt 0.527600 0.143000
vt 0.511900 0.152700
vt 0.527700 0.152400
vt 0.543400 0.147300
vt 0.543300 0.142800
vt 0.543500 0.151800
vt 0.543600 0.156200
vt 0.543700 0.160600
vt 0.527800 0.157000
vt 0.527800 0.161700
vt 0.511900 0.157500
vt 0.511900 0.162300
vt 0.956700 0.242900
vt 0.946800 0.243500
vt 0.956000 0.240800
vt 0.946200 0.241400
vt 0.965600 0.242200
vt 0.964700 0.240200
vt 0.955400 0.238900
vt 0.954900 0.237300
vt 0.945300 0.237800
vt 0.945700 0.239400
vt 0.963800 0.238400
vt 0.963100 0.236900
vt 0.969500 0.236600
vt 0.970500 0.237900
vt 0.975400 0.237300
vt 0.973400 0.236500
vt 0.971900 0.239400
vt 0.977500 0.238500
vt 0.973100 0.241400
vt 0.979000 0.240300
vt 0.774300 0.266700
vt 0.773800 0.264000
vt 0.762300 0.265200
vt 0.763000 0.268000
vt 0.773200 0.261100
vt 0.761600 0.262200
vt 0.789100 0.265100
vt 0.788600 0.262500
vt 0.788100 0.259700
vt 0.772600 0.258100
vt 0.761000 0.259100
vt 0.787600 0.256700
vt 0.805100 0.255300
vt 0.805500 0.258200
vt 0.805900 0.260900
vt 0.806300 0.263400
vt 0.731100 0.272200
vt 0.730600 0.269100
vt 0.723400 0.269400
vt 0.723800 0.272600
vt 0.730000 0.265800
vt 0.722800 0.266000
vt 0.737600 0.271600
vt 0.737000 0.268500
vt 0.736300 0.265200
vt 0.729400 0.262400
vt 0.722300 0.262600
vt 0.735600 0.261900
vt 0.740800 0.261300
vt 0.744800 0.260800
vt 0.741600 0.264600
vt 0.745500 0.264100
vt 0.742300 0.267800
vt 0.742900 0.270800
vt 0.746900 0.270100
vt 0.746300 0.267200
vt 0.697300 0.271200
vt 0.697200 0.268100
vt 0.686700 0.267100
vt 0.686600 0.270200
vt 0.697100 0.264900
vt 0.686700 0.264100
vt 0.707000 0.272000
vt 0.706800 0.268800
vt 0.706500 0.265500
vt 0.697000 0.261700
vt 0.686700 0.261100
vt 0.706200 0.262200
vt 0.714600 0.262600
vt 0.715100 0.265900
vt 0.715500 0.269300
vt 0.715800 0.272500
vt 0.648900 0.266600
vt 0.649400 0.263900
vt 0.636000 0.262700
vt 0.635400 0.265100
vt 0.649800 0.261300
vt 0.636600 0.260300
vt 0.662200 0.267900
vt 0.662500 0.265100
vt 0.662800 0.262300
vt 0.650300 0.258800
vt 0.637200 0.257900
vt 0.663100 0.259600
vt 0.675300 0.260400
vt 0.675200 0.263200
vt 0.675000 0.266100
vt 0.674800 0.269100
vt 0.903600 0.161000
vt 0.903600 0.158000
vt 0.880900 0.159100
vt 0.881000 0.162200
vt 0.903700 0.155500
vt 0.881000 0.156600
vt 0.925600 0.159500
vt 0.925700 0.156700
vt 0.925800 0.154200
vt 0.903900 0.153400
vt 0.881100 0.154500
vt 0.926100 0.152000
vt 0.945900 0.150700
vt 0.961400 0.149500
vt 0.945600 0.152900
vt 0.961000 0.151800
vt 0.945300 0.155400
vt 0.945200 0.158100
vt 0.960500 0.156800
vt 0.960700 0.154200
vt 0.800900 0.155200
vt 0.819700 0.155400
vt 0.839100 0.155500
vt 0.800900 0.157000
vt 0.819600 0.157400
vt 0.839100 0.157400
vt 0.859600 0.155200
vt 0.859500 0.157200
vt 0.859500 0.159700
vt 0.859500 0.162900
vt 0.839100 0.159900
vt 0.839100 0.163100
vt 0.819600 0.159800
vt 0.800900 0.159400
vt 0.800900 0.162600
vt 0.819600 0.163000
vt 0.730700 0.152800
vt 0.747800 0.153600
vt 0.765100 0.154300
vt 0.730900 0.154500
vt 0.747900 0.155300
vt 0.765200 0.156000
vt 0.782800 0.154800
vt 0.782800 0.156600
vt 0.782800 0.158900
vt 0.782700 0.162000
vt 0.765200 0.158300
vt 0.765100 0.161300
vt 0.747900 0.157500
vt 0.730900 0.156700
vt 0.730900 0.159700
vt 0.747900 0.160500
vt 0.661500 0.148500
vt 0.661900 0.148500
vt 0.663300 0.148600
vt 0.661900 0.150300
vt 0.662300 0.150300
vt 0.663700 0.150500
vt 0.666700 0.148900
vt 0.673200 0.149400
vt 0.667100 0.150800
vt 0.673600 0.151300
vt 0.674000 0.153500
vt 0.667500 0.152900
vt 0.667800 0.155400
vt 0.674300 0.156100
vt 0.664100 0.152500
vt 0.664400 0.154900
vt 0.662700 0.152300
vt 0.662200 0.152200
vt 0.662500 0.154500
vt 0.663000 0.154600
vt 0.617700 0.155300
vt 0.629400 0.153600
vt 0.639400 0.152000
vt 0.618000 0.158300
vt 0.629600 0.156300
vt 0.639600 0.154500
vt 0.647600 0.150800
vt 0.653700 0.149800
vt 0.647700 0.153100
vt 0.653900 0.151900
vt 0.654100 0.154200
vt 0.648000 0.155500
vt 0.648200 0.158100
vt 0.654300 0.156700
vt 0.639800 0.157100
vt 0.640100 0.159900
vt 0.629900 0.159100
vt 0.618300 0.161400
vt 0.618600 0.164400
vt 0.630200 0.162000
vt 0.559600 0.163400
vt 0.575200 0.161500
vt 0.590300 0.159400
vt 0.559700 0.167500
vt 0.575400 0.165400
vt 0.590500 0.163000
vt 0.604600 0.157300
vt 0.604800 0.160600
vt 0.605100 0.163900
vt 0.605400 0.167100
vt 0.590800 0.166500
vt 0.591100 0.169900
vt 0.575600 0.169100
vt 0.559900 0.171500
vt 0.560200 0.175200
vt 0.575900 0.172700
vt 0.512000 0.167200
vt 0.527900 0.166300
vt 0.512000 0.171800
vt 0.528000 0.170900
vt 0.543800 0.165000
vt 0.543900 0.169400
vt 0.544100 0.173600
vt 0.544300 0.177400
vt 0.528100 0.175200
vt 0.528200 0.179100
vt 0.512100 0.176200
vt 0.512100 0.180200
vt 0.841200 0.234800
vt 0.841200 0.233700
vt 0.822000 0.233500
vt 0.822000 0.234800
vt 0.841300 0.232400
vt 0.822000 0.232200
vt 0.860200 0.234800
vt 0.860200 0.233800
vt 0.860200 0.232700
vt 0.841400 0.231000
vt 0.822100 0.230600
vt 0.860300 0.231400
vt 0.878400 0.231700
vt 0.895100 0.231900
vt 0.878300 0.232900
vt 0.894900 0.233000
vt 0.878200 0.233900
vt 0.878200 0.234800
vt 0.894900 0.234800
vt 0.894900 0.234000
vt 0.882800 0.203400
vt 0.882100 0.205000
vt 0.899400 0.205500
vt 0.902200 0.204300
vt 0.881800 0.206800
vt 0.898900 0.207200
vt 0.863300 0.202400
vt 0.863200 0.204200
vt 0.863200 0.206100
vt 0.882200 0.208800
vt 0.899600 0.209200
vt 0.863400 0.208100
vt 0.844200 0.207000
vt 0.825100 0.205700
vt 0.844200 0.205000
vt 0.825200 0.203700
vt 0.844100 0.203200
vt 0.843900 0.201400
vt 0.824400 0.200500
vt 0.825100 0.201900
vt 0.985600 0.224900
vt 0.987000 0.222300
vt 0.985500 0.221200
vt 0.982200 0.223600
vt 0.987500 0.219500
vt 0.986400 0.218800
vt 0.987400 0.226600
vt 0.988500 0.223700
vt 0.988700 0.220300
vt 0.986200 0.216700
vt 0.982800 0.214200
vt 0.982000 0.214400
vt 0.985300 0.216500
vt 0.987400 0.216900
vt 0.984000 0.213800
vt 0.986100 0.213100
vt 0.989100 0.216900
vt 0.991200 0.216800
vt 0.991000 0.211500
vt 0.989900 0.221200
vt 0.991400 0.222200
vt 0.989500 0.225500
vt 0.988400 0.228900
vt 0.988600 0.232900
vt 0.990200 0.227500
vt 0.949800 0.208600
vt 0.938900 0.208400
vt 0.939100 0.209700
vt 0.949700 0.209900
vt 0.927100 0.208600
vt 0.927900 0.209900
vt 0.950000 0.207200
vt 0.938900 0.206900
vt 0.926800 0.207000
vt 0.914300 0.208900
vt 0.916000 0.210500
vt 0.913700 0.207200
vt 0.913900 0.205500
vt 0.914600 0.203900
vt 0.926800 0.205300
vt 0.927100 0.203600
vt 0.939100 0.205100
vt 0.950600 0.205400
vt 0.951900 0.202800
vt 0.939500 0.203200
vt 0.758000 0.228600
vt 0.769900 0.229000
vt 0.785300 0.229500
vt 0.757900 0.230800
vt 0.769800 0.231100
vt 0.785200 0.231400
vt 0.803100 0.230100
vt 0.803000 0.231800
vt 0.802900 0.233400
vt 0.802900 0.234900
vt 0.785100 0.233200
vt 0.785100 0.234900
vt 0.769700 0.233000
vt 0.757800 0.232900
vt 0.757800 0.234900
vt 0.769700 0.234900
vt 0.719700 0.226500
vt 0.726300 0.226800
vt 0.732200 0.227100
vt 0.719600 0.229400
vt 0.726200 0.229600
vt 0.732000 0.229800
vt 0.737200 0.227500
vt 0.741100 0.227800
vt 0.737000 0.230100
vt 0.740900 0.230300
vt 0.740800 0.232700
vt 0.737000 0.232500
vt 0.737000 0.235000
vt 0.740800 0.235000
vt 0.732000 0.232400
vt 0.732000 0.235000
vt 0.726100 0.232300
vt 0.719600 0.232200
vt 0.719600 0.235000
vt 0.726100 0.235000
vt 0.687000 0.226500
vt 0.696500 0.226400
vt 0.705000 0.226400
vt 0.687100 0.229400
vt 0.696500 0.229300
vt 0.705000 0.229300
vt 0.712600 0.226400
vt 0.712600 0.229300
vt 0.712600 0.232200
vt 0.712600 0.235000
vt 0.705000 0.232200
vt 0.705000 0.235000
vt 0.696600 0.232200
vt 0.687200 0.232200
vt 0.687200 0.235100
vt 0.696600 0.235000
vt 0.640500 0.226900
vt 0.652800 0.226800
vt 0.664900 0.226700
vt 0.640700 0.229700
vt 0.653000 0.229600
vt 0.665000 0.229500
vt 0.676400 0.226600
vt 0.676500 0.229400
vt 0.676600 0.232300
vt 0.676600 0.235100
vt 0.665100 0.232300
vt 0.665200 0.235100
vt 0.653100 0.232400
vt 0.640900 0.232400
vt 0.641100 0.235200
vt 0.653200 0.235200
vt 0.882300 0.111800
vt 0.905400 0.113000
vt 0.928000 0.114500
vt 0.882400 0.116100
vt 0.905500 0.117000
vt 0.928100 0.118100
vt 0.948100 0.115800
vt 0.963800 0.116900
vt 0.948200 0.119100
vt 0.964000 0.119900
vt 0.964100 0.122900
vt 0.948300 0.122500
vt 0.948300 0.126000
vt 0.964100 0.126100
vt 0.928200 0.121900
vt 0.928200 0.125900
vt 0.905600 0.121300
vt 0.882400 0.120800
vt 0.882400 0.125700
vt 0.905600 0.125800
vt 0.801100 0.109700
vt 0.820100 0.109900
vt 0.839800 0.110300
vt 0.801100 0.114500
vt 0.820100 0.114600
vt 0.839800 0.114900
vt 0.860500 0.110900
vt 0.860500 0.115400
vt 0.860500 0.120400
vt 0.860500 0.125600
vt 0.839800 0.120100
vt 0.839800 0.125500
vt 0.820100 0.119900
vt 0.801100 0.119700
vt 0.801000 0.125300
vt 0.820000 0.125400
vt 0.730000 0.110200
vt 0.747300 0.109800
vt 0.764900 0.109600
vt 0.729800 0.114700
vt 0.747200 0.114400
vt 0.764800 0.114300
vt 0.782800 0.109500
vt 0.782700 0.114300
vt 0.782600 0.119600
vt 0.782600 0.125200
vt 0.764700 0.119600
vt 0.764600 0.125100
vt 0.747100 0.119500
vt 0.729700 0.119600
vt 0.729700 0.124800
vt 0.747000 0.124900
vt 0.660300 0.113800
vt 0.660600 0.113800
vt 0.660700 0.110800
vt 0.660400 0.110800
vt 0.661900 0.113800
vt 0.662000 0.110700
vt 0.660200 0.117100
vt 0.660400 0.117200
vt 0.661700 0.117100
vt 0.665300 0.113500
vt 0.671800 0.113100
vt 0.665500 0.110500
vt 0.665100 0.117000
vt 0.671700 0.116700
vt 0.671600 0.120500
vt 0.665000 0.120600
vt 0.665000 0.124400
vt 0.671500 0.124400
vt 0.661600 0.120700
vt 0.661600 0.124400
vt 0.660300 0.120700
vt 0.660100 0.120700
vt 0.660000 0.124300
vt 0.660300 0.124400
vt 0.617100 0.111500
vt 0.628800 0.112000
vt 0.638900 0.112500
vt 0.617000 0.115500
vt 0.628800 0.115900
vt 0.638900 0.116200
vt 0.647100 0.112900
vt 0.653200 0.113300
vt 0.647100 0.116500
vt 0.653200 0.116800
vt 0.653100 0.120500
vt 0.647000 0.120300
vt 0.647000 0.124300
vt 0.653100 0.124300
vt 0.638800 0.120200
vt 0.638800 0.124200
vt 0.628700 0.120000
vt 0.617000 0.119800
vt 0.616900 0.124100
vt 0.628700 0.124200
vt 0.559200 0.109700
vt 0.574600 0.110000
vt 0.589600 0.110500
vt 0.559100 0.114300
vt 0.574500 0.114500
vt 0.589500 0.114800
vt 0.603900 0.111000
vt 0.603800 0.115200
vt 0.603800 0.119600
vt 0.603700 0.124000
vt 0.589500 0.119300
vt 0.589500 0.124000
vt 0.574400 0.119200
vt 0.559000 0.119000
vt 0.558900 0.123800
vt 0.574400 0.123900
vt 0.512600 0.109400
vt 0.528200 0.109400
vt 0.512400 0.114100
vt 0.528000 0.114200
vt 0.543700 0.109500
vt 0.543600 0.114200
vt 0.543500 0.119000
vt 0.543400 0.123800
vt 0.527900 0.118900
vt 0.527700 0.123700
vt 0.512200 0.118900
vt 0.512100 0.123700
vt 0.945000 0.232300
vt 0.954600 0.232300
vt 0.954900 0.231200
vt 0.963000 0.232100
vt 0.963200 0.231000
vt 0.944900 0.233200
vt 0.954500 0.233100
vt 0.963100 0.232800
vt 0.969700 0.231700
vt 0.975000 0.231100
vt 0.973500 0.230500
vt 0.969600 0.230800
vt 0.970300 0.232400
vt 0.976100 0.231900
vt 0.976700 0.232600
vt 0.970600 0.233100
vt 0.970700 0.233600
vt 0.976800 0.233400
vt 0.963100 0.233400
vt 0.963200 0.233900
vt 0.954500 0.233700
vt 0.944800 0.233900
vt 0.944900 0.234400
vt 0.954500 0.234200
vt 0.978800 0.230300
vt 0.975600 0.229700
vt 0.981600 0.229000
vt 0.977900 0.228200
vt 0.980500 0.231200
vt 0.983600 0.230100
vt 0.983800 0.227200
vt 0.980000 0.226200
vt 0.985900 0.228700
vt 0.986900 0.230700
vt 0.987000 0.233000
vt 0.984600 0.231500
vt 0.984700 0.233100
vt 0.981300 0.232100
vt 0.981400 0.233200
vt 0.806500 0.204200
vt 0.789400 0.202500
vt 0.806700 0.202100
vt 0.789600 0.200300
vt 0.774800 0.200900
vt 0.763500 0.199600
vt 0.774700 0.198600
vt 0.763200 0.197200
vt 0.761200 0.194700
vt 0.773500 0.196200
vt 0.771700 0.193900
vt 0.754200 0.191700
vt 0.789500 0.198200
vt 0.789300 0.196100
vt 0.806800 0.200100
vt 0.806800 0.198300
vt 0.747300 0.197300
vt 0.743200 0.196500
vt 0.737800 0.195700
vt 0.748100 0.194900
vt 0.743900 0.194100
vt 0.738300 0.193100
vt 0.731300 0.195000
vt 0.723900 0.194600
vt 0.731700 0.192200
vt 0.724300 0.191600
vt 0.724900 0.188600
vt 0.732300 0.189400
vt 0.732900 0.186500
vt 0.726400 0.184900
vt 0.738900 0.190600
vt 0.739500 0.188100
vt 0.744900 0.191800
vt 0.749400 0.192900
vt 0.752600 0.191300
vt 0.746000 0.189700
vt 0.715800 0.194600
vt 0.706900 0.195100
vt 0.716100 0.191700
vt 0.707000 0.192100
vt 0.697100 0.195800
vt 0.686300 0.196900
vt 0.697200 0.192900
vt 0.686300 0.193900
vt 0.686700 0.190900
vt 0.697500 0.190000
vt 0.697900 0.187000
vt 0.688400 0.187700
vt 0.707200 0.189200
vt 0.707400 0.186300
vt 0.716400 0.188600
vt 0.716900 0.185600
vt 0.674400 0.198100
vt 0.661600 0.199400
vt 0.674300 0.195200
vt 0.661400 0.196500
vt 0.648300 0.200900
vt 0.634800 0.202400
vt 0.648000 0.198000
vt 0.634300 0.199500
vt 0.633900 0.196700
vt 0.647600 0.195100
vt 0.647200 0.192300
vt 0.633500 0.193800
vt 0.661100 0.193700
vt 0.660900 0.190800
vt 0.674400 0.192200
vt 0.674700 0.189200
vt 0.960800 0.092500
vt 0.945600 0.090800
vt 0.926000 0.088900
vt 0.962100 0.089700
vt 0.946500 0.087700
vt 0.926400 0.085200
vt 0.904100 0.086900
vt 0.881500 0.085300
vt 0.904200 0.082700
vt 0.881500 0.080600
vt 0.881300 0.075200
vt 0.904100 0.077900
vt 0.904000 0.072700
vt 0.879800 0.068300
vt 0.927100 0.081200
vt 0.928100 0.077200
vt 0.948900 0.084600
vt 0.965600 0.087200
vt 0.976300 0.086000
vt 0.952200 0.081600
vt 0.860000 0.084200
vt 0.839600 0.083700
vt 0.860100 0.079400
vt 0.839700 0.078800
vt 0.820000 0.083600
vt 0.801200 0.083700
vt 0.820000 0.078600
vt 0.801100 0.078700
vt 0.800700 0.073000
vt 0.819900 0.073000
vt 0.819600 0.067100
vt 0.799500 0.066700
vt 0.839700 0.073300
vt 0.839700 0.067500
vt 0.860000 0.073800
vt 0.859800 0.067900
vt 0.783000 0.084100
vt 0.765300 0.084600
vt 0.782800 0.079100
vt 0.765100 0.079700
vt 0.748000 0.085300
vt 0.730900 0.086100
vt 0.747800 0.080500
vt 0.730700 0.081400
vt 0.730200 0.076100
vt 0.747400 0.075000
vt 0.746900 0.069100
vt 0.729400 0.070000
vt 0.764800 0.074200
vt 0.764500 0.068300
vt 0.782500 0.073400
vt 0.782000 0.067500
vt 0.713900 0.087000
vt 0.698100 0.087900
vt 0.713800 0.082600
vt 0.697900 0.083900
vt 0.684300 0.088700
vt 0.673700 0.089300
vt 0.683900 0.085100
vt 0.673100 0.086100
vt 0.671000 0.082900
vt 0.682500 0.081500
vt 0.680600 0.077700
vt 0.664300 0.080300
vt 0.697500 0.079600
vt 0.696900 0.075100
vt 0.713500 0.077700
vt 0.713100 0.072500
vt 0.652100 0.078700
vt 0.650600 0.081600
vt 0.657000 0.082900
vt 0.661200 0.080400
vt 0.649400 0.084600
vt 0.655400 0.085900
vt 0.642900 0.077000
vt 0.642100 0.079900
vt 0.641300 0.082800
vt 0.648800 0.087500
vt 0.654700 0.088800
vt 0.640800 0.085700
vt 0.630900 0.083500
vt 0.619400 0.081000
vt 0.631500 0.080700
vt 0.620100 0.078200
vt 0.632600 0.078000
vt 0.633800 0.075300
vt 0.624700 0.073600
vt 0.621400 0.075600
vt 0.606300 0.078100
vt 0.591900 0.075000
vt 0.606900 0.075200
vt 0.592400 0.072100
vt 0.576700 0.072000
vt 0.561000 0.069300
vt 0.577100 0.069000
vt 0.561400 0.066200
vt 0.561800 0.063200
vt 0.577600 0.066100
vt 0.578100 0.063100
vt 0.562500 0.059600
vt 0.593000 0.069300
vt 0.593600 0.066600
vt 0.607900 0.072600
vt 0.609100 0.070100
vt 0.545100 0.066900
vt 0.529000 0.065100
vt 0.545400 0.063900
vt 0.529200 0.062100
vt 0.512900 0.063800
vt 0.512900 0.060800
vt 0.513000 0.057900
vt 0.513200 0.055200
vt 0.529400 0.059300
vt 0.529600 0.056700
vt 0.545700 0.061000
vt 0.546100 0.058200
vt 0.745700 0.216000
vt 0.746400 0.212700
vt 0.748300 0.216300
vt 0.749000 0.213000
vt 0.745000 0.219300
vt 0.747700 0.219500
vt 0.752500 0.216600
vt 0.753200 0.213400
vt 0.751900 0.219800
vt 0.751300 0.222900
vt 0.750900 0.225700
vt 0.747100 0.222600
vt 0.746600 0.225500
vt 0.744400 0.222400
vt 0.744000 0.225300
vt 0.748700 0.203200
vt 0.749400 0.200400
vt 0.751300 0.203600
vt 0.752000 0.200800
vt 0.748000 0.206300
vt 0.750500 0.206600
vt 0.755300 0.204100
vt 0.756000 0.201300
vt 0.754600 0.207000
vt 0.753900 0.210200
vt 0.749800 0.209700
vt 0.747200 0.209500
vt 0.751700 0.193400
vt 0.753000 0.191400
vt 0.753200 0.193700
vt 0.753400 0.191500
vt 0.750700 0.195500
vt 0.753000 0.195900
vt 0.755400 0.194000
vt 0.753800 0.191600
vt 0.756600 0.196400
vt 0.756600 0.198800
vt 0.752600 0.198200
vt 0.750000 0.197800
vt 0.747300 0.260500
vt 0.746500 0.257200
vt 0.749800 0.260200
vt 0.749100 0.256900
vt 0.748100 0.263700
vt 0.750600 0.263400
vt 0.753900 0.259800
vt 0.753200 0.256600
vt 0.754600 0.263000
vt 0.755300 0.266000
vt 0.756000 0.268700
vt 0.751300 0.266400
vt 0.752000 0.269200
vt 0.748800 0.266800
vt 0.749500 0.269600
vt 0.744500 0.247500
vt 0.744000 0.244600
vt 0.747200 0.247300
vt 0.746700 0.244400
vt 0.745100 0.250700
vt 0.747700 0.250400
vt 0.751400 0.247000
vt 0.751000 0.244200
vt 0.751900 0.250100
vt 0.752500 0.253300
vt 0.748400 0.253600
vt 0.745800 0.253900
vt 0.740900 0.237300
vt 0.743400 0.237200
vt 0.743400 0.235000
vt 0.746100 0.237100
vt 0.746100 0.235000
vt 0.741000 0.239700
vt 0.743500 0.239500
vt 0.746200 0.239400
vt 0.750400 0.237100
vt 0.757800 0.236900
vt 0.750400 0.234900
vt 0.750500 0.239300
vt 0.757900 0.239000
vt 0.758100 0.241300
vt 0.750700 0.241600
vt 0.746400 0.241800
vt 0.743700 0.242000
vt 0.741200 0.242200
vt 0.979700 0.112700
vt 0.979500 0.112800
vt 0.979800 0.115200
vt 0.980200 0.114900
vt 0.977700 0.112800
vt 0.978000 0.115300
vt 0.979200 0.110400
vt 0.979000 0.110500
vt 0.977200 0.110500
vt 0.972800 0.112500
vt 0.973100 0.114900
vt 0.972400 0.110100
vt 0.971900 0.107800
vt 0.971500 0.105600
vt 0.976800 0.108200
vt 0.976300 0.105900
vt 0.978500 0.108200
vt 0.978800 0.108200
vt 0.978300 0.105900
vt 0.978000 0.106000
vt 0.980500 0.123300
vt 0.980300 0.123400
vt 0.980300 0.126100
vt 0.980600 0.126100
vt 0.978500 0.123300
vt 0.978600 0.126100
vt 0.980400 0.120500
vt 0.980200 0.120600
vt 0.978400 0.120600
vt 0.973600 0.123200
vt 0.973700 0.126100
vt 0.973600 0.120400
vt 0.973400 0.117600
vt 0.978300 0.117900
vt 0.980100 0.117900
vt 0.980300 0.117700
vt 0.978600 0.144100
vt 0.978400 0.144000
vt 0.977800 0.146300
vt 0.978100 0.146300
vt 0.976600 0.144100
vt 0.976100 0.146300
vt 0.979100 0.141800
vt 0.978900 0.141700
vt 0.977100 0.141800
vt 0.971700 0.144400
vt 0.971300 0.146600
vt 0.972200 0.142100
vt 0.972700 0.139700
vt 0.973000 0.137300
vt 0.977500 0.139400
vt 0.977900 0.137000
vt 0.979400 0.139400
vt 0.979600 0.139600
vt 0.980100 0.137400
vt 0.979800 0.137000
vt 0.976600 0.153000
vt 0.976500 0.153000
vt 0.976200 0.155500
vt 0.976100 0.155200
vt 0.974800 0.153200
vt 0.974500 0.155700
vt 0.977100 0.150800
vt 0.976900 0.150800
vt 0.975200 0.150900
vt 0.970000 0.153600
vt 0.969800 0.156100
vt 0.970400 0.151200
vt 0.970800 0.148900
vt 0.975600 0.148600
vt 0.977300 0.148500
vt 0.977600 0.148600
vt 0.976500 0.163500
vt 0.976400 0.163500
vt 0.976500 0.166300
vt 0.976700 0.166300
vt 0.975400 0.163600
vt 0.976300 0.166300
vt 0.976400 0.160800
vt 0.976200 0.160800
vt 0.974700 0.160900
vt 0.973000 0.163900
vt 0.965300 0.164900
vt 0.976000 0.166200
vt 0.976100 0.166300
vt 0.970600 0.161400
vt 0.961700 0.162400
vt 0.960500 0.159600
vt 0.969800 0.158700
vt 0.974500 0.158300
vt 0.976100 0.158100
vt 0.976300 0.158000
vt 0.977800 0.103700
vt 0.977600 0.103700
vt 0.975800 0.103600
vt 0.977300 0.101500
vt 0.977100 0.101500
vt 0.975400 0.101400
vt 0.971000 0.103300
vt 0.970600 0.101000
vt 0.970300 0.098600
vt 0.970100 0.096100
vt 0.975100 0.099000
vt 0.974800 0.096500
vt 0.976700 0.099200
vt 0.976900 0.099200
vt 0.976400 0.097000
vt 0.976500 0.096800
vt 0.657500 0.103300
vt 0.657600 0.101300
vt 0.659600 0.103600
vt 0.659800 0.101600
vt 0.657300 0.105500
vt 0.659500 0.105700
vt 0.660600 0.103700
vt 0.661000 0.103700
vt 0.661200 0.101700
vt 0.660800 0.101700
vt 0.660400 0.105800
vt 0.660800 0.105800
vt 0.660600 0.108200
vt 0.660300 0.108100
vt 0.660100 0.110700
vt 0.659300 0.108000
vt 0.659200 0.110600
vt 0.657200 0.107800
vt 0.657100 0.110400
vt 0.658100 0.094900
vt 0.658300 0.092400
vt 0.660300 0.095300
vt 0.660500 0.092800
vt 0.657900 0.097200
vt 0.660100 0.097500
vt 0.661400 0.095400
vt 0.661800 0.095300
vt 0.662000 0.092900
vt 0.661500 0.092900
vt 0.661200 0.097600
vt 0.661600 0.097600
vt 0.661400 0.099700
vt 0.661000 0.099700
vt 0.660000 0.099600
vt 0.657800 0.099300
vt 0.660000 0.083600
vt 0.661300 0.080500
vt 0.661100 0.083800
vt 0.661500 0.080600
vt 0.659000 0.086600
vt 0.660800 0.086900
vt 0.661700 0.083900
vt 0.662000 0.083900
vt 0.661800 0.080700
vt 0.661600 0.080600
vt 0.661700 0.087100
vt 0.662100 0.087000
vt 0.662000 0.090100
vt 0.661600 0.090100
vt 0.660600 0.090000
vt 0.658500 0.089600
vt 0.657600 0.149100
vt 0.657400 0.147200
vt 0.659900 0.148700
vt 0.659600 0.146900
vt 0.657800 0.151100
vt 0.660100 0.150600
vt 0.661000 0.148500
vt 0.660700 0.146800
vt 0.661300 0.150400
vt 0.661600 0.152300
vt 0.661900 0.154600
vt 0.660400 0.152700
vt 0.660700 0.155000
vt 0.658100 0.153300
vt 0.658300 0.155700
vt 0.657100 0.140900
vt 0.657000 0.138200
vt 0.659200 0.140700
vt 0.659100 0.138100
vt 0.657200 0.143200
vt 0.659300 0.143000
vt 0.660100 0.140600
vt 0.660000 0.138000
vt 0.660300 0.142900
vt 0.660500 0.144900
vt 0.659500 0.145000
vt 0.657300 0.145300
vt 0.653100 0.128100
vt 0.656900 0.128100
vt 0.656900 0.124300
vt 0.658900 0.128000
vt 0.658900 0.124300
vt 0.653100 0.131800
vt 0.656900 0.131700
vt 0.658900 0.131600
vt 0.659800 0.128000
vt 0.660000 0.128000
vt 0.659800 0.124300
vt 0.659800 0.131600
vt 0.660100 0.131600
vt 0.660200 0.134900
vt 0.659900 0.134900
vt 0.659000 0.135000
vt 0.656900 0.135100
vt 0.653100 0.135300
vt 0.958400 0.215300
vt 0.958700 0.214100
vt 0.966400 0.215600
vt 0.966600 0.214500
vt 0.958200 0.216600
vt 0.966200 0.216800
vt 0.972800 0.216000
vt 0.977800 0.216300
vt 0.976500 0.215500
vt 0.972800 0.215000
vt 0.973000 0.217100
vt 0.978300 0.217400
vt 0.977400 0.218500
vt 0.972400 0.218200
vt 0.972000 0.219300
vt 0.975800 0.219200
vt 0.965900 0.218100
vt 0.965700 0.219300
vt 0.958000 0.217900
vt 0.957800 0.219200
vt 0.956600 0.226100
vt 0.957200 0.224400
vt 0.965700 0.226100
vt 0.966300 0.224300
vt 0.956000 0.227900
vt 0.964800 0.227900
vt 0.973700 0.226000
vt 0.974600 0.224100
vt 0.972200 0.227900
vt 0.970600 0.229500
vt 0.963900 0.229600
vt 0.955400 0.229600
vt 0.912500 0.256700
vt 0.912300 0.254600
vt 0.911900 0.252300
vt 0.926000 0.256000
vt 0.925600 0.254000
vt 0.925300 0.251700
vt 0.911600 0.249900
vt 0.911200 0.247500
vt 0.924900 0.249400
vt 0.924500 0.246900
vt 0.936500 0.246400
vt 0.936900 0.248800
vt 0.937300 0.251100
vt 0.937700 0.253300
vt 0.938100 0.255300
vt 0.910900 0.245000
vt 0.910500 0.242700
vt 0.924100 0.244600
vt 0.923700 0.242300
vt 0.910200 0.240600
vt 0.910000 0.238800
vt 0.923400 0.240200
vt 0.923100 0.238500
vt 0.934800 0.238100
vt 0.935100 0.239800
vt 0.935500 0.241800
vt 0.936000 0.244100
vt 0.977000 0.212100
vt 0.976400 0.212700
vt 0.969300 0.210500
vt 0.968800 0.211300
vt 0.977900 0.211300
vt 0.969900 0.209500
vt 0.960000 0.209300
vt 0.959700 0.210400
vt 0.960400 0.208100
vt 0.961000 0.206600
vt 0.961700 0.204900
vt 0.970600 0.208300
vt 0.971500 0.207100
vt 0.979400 0.210400
vt 0.981300 0.209300
vt 0.909800 0.232100
vt 0.922800 0.232300
vt 0.909600 0.233200
vt 0.922700 0.233200
vt 0.934500 0.232300
vt 0.934400 0.233300
vt 0.934300 0.234000
vt 0.934300 0.234600
vt 0.922600 0.234000
vt 0.922600 0.234700
vt 0.909600 0.234000
vt 0.909600 0.234800
vt 0.822000 0.236100
vt 0.841300 0.236000
vt 0.860200 0.235800
vt 0.822100 0.237500
vt 0.841300 0.237200
vt 0.860300 0.236900
vt 0.878200 0.235700
vt 0.894900 0.235600
vt 0.878300 0.236700
vt 0.895000 0.236500
vt 0.895100 0.237600
vt 0.878400 0.237900
vt 0.860400 0.238200
vt 0.841500 0.238600
vt 0.822200 0.239100
vt 0.899600 0.262800
vt 0.882300 0.263900
vt 0.883400 0.265500
vt 0.902900 0.264200
vt 0.863500 0.265100
vt 0.863900 0.266800
vt 0.898400 0.261200
vt 0.881400 0.262200
vt 0.863200 0.263300
vt 0.844400 0.266400
vt 0.825400 0.267900
vt 0.824900 0.269500
vt 0.844400 0.268100
vt 0.844300 0.264600
vt 0.825400 0.266100
vt 0.825200 0.264000
vt 0.844100 0.262600
vt 0.862900 0.261400
vt 0.881000 0.260300
vt 0.897800 0.259400
vt 0.984900 0.243600
vt 0.984200 0.241100
vt 0.987600 0.242100
vt 0.986700 0.239300
vt 0.984900 0.246300
vt 0.987500 0.245400
vt 0.989100 0.240300
vt 0.990000 0.238200
vt 0.988100 0.236900
vt 0.989300 0.244400
vt 0.991000 0.243400
vt 0.990600 0.248700
vt 0.988400 0.248700
vt 0.985400 0.252300
vt 0.990200 0.254100
vt 0.986100 0.248600
vt 0.982900 0.251500
vt 0.983600 0.248800
vt 0.980600 0.251000
vt 0.950700 0.259300
vt 0.939300 0.260300
vt 0.939900 0.261800
vt 0.952200 0.261000
vt 0.927000 0.261100
vt 0.927600 0.262600
vt 0.949900 0.257800
vt 0.938800 0.258700
vt 0.926600 0.259500
vt 0.914100 0.261900
vt 0.915200 0.263400
vt 0.913300 0.260300
vt 0.912800 0.258600
vt 0.926200 0.257900
vt 0.938400 0.257100
vt 0.949500 0.256300
vt 0.769800 0.236800
vt 0.785200 0.236600
vt 0.769800 0.238700
vt 0.785200 0.238300
vt 0.803000 0.236300
vt 0.803000 0.237900
vt 0.803200 0.239700
vt 0.785400 0.240300
vt 0.770000 0.240800
vt 0.719600 0.237800
vt 0.726200 0.237700
vt 0.732000 0.237600
vt 0.719700 0.240600
vt 0.726200 0.240400
vt 0.732100 0.240200
vt 0.737000 0.237400
vt 0.737100 0.239900
vt 0.737300 0.242500
vt 0.732300 0.242900
vt 0.726300 0.243200
vt 0.719800 0.243500
vt 0.687200 0.237900
vt 0.696600 0.237900
vt 0.705000 0.237900
vt 0.687100 0.240800
vt 0.696600 0.240800
vt 0.705000 0.240800
vt 0.712600 0.237900
vt 0.712700 0.240800
vt 0.712700 0.243700
vt 0.705000 0.243700
vt 0.696500 0.243700
vt 0.687100 0.243600
vt 0.640900 0.238000
vt 0.653200 0.237900
vt 0.665200 0.237900
vt 0.640700 0.240700
vt 0.653000 0.240700
vt 0.665100 0.240700
vt 0.676600 0.237900
vt 0.676500 0.240700
vt 0.676400 0.243600
vt 0.664900 0.243500
vt 0.652900 0.243500
vt 0.640500 0.243500
vt 0.882400 0.130600
vt 0.905500 0.130300
vt 0.928100 0.129900
vt 0.882300 0.135300
vt 0.905400 0.134600
vt 0.928000 0.133700
vt 0.948300 0.129500
vt 0.964100 0.129200
vt 0.948200 0.132900
vt 0.963900 0.132200
vt 0.963800 0.135200
vt 0.948000 0.136100
vt 0.927900 0.137300
vt 0.905300 0.138600
vt 0.882100 0.139600
vt 0.801000 0.130800
vt 0.820000 0.130900
vt 0.839800 0.130900
vt 0.801000 0.136100
vt 0.820000 0.136100
vt 0.839700 0.136000
vt 0.860500 0.130800
vt 0.860400 0.135800
vt 0.860300 0.140300
vt 0.839600 0.140700
vt 0.819900 0.140900
vt 0.801000 0.140900
vt 0.729700 0.130000
vt 0.747000 0.130300
vt 0.764600 0.130600
vt 0.729700 0.135000
vt 0.747100 0.135500
vt 0.764700 0.135800
vt 0.782600 0.130700
vt 0.782600 0.136000
vt 0.782600 0.140800
vt 0.764700 0.140600
vt 0.747100 0.140100
vt 0.729800 0.139500
vt 0.660300 0.128000
vt 0.661600 0.128000
vt 0.660400 0.131500
vt 0.661700 0.131600
vt 0.665000 0.128100
vt 0.671600 0.128400
vt 0.665100 0.131800
vt 0.671600 0.132200
vt 0.671700 0.135700
vt 0.665200 0.135200
vt 0.661800 0.135000
vt 0.660500 0.134900
vt 0.616900 0.128400
vt 0.628700 0.128400
vt 0.638800 0.128300
vt 0.616900 0.132700
vt 0.628700 0.132400
vt 0.638800 0.132200
vt 0.647000 0.128200
vt 0.647000 0.132000
vt 0.647000 0.135600
vt 0.638800 0.135900
vt 0.628700 0.136300
vt 0.617000 0.136700
vt 0.558900 0.128600
vt 0.574400 0.128600
vt 0.589400 0.128600
vt 0.558900 0.133400
vt 0.574400 0.133200
vt 0.589400 0.133100
vt 0.603700 0.128500
vt 0.603700 0.132900
vt 0.603800 0.137100
vt 0.589500 0.137400
vt 0.574400 0.137800
vt 0.558900 0.138000
vt 0.512000 0.128500
vt 0.527700 0.128500
vt 0.511900 0.133300
vt 0.527600 0.133400
vt 0.543300 0.128600
vt 0.543300 0.133400
vt 0.543300 0.138100
vt 0.527600 0.138200
vt 0.511900 0.138200
vt 0.944900 0.235000
vt 0.954500 0.234700
vt 0.963100 0.234400
vt 0.944900 0.235700
vt 0.954500 0.235300
vt 0.963100 0.235000
vt 0.970600 0.234200
vt 0.976600 0.234100
vt 0.970300 0.234800
vt 0.976100 0.234900
vt 0.974800 0.235800
vt 0.969700 0.235600
vt 0.963000 0.235800
vt 0.954600 0.236200
vt 0.945000 0.236600
vt 0.981200 0.234200
vt 0.984500 0.234600
vt 0.980300 0.235300
vt 0.983400 0.236100
vt 0.986700 0.235300
vt 0.985400 0.237400
vt 0.983000 0.239000
vt 0.981200 0.237400
vt 0.978600 0.236300
vt 0.807200 0.269800
vt 0.807300 0.271600
vt 0.789800 0.271800
vt 0.789700 0.273800
vt 0.807000 0.267800
vt 0.789900 0.269700
vt 0.773700 0.273700
vt 0.761400 0.275200
vt 0.754400 0.278200
vt 0.772000 0.276000
vt 0.774900 0.271400
vt 0.763300 0.272800
vt 0.763600 0.270400
vt 0.774900 0.269100
vt 0.789600 0.267500
vt 0.806700 0.265700
vt 0.749700 0.277100
vt 0.745100 0.278200
vt 0.746300 0.280300
vt 0.752800 0.278600
vt 0.739100 0.279600
vt 0.739700 0.282000
vt 0.748300 0.275100
vt 0.744100 0.276000
vt 0.738500 0.277000
vt 0.732500 0.280900
vt 0.725100 0.281600
vt 0.726600 0.285500
vt 0.733200 0.283700
vt 0.732000 0.278000
vt 0.724500 0.278600
vt 0.724100 0.275600
vt 0.731500 0.275200
vt 0.738000 0.274400
vt 0.743400 0.273500
vt 0.747500 0.272700
vt 0.716700 0.281500
vt 0.717100 0.284600
vt 0.707400 0.280800
vt 0.707600 0.283700
vt 0.716300 0.278500
vt 0.707200 0.277900
vt 0.697700 0.280000
vt 0.687000 0.278900
vt 0.688600 0.282000
vt 0.698100 0.282900
vt 0.697400 0.277100
vt 0.686500 0.276000
vt 0.686500 0.273100
vt 0.697300 0.274100
vt 0.707100 0.275000
vt 0.716000 0.275500
vt 0.674600 0.277700
vt 0.674900 0.280600
vt 0.661400 0.276400
vt 0.661200 0.279300
vt 0.674500 0.274800
vt 0.661600 0.273500
vt 0.647800 0.275100
vt 0.634200 0.273700
vt 0.633800 0.276600
vt 0.647500 0.278000
vt 0.648200 0.272200
vt 0.634600 0.270800
vt 0.635000 0.268000
vt 0.648500 0.269300
vt 0.661800 0.270700
vt 0.674600 0.271900
vt 0.948500 0.167400
vt 0.951800 0.170400
vt 0.926700 0.170600
vt 0.927600 0.174600
vt 0.946100 0.164300
vt 0.926000 0.166600
vt 0.903700 0.173700
vt 0.880800 0.176200
vt 0.879300 0.183000
vt 0.903400 0.178800
vt 0.903800 0.168900
vt 0.881100 0.170800
vt 0.881100 0.166100
vt 0.903700 0.164600
vt 0.925700 0.162900
vt 0.945200 0.161100
vt 0.859500 0.177300
vt 0.859200 0.183200
vt 0.839200 0.177700
vt 0.839100 0.183400
vt 0.859700 0.171800
vt 0.839200 0.172200
vt 0.819300 0.177700
vt 0.800200 0.177500
vt 0.799000 0.183800
vt 0.819000 0.183600
vt 0.819600 0.172200
vt 0.800600 0.171800
vt 0.800800 0.166800
vt 0.819600 0.167200
vt 0.839200 0.167200
vt 0.859600 0.166900
vt 0.782000 0.176900
vt 0.781400 0.182800
vt 0.764300 0.176000
vt 0.763900 0.181800
vt 0.782400 0.171300
vt 0.764700 0.170400
vt 0.746900 0.175000
vt 0.729800 0.173700
vt 0.728800 0.179800
vt 0.746400 0.180800
vt 0.747400 0.169500
vt 0.730400 0.168300
vt 0.730700 0.163600
vt 0.747700 0.164600
vt 0.765000 0.165500
vt 0.782600 0.166200
vt 0.713200 0.171900
vt 0.712600 0.177100
vt 0.697300 0.169800
vt 0.696400 0.174500
vt 0.713600 0.166900
vt 0.698000 0.165400
vt 0.682400 0.167800
vt 0.671200 0.166000
vt 0.664000 0.169100
vt 0.680200 0.171800
vt 0.684100 0.163900
vt 0.673500 0.162500
vt 0.674300 0.159100
vt 0.684800 0.160100
vt 0.684800 0.156900
vt 0.698300 0.161300
vt 0.698400 0.157800
vt 0.713900 0.162400
vt 0.714100 0.158700
vt 0.656700 0.165400
vt 0.650200 0.166900
vt 0.651600 0.169900
vt 0.660800 0.168300
vt 0.641600 0.168500
vt 0.642500 0.171500
vt 0.655300 0.162400
vt 0.649100 0.163900
vt 0.640900 0.165600
vt 0.632100 0.170400
vt 0.620900 0.172700
vt 0.624200 0.174700
vt 0.633300 0.173100
vt 0.631100 0.167700
vt 0.619600 0.170100
vt 0.618900 0.167300
vt 0.630500 0.164800
vt 0.640400 0.162700
vt 0.648500 0.160900
vt 0.654600 0.159500
vt 0.607400 0.175500
vt 0.608600 0.178100
vt 0.592400 0.178700
vt 0.593000 0.181400
vt 0.606400 0.172900
vt 0.591900 0.175900
vt 0.577000 0.181900
vt 0.561200 0.184600
vt 0.561900 0.188200
vt 0.577500 0.184800
vt 0.576600 0.178900
vt 0.560800 0.181600
vt 0.560400 0.178500
vt 0.576200 0.175900
vt 0.591400 0.173000
vt 0.605800 0.170100
vt 0.545000 0.186700
vt 0.545400 0.189500
vt 0.528700 0.188200
vt 0.528900 0.190900
vt 0.544700 0.183800
vt 0.528500 0.185400
vt 0.512300 0.189400
vt 0.512400 0.192200
vt 0.512200 0.186500
vt 0.512200 0.183500
vt 0.528400 0.182500
vt 0.544500 0.180700
vt 0.756700 0.271300
vt 0.756700 0.273600
vt 0.752700 0.271800
vt 0.753200 0.274100
vt 0.755600 0.276000
vt 0.754000 0.278300
vt 0.753400 0.276300
vt 0.753600 0.278400
vt 0.753200 0.278500
vt 0.752000 0.276600
vt 0.750900 0.274500
vt 0.750100 0.272200
vt 0.750600 0.228300
vt 0.750500 0.230600
vt 0.746300 0.228100
vt 0.746200 0.230500
vt 0.750400 0.232800
vt 0.746100 0.232800
vt 0.743400 0.232700
vt 0.743500 0.230400
vt 0.743700 0.228000
vt 0.973300 0.134600
vt 0.973500 0.131900
vt 0.978200 0.134400
vt 0.978400 0.131700
vt 0.973600 0.129000
vt 0.978500 0.128900
vt 0.980300 0.128900
vt 0.980500 0.128900
vt 0.980200 0.131700
vt 0.980400 0.131700
vt 0.980000 0.134400
vt 0.980300 0.134600
vt 0.970100 0.093400
vt 0.970900 0.090800
vt 0.974800 0.093900
vt 0.975100 0.091300
vt 0.973300 0.088300
vt 0.976500 0.086000
vt 0.975800 0.088600
vt 0.976700 0.085900
vt 0.976900 0.085900
vt 0.976700 0.088700
vt 0.976900 0.088700
vt 0.977100 0.085900
vt 0.976600 0.091400
vt 0.976700 0.091500
vt 0.976400 0.094200
vt 0.976600 0.094200
vt 0.662100 0.157200
vt 0.662700 0.157100
vt 0.662300 0.160100
vt 0.662900 0.160000
vt 0.660900 0.157700
vt 0.661200 0.160600
vt 0.662500 0.163100
vt 0.662700 0.166200
vt 0.663300 0.165500
vt 0.663000 0.162900
vt 0.661600 0.163700
vt 0.662000 0.166900
vt 0.661400 0.167600
vt 0.660100 0.164400
vt 0.659100 0.161400
vt 0.658500 0.158400
vt 0.660000 0.113800
vt 0.659900 0.117100
vt 0.659100 0.113700
vt 0.659000 0.117100
vt 0.659800 0.120700
vt 0.658900 0.120600
vt 0.656900 0.120600
vt 0.657000 0.116900
vt 0.657000 0.113500
vt 0.978900 0.254700
vt 0.980700 0.255800
vt 0.970300 0.256400
vt 0.971200 0.257500
vt 0.977200 0.253700
vt 0.969400 0.255300
vt 0.961000 0.258000
vt 0.961700 0.259200
vt 0.960300 0.256700
vt 0.959800 0.255300
vt 0.968700 0.254200
vt 0.975700 0.252800
vt 0.909600 0.235500
vt 0.922700 0.235400
vt 0.909700 0.236300
vt 0.922700 0.236200
vt 0.934300 0.235200
vt 0.934400 0.235900
vt 0.934500 0.236900
vt 0.922900 0.237200
vt 0.909800 0.237400
vt 0.949800 0.212800
vt 0.940400 0.212700
vt 0.931400 0.212800
vt 0.949700 0.211900
vt 0.939900 0.211800
vt 0.930400 0.211900
vt 0.923400 0.213000
vt 0.917300 0.213200
vt 0.921700 0.212200
vt 0.915000 0.212600
vt 0.911100 0.212100
vt 0.918800 0.211500
vt 0.929100 0.211000
vt 0.939500 0.210800
vt 0.949700 0.210900
vt 0.978400 0.215200
vt 0.973700 0.214300
vt 0.967100 0.213600
vt 0.980100 0.214900
vt 0.974800 0.213800
vt 0.967700 0.212900
vt 0.958900 0.213100
vt 0.959200 0.212200
vt 0.959500 0.211300
vt 0.968300 0.212100
vt 0.975700 0.213200
vt 0.981200 0.214700
vt 0.977600 0.219800
vt 0.980600 0.218800
vt 0.981800 0.217600
vt 0.979300 0.220600
vt 0.982700 0.219400
vt 0.984000 0.217900
vt 0.981100 0.216400
vt 0.983200 0.216400
vt 0.984400 0.216400
vt 0.985400 0.218300
vt 0.984200 0.220200
vt 0.980600 0.221800
vt 0.948600 0.220200
vt 0.957700 0.220400
vt 0.965900 0.220500
vt 0.948200 0.221500
vt 0.957600 0.221600
vt 0.966200 0.221600
vt 0.972600 0.220300
vt 0.973600 0.221300
vt 0.974400 0.222500
vt 0.966400 0.222900
vt 0.957500 0.222900
vt 0.947800 0.222800
vt 0.916500 0.218800
vt 0.922600 0.219200
vt 0.930400 0.219600
vt 0.914100 0.219600
vt 0.920600 0.220200
vt 0.929100 0.220700
vt 0.939300 0.220000
vt 0.938500 0.221100
vt 0.937700 0.222400
vt 0.927600 0.221900
vt 0.917600 0.221100
vt 0.910200 0.220200
vt 0.902500 0.214300
vt 0.905200 0.213200
vt 0.905800 0.214800
vt 0.907000 0.213900
vt 0.901100 0.216000
vt 0.905300 0.215900
vt 0.907700 0.214900
vt 0.908800 0.215000
vt 0.908900 0.214200
vt 0.908200 0.214200
vt 0.907500 0.215800
vt 0.908700 0.215700
vt 0.908500 0.216400
vt 0.907400 0.216700
vt 0.907700 0.217400
vt 0.908400 0.217100
vt 0.905500 0.217100
vt 0.906500 0.218100
vt 0.902100 0.217700
vt 0.904500 0.219000
vt 0.909600 0.214300
vt 0.909000 0.214000
vt 0.908600 0.213500
vt 0.910300 0.214400
vt 0.910000 0.214000
vt 0.910300 0.213600
vt 0.908500 0.212900
vt 0.911600 0.213100
vt 0.913500 0.213600
vt 0.914600 0.214200
vt 0.911600 0.213900
vt 0.912600 0.214400
vt 0.911000 0.214200
vt 0.910900 0.214500
vt 0.911600 0.214600
vt 0.911700 0.214600
vt 0.915000 0.216900
vt 0.914100 0.217700
vt 0.912800 0.216700
vt 0.912100 0.217500
vt 0.915300 0.215900
vt 0.913100 0.215900
vt 0.911700 0.216700
vt 0.911200 0.216700
vt 0.911100 0.217300
vt 0.911200 0.217300
vt 0.912000 0.215900
vt 0.911300 0.216000
vt 0.911500 0.215300
vt 0.912000 0.215200
vt 0.913100 0.215100
vt 0.915200 0.215000
vt 0.910400 0.217300
vt 0.910400 0.217600
vt 0.911000 0.218000
vt 0.909700 0.217200
vt 0.909400 0.217800
vt 0.909600 0.218300
vt 0.912900 0.218400
vt 0.910800 0.218900
vt 0.907800 0.219300
vt 0.908000 0.218400
vt 0.908500 0.217700
vt 0.909100 0.217200
vt 0.008800 0.021200
vt 0.008900 0.021200
vt 0.008900 0.022300
vt 0.008800 0.022400
vt 0.008800 0.020000
vt 0.008900 0.020000
vt 0.008900 0.018800
vt 0.008800 0.018800
vt 0.008800 0.017700
vt 0.008900 0.017700
vt 0.008800 0.025500
vt 0.008900 0.025500
vt 0.008900 0.026500
vt 0.008800 0.026500
vt 0.008800 0.024500
vt 0.008900 0.024400
vt 0.008900 0.023400
vt 0.008800 0.023400
vt 0.008900 0.012400
vt 0.008900 0.013500
vt 0.008900 0.011400
vt 0.008900 0.010300
vt 0.008900 0.009300
vt 0.009000 0.009300
vt 0.008900 0.014500
vt 0.008900 0.015600
vt 0.008800 0.015600
vt 0.008900 0.016600
vt 0.008800 0.016600
vt 0.325400 0.101400
vt 0.325200 0.099400
vt 0.328800 0.101600
vt 0.328600 0.099600
vt 0.325500 0.103500
vt 0.329000 0.103800
vt 0.330100 0.101700
vt 0.330000 0.099700
vt 0.330300 0.103900
vt 0.330500 0.106200
vt 0.329100 0.106100
vt 0.325700 0.105800
vt 0.324800 0.093000
vt 0.324700 0.090500
vt 0.328200 0.093200
vt 0.328100 0.090700
vt 0.324900 0.095300
vt 0.328300 0.095400
vt 0.329600 0.093200
vt 0.329500 0.090700
vt 0.329700 0.095500
vt 0.329800 0.097600
vt 0.328400 0.097600
vt 0.325000 0.097400
vt 0.307600 0.144900
vt 0.307400 0.146700
vt 0.293500 0.145800
vt 0.293400 0.147500
vt 0.307800 0.143000
vt 0.293800 0.144000
vt 0.277300 0.146800
vt 0.277100 0.148300
vt 0.277500 0.145100
vt 0.277700 0.142900
vt 0.277900 0.140100
vt 0.294000 0.141800
vt 0.294100 0.139100
vt 0.308000 0.140700
vt 0.308200 0.138000
vt 0.307000 0.152700
vt 0.293000 0.153200
vt 0.307100 0.150500
vt 0.293000 0.151000
vt 0.276800 0.153800
vt 0.276800 0.151600
vt 0.277000 0.149900
vt 0.293200 0.149200
vt 0.307300 0.148600
vt 0.308700 0.118300
vt 0.308700 0.122600
vt 0.294600 0.118000
vt 0.294600 0.122600
vt 0.308700 0.114200
vt 0.294600 0.113600
vt 0.278300 0.117600
vt 0.278400 0.122500
vt 0.278300 0.112900
vt 0.278200 0.108600
vt 0.294500 0.109500
vt 0.308600 0.110400
vt 0.327000 0.081500
vt 0.329200 0.078400
vt 0.328800 0.081700
vt 0.329400 0.078500
vt 0.325400 0.084600
vt 0.328300 0.084800
vt 0.329600 0.081700
vt 0.329600 0.078500
vt 0.329500 0.084900
vt 0.329500 0.087900
vt 0.328200 0.087800
vt 0.324800 0.087600
vt 0.308400 0.134700
vt 0.294300 0.135600
vt 0.308600 0.130900
vt 0.294500 0.131500
vt 0.278000 0.136500
vt 0.278200 0.132200
vt 0.278300 0.127500
vt 0.294600 0.127100
vt 0.308700 0.126800
vt 0.324400 0.157500
vt 0.327800 0.157300
vt 0.325000 0.160600
vt 0.327900 0.160400
vt 0.329100 0.157300
vt 0.329100 0.160300
vt 0.329200 0.163400
vt 0.329200 0.166700
vt 0.328400 0.163500
vt 0.329000 0.166700
vt 0.326600 0.163700
vt 0.328800 0.166700
vt 0.665600 0.107800
vt 0.662200 0.108100
vt 0.665800 0.105500
vt 0.662400 0.105800
vt 0.660900 0.108200
vt 0.661100 0.105900
vt 0.661300 0.103800
vt 0.661500 0.101700
vt 0.662700 0.103700
vt 0.662900 0.101700
vt 0.666100 0.103500
vt 0.666300 0.101500
vt 0.666500 0.099500
vt 0.663100 0.099700
vt 0.666700 0.097400
vt 0.663300 0.097600
vt 0.661800 0.099700
vt 0.662000 0.097600
vt 0.662200 0.095300
vt 0.662300 0.092800
vt 0.663500 0.095300
vt 0.663700 0.092800
vt 0.666900 0.095200
vt 0.667100 0.092600
vt 0.682800 0.142500
vt 0.682600 0.139800
vt 0.696800 0.143700
vt 0.696600 0.141000
vt 0.683000 0.144800
vt 0.697000 0.145900
vt 0.712900 0.145000
vt 0.712700 0.142200
vt 0.713000 0.147100
vt 0.713200 0.148900
vt 0.713400 0.150400
vt 0.697200 0.147700
vt 0.697400 0.149400
vt 0.683300 0.146700
vt 0.683600 0.148400
vt 0.683900 0.150100
vt 0.697700 0.151000
vt 0.684300 0.152000
vt 0.698000 0.152800
vt 0.713700 0.151900
vt 0.713900 0.153700
vt 0.714000 0.155900
vt 0.698300 0.155000
vt 0.684600 0.154200
vt 0.682600 0.112500
vt 0.696600 0.111700
vt 0.682500 0.116200
vt 0.696400 0.115700
vt 0.712700 0.110800
vt 0.712600 0.115100
vt 0.712500 0.119800
vt 0.712400 0.124700
vt 0.696300 0.120000
vt 0.696300 0.124600
vt 0.682400 0.120300
vt 0.682300 0.124500
vt 0.667200 0.089700
vt 0.663800 0.089900
vt 0.666900 0.086600
vt 0.663800 0.086900
vt 0.662400 0.090000
vt 0.662500 0.087000
vt 0.662500 0.083800
vt 0.662400 0.080600
vt 0.663500 0.083700
vt 0.663000 0.080500
vt 0.665500 0.083500
vt 0.663700 0.080400
vt 0.682300 0.128700
vt 0.696300 0.129200
vt 0.682400 0.132800
vt 0.696300 0.133500
vt 0.712400 0.129600
vt 0.712500 0.134300
vt 0.712600 0.138600
vt 0.696500 0.137500
vt 0.682500 0.136500
vt 0.665900 0.164800
vt 0.663800 0.168200
vt 0.664200 0.164000
vt 0.663600 0.167300
vt 0.667500 0.161500
vt 0.664500 0.160700
vt 0.663400 0.163300
vt 0.663500 0.166400
vt 0.663300 0.160200
vt 0.663200 0.157300
vt 0.664600 0.157700
vt 0.668000 0.158300
s 1
usemtl Bow_Texture
f 4/1/1 3/2/2 2/3/3 1/4/4
f 3/2/2 6/5/5 5/6/6 2/3/3
f 8/7/7 7/8/8 3/2/2 4/1/1
f 7/8/8 9/9/9 6/5/5 3/2/2
f 13/10/10 12/11/11 11/12/12 10/13/13
f 15/14/14 14/15/15 12/11/11 13/10/10
f 6/5/5 13/10/10 10/13/13 5/6/6
f 9/9/9 15/14/14 13/10/10 6/5/5
f 19/16/16 18/17/17 17/18/18 16/19/19
f 18/17/17 21/20/20 20/21/21 17/18/18
f 14/15/15 15/14/14 18/17/17 19/16/16
f 15/14/14 9/9/9 21/20/20 18/17/17
f 25/22/22 24/23/23 23/24/24 22/25/25
f 7/8/8 8/7/7 24/23/23 25/22/22
f 21/20/20 25/22/22 22/25/25 20/21/21
f 9/9/9 7/8/8 25/22/22 21/20/20
f 24/23/23 27/26/26 26/27/27 23/24/24
f 27/26/26 29/28/28 28/29/29 26/27/27
f 8/7/7 30/30/30 27/26/26 24/23/23
f 30/30/30 31/31/31 29/28/28 27/26/26
f 35/32/32 34/33/33 33/34/34 32/35/35
f 37/36/36 36/37/37 34/33/33 35/32/32
f 29/28/28 35/32/32 32/35/35 28/29/29
f 31/31/31 37/36/36 35/32/32 29/28/28
f 41/38/38 40/39/39 39/40/40 38/41/41
f 40/39/39 43/42/42 42/43/43 39/40/40
f 36/37/37 37/36/36 40/39/39 41/38/38
f 37/36/36 31/31/31 43/42/42 40/39/39
f 45/44/44 4/1/1 1/4/4 44/45/45
f 30/30/30 8/7/7 4/1/1 45/44/44
f 43/42/42 45/44/44 44/45/45 42/43/43
f 31/31/31 30/30/30 45/44/44 43/42/42
f 49/46/46 48/47/47 47/48/48 46/49/49
f 48/47/47 51/50/50 50/51/51 47/48/48
f 53/52/52 52/53/53 48/47/47 49/46/46
f 52/53/53 54/54/54 51/50/50 48/47/47
f 58/55/55 57/56/56 56/57/57 55/58/58
f 60/59/59 59/60/60 57/56/56 58/55/55
f 51/50/50 58/55/55 55/58/58 50/51/51
f 54/54/54 60/59/59 58/55/55 51/50/50
f 64/61/61 63/62/62 62/63/63 61/64/64
f 63/62/62 66/65/65 65/66/66 62/63/63
f 59/60/60 60/59/59 63/62/62 64/61/61
f 60/59/59 54/54/54 66/65/65 63/62/62
f 70/67/67 69/68/68 68/69/69 67/70/70
f 52/53/53 53/52/52 69/68/68 70/67/67
f 66/65/65 70/67/67 67/70/70 65/66/66
f 54/54/54 52/53/53 70/67/67 66/65/65
f 72/71/71 71/72/72 10/13/13 11/12/12
f 71/72/72 73/73/73 5/6/6 10/13/13
f 75/74/74 74/75/75 71/72/72 72/71/71
f 74/75/75 76/76/76 73/73/73 71/72/72
f 78/77/77 77/78/78 1/4/4 2/3/3
f 80/79/79 79/80/80 77/78/78 78/77/77
f 73/73/73 78/77/77 2/3/3 5/6/6
f 76/76/76 80/79/79 78/77/77 73/73/73
f 84/81/81 83/82/82 82/83/83 81/84/84
f 83/82/82 86/85/85 85/86/86 82/83/83
f 79/80/80 80/79/79 83/82/82 84/81/81
f 80/79/79 76/76/76 86/85/85 83/82/82
f 90/87/87 89/88/88 88/89/89 87/90/90
f 74/75/75 75/74/74 89/88/88 90/87/87
f 86/85/85 90/87/87 87/90/90 85/86/86
f 76/76/76 74/75/75 90/87/87 86/85/85
f 94/91/91 93/92/92 92/93/93 91/94/94
f 93/92/92 96/95/95 95/96/96 92/93/93
f 98/97/97 97/98/98 93/92/92 94/91/91
f 97/98/98 99/99/99 96/95/95 93/92/92
f 103/100/100 102/101/101 101/102/102 100/103/103
f 105/104/104 104/105/105 102/101/101 103/100/100
f 96/95/95 103/100/100 100/103/103 95/96/96
f 99/99/99 105/104/104 103/100/100 96/95/95
f 109/106/106 108/107/107 107/108/108 106/109/109
f 108/107/107 111/110/110 110/111/111 107/108/108
f 104/105/105 105/104/104 108/107/107 109/106/106
f 105/104/104 99/99/99 111/110/110 108/107/107
f 115/112/112 114/113/113 113/114/114 112/115/115
f 97/98/98 98/97/97 114/113/113 115/112/112
f 111/110/110 115/112/112 112/115/115 110/111/111
f 99/99/99 97/98/98 115/112/112 111/110/110
f 117/116/116 116/117/117 112/115/115 113/114/114
f 116/117/117 118/118/118 110/111/111 112/115/115
f 120/119/119 119/120/120 116/117/117 117/116/116
f 119/120/120 121/121/121 118/118/118 116/117/117
f 123/122/122 122/123/123 106/109/109 107/108/108
f 125/124/124 124/125/125 122/123/123 123/122/122
f 118/118/118 123/122/122 107/108/108 110/111/111
f 121/121/121 125/124/124 123/122/122 118/118/118
f 129/126/126 128/127/127 127/128/128 126/129/129
f 128/127/127 131/130/130 130/131/131 127/128/128
f 124/125/125 125/124/124 128/127/127 129/126/126
f 125/124/124 121/121/121 131/130/130 128/127/127
f 135/132/132 134/133/133 133/134/134 132/135/135
f 119/120/120 120/119/119 134/133/133 135/132/132
f 131/130/130 135/132/132 132/135/135 130/131/131
f 121/121/121 119/120/120 135/132/132 131/130/130
f 137/136/136 136/137/137 132/135/135 133/134/134
f 136/137/137 138/138/138 130/131/131 132/135/135
f 140/139/139 139/140/140 136/137/137 137/136/136
f 139/140/140 141/141/141 138/138/138 136/137/137
f 143/142/142 142/143/143 126/129/129 127/128/128
f 145/144/144 144/145/145 142/143/143 143/142/142
f 138/138/138 143/142/142 127/128/128 130/131/131
f 141/141/141 145/144/144 143/142/142 138/138/138
f 149/146/146 148/147/147 147/148/148 146/149/149
f 148/147/147 151/150/150 150/151/151 147/148/148
f 144/145/145 145/144/144 148/147/147 149/146/146
f 145/144/144 141/141/141 151/150/150 148/147/147
f 155/152/152 154/153/153 153/154/154 152/155/155
f 139/140/140 140/139/139 154/153/153 155/152/152
f 151/150/150 155/152/152 152/155/155 150/151/151
f 141/141/141 139/140/140 155/152/152 151/150/150
f 159/156/156 158/157/157 157/158/158 156/159/159
f 158/157/157 161/160/160 160/161/161 157/158/158
f 163/162/162 162/163/163 158/157/157 159/156/156
f 162/163/163 164/164/164 161/160/160 158/157/157
f 168/165/165 167/166/166 166/167/167 165/168/168
f 170/169/169 169/170/170 167/166/166 168/165/165
f 161/160/160 168/165/165 165/168/168 160/161/161
f 164/164/164 170/169/169 168/165/165 161/160/160
f 174/171/171 173/172/172 172/173/173 171/174/174
f 173/172/172 176/175/175 175/176/176 172/173/173
f 169/170/170 170/169/169 173/172/172 174/171/171
f 170/169/169 164/164/164 176/175/175 173/172/172
f 180/177/177 179/178/178 178/179/179 177/180/180
f 162/163/163 163/162/162 179/178/178 180/177/177
f 176/175/175 180/177/177 177/180/180 175/176/176
f 164/164/164 162/163/163 180/177/177 176/175/175
f 172/173/173 182/181/181 181/182/182 171/174/174
f 182/181/181 184/183/183 183/184/184 181/182/182
f 175/176/176 185/185/185 182/181/181 172/173/173
f 185/185/185 186/186/186 184/183/183 182/181/181
f 190/187/187 189/188/188 188/189/189 187/190/190
f 192/191/191 191/192/192 189/188/188 190/187/187
f 184/183/183 190/187/187 187/190/190 183/184/184
f 186/186/186 192/191/191 190/187/187 184/183/183
f 196/193/193 195/194/194 194/195/195 193/196/196
f 195/194/194 198/197/197 197/198/198 194/195/195
f 191/192/192 192/191/191 195/194/194 196/193/193
f 192/191/191 186/186/186 198/197/197 195/194/194
f 200/199/199 177/180/180 178/179/179 199/200/200
f 185/185/185 175/176/176 177/180/180 200/199/199
f 198/197/197 200/199/199 199/200/200 197/198/198
f 186/186/186 185/185/185 200/199/199 198/197/197
f 189/188/188 202/201/201 201/202/202 188/189/189
f 202/201/201 204/203/203 203/204/204 201/202/202
f 191/192/192 205/205/205 202/201/201 189/188/188
f 205/205/205 206/206/206 204/203/203 202/201/201
f 210/207/207 209/208/208 208/209/209 207/210/210
f 212/211/211 211/212/212 209/208/208 210/207/207
f 204/203/203 210/207/207 207/210/210 203/204/204
f 206/206/206 212/211/211 210/207/207 204/203/203
f 216/213/213 215/214/214 214/215/215 213/216/216
f 215/214/214 218/217/217 217/218/218 214/215/215
f 211/212/212 212/211/211 215/214/214 216/213/213
f 212/211/211 206/206/206 218/217/217 215/214/214
f 220/219/219 196/193/193 193/196/196 219/220/220
f 205/205/205 191/192/192 196/193/193 220/219/219
f 218/217/217 220/219/219 219/220/220 217/218/218
f 206/206/206 205/205/205 220/219/219 218/217/217
f 209/208/208 222/221/221 221/222/222 208/209/209
f 222/221/221 224/223/223 223/224/224 221/222/222
f 211/212/212 225/225/225 222/221/221 209/208/208
f 225/225/225 226/226/226 224/223/223 222/221/221
f 230/227/227 229/228/228 228/229/229 227/230/230
f 232/231/231 231/232/232 229/228/228 230/227/227
f 224/223/223 230/227/227 227/230/230 223/224/224
f 226/226/226 232/231/231 230/227/227 224/223/223
f 236/233/233 235/234/234 234/235/235 233/236/236
f 235/234/234 238/237/237 237/238/238 234/235/235
f 231/232/232 232/231/231 235/234/234 236/233/233
f 232/231/231 226/226/226 238/237/237 235/234/234
f 240/239/239 216/213/213 213/216/216 239/240/240
f 225/225/225 211/212/212 216/213/213 240/239/239
f 238/237/237 240/239/239 239/240/240 237/238/238
f 226/226/226 225/225/225 240/239/239 238/237/237
f 244/241/241 243/242/242 242/243/243 241/244/244
f 243/242/242 246/245/245 245/246/246 242/243/243
f 248/247/247 247/248/248 243/242/242 244/241/241
f 247/248/248 249/249/249 246/245/245 243/242/242
f 253/250/250 252/251/251 251/252/252 250/253/253
f 255/254/254 254/255/255 252/251/251 253/250/250
f 246/245/245 253/250/250 250/253/253 245/246/246
f 249/249/249 255/254/254 253/250/250 246/245/245
f 259/256/256 258/257/257 257/258/258 256/259/259
f 258/257/257 261/260/260 260/261/261 257/258/258
f 254/255/255 255/254/254 258/257/257 259/256/256
f 255/254/254 249/249/249 261/260/260 258/257/257
f 265/262/262 264/263/263 263/264/264 262/265/265
f 247/248/248 248/247/247 264/263/263 265/262/262
f 261/260/260 265/262/262 262/265/265 260/261/261
f 249/249/249 247/248/248 265/262/262 261/260/260
f 252/251/251 267/266/266 266/267/267 251/252/252
f 267/266/266 269/268/268 268/269/269 266/267/267
f 254/255/255 270/270/270 267/266/266 252/251/251
f 270/270/270 271/271/271 269/268/268 267/266/266
f 275/272/272 274/273/273 273/274/274 272/275/275
f 277/276/276 276/277/277 274/273/273 275/272/272
f 269/268/268 275/272/272 272/275/275 268/269/269
f 271/271/271 277/276/276 275/272/272 269/268/268
f 281/278/278 280/279/279 279/280/280 278/281/281
f 280/279/279 283/282/282 282/283/283 279/280/280
f 276/277/277 277/276/276 280/279/279 281/278/278
f 277/276/276 271/271/271 283/282/282 280/279/279
f 285/284/284 259/256/256 256/259/259 284/285/285
f 270/270/270 254/255/255 259/256/256 285/284/284
f 283/282/282 285/284/284 284/285/285 282/283/283
f 271/271/271 270/270/270 285/284/284 283/282/282
f 274/273/273 287/286/286 286/287/287 273/274/274
f 287/286/286 289/288/288 288/289/289 286/287/287
f 276/277/277 290/290/290 287/286/286 274/273/273
f 290/290/290 291/291/291 289/288/288 287/286/286
f 295/292/292 294/293/293 293/294/294 292/295/295
f 297/296/296 296/297/297 294/293/293 295/292/292
f 289/288/288 295/292/292 292/295/295 288/289/289
f 291/291/291 297/296/296 295/292/292 289/288/288
f 301/298/298 300/299/299 299/300/300 298/301/301
f 300/299/299 303/302/302 302/303/303 299/300/300
f 296/297/297 297/296/296 300/299/299 301/298/298
f 297/296/296 291/291/291 303/302/302 300/299/299
f 305/304/304 281/278/278 278/281/281 304/305/305
f 290/290/290 276/277/277 281/278/278 305/304/304
f 303/302/302 305/304/304 304/305/305 302/303/303
f 291/291/291 290/290/290 305/304/304 303/302/302
f 309/306/306 308/307/307 307/308/308 306/309/309
f 308/307/307 311/310/310 310/311/311 307/308/308
f 313/312/312 312/313/313 308/307/307 309/306/306
f 312/313/313 314/314/314 311/310/310 308/307/307
f 318/315/315 317/316/316 316/317/317 315/318/318
f 320/319/319 319/320/320 317/316/316 318/315/315
f 311/310/310 318/315/315 315/318/318 310/311/311
f 314/314/314 320/319/319 318/315/315 311/310/310
f 322/321/321 321/322/322 22/25/25 23/24/24
f 321/322/322 323/323/323 20/21/21 22/25/25
f 319/320/320 320/319/319 321/322/322 322/321/321
f 320/319/319 314/314/314 323/323/323 321/322/322
f 325/324/324 324/325/325 16/19/19 17/18/18
f 312/313/313 313/312/312 324/325/325 325/324/324
f 323/323/323 325/324/324 17/18/18 20/21/21
f 314/314/314 312/313/313 325/324/324 323/323/323
f 77/78/78 326/326/326 44/45/45 1/4/4
f 326/326/326 327/327/327 42/43/43 44/45/45
f 79/80/80 328/328/328 326/326/326 77/78/78
f 328/328/328 329/329/329 327/327/327 326/326/326
f 331/330/330 330/331/331 38/41/41 39/40/40
f 333/332/332 332/333/333 330/331/331 331/330/330
f 327/327/327 331/330/330 39/40/40 42/43/43
f 329/329/329 333/332/332 331/330/330 327/327/327
f 337/334/334 336/335/335 335/336/336 334/337/337
f 336/335/335 339/338/338 338/339/339 335/336/336
f 332/333/333 333/332/332 336/335/335 337/334/334
f 333/332/332 329/329/329 339/338/338 336/335/335
f 341/340/340 84/81/81 81/84/84 340/341/341
f 328/328/328 79/80/80 84/81/81 341/340/340
f 339/338/338 341/340/340 340/341/341 338/339/339
f 329/329/329 328/328/328 341/340/340 339/338/338
f 102/101/101 343/342/342 342/343/343 101/102/102
f 343/342/342 345/344/344 344/345/345 342/343/343
f 104/105/105 346/346/346 343/342/342 102/101/101
f 346/346/346 347/347/347 345/344/344 343/342/342
f 351/348/348 350/349/349 349/350/350 348/351/351
f 353/352/352 352/353/353 350/349/349 351/348/348
f 345/344/344 351/348/348 348/351/351 344/345/345
f 347/347/347 353/352/352 351/348/348 345/344/344
f 357/354/354 356/355/355 355/356/356 354/357/357
f 356/355/355 359/358/358 358/359/359 355/356/356
f 352/353/353 353/352/352 356/355/355 357/354/354
f 353/352/352 347/347/347 359/358/358 356/355/355
f 361/360/360 109/106/106 106/109/109 360/361/361
f 346/346/346 104/105/105 109/106/106 361/360/360
f 359/358/358 361/360/360 360/361/361 358/359/359
f 347/347/347 346/346/346 361/360/360 359/358/358
f 122/123/123 362/362/362 360/361/361 106/109/109
f 362/362/362 363/363/363 358/359/359 360/361/361
f 124/125/125 364/364/364 362/362/362 122/123/123
f 364/364/364 365/365/365 363/363/363 362/362/362
f 367/366/366 366/367/367 354/357/357 355/356/356
f 369/368/368 368/369/369 366/367/367 367/366/366
f 363/363/363 367/366/366 355/356/356 358/359/359
f 365/365/365 369/368/368 367/366/366 363/363/363
f 373/370/370 372/371/371 371/372/372 370/373/373
f 372/371/371 375/374/374 374/375/375 371/372/372
f 368/369/369 369/368/368 372/371/371 373/370/370
f 369/368/368 365/365/365 375/374/374 372/371/371
f 377/376/376 129/126/126 126/129/129 376/377/377
f 364/364/364 124/125/125 129/126/126 377/376/376
f 375/374/374 377/376/376 376/377/377 374/375/375
f 365/365/365 364/364/364 377/376/376 375/374/374
f 142/143/143 378/378/378 376/377/377 126/129/129
f 378/378/378 379/379/379 374/375/375 376/377/377
f 144/145/145 380/380/380 378/378/378 142/143/143
f 380/380/380 381/381/381 379/379/379 378/378/378
f 383/382/382 382/383/383 370/373/373 371/372/372
f 385/384/384 384/385/385 382/383/383 383/382/382
f 379/379/379 383/382/382 371/372/372 374/375/375
f 381/381/381 385/384/384 383/382/382 379/379/379
f 389/386/386 388/387/387 387/388/388 386/389/389
f 388/387/387 391/390/390 390/391/391 387/388/388
f 384/385/385 385/384/384 388/387/387 389/386/386
f 385/384/384 381/381/381 391/390/390 388/387/387
f 393/392/392 149/146/146 146/149/149 392/393/393
f 380/380/380 144/145/145 149/146/146 393/392/392
f 391/390/390 393/392/392 392/393/393 390/391/391
f 381/381/381 380/380/380 393/392/392 391/390/390
f 167/166/166 395/394/394 394/395/395 166/167/167
f 395/394/394 397/396/396 396/397/397 394/395/395
f 169/170/170 398/398/398 395/394/394 167/166/166
f 398/398/398 399/399/399 397/396/396 395/394/394
f 403/400/400 402/401/401 401/402/402 400/403/403
f 405/404/404 404/405/405 402/401/401 403/400/400
f 397/396/396 403/400/400 400/403/403 396/397/397
f 399/399/399 405/404/404 403/400/400 397/396/396
f 409/406/406 408/407/407 407/408/408 406/409/409
f 408/407/407 411/410/410 410/411/411 407/408/408
f 404/405/405 405/404/404 408/407/407 409/406/406
f 405/404/404 399/399/399 411/410/410 408/407/407
f 413/412/412 174/171/171 171/174/174 412/413/413
f 398/398/398 169/170/170 174/171/171 413/412/412
f 411/410/410 413/412/412 412/413/413 410/411/411
f 399/399/399 398/398/398 413/412/412 411/410/410
f 407/408/408 415/414/414 414/415/415 406/409/409
f 415/414/414 417/416/416 416/417/417 414/415/415
f 410/411/411 418/418/418 415/414/414 407/408/408
f 418/418/418 419/419/419 417/416/416 415/414/414
f 423/420/420 422/421/421 421/422/422 420/423/423
f 425/424/424 424/425/425 422/421/421 423/420/420
f 417/416/416 423/420/420 420/423/423 416/417/417
f 419/419/419 425/424/424 423/420/420 417/416/416
f 427/426/426 426/427/427 187/190/190 188/189/189
f 426/427/427 428/428/428 183/184/184 187/190/190
f 424/425/425 425/424/424 426/427/427 427/426/426
f 425/424/424 419/419/419 428/428/428 426/427/427
f 429/429/429 412/413/413 171/174/174 181/182/182
f 418/418/418 410/411/411 412/413/413 429/429/429
f 428/428/428 429/429/429 181/182/182 183/184/184
f 419/419/419 418/418/418 429/429/429 428/428/428
f 422/421/421 431/430/430 430/431/431 421/422/422
f 431/430/430 433/432/432 432/433/433 430/431/431
f 424/425/425 434/434/434 431/430/430 422/421/421
f 434/434/434 435/435/435 433/432/432 431/430/430
f 439/436/436 438/437/437 437/438/438 436/439/439
f 441/440/440 440/441/441 438/437/437 439/436/436
f 433/432/432 439/436/436 436/439/439 432/433/433
f 435/435/435 441/440/440 439/436/436 433/432/432
f 443/442/442 442/443/443 207/210/210 208/209/209
f 442/443/443 444/444/444 203/204/204 207/210/210
f 440/441/441 441/440/440 442/443/443 443/442/442
f 441/440/440 435/435/435 444/444/444 442/443/443
f 445/445/445 427/426/426 188/189/189 201/202/202
f 434/434/434 424/425/425 427/426/426 445/445/445
f 444/444/444 445/445/445 201/202/202 203/204/204
f 435/435/435 434/434/434 445/445/445 444/444/444
f 438/437/437 447/446/446 446/447/447 437/438/438
f 447/446/446 449/448/448 448/449/449 446/447/447
f 440/441/441 450/450/450 447/446/446 438/437/437
f 450/450/450 451/451/451 449/448/448 447/446/446
f 455/452/452 454/453/453 453/454/454 452/455/455
f 457/456/456 456/457/457 454/453/453 455/452/452
f 449/448/448 455/452/452 452/455/455 448/449/449
f 451/451/451 457/456/456 455/452/452 449/448/448
f 459/458/458 458/459/459 227/230/230 228/229/229
f 458/459/459 460/460/460 223/224/224 227/230/230
f 456/457/457 457/456/456 458/459/459 459/458/458
f 457/456/456 451/451/451 460/460/460 458/459/459
f 461/461/461 443/442/442 208/209/209 221/222/222
f 450/450/450 440/441/441 443/442/442 461/461/461
f 460/460/460 461/461/461 221/222/222 223/224/224
f 451/451/451 450/450/450 461/461/461 460/460/460
f 465/462/462 464/463/463 463/464/464 462/465/465
f 464/463/463 467/466/466 466/467/467 463/464/464
f 469/468/468 468/469/469 464/463/463 465/462/462
f 468/469/469 470/470/470 467/466/466 464/463/463
f 474/471/471 473/472/472 472/473/473 471/474/474
f 476/475/475 475/476/476 473/472/472 474/471/471
f 467/466/466 474/471/471 471/474/474 466/467/467
f 470/470/470 476/475/475 474/471/471 467/466/466
f 478/477/477 477/478/478 250/253/253 251/252/252
f 477/478/478 479/479/479 245/246/246 250/253/253
f 475/476/476 476/475/475 477/478/478 478/477/477
f 476/475/475 470/470/470 479/479/479 477/478/478
f 481/480/480 480/481/481 241/244/244 242/243/243
f 468/469/469 469/468/468 480/481/481 481/480/480
f 479/479/479 481/480/480 242/243/243 245/246/246
f 470/470/470 468/469/469 481/480/480 479/479/479
f 473/472/472 483/482/482 482/483/483 472/473/473
f 483/482/482 485/484/484 484/485/485 482/483/483
f 475/476/476 486/486/486 483/482/482 473/472/472
f 486/486/486 487/487/487 485/484/484 483/482/482
f 491/488/488 490/489/489 489/490/490 488/491/491
f 493/492/492 492/493/493 490/489/489 491/488/488
f 485/484/484 491/488/488 488/491/491 484/485/485
f 487/487/487 493/492/492 491/488/488 485/484/484
f 495/494/494 494/495/495 272/275/275 273/274/274
f 494/495/495 496/496/496 268/269/269 272/275/275
f 492/493/493 493/492/492 494/495/495 495/494/494
f 493/492/492 487/487/487 496/496/496 494/495/495
f 497/497/497 478/477/477 251/252/252 266/267/267
f 486/486/486 475/476/476 478/477/477 497/497/497
f 496/496/496 497/497/497 266/267/267 268/269/269
f 487/487/487 486/486/486 497/497/497 496/496/496
f 490/489/489 499/498/498 498/499/499 489/490/490
f 499/498/498 501/500/500 500/501/501 498/499/499
f 492/493/493 502/502/502 499/498/498 490/489/489
f 502/502/502 503/503/503 501/500/500 499/498/498
f 507/504/504 506/505/505 505/506/506 504/507/507
f 509/508/508 508/509/509 506/505/505 507/504/504
f 501/500/500 507/504/504 504/507/507 500/501/501
f 503/503/503 509/508/508 507/504/504 501/500/500
f 511/510/510 510/511/511 292/295/295 293/294/294
f 510/511/511 512/512/512 288/289/289 292/295/295
f 508/509/509 509/508/508 510/511/511 511/510/510
f 509/508/508 503/503/503 512/512/512 510/511/511
f 513/513/513 495/494/494 273/274/274 286/287/287
f 502/502/502 492/493/493 495/494/494 513/513/513
f 512/512/512 513/513/513 286/287/287 288/289/289
f 503/503/503 502/502/502 513/513/513 512/512/512
f 517/514/514 516/515/515 515/516/516 514/517/517
f 516/515/515 519/518/518 518/519/519 515/516/516
f 521/520/520 520/521/521 516/515/515 517/514/514
f 520/521/521 522/522/522 519/518/518 516/515/515
f 526/523/523 525/524/524 524/525/525 523/526/526
f 528/527/527 527/528/528 525/524/524 526/523/523
f 519/518/518 526/523/523 523/526/526 518/519/519
f 522/522/522 528/527/527 526/523/523 519/518/518
f 532/529/529 531/530/530 530/531/531 529/532/532
f 531/530/530 534/533/533 533/534/534 530/531/531
f 527/528/528 528/527/527 531/530/530 532/529/529
f 528/527/527 522/522/522 534/533/533 531/530/530
f 538/535/535 537/536/536 536/537/537 535/538/538
f 520/521/521 521/520/520 537/536/536 538/535/535
f 534/533/533 538/535/535 535/538/538 533/534/534
f 522/522/522 520/521/521 538/535/535 534/533/533
f 542/539/539 541/540/540 540/541/541 539/542/542
f 541/540/540 544/543/543 543/544/544 540/541/541
f 546/545/545 545/546/546 541/540/540 542/539/539
f 545/546/546 547/547/547 544/543/543 541/540/540
f 551/548/548 550/549/549 549/550/550 548/551/551
f 553/552/552 552/553/553 550/549/549 551/548/548
f 544/543/543 551/548/548 548/551/551 543/544/544
f 547/547/547 553/552/552 551/548/548 544/543/543
f 555/554/554 554/555/555 535/538/538 536/537/537
f 554/555/555 556/556/556 533/534/534 535/538/538
f 552/553/553 553/552/552 554/555/555 555/554/554
f 553/552/552 547/547/547 556/556/556 554/555/555
f 558/557/557 557/558/558 529/532/532 530/531/531
f 545/546/546 546/545/545 557/558/558 558/557/557
f 556/556/556 558/557/557 530/531/531 533/534/534
f 547/547/547 545/546/546 558/557/557 556/556/556
f 562/559/559 561/560/560 560/561/561 559/562/562
f 561/560/560 564/563/563 563/564/564 560/561/561
f 566/565/565 565/566/566 561/560/560 562/559/559
f 565/566/566 567/567/567 564/563/563 561/560/560
f 571/568/568 570/569/569 569/570/570 568/571/571
f 573/572/572 572/573/573 570/569/569 571/568/568
f 564/563/563 571/568/568 568/571/571 563/564/564
f 567/567/567 573/572/572 571/568/568 564/563/563
f 577/574/574 576/575/575 575/576/576 574/577/577
f 576/575/575 579/578/578 578/579/579 575/576/576
f 572/573/573 573/572/572 576/575/575 577/574/574
f 573/572/572 567/567/567 579/578/578 576/575/575
f 583/580/580 582/581/581 581/582/582 580/583/583
f 565/566/566 566/565/565 582/581/581 583/580/580
f 579/578/578 583/580/580 580/583/583 578/579/579
f 567/567/567 565/566/566 583/580/580 579/578/578
f 587/584/584 586/585/585 585/586/586 584/587/587
f 586/585/585 589/588/588 588/589/589 585/586/586
f 591/590/590 590/591/591 586/585/585 587/584/584
f 590/591/591 592/592/592 589/588/588 586/585/585
f 594/593/593 532/529/529 529/532/532 593/594/594
f 595/595/595 527/528/528 532/529/529 594/593/593
f 589/588/588 594/593/593 593/594/594 588/589/589
f 592/592/592 595/595/595 594/593/593 589/588/588
f 525/524/524 597/596/596 596/597/597 524/525/525
f 597/596/596 599/598/598 598/599/599 596/597/597
f 527/528/528 595/595/595 597/596/596 525/524/524
f 595/595/595 592/592/592 599/598/598 597/596/596
f 603/600/600 602/601/601 601/602/602 600/603/603
f 590/591/591 591/590/590 602/601/601 603/600/600
f 599/598/598 603/600/600 600/603/603 598/599/599
f 592/592/592 590/591/591 603/600/600 599/598/598
f 607/604/604 606/605/605 605/606/606 604/607/607
f 606/605/605 609/608/608 608/609/609 605/606/606
f 611/610/610 610/611/611 606/605/605 607/604/604
f 610/611/611 612/612/612 609/608/608 606/605/605
f 616/613/613 615/614/614 614/615/615 613/616/616
f 618/617/617 617/618/618 615/614/614 616/613/613
f 609/608/608 616/613/613 613/616/616 608/609/609
f 612/612/612 618/617/617 616/613/613 609/608/608
f 622/619/619 621/620/620 620/621/621 619/622/622
f 621/620/620 624/623/623 623/624/624 620/621/621
f 617/618/618 618/617/617 621/620/620 622/619/619
f 618/617/617 612/612/612 624/623/623 621/620/620
f 628/625/625 627/626/626 626/627/627 625/628/628
f 610/611/611 611/610/610 627/626/626 628/625/625
f 624/623/623 628/625/625 625/628/628 623/624/624
f 612/612/612 610/611/611 628/625/625 624/623/623
f 632/629/629 631/630/630 630/631/631 629/632/632
f 631/630/630 634/633/633 633/634/634 630/631/631
f 636/635/635 635/636/636 631/630/630 632/629/629
f 635/636/636 637/637/637 634/633/633 631/630/630
f 639/638/638 607/604/604 604/607/607 638/639/639
f 640/640/640 611/610/610 607/604/604 639/638/638
f 634/633/633 639/638/638 638/639/639 633/634/634
f 637/637/637 640/640/640 639/638/638 634/633/633
f 627/626/626 642/641/641 641/642/642 626/627/627
f 642/641/641 644/643/643 643/644/644 641/642/642
f 611/610/610 640/640/640 642/641/641 627/626/626
f 640/640/640 637/637/637 644/643/643 642/641/641
f 648/645/645 647/646/646 646/647/647 645/648/648
f 635/636/636 636/635/635 647/646/646 648/645/645
f 644/643/643 648/645/645 645/648/648 643/644/644
f 637/637/637 635/636/636 648/645/645 644/643/643
f 652/649/649 651/650/650 650/651/651 649/652/652
f 651/650/650 654/653/653 653/654/654 650/651/651
f 656/655/655 655/656/656 651/650/650 652/649/649
f 655/656/656 657/657/657 654/653/653 651/650/650
f 659/658/658 632/629/629 629/632/632 658/659/659
f 660/660/660 636/635/635 632/629/629 659/658/658
f 654/653/653 659/658/658 658/659/659 653/654/654
f 657/657/657 660/660/660 659/658/658 654/653/653
f 647/646/646 662/661/661 661/662/662 646/647/647
f 662/661/661 664/663/663 663/664/664 661/662/662
f 636/635/635 660/660/660 662/661/661 647/646/646
f 660/660/660 657/657/657 664/663/663 662/661/661
f 668/665/665 667/666/666 666/667/667 665/668/668
f 655/656/656 656/655/655 667/666/666 668/665/665
f 664/663/663 668/665/665 665/668/668 663/664/664
f 657/657/657 655/656/656 668/665/665 664/663/663
f 672/669/669 671/670/670 670/671/671 669/672/672
f 671/670/670 674/673/673 673/674/674 670/671/671
f 676/675/675 675/676/676 671/670/670 672/669/669
f 675/676/676 677/677/677 674/673/673 671/670/670
f 681/678/678 680/679/679 679/680/680 678/681/681
f 683/682/682 682/683/683 680/679/679 681/678/678
f 674/673/673 681/678/678 678/681/681 673/674/674
f 677/677/677 683/682/682 681/678/678 674/673/673
f 687/684/684 686/685/685 685/686/686 684/687/687
f 686/685/685 689/688/688 688/689/689 685/686/686
f 682/683/683 683/682/682 686/685/685 687/684/684
f 683/682/682 677/677/677 689/688/688 686/685/685
f 693/690/690 692/691/691 691/692/692 690/693/693
f 675/676/676 676/675/675 692/691/691 693/690/690
f 689/688/688 693/690/690 690/693/693 688/689/689
f 677/677/677 675/676/676 693/690/690 689/688/688
f 697/694/694 696/695/695 695/696/696 694/697/697
f 696/695/695 699/698/698 698/699/699 695/696/696
f 701/700/700 700/701/701 696/695/695 697/694/694
f 700/701/701 702/702/702 699/698/698 696/695/695
f 706/703/703 705/704/704 704/705/705 703/706/706
f 708/707/707 707/708/708 705/704/704 706/703/703
f 699/698/698 706/703/703 703/706/706 698/699/699
f 702/702/702 708/707/707 706/703/703 699/698/698
f 710/709/709 709/710/710 672/669/669 669/672/672
f 709/710/710 711/711/711 676/675/675 672/669/669
f 707/708/708 708/707/707 709/710/710 710/709/709
f 708/707/707 702/702/702 711/711/711 709/710/710
f 713/712/712 712/713/713 691/692/692 692/691/691
f 700/701/701 701/700/700 712/713/713 713/712/712
f 711/711/711 713/712/712 692/691/691 676/675/675
f 702/702/702 700/701/701 713/712/712 711/711/711
f 717/714/714 716/715/715 715/716/716 714/717/717
f 716/715/715 719/718/718 718/719/719 715/716/716
f 721/720/720 720/721/721 716/715/715 717/714/714
f 720/721/721 722/722/722 719/718/718 716/715/715
f 726/723/723 725/724/724 724/725/725 723/726/726
f 728/727/727 727/728/728 725/724/724 726/723/723
f 719/718/718 726/723/723 723/726/726 718/719/719
f 722/722/722 728/727/727 726/723/723 719/718/718
f 730/729/729 729/730/730 703/706/706 704/705/705
f 729/730/730 731/731/731 698/699/699 703/706/706
f 727/728/728 728/727/727 729/730/730 730/729/729
f 728/727/727 722/722/722 731/731/731 729/730/730
f 733/732/732 732/733/733 694/697/697 695/696/696
f 720/721/721 721/720/720 732/733/733 733/732/732
f 731/731/731 733/732/732 695/696/696 698/699/699
f 722/722/722 720/721/721 733/732/732 731/731/731
f 737/734/734 736/735/735 735/736/736 734/737/737
f 736/735/735 739/738/738 738/739/739 735/736/736
f 741/740/740 740/741/741 736/735/735 737/734/734
f 740/741/741 742/742/742 739/738/738 736/735/735
f 746/743/743 745/744/744 744/745/745 743/746/746
f 748/747/747 747/748/748 745/744/744 746/743/743
f 739/738/738 746/743/743 743/746/746 738/739/739
f 742/742/742 748/747/747 746/743/743 739/738/738
f 752/749/749 751/750/750 750/751/751 749/752/752
f 751/750/750 754/753/753 753/754/754 750/751/751
f 747/748/748 748/747/747 751/750/750 752/749/749
f 748/747/747 742/742/742 754/753/753 751/750/750
f 758/755/755 757/756/756 756/757/757 755/758/758
f 740/741/741 741/740/740 757/756/756 758/755/755
f 754/753/753 758/755/755 755/758/758 753/754/754
f 742/742/742 740/741/741 758/755/755 754/753/753
f 762/759/759 761/760/760 760/761/761 759/762/762
f 761/760/760 764/763/763 763/764/764 760/761/761
f 766/765/765 765/766/766 761/760/760 762/759/759
f 765/766/766 767/767/767 764/763/763 761/760/760
f 771/768/768 770/769/769 769/770/770 768/771/771
f 773/772/772 772/773/773 770/769/769 771/768/768
f 764/763/763 771/768/768 768/771/771 763/764/764
f 767/767/767 773/772/772 771/768/768 764/763/763
f 777/774/774 776/775/775 775/776/776 774/777/777
f 776/775/775 779/778/778 778/779/779 775/776/776
f 772/773/773 773/772/772 776/775/775 777/774/774
f 773/772/772 767/767/767 779/778/778 776/775/775
f 783/780/780 782/781/781 781/782/782 780/783/783
f 765/766/766 766/765/765 782/781/781 783/780/780
f 779/778/778 783/780/780 780/783/783 778/779/779
f 767/767/767 765/766/766 783/780/780 779/778/778
f 787/784/784 786/785/785 785/786/786 784/787/787
f 786/785/785 789/788/788 788/789/789 785/786/786
f 791/790/790 790/791/791 786/785/785 787/784/784
f 790/791/791 792/792/792 789/788/788 786/785/785
f 796/793/793 795/794/794 794/795/795 793/796/796
f 798/797/797 797/798/798 795/794/794 796/793/793
f 789/788/788 796/793/793 793/796/796 788/789/789
f 792/792/792 798/797/797 796/793/793 789/788/788
f 800/799/799 799/800/800 768/771/771 769/770/770
f 799/800/800 801/801/801 763/764/764 768/771/771
f 797/798/798 798/797/797 799/800/800 800/799/799
f 798/797/797 792/792/792 801/801/801 799/800/800
f 803/802/802 802/803/803 759/762/762 760/761/761
f 790/791/791 791/790/790 802/803/803 803/802/802
f 801/801/801 803/802/802 760/761/761 763/764/764
f 792/792/792 790/791/791 803/802/802 801/801/801
f 807/804/804 806/805/805 805/806/806 804/807/807
f 806/805/805 809/808/808 808/809/809 805/806/806
f 811/810/810 810/811/811 806/805/805 807/804/804
f 810/811/811 812/812/812 809/808/808 806/805/805
f 816/813/813 815/814/814 814/815/815 813/816/816
f 818/817/817 817/818/818 815/814/814 816/813/813
f 809/808/808 816/813/813 813/816/816 808/809/809
f 812/812/812 818/817/817 816/813/813 809/808/808
f 820/819/819 819/820/820 793/796/796 794/795/795
f 819/820/820 821/821/821 788/789/789 793/796/796
f 817/818/818 818/817/817 819/820/820 820/819/819
f 818/817/817 812/812/812 821/821/821 819/820/820
f 823/822/822 822/823/823 784/787/787 785/786/786
f 810/811/811 811/810/810 822/823/823 823/822/822
f 821/821/821 823/822/822 785/786/786 788/789/789
f 812/812/812 810/811/811 823/822/822 821/821/821
f 825/824/824 824/825/825 580/583/583 581/582/582
f 824/825/825 826/826/826 578/579/579 580/583/583
f 828/827/827 827/828/828 824/825/825 825/824/824
f 827/828/828 829/829/829 826/826/826 824/825/825
f 831/830/830 830/831/831 574/577/577 575/576/576
f 833/832/832 832/833/833 830/831/831 831/830/830
f 826/826/826 831/830/830 575/576/576 578/579/579
f 829/829/829 833/832/832 831/830/830 826/826/826
f 837/834/834 836/835/835 835/836/836 834/837/837
f 836/835/835 839/838/838 838/839/839 835/836/836
f 832/833/833 833/832/832 836/835/835 837/834/834
f 833/832/832 829/829/829 839/838/838 836/835/835
f 843/840/840 842/841/841 841/842/842 840/843/843
f 827/828/828 828/827/827 842/841/841 843/840/840
f 839/838/838 843/840/840 840/843/843 838/839/839
f 829/829/829 827/828/828 843/840/840 839/838/838
f 847/844/844 846/845/845 845/846/846 844/847/847
f 846/845/845 849/848/848 848/849/849 845/846/846
f 851/850/850 850/851/851 846/845/845 847/844/844
f 850/851/851 852/852/852 849/848/848 846/845/845
f 854/853/853 542/539/539 539/542/542 853/854/854
f 855/855/855 546/545/545 542/539/539 854/853/853
f 849/848/848 854/853/853 853/854/854 848/849/849
f 852/852/852 855/855/855 854/853/853 849/848/848
f 557/558/558 856/856/856 593/594/594 529/532/532
f 856/856/856 857/857/857 588/589/589 593/594/594
f 546/545/545 855/855/855 856/856/856 557/558/558
f 855/855/855 852/852/852 857/857/857 856/856/856
f 859/858/858 858/859/859 584/587/587 585/586/586
f 850/851/851 851/850/850 858/859/859 859/858/858
f 857/857/857 859/858/858 585/586/586 588/589/589
f 852/852/852 850/851/851 859/858/858 857/857/857
f 863/860/860 862/861/861 861/862/862 860/863/863
f 862/861/861 865/864/864 864/865/865 861/862/862
f 867/866/866 866/867/867 862/861/861 863/860/860
f 866/867/867 868/868/868 865/864/864 862/861/861
f 872/869/869 871/870/870 870/871/871 869/872/872
f 874/873/873 873/874/874 871/870/870 872/869/869
f 865/864/864 872/869/869 869/872/872 864/865/865
f 868/868/868 874/873/873 872/869/869 865/864/864
f 876/875/875 875/876/876 613/616/616 614/615/615
f 875/876/876 877/877/877 608/609/609 613/616/616
f 873/874/874 874/873/873 875/876/876 876/875/875
f 874/873/873 868/868/868 877/877/877 875/876/876
f 879/878/878 878/879/879 604/607/607 605/606/606
f 866/867/867 867/866/866 878/879/879 879/878/878
f 877/877/877 879/878/878 605/606/606 608/609/609
f 868/868/868 866/867/867 879/878/878 877/877/877
f 883/880/880 882/881/881 881/882/882 880/883/883
f 882/881/881 885/884/884 884/885/885 881/882/882
f 887/886/886 886/887/887 882/881/881 883/880/880
f 886/887/887 888/888/888 885/884/884 882/881/881
f 890/889/889 863/860/860 860/863/863 889/890/890
f 891/891/891 867/866/866 863/860/860 890/889/889
f 885/884/884 890/889/889 889/890/890 884/885/885
f 888/888/888 891/891/891 890/889/889 885/884/884
f 878/879/879 892/892/892 638/639/639 604/607/607
f 892/892/892 893/893/893 633/634/634 638/639/639
f 867/866/866 891/891/891 892/892/892 878/879/879
f 891/891/891 888/888/888 893/893/893 892/892/892
f 895/894/894 894/895/895 629/632/632 630/631/631
f 886/887/887 887/886/886 894/895/895 895/894/894
f 893/893/893 895/894/894 630/631/631 633/634/634
f 888/888/888 886/887/887 895/894/894 893/893/893
f 899/896/896 898/897/897 897/898/898 896/899/899
f 898/897/897 901/900/900 900/901/901 897/898/898
f 903/902/902 902/903/903 898/897/897 899/896/896
f 902/903/903 904/904/904 901/900/900 898/897/897
f 906/905/905 883/880/880 880/883/883 905/906/906
f 907/907/907 887/886/886 883/880/880 906/905/905
f 901/900/900 906/905/905 905/906/906 900/901/901
f 904/904/904 907/907/907 906/905/905 901/900/900
f 894/895/895 908/908/908 658/659/659 629/632/632
f 908/908/908 909/909/909 653/654/654 658/659/659
f 887/886/886 907/907/907 908/908/908 894/895/895
f 907/907/907 904/904/904 909/909/909 908/908/908
f 911/910/910 910/911/911 649/652/652 650/651/651
f 902/903/903 903/902/902 910/911/911 911/910/910
f 909/909/909 911/910/910 650/651/651 653/654/654
f 904/904/904 902/903/903 911/910/910 909/909/909
f 915/912/912 914/913/913 913/914/914 912/915/915
f 914/913/913 917/916/916 916/917/917 913/914/914
f 919/918/918 918/919/919 914/913/913 915/912/912
f 918/919/919 920/920/920 917/916/916 914/913/913
f 924/921/921 923/922/922 922/923/923 921/924/924
f 926/925/925 925/926/926 923/922/922 924/921/921
f 917/916/916 924/921/921 921/924/924 916/917/917
f 920/920/920 926/925/925 924/921/921 917/916/916
f 928/927/927 927/928/928 678/681/681 679/680/680
f 927/928/928 929/929/929 673/674/674 678/681/681
f 925/926/926 926/925/925 927/928/928 928/927/927
f 926/925/925 920/920/920 929/929/929 927/928/928
f 931/930/930 930/931/931 669/672/672 670/671/671
f 918/919/919 919/918/918 930/931/931 931/930/930
f 929/929/929 931/930/930 670/671/671 673/674/674
f 920/920/920 918/919/919 931/930/930 929/929/929
f 705/704/704 933/932/932 932/933/933 704/705/705
f 933/932/932 935/934/934 934/935/935 932/933/933
f 707/708/708 936/936/936 933/932/932 705/704/704
f 936/936/936 937/937/937 935/934/934 933/932/932
f 941/938/938 940/939/939 939/940/940 938/941/941
f 943/942/942 942/943/943 940/939/939 941/938/938
f 935/934/934 941/938/938 938/941/941 934/935/935
f 937/937/937 943/942/942 941/938/938 935/934/934
f 945/944/944 944/945/945 915/912/912 912/915/915
f 944/945/945 946/946/946 919/918/918 915/912/912
f 942/943/943 943/942/942 944/945/945 945/944/944
f 943/942/942 937/937/937 946/946/946 944/945/945
f 947/947/947 710/709/709 669/672/672 930/931/931
f 936/936/936 707/708/708 710/709/709 947/947/947
f 946/946/946 947/947/947 930/931/931 919/918/918
f 937/937/937 936/936/936 947/947/947 946/946/946
f 725/724/724 949/948/948 948/949/949 724/725/725
f 949/948/948 951/950/950 950/951/951 948/949/949
f 727/728/728 952/952/952 949/948/948 725/724/724
f 952/952/952 953/953/953 951/950/950 949/948/948
f 957/954/954 956/955/955 955/956/956 954/957/957
f 959/958/958 958/959/959 956/955/955 957/954/954
f 951/950/950 957/954/954 954/957/957 950/951/951
f 953/953/953 959/958/958 957/954/954 951/950/950
f 961/960/960 960/961/961 938/941/941 939/940/940
f 960/961/961 962/962/962 934/935/935 938/941/941
f 958/959/959 959/958/958 960/961/961 961/960/960
f 959/958/958 953/953/953 962/962/962 960/961/961
f 963/963/963 730/729/729 704/705/705 932/933/933
f 952/952/952 727/728/728 730/729/729 963/963/963
f 962/962/962 963/963/963 932/933/933 934/935/935
f 953/953/953 952/952/952 963/963/963 962/962/962
f 745/744/744 965/964/964 964/965/965 744/745/745
f 965/964/964 967/966/966 966/967/967 964/965/965
f 747/748/748 968/968/968 965/964/964 745/744/744
f 968/968/968 969/969/969 967/966/966 965/964/964
f 973/970/970 972/971/971 971/972/972 970/973/973
f 975/974/974 974/975/975 972/971/971 973/970/970
f 967/966/966 973/970/970 970/973/973 966/967/967
f 969/969/969 975/974/974 973/970/970 967/966/966
f 979/976/976 978/977/977 977/978/978 976/979/979
f 978/977/977 981/980/980 980/981/981 977/978/978
f 974/975/975 975/974/974 978/977/977 979/976/976
f 975/974/974 969/969/969 981/980/980 978/977/977
f 983/982/982 752/749/749 749/752/752 982/983/983
f 968/968/968 747/748/748 752/749/749 983/982/982
f 981/980/980 983/982/982 982/983/983 980/981/981
f 969/969/969 968/968/968 983/982/982 981/980/980
f 770/769/769 985/984/984 984/985/985 769/770/770
f 985/984/984 987/986/986 986/987/987 984/985/985
f 772/773/773 988/988/988 985/984/984 770/769/769
f 988/988/988 989/989/989 987/986/986 985/984/984
f 993/990/990 992/991/991 991/992/992 990/993/993
f 995/994/994 994/995/995 992/991/991 993/990/990
f 987/986/986 993/990/990 990/993/993 986/987/987
f 989/989/989 995/994/994 993/990/990 987/986/986
f 999/996/996 998/997/997 997/998/998 996/999/999
f 998/997/997 1001/1000/1000 1000/1001/1001 997/998/998
f 994/995/995 995/994/994 998/997/997 999/996/996
f 995/994/994 989/989/989 1001/1000/1000 998/997/997
f 1003/1002/1002 777/774/774 774/777/777 1002/1003/1003
f 988/988/988 772/773/773 777/774/774 1003/1002/1002
f 1001/1000/1000 1003/1002/1002 1002/1003/1003 1000/1001/1001
f 989/989/989 988/988/988 1003/1002/1002 1001/1000/1000
f 795/794/794 1005/1004/1004 1004/1005/1005 794/795/795
f 1005/1004/1004 1007/1006/1006 1006/1007/1007 1004/1005/1005
f 797/798/798 1008/1008/1008 1005/1004/1004 795/794/794
f 1008/1008/1008 1009/1009/1009 1007/1006/1006 1005/1004/1004
f 1013/1010/1010 1012/1011/1011 1011/1012/1012 1010/1013/1013
f 1015/1014/1014 1014/1015/1015 1012/1011/1011 1013/1010/1010
f 1007/1006/1006 1013/1010/1010 1010/1013/1013 1006/1007/1007
f 1009/1009/1009 1015/1014/1014 1013/1010/1010 1007/1006/1006
f 1017/1016/1016 1016/1017/1017 990/993/993 991/992/992
f 1016/1017/1017 1018/1018/1018 986/987/987 990/993/993
f 1014/1015/1015 1015/1014/1014 1016/1017/1017 1017/1016/1016
f 1015/1014/1014 1009/1009/1009 1018/1018/1018 1016/1017/1017
f 1019/1019/1019 800/799/799 769/770/770 984/985/985
f 1008/1008/1008 797/798/798 800/799/799 1019/1019/1019
f 1018/1018/1018 1019/1019/1019 984/985/985 986/987/987
f 1009/1009/1009 1008/1008/1008 1019/1019/1019 1018/1018/1018
f 815/814/814 1021/1020/1020 1020/1021/1021 814/815/815
f 1021/1020/1020 1023/1022/1022 1022/1023/1023 1020/1021/1021
f 817/818/818 1024/1024/1024 1021/1020/1020 815/814/814
f 1024/1024/1024 1025/1025/1025 1023/1022/1022 1021/1020/1020
f 1029/1026/1026 1028/1027/1027 1027/1028/1028 1026/1029/1029
f 1031/1030/1030 1030/1031/1031 1028/1027/1027 1029/1026/1026
f 1023/1022/1022 1029/1026/1026 1026/1029/1029 1022/1023/1023
f 1025/1025/1025 1031/1030/1030 1029/1026/1026 1023/1022/1022
f 1033/1032/1032 1032/1033/1033 1010/1013/1013 1011/1012/1012
f 1032/1033/1033 1034/1034/1034 1006/1007/1007 1010/1013/1013
f 1030/1031/1031 1031/1030/1030 1032/1033/1033 1033/1032/1032
f 1031/1030/1030 1025/1025/1025 1034/1034/1034 1032/1033/1033
f 1035/1035/1035 820/819/819 794/795/795 1004/1005/1005
f 1024/1024/1024 817/818/818 820/819/819 1035/1035/1035
f 1034/1034/1034 1035/1035/1035 1004/1005/1005 1006/1007/1007
f 1025/1025/1025 1024/1024/1024 1035/1035/1035 1034/1034/1034
f 1039/1036/1036 1038/1037/1037 1037/1038/1038 1036/1039/1039
f 1038/1037/1037 1041/1040/1040 1040/1041/1041 1037/1038/1038
f 1043/1042/1042 1042/1043/1043 1038/1037/1037 1039/1036/1036
f 1042/1043/1043 1044/1044/1044 1041/1040/1040 1038/1037/1037
f 1048/1045/1045 1047/1046/1046 1046/1047/1047 1045/1048/1048
f 1050/1049/1049 1049/1050/1050 1047/1046/1046 1048/1045/1045
f 1041/1040/1040 1048/1045/1045 1045/1048/1048 1040/1041/1041
f 1044/1044/1044 1050/1049/1049 1048/1045/1045 1041/1040/1040
f 1052/1051/1051 1051/1052/1052 19/16/16 16/19/19
f 1051/1052/1052 1053/1053/1053 14/15/15 19/16/16
f 1049/1050/1050 1050/1049/1049 1051/1052/1052 1052/1051/1051
f 1050/1049/1049 1044/1044/1044 1053/1053/1053 1051/1052/1052
f 1055/1054/1054 1054/1055/1055 11/12/12 12/11/11
f 1042/1043/1043 1043/1042/1042 1054/1055/1055 1055/1054/1054
f 1053/1053/1053 1055/1054/1054 12/11/11 14/15/15
f 1044/1044/1044 1042/1043/1043 1055/1054/1054 1053/1053/1053
f 1059/1056/1056 1058/1057/1057 1057/1058/1058 1056/1059/1059
f 1058/1057/1057 1061/1060/1060 1060/1061/1061 1057/1058/1058
f 1063/1062/1062 1062/1063/1063 1058/1057/1057 1059/1056/1056
f 1062/1063/1063 1064/1064/1064 1061/1060/1060 1058/1057/1057
f 1068/1065/1065 1067/1066/1066 1066/1067/1067 1065/1068/1068
f 1070/1069/1069 1069/1070/1070 1067/1066/1066 1068/1065/1065
f 1061/1060/1060 1068/1065/1065 1065/1068/1068 1060/1061/1061
f 1064/1064/1064 1070/1069/1069 1068/1065/1065 1061/1060/1060
f 1072/1071/1071 1071/1072/1072 41/38/38 38/41/41
f 1071/1072/1072 1073/1073/1073 36/37/37 41/38/38
f 1069/1070/1070 1070/1069/1069 1071/1072/1072 1072/1071/1071
f 1070/1069/1069 1064/1064/1064 1073/1073/1073 1071/1072/1072
f 1075/1074/1074 1074/1075/1075 33/34/34 34/33/33
f 1062/1063/1063 1063/1062/1062 1074/1075/1075 1075/1074/1074
f 1073/1073/1073 1075/1074/1074 34/33/33 36/37/37
f 1064/1064/1064 1062/1063/1063 1075/1074/1074 1073/1073/1073
f 1079/1076/1076 1078/1077/1077 1077/1078/1078 1076/1079/1079
f 1078/1077/1077 1081/1080/1080 1080/1081/1081 1077/1078/1078
f 1083/1082/1082 1082/1083/1083 1078/1077/1077 1079/1076/1076
f 1082/1083/1083 1084/1084/1084 1081/1080/1080 1078/1077/1077
f 1088/1085/1085 1087/1086/1086 1086/1087/1087 1085/1088/1088
f 1090/1089/1089 1089/1090/1090 1087/1086/1086 1088/1085/1085
f 1081/1080/1080 1088/1085/1085 1085/1088/1088 1080/1081/1081
f 1084/1084/1084 1090/1089/1089 1088/1085/1085 1081/1080/1080
f 1094/1091/1091 1093/1092/1092 1092/1093/1093 1091/1094/1094
f 1093/1092/1092 1096/1095/1095 1095/1096/1096 1092/1093/1093
f 1089/1090/1090 1090/1089/1089 1093/1092/1092 1094/1091/1091
f 1090/1089/1089 1084/1084/1084 1096/1095/1095 1093/1092/1092
f 1100/1097/1097 1099/1098/1098 1098/1099/1099 1097/1100/1100
f 1082/1083/1083 1083/1082/1082 1099/1098/1098 1100/1097/1097
f 1096/1095/1095 1100/1097/1097 1097/1100/1100 1095/1096/1096
f 1084/1084/1084 1082/1083/1083 1100/1097/1097 1096/1095/1095
f 1104/1101/1101 1103/1102/1102 1102/1103/1103 1101/1104/1104
f 1103/1102/1102 1106/1105/1105 1105/1106/1106 1102/1103/1103
f 1108/1107/1107 1107/1108/1108 1103/1102/1102 1104/1101/1101
f 1107/1108/1108 1109/1109/1109 1106/1105/1105 1103/1102/1102
f 1113/1110/1110 1112/1111/1111 1111/1112/1112 1110/1113/1113
f 1115/1114/1114 1114/1115/1115 1112/1111/1111 1113/1110/1110
f 1106/1105/1105 1113/1110/1110 1110/1113/1113 1105/1106/1106
f 1109/1109/1109 1115/1114/1114 1113/1110/1110 1106/1105/1105
f 1117/1116/1116 1116/1117/1117 1059/1056/1056 1056/1059/1059
f 1116/1117/1117 1118/1118/1118 1063/1062/1062 1059/1056/1056
f 1114/1115/1115 1115/1114/1114 1116/1117/1117 1117/1116/1116
f 1115/1114/1114 1109/1109/1109 1118/1118/1118 1116/1117/1117
f 1120/1119/1119 1119/1120/1120 33/34/34 1074/1075/1075
f 1107/1108/1108 1108/1107/1107 1119/1120/1120 1120/1119/1119
f 1118/1118/1118 1120/1119/1119 1074/1075/1075 1063/1062/1062
f 1109/1109/1109 1107/1108/1108 1120/1119/1119 1118/1118/1118
f 89/88/88 1122/1121/1121 1121/1122/1122 88/89/89
f 1122/1121/1121 1124/1123/1123 1123/1124/1124 1121/1122/1122
f 75/74/74 1125/1125/1125 1122/1121/1121 89/88/88
f 1125/1125/1125 1126/1126/1126 1124/1123/1123 1122/1121/1121
f 1130/1127/1127 1129/1128/1128 1128/1129/1129 1127/1130/1130
f 1132/1131/1131 1131/1132/1132 1129/1128/1128 1130/1127/1127
f 1124/1123/1123 1130/1127/1127 1127/1130/1130 1123/1124/1124
f 1126/1126/1126 1132/1131/1131 1130/1127/1127 1124/1123/1123
f 1134/1133/1133 1133/1134/1134 1039/1036/1036 1036/1039/1039
f 1133/1134/1134 1135/1135/1135 1043/1042/1042 1039/1036/1036
f 1131/1132/1132 1132/1131/1131 1133/1134/1134 1134/1133/1133
f 1132/1131/1131 1126/1126/1126 1135/1135/1135 1133/1134/1134
f 1136/1136/1136 72/71/71 11/12/12 1054/1055/1055
f 1125/1125/1125 75/74/74 72/71/71 1136/1136/1136
f 1135/1135/1135 1136/1136/1136 1054/1055/1055 1043/1042/1042
f 1126/1126/1126 1125/1125/1125 1136/1136/1136 1135/1135/1135
f 114/113/113 1138/1137/1137 1137/1138/1138 113/114/114
f 1138/1137/1137 1140/1139/1139 1139/1140/1140 1137/1138/1138
f 98/97/97 1141/1141/1141 1138/1137/1137 114/113/113
f 1141/1141/1141 1142/1142/1142 1140/1139/1139 1138/1137/1137
f 1146/1143/1143 1145/1144/1144 1144/1145/1145 1143/1146/1146
f 1148/1147/1147 1147/1148/1148 1145/1144/1144 1146/1143/1143
f 1140/1139/1139 1146/1143/1143 1143/1146/1146 1139/1140/1140
f 1142/1142/1142 1148/1147/1147 1146/1143/1143 1140/1139/1139
f 1152/1149/1149 1151/1150/1150 1150/1151/1151 1149/1152/1152
f 1151/1150/1150 1154/1153/1153 1153/1154/1154 1150/1151/1151
f 1147/1148/1148 1148/1147/1147 1151/1150/1150 1152/1149/1149
f 1148/1147/1147 1142/1142/1142 1154/1153/1153 1151/1150/1150
f 1156/1155/1155 94/91/91 91/94/94 1155/1156/1156
f 1141/1141/1141 98/97/97 94/91/91 1156/1155/1155
f 1154/1153/1153 1156/1155/1155 1155/1156/1156 1153/1154/1154
f 1142/1142/1142 1141/1141/1141 1156/1155/1155 1154/1153/1153
f 134/133/133 1158/1157/1157 1157/1158/1158 133/134/134
f 1158/1157/1157 1160/1159/1159 1159/1160/1160 1157/1158/1158
f 120/119/119 1161/1161/1161 1158/1157/1157 134/133/133
f 1161/1161/1161 1162/1162/1162 1160/1159/1159 1158/1157/1157
f 1166/1163/1163 1165/1164/1164 1164/1165/1165 1163/1166/1166
f 1168/1167/1167 1167/1168/1168 1165/1164/1164 1166/1163/1163
f 1160/1159/1159 1166/1163/1163 1163/1166/1166 1159/1160/1160
f 1162/1162/1162 1168/1167/1167 1166/1163/1163 1160/1159/1159
f 1170/1169/1169 1169/1170/1170 1143/1146/1146 1144/1145/1145
f 1169/1170/1170 1171/1171/1171 1139/1140/1140 1143/1146/1146
f 1167/1168/1168 1168/1167/1167 1169/1170/1170 1170/1169/1169
f 1168/1167/1167 1162/1162/1162 1171/1171/1171 1169/1170/1170
f 1172/1172/1172 117/116/116 113/114/114 1137/1138/1138
f 1161/1161/1161 120/119/119 117/116/116 1172/1172/1172
f 1171/1171/1171 1172/1172/1172 1137/1138/1138 1139/1140/1140
f 1162/1162/1162 1161/1161/1161 1172/1172/1172 1171/1171/1171
f 154/153/153 1174/1173/1173 1173/1174/1174 153/154/154
f 1174/1173/1173 1176/1175/1175 1175/1176/1176 1173/1174/1174
f 140/139/139 1177/1177/1177 1174/1173/1173 154/153/153
f 1177/1177/1177 1178/1178/1178 1176/1175/1175 1174/1173/1173
f 1182/1179/1179 1181/1180/1180 1180/1181/1181 1179/1182/1182
f 1184/1183/1183 1183/1184/1184 1181/1180/1180 1182/1179/1179
f 1176/1175/1175 1182/1179/1179 1179/1182/1182 1175/1176/1176
f 1178/1178/1178 1184/1183/1183 1182/1179/1179 1176/1175/1175
f 1186/1185/1185 1185/1186/1186 1163/1166/1166 1164/1165/1165
f 1185/1186/1186 1187/1187/1187 1159/1160/1160 1163/1166/1166
f 1183/1184/1184 1184/1183/1183 1185/1186/1186 1186/1185/1185
f 1184/1183/1183 1178/1178/1178 1187/1187/1187 1185/1186/1186
f 1188/1188/1188 137/136/136 133/134/134 1157/1158/1158
f 1177/1177/1177 140/139/139 137/136/136 1188/1188/1188
f 1187/1187/1187 1188/1188/1188 1157/1158/1158 1159/1160/1160
f 1178/1178/1178 1177/1177/1177 1188/1188/1188 1187/1187/1187
f 179/178/178 1190/1189/1189 1189/1190/1190 178/179/179
f 1190/1189/1189 1192/1191/1191 1191/1192/1192 1189/1190/1190
f 163/162/162 1193/1193/1193 1190/1189/1189 179/178/178
f 1193/1193/1193 1194/1194/1194 1192/1191/1191 1190/1189/1189
f 1198/1195/1195 1197/1196/1196 1196/1197/1197 1195/1198/1198
f 1200/1199/1199 1199/1200/1200 1197/1196/1196 1198/1195/1195
f 1192/1191/1191 1198/1195/1195 1195/1198/1198 1191/1192/1192
f 1194/1194/1194 1200/1199/1199 1198/1195/1195 1192/1191/1191
f 1204/1201/1201 1203/1202/1202 1202/1203/1203 1201/1204/1204
f 1203/1202/1202 1206/1205/1205 1205/1206/1206 1202/1203/1203
f 1199/1200/1200 1200/1199/1199 1203/1202/1202 1204/1201/1201
f 1200/1199/1199 1194/1194/1194 1206/1205/1205 1203/1202/1202
f 1208/1207/1207 159/156/156 156/159/159 1207/1208/1208
f 1193/1193/1193 163/162/162 159/156/156 1208/1207/1207
f 1206/1205/1205 1208/1207/1207 1207/1208/1208 1205/1206/1206
f 1194/1194/1194 1193/1193/1193 1208/1207/1207 1206/1205/1205
f 194/195/195 1210/1209/1209 1209/1210/1210 193/196/196
f 1210/1209/1209 1212/1211/1211 1211/1212/1212 1209/1210/1210
f 197/198/198 1213/1213/1213 1210/1209/1209 194/195/195
f 1213/1213/1213 1214/1214/1214 1212/1211/1211 1210/1209/1209
f 1218/1215/1215 1217/1216/1216 1216/1217/1217 1215/1218/1218
f 1220/1219/1219 1219/1220/1220 1217/1216/1216 1218/1215/1215
f 1212/1211/1211 1218/1215/1215 1215/1218/1218 1211/1212/1212
f 1214/1214/1214 1220/1219/1219 1218/1215/1215 1212/1211/1211
f 1222/1221/1221 1221/1222/1222 1195/1198/1198 1196/1197/1197
f 1221/1222/1222 1223/1223/1223 1191/1192/1192 1195/1198/1198
f 1219/1220/1220 1220/1219/1219 1221/1222/1222 1222/1221/1221
f 1220/1219/1219 1214/1214/1214 1223/1223/1223 1221/1222/1222
f 1224/1224/1224 199/200/200 178/179/179 1189/1190/1190
f 1213/1213/1213 197/198/198 199/200/200 1224/1224/1224
f 1223/1223/1223 1224/1224/1224 1189/1190/1190 1191/1192/1192
f 1214/1214/1214 1213/1213/1213 1224/1224/1224 1223/1223/1223
f 214/215/215 1226/1225/1225 1225/1226/1226 213/216/216
f 1226/1225/1225 1228/1227/1227 1227/1228/1228 1225/1226/1226
f 217/218/218 1229/1229/1229 1226/1225/1225 214/215/215
f 1229/1229/1229 1230/1230/1230 1228/1227/1227 1226/1225/1225
f 1234/1231/1231 1233/1232/1232 1232/1233/1233 1231/1234/1234
f 1236/1235/1235 1235/1236/1236 1233/1232/1232 1234/1231/1231
f 1228/1227/1227 1234/1231/1231 1231/1234/1234 1227/1228/1228
f 1230/1230/1230 1236/1235/1235 1234/1231/1231 1228/1227/1227
f 1238/1237/1237 1237/1238/1238 1215/1218/1218 1216/1217/1217
f 1237/1238/1238 1239/1239/1239 1211/1212/1212 1215/1218/1218
f 1235/1236/1236 1236/1235/1235 1237/1238/1238 1238/1237/1237
f 1236/1235/1235 1230/1230/1230 1239/1239/1239 1237/1238/1238
f 1240/1240/1240 219/220/220 193/196/196 1209/1210/1210
f 1229/1229/1229 217/218/218 219/220/220 1240/1240/1240
f 1239/1239/1239 1240/1240/1240 1209/1210/1210 1211/1212/1212
f 1230/1230/1230 1229/1229/1229 1240/1240/1240 1239/1239/1239
f 1244/1241/1241 1243/1242/1242 1242/1243/1243 1241/1244/1244
f 1243/1242/1242 1246/1245/1245 1245/1246/1246 1242/1243/1243
f 1248/1247/1247 1247/1248/1248 1243/1242/1242 1244/1241/1241
f 1247/1248/1248 1249/1249/1249 1246/1245/1245 1243/1242/1242
f 1253/1250/1250 1252/1251/1251 1251/1252/1252 1250/1253/1253
f 1255/1254/1254 1254/1255/1255 1252/1251/1251 1253/1250/1250
f 1246/1245/1245 1253/1250/1250 1250/1253/1253 1245/1246/1246
f 1249/1249/1249 1255/1254/1254 1253/1250/1250 1246/1245/1245
f 1259/1256/1256 1258/1257/1257 1257/1258/1258 1256/1259/1259
f 1258/1257/1257 1261/1260/1260 1260/1261/1261 1257/1258/1258
f 1254/1255/1255 1255/1254/1254 1258/1257/1257 1259/1256/1256
f 1255/1254/1254 1249/1249/1249 1261/1260/1260 1258/1257/1257
f 1264/1262/1262 1263/1263/1263 233/236/236 1262/1264/1264
f 1247/1248/1248 1248/1247/1247 1263/1263/1263 1264/1262/1262
f 1261/1260/1260 1264/1262/1262 1262/1264/1264 1260/1261/1261
f 1249/1249/1249 1247/1248/1248 1264/1262/1262 1261/1260/1260
f 257/258/258 1266/1265/1265 1265/1266/1266 256/259/259
f 1266/1265/1265 1268/1267/1267 1267/1268/1268 1265/1266/1266
f 260/261/261 1269/1269/1269 1266/1265/1265 257/258/258
f 1269/1269/1269 1270/1270/1270 1268/1267/1267 1266/1265/1265
f 1274/1271/1271 1273/1272/1272 1272/1273/1273 1271/1274/1274
f 1276/1275/1275 1275/1276/1276 1273/1272/1272 1274/1271/1271
f 1268/1267/1267 1274/1271/1271 1271/1274/1274 1267/1268/1268
f 1270/1270/1270 1276/1275/1275 1274/1271/1271 1268/1267/1267
f 1280/1277/1277 1279/1278/1278 1278/1279/1279 1277/1280/1280
f 1279/1278/1278 1282/1281/1281 1281/1282/1282 1278/1279/1279
f 1275/1276/1276 1276/1275/1275 1279/1278/1278 1280/1277/1277
f 1276/1275/1275 1270/1270/1270 1282/1281/1281 1279/1278/1278
f 1284/1283/1283 262/265/265 263/264/264 1283/1284/1284
f 1269/1269/1269 260/261/261 262/265/265 1284/1283/1283
f 1282/1281/1281 1284/1283/1283 1283/1284/1284 1281/1282/1282
f 1270/1270/1270 1269/1269/1269 1284/1283/1283 1282/1281/1281
f 279/280/280 1286/1285/1285 1285/1286/1286 278/281/281
f 1286/1285/1285 1288/1287/1287 1287/1288/1288 1285/1286/1286
f 282/283/283 1289/1289/1289 1286/1285/1285 279/280/280
f 1289/1289/1289 1290/1290/1290 1288/1287/1287 1286/1285/1285
f 1294/1291/1291 1293/1292/1292 1292/1293/1293 1291/1294/1294
f 1296/1295/1295 1295/1296/1296 1293/1292/1292 1294/1291/1291
f 1288/1287/1287 1294/1291/1291 1291/1294/1294 1287/1288/1288
f 1290/1290/1290 1296/1295/1295 1294/1291/1291 1288/1287/1287
f 1298/1297/1297 1297/1298/1298 1271/1274/1274 1272/1273/1273
f 1297/1298/1298 1299/1299/1299 1267/1268/1268 1271/1274/1274
f 1295/1296/1296 1296/1295/1295 1297/1298/1298 1298/1297/1297
f 1296/1295/1295 1290/1290/1290 1299/1299/1299 1297/1298/1298
f 1300/1300/1300 284/285/285 256/259/259 1265/1266/1266
f 1289/1289/1289 282/283/283 284/285/285 1300/1300/1300
f 1299/1299/1299 1300/1300/1300 1265/1266/1266 1267/1268/1268
f 1290/1290/1290 1289/1289/1289 1300/1300/1300 1299/1299/1299
f 299/300/300 1302/1301/1301 1301/1302/1302 298/301/301
f 1302/1301/1301 1304/1303/1303 1303/1304/1304 1301/1302/1302
f 302/303/303 1305/1305/1305 1302/1301/1301 299/300/300
f 1305/1305/1305 1306/1306/1306 1304/1303/1303 1302/1301/1301
f 1310/1307/1307 1309/1308/1308 1308/1309/1309 1307/1310/1310
f 1312/1311/1311 1311/1312/1312 1309/1308/1308 1310/1307/1307
f 1304/1303/1303 1310/1307/1307 1307/1310/1310 1303/1304/1304
f 1306/1306/1306 1312/1311/1311 1310/1307/1307 1304/1303/1303
f 1314/1313/1313 1313/1314/1314 1291/1294/1294 1292/1293/1293
f 1313/1314/1314 1315/1315/1315 1287/1288/1288 1291/1294/1294
f 1311/1312/1312 1312/1311/1311 1313/1314/1314 1314/1313/1313
f 1312/1311/1311 1306/1306/1306 1315/1315/1315 1313/1314/1314
f 1316/1316/1316 304/305/305 278/281/281 1285/1286/1286
f 1305/1305/1305 302/303/303 304/305/305 1316/1316/1316
f 1315/1315/1315 1316/1316/1316 1285/1286/1286 1287/1288/1288
f 1306/1306/1306 1305/1305/1305 1316/1316/1316 1315/1315/1315
f 1319/1317/1317 1318/1318/1318 1317/1319/1319 306/309/309
f 1318/1318/1318 1321/1320/1320 1320/1321/1321 1317/1319/1319
f 1323/1322/1322 1322/1323/1323 1318/1318/1318 1319/1317/1317
f 1322/1323/1323 1324/1324/1324 1321/1320/1320 1318/1318/1318
f 1328/1325/1325 1327/1326/1326 1326/1327/1327 1325/1328/1328
f 1330/1329/1329 1329/1330/1330 1327/1326/1326 1328/1325/1325
f 1321/1320/1320 1328/1325/1325 1325/1328/1328 1320/1321/1321
f 1324/1324/1324 1330/1329/1329 1328/1325/1325 1321/1320/1320
f 1334/1331/1331 1333/1332/1332 1332/1333/1333 1331/1334/1334
f 1333/1332/1332 1336/1335/1335 1335/1336/1336 1332/1333/1333
f 1329/1330/1330 1330/1329/1329 1333/1332/1332 1334/1331/1331
f 1330/1329/1329 1324/1324/1324 1336/1335/1335 1333/1332/1332
f 1340/1337/1337 1339/1338/1338 1338/1339/1339 1337/1340/1340
f 1322/1323/1323 1323/1322/1322 1339/1338/1338 1340/1337/1337
f 1336/1335/1335 1340/1337/1337 1337/1340/1340 1335/1336/1336
f 1324/1324/1324 1322/1323/1323 1340/1337/1337 1336/1335/1335
f 1342/1341/1341 1341/1342/1342 1337/1340/1340 1338/1339/1339
f 1341/1342/1342 1343/1343/1343 1335/1336/1336 1337/1340/1340
f 1345/1344/1344 1344/1345/1345 1341/1342/1342 1342/1341/1341
f 1344/1345/1345 1346/1346/1346 1343/1343/1343 1341/1342/1342
f 1348/1347/1347 1347/1348/1348 1331/1334/1334 1332/1333/1333
f 1350/1349/1349 1349/1350/1350 1347/1348/1348 1348/1347/1347
f 1343/1343/1343 1348/1347/1347 1332/1333/1333 1335/1336/1336
f 1346/1346/1346 1350/1349/1349 1348/1347/1347 1343/1343/1343
f 1352/1351/1351 1351/1352/1352 1085/1088/1088 1086/1087/1087
f 1351/1352/1352 1353/1353/1353 1080/1081/1081 1085/1088/1088
f 1349/1350/1350 1350/1349/1349 1351/1352/1352 1352/1351/1351
f 1350/1349/1349 1346/1346/1346 1353/1353/1353 1351/1352/1352
f 1355/1354/1354 1354/1355/1355 1076/1079/1079 1077/1078/1078
f 1344/1345/1345 1345/1344/1344 1354/1355/1355 1355/1354/1354
f 1353/1353/1353 1355/1354/1354 1077/1078/1078 1080/1081/1081
f 1346/1346/1346 1344/1345/1345 1355/1354/1354 1353/1353/1353
f 330/331/331 1356/1356/1356 1072/1071/1071 38/41/41
f 1356/1356/1356 1357/1357/1357 1069/1070/1070 1072/1071/1071
f 332/333/333 1358/1358/1358 1356/1356/1356 330/331/331
f 1358/1358/1358 1359/1359/1359 1357/1357/1357 1356/1356/1356
f 1361/1360/1360 1360/1361/1361 1066/1067/1067 1067/1066/1066
f 1363/1362/1362 1362/1363/1363 1360/1361/1361 1361/1360/1360
f 1357/1357/1357 1361/1360/1360 1067/1066/1066 1069/1070/1070
f 1359/1359/1359 1363/1362/1362 1361/1360/1360 1357/1357/1357
f 1367/1364/1364 1366/1365/1365 1365/1366/1366 1364/1367/1367
f 1366/1365/1365 1369/1368/1368 1368/1369/1369 1365/1366/1366
f 1362/1363/1363 1363/1362/1362 1366/1365/1365 1367/1364/1364
f 1363/1362/1362 1359/1359/1359 1369/1368/1368 1366/1365/1365
f 1371/1370/1370 337/334/334 334/337/337 1370/1371/1371
f 1358/1358/1358 332/333/333 337/334/334 1371/1370/1370
f 1369/1368/1368 1371/1370/1370 1370/1371/1371 1368/1369/1369
f 1359/1359/1359 1358/1358/1358 1371/1370/1370 1369/1368/1368
f 350/349/349 1373/1372/1372 1372/1373/1373 349/350/350
f 1373/1372/1372 1375/1374/1374 1374/1375/1375 1372/1373/1373
f 352/353/353 1376/1376/1376 1373/1372/1372 350/349/349
f 1376/1376/1376 1377/1377/1377 1375/1374/1374 1373/1372/1372
f 1381/1378/1378 1380/1379/1379 1379/1380/1380 1378/1381/1381
f 1383/1382/1382 1382/1383/1383 1380/1379/1379 1381/1378/1378
f 1375/1374/1374 1381/1378/1378 1378/1381/1381 1374/1375/1375
f 1377/1377/1377 1383/1382/1382 1381/1378/1378 1375/1374/1374
f 1387/1384/1384 1386/1385/1385 1385/1386/1386 1384/1387/1387
f 1386/1385/1385 1389/1388/1388 1388/1389/1389 1385/1386/1386
f 1382/1383/1383 1383/1382/1382 1386/1385/1385 1387/1384/1384
f 1383/1382/1382 1377/1377/1377 1389/1388/1388 1386/1385/1385
f 1391/1390/1390 357/354/354 354/357/357 1390/1391/1391
f 1376/1376/1376 352/353/353 357/354/354 1391/1390/1390
f 1389/1388/1388 1391/1390/1390 1390/1391/1391 1388/1389/1389
f 1377/1377/1377 1376/1376/1376 1391/1390/1390 1389/1388/1388
f 366/367/367 1392/1392/1392 1390/1391/1391 354/357/357
f 1392/1392/1392 1393/1393/1393 1388/1389/1389 1390/1391/1391
f 368/369/369 1394/1394/1394 1392/1392/1392 366/367/367
f 1394/1394/1394 1395/1395/1395 1393/1393/1393 1392/1392/1392
f 1397/1396/1396 1396/1397/1397 1384/1387/1387 1385/1386/1386
f 1399/1398/1398 1398/1399/1399 1396/1397/1397 1397/1396/1396
f 1393/1393/1393 1397/1396/1396 1385/1386/1386 1388/1389/1389
f 1395/1395/1395 1399/1398/1398 1397/1396/1396 1393/1393/1393
f 1403/1400/1400 1402/1401/1401 1401/1402/1402 1400/1403/1403
f 1402/1401/1401 1405/1404/1404 1404/1405/1405 1401/1402/1402
f 1398/1399/1399 1399/1398/1398 1402/1401/1401 1403/1400/1400
f 1399/1398/1398 1395/1395/1395 1405/1404/1404 1402/1401/1401
f 1407/1406/1406 373/370/370 370/373/373 1406/1407/1407
f 1394/1394/1394 368/369/369 373/370/370 1407/1406/1406
f 1405/1404/1404 1407/1406/1406 1406/1407/1407 1404/1405/1405
f 1395/1395/1395 1394/1394/1394 1407/1406/1406 1405/1404/1404
f 382/383/383 1408/1408/1408 1406/1407/1407 370/373/373
f 1408/1408/1408 1409/1409/1409 1404/1405/1405 1406/1407/1407
f 384/385/385 1410/1410/1410 1408/1408/1408 382/383/383
f 1410/1410/1410 1411/1411/1411 1409/1409/1409 1408/1408/1408
f 1413/1412/1412 1412/1413/1413 1400/1403/1403 1401/1402/1402
f 1415/1414/1414 1414/1415/1415 1412/1413/1413 1413/1412/1412
f 1409/1409/1409 1413/1412/1412 1401/1402/1402 1404/1405/1405
f 1411/1411/1411 1415/1414/1414 1413/1412/1412 1409/1409/1409
f 1419/1416/1416 1418/1417/1417 1417/1418/1418 1416/1419/1419
f 1418/1417/1417 1421/1420/1420 1420/1421/1421 1417/1418/1418
f 1414/1415/1415 1415/1414/1414 1418/1417/1417 1419/1416/1416
f 1415/1414/1414 1411/1411/1411 1421/1420/1420 1418/1417/1417
f 1423/1422/1422 389/386/386 386/389/389 1422/1423/1423
f 1410/1410/1410 384/385/385 389/386/386 1423/1422/1422
f 1421/1420/1420 1423/1422/1422 1422/1423/1423 1420/1421/1421
f 1411/1411/1411 1410/1410/1410 1423/1422/1422 1421/1420/1420
f 402/401/401 1425/1424/1424 1424/1425/1425 401/402/402
f 1425/1424/1424 1427/1426/1426 1426/1427/1427 1424/1425/1425
f 404/405/405 1428/1428/1428 1425/1424/1424 402/401/401
f 1428/1428/1428 1429/1429/1429 1427/1426/1426 1425/1424/1424
f 1433/1430/1430 1432/1431/1431 1431/1432/1432 1430/1433/1433
f 1435/1434/1434 1434/1435/1435 1432/1431/1431 1433/1430/1430
f 1427/1426/1426 1433/1430/1430 1430/1433/1433 1426/1427/1427
f 1429/1429/1429 1435/1434/1434 1433/1430/1430 1427/1426/1426
f 1439/1436/1436 1438/1437/1437 1437/1438/1438 1436/1439/1439
f 1438/1437/1437 1441/1440/1440 1440/1441/1441 1437/1438/1438
f 1434/1435/1435 1435/1434/1434 1438/1437/1437 1439/1436/1436
f 1435/1434/1434 1429/1429/1429 1441/1440/1440 1438/1437/1437
f 1443/1442/1442 409/406/406 406/409/409 1442/1443/1443
f 1428/1428/1428 404/405/405 409/406/406 1443/1442/1442
f 1441/1440/1440 1443/1442/1442 1442/1443/1443 1440/1441/1441
f 1429/1429/1429 1428/1428/1428 1443/1442/1442 1441/1440/1440
f 414/415/415 1444/1444/1444 1442/1443/1443 406/409/409
f 1444/1444/1444 1445/1445/1445 1440/1441/1441 1442/1443/1443
f 416/417/417 1446/1446/1446 1444/1444/1444 414/415/415
f 1446/1446/1446 1447/1447/1447 1445/1445/1445 1444/1444/1444
f 1449/1448/1448 1448/1449/1449 1436/1439/1439 1437/1438/1438
f 1451/1450/1450 1450/1451/1451 1448/1449/1449 1449/1448/1448
f 1445/1445/1445 1449/1448/1448 1437/1438/1438 1440/1441/1441
f 1447/1447/1447 1451/1450/1450 1449/1448/1448 1445/1445/1445
f 1455/1452/1452 1454/1453/1453 1453/1454/1454 1452/1455/1455
f 1454/1453/1453 1457/1456/1456 1456/1457/1457 1453/1454/1454
f 1450/1451/1451 1451/1450/1450 1454/1453/1453 1455/1452/1452
f 1451/1450/1450 1447/1447/1447 1457/1456/1456 1454/1453/1453
f 1459/1458/1458 420/423/423 421/422/422 1458/1459/1459
f 1446/1446/1446 416/417/417 420/423/423 1459/1458/1458
f 1457/1456/1456 1459/1458/1458 1458/1459/1459 1456/1457/1457
f 1447/1447/1447 1446/1446/1446 1459/1458/1458 1457/1456/1456
f 430/431/431 1460/1460/1460 1458/1459/1459 421/422/422
f 1460/1460/1460 1461/1461/1461 1456/1457/1457 1458/1459/1459
f 432/433/433 1462/1462/1462 1460/1460/1460 430/431/431
f 1462/1462/1462 1463/1463/1463 1461/1461/1461 1460/1460/1460
f 1465/1464/1464 1464/1465/1465 1452/1455/1455 1453/1454/1454
f 1467/1466/1466 1466/1467/1467 1464/1465/1465 1465/1464/1464
f 1461/1461/1461 1465/1464/1464 1453/1454/1454 1456/1457/1457
f 1463/1463/1463 1467/1466/1466 1465/1464/1464 1461/1461/1461
f 1471/1468/1468 1470/1469/1469 1469/1470/1470 1468/1471/1471
f 1470/1469/1469 1473/1472/1472 1472/1473/1473 1469/1470/1470
f 1466/1467/1467 1467/1466/1466 1470/1469/1469 1471/1468/1468
f 1467/1466/1466 1463/1463/1463 1473/1472/1472 1470/1469/1469
f 1475/1474/1474 436/439/439 437/438/438 1474/1475/1475
f 1462/1462/1462 432/433/433 436/439/439 1475/1474/1474
f 1473/1472/1472 1475/1474/1474 1474/1475/1475 1472/1473/1473
f 1463/1463/1463 1462/1462/1462 1475/1474/1474 1473/1472/1472
f 446/447/447 1476/1476/1476 1474/1475/1475 437/438/438
f 1476/1476/1476 1477/1477/1477 1472/1473/1473 1474/1475/1475
f 448/449/449 1478/1478/1478 1476/1476/1476 446/447/447
f 1478/1478/1478 1479/1479/1479 1477/1477/1477 1476/1476/1476
f 1481/1480/1480 1480/1481/1481 1468/1471/1471 1469/1470/1470
f 1483/1482/1482 1482/1483/1483 1480/1481/1481 1481/1480/1480
f 1477/1477/1477 1481/1480/1480 1469/1470/1470 1472/1473/1473
f 1479/1479/1479 1483/1482/1482 1481/1480/1480 1477/1477/1477
f 1487/1484/1484 1486/1485/1485 1485/1486/1486 1484/1487/1487
f 1486/1485/1485 1489/1488/1488 1488/1489/1489 1485/1486/1486
f 1482/1483/1483 1483/1482/1482 1486/1485/1485 1487/1484/1484
f 1483/1482/1482 1479/1479/1479 1489/1488/1488 1486/1485/1485
f 1491/1490/1490 452/455/455 453/454/454 1490/1491/1491
f 1478/1478/1478 448/449/449 452/455/455 1491/1490/1490
f 1489/1488/1488 1491/1490/1490 1490/1491/1491 1488/1489/1489
f 1479/1479/1479 1478/1478/1478 1491/1490/1490 1489/1488/1488
f 1495/1492/1492 1494/1493/1493 1493/1494/1494 1492/1495/1495
f 1494/1493/1493 1497/1496/1496 1496/1497/1497 1493/1494/1494
f 1499/1498/1498 1498/1499/1499 1494/1493/1493 1495/1492/1492
f 1498/1499/1499 1500/1500/1500 1497/1496/1496 1494/1493/1493
f 1504/1501/1501 1503/1502/1502 1502/1503/1503 1501/1504/1504
f 1506/1505/1505 1505/1506/1506 1503/1502/1502 1504/1501/1501
f 1497/1496/1496 1504/1501/1501 1501/1504/1504 1496/1497/1497
f 1500/1500/1500 1506/1505/1505 1504/1501/1501 1497/1496/1496
f 1508/1507/1507 1507/1508/1508 471/474/474 472/473/473
f 1507/1508/1508 1509/1509/1509 466/467/467 471/474/474
f 1505/1506/1506 1506/1505/1505 1507/1508/1508 1508/1507/1507
f 1506/1505/1505 1500/1500/1500 1509/1509/1509 1507/1508/1508
f 1511/1510/1510 1510/1511/1511 462/465/465 463/464/464
f 1498/1499/1499 1499/1498/1498 1510/1511/1511 1511/1510/1510
f 1509/1509/1509 1511/1510/1510 463/464/464 466/467/467
f 1500/1500/1500 1498/1499/1499 1511/1510/1510 1509/1509/1509
f 482/483/483 1512/1512/1512 1508/1507/1507 472/473/473
f 1512/1512/1512 1513/1513/1513 1505/1506/1506 1508/1507/1507
f 484/485/485 1514/1514/1514 1512/1512/1512 482/483/483
f 1514/1514/1514 1515/1515/1515 1513/1513/1513 1512/1512/1512
f 1517/1516/1516 1516/1517/1517 1502/1503/1503 1503/1502/1502
f 1519/1518/1518 1518/1519/1519 1516/1517/1517 1517/1516/1516
f 1513/1513/1513 1517/1516/1516 1503/1502/1502 1505/1506/1506
f 1515/1515/1515 1519/1518/1518 1517/1516/1516 1513/1513/1513
f 1523/1520/1520 1522/1521/1521 1521/1522/1522 1520/1523/1523
f 1522/1521/1521 1525/1524/1524 1524/1525/1525 1521/1522/1522
f 1518/1519/1519 1519/1518/1518 1522/1521/1521 1523/1520/1520
f 1519/1518/1518 1515/1515/1515 1525/1524/1524 1522/1521/1521
f 1527/1526/1526 488/491/491 489/490/490 1526/1527/1527
f 1514/1514/1514 484/485/485 488/491/491 1527/1526/1526
f 1525/1524/1524 1527/1526/1526 1526/1527/1527 1524/1525/1525
f 1515/1515/1515 1514/1514/1514 1527/1526/1526 1525/1524/1524
f 498/499/499 1528/1528/1528 1526/1527/1527 489/490/490
f 1528/1528/1528 1529/1529/1529 1524/1525/1525 1526/1527/1527
f 500/501/501 1530/1530/1530 1528/1528/1528 498/499/499
f 1530/1530/1530 1531/1531/1531 1529/1529/1529 1528/1528/1528
f 1533/1532/1532 1532/1533/1533 1520/1523/1523 1521/1522/1522
f 1535/1534/1534 1534/1535/1535 1532/1533/1533 1533/1532/1532
f 1529/1529/1529 1533/1532/1532 1521/1522/1522 1524/1525/1525
f 1531/1531/1531 1535/1534/1534 1533/1532/1532 1529/1529/1529
f 1539/1536/1536 1538/1537/1537 1537/1538/1538 1536/1539/1539
f 1538/1537/1537 1541/1540/1540 1540/1541/1541 1537/1538/1538
f 1534/1535/1535 1535/1534/1534 1538/1537/1537 1539/1536/1536
f 1535/1534/1534 1531/1531/1531 1541/1540/1540 1538/1537/1537
f 1543/1542/1542 504/507/507 505/506/506 1542/1543/1543
f 1530/1530/1530 500/501/501 504/507/507 1543/1542/1542
f 1541/1540/1540 1543/1542/1542 1542/1543/1543 1540/1541/1541
f 1531/1531/1531 1530/1530/1530 1543/1542/1542 1541/1540/1540
f 1545/1544/1544 1544/1545/1545 100/103/103 101/102/102
f 1544/1545/1545 1546/1546/1546 95/96/96 100/103/103
f 1548/1547/1547 1547/1548/1548 1544/1545/1545 1545/1544/1544
f 1547/1548/1548 1549/1549/1549 1546/1546/1546 1544/1545/1545
f 1551/1550/1550 1550/1551/1551 91/94/94 92/93/93
f 1553/1552/1552 1552/1553/1553 1550/1551/1551 1551/1550/1550
f 1546/1546/1546 1551/1550/1550 92/93/93 95/96/96
f 1549/1549/1549 1553/1552/1552 1551/1550/1550 1546/1546/1546
f 1555/1554/1554 1554/1555/1555 87/90/90 88/89/89
f 1554/1555/1555 1556/1556/1556 85/86/86 87/90/90
f 1552/1553/1553 1553/1552/1552 1554/1555/1555 1555/1554/1554
f 1553/1552/1552 1549/1549/1549 1556/1556/1556 1554/1555/1555
f 1558/1557/1557 1557/1558/1558 81/84/84 82/83/83
f 1547/1548/1548 1548/1547/1547 1557/1558/1558 1558/1557/1557
f 1556/1556/1556 1558/1557/1557 82/83/83 85/86/86
f 1549/1549/1549 1547/1548/1548 1558/1557/1557 1556/1556/1556
f 1560/1559/1559 1559/1560/1560 348/351/351 349/350/350
f 1559/1560/1560 1561/1561/1561 344/345/345 348/351/351
f 1563/1562/1562 1562/1563/1563 1559/1560/1560 1560/1559/1559
f 1562/1563/1563 1564/1564/1564 1561/1561/1561 1559/1560/1560
f 1565/1565/1565 1545/1544/1544 101/102/102 342/343/343
f 1566/1566/1566 1548/1547/1547 1545/1544/1544 1565/1565/1565
f 1561/1561/1561 1565/1565/1565 342/343/343 344/345/345
f 1564/1564/1564 1566/1566/1566 1565/1565/1565 1561/1561/1561
f 1557/1558/1558 1567/1567/1567 340/341/341 81/84/84
f 1567/1567/1567 1568/1568/1568 338/339/339 340/341/341
f 1548/1547/1547 1566/1566/1566 1567/1567/1567 1557/1558/1558
f 1566/1566/1566 1564/1564/1564 1568/1568/1568 1567/1567/1567
f 1570/1569/1569 1569/1570/1570 334/337/337 335/336/336
f 1562/1563/1563 1563/1562/1562 1569/1570/1570 1570/1569/1569
f 1568/1568/1568 1570/1569/1569 335/336/336 338/339/339
f 1564/1564/1564 1562/1563/1563 1570/1569/1569 1568/1568/1568
f 1572/1571/1571 1571/1572/1572 1378/1381/1381 1379/1380/1380
f 1571/1572/1572 1573/1573/1573 1374/1375/1375 1378/1381/1381
f 1575/1574/1574 1574/1575/1575 1571/1572/1572 1572/1571/1571
f 1574/1575/1575 1576/1576/1576 1573/1573/1573 1571/1572/1572
f 1577/1577/1577 1560/1559/1559 349/350/350 1372/1373/1373
f 1578/1578/1578 1563/1562/1562 1560/1559/1559 1577/1577/1577
f 1573/1573/1573 1577/1577/1577 1372/1373/1373 1374/1375/1375
f 1576/1576/1576 1578/1578/1578 1577/1577/1577 1573/1573/1573
f 1569/1570/1570 1579/1579/1579 1370/1371/1371 334/337/337
f 1579/1579/1579 1580/1580/1580 1368/1369/1369 1370/1371/1371
f 1563/1562/1562 1578/1578/1578 1579/1579/1579 1569/1570/1570
f 1578/1578/1578 1576/1576/1576 1580/1580/1580 1579/1579/1579
f 1582/1581/1581 1581/1582/1582 1364/1367/1367 1365/1366/1366
f 1574/1575/1575 1575/1574/1574 1581/1582/1582 1582/1581/1581
f 1580/1580/1580 1582/1581/1581 1365/1366/1366 1368/1369/1369
f 1576/1576/1576 1574/1575/1575 1582/1581/1581 1580/1580/1580
f 1584/1583/1583 1583/1584/1584 876/875/875 614/615/615
f 1583/1584/1584 1585/1585/1585 873/874/874 876/875/875
f 1587/1586/1586 1586/1587/1587 1583/1584/1584 1584/1583/1583
f 1586/1587/1587 1588/1588/1588 1585/1585/1585 1583/1584/1584
f 1590/1589/1589 1589/1590/1590 870/871/871 871/870/870
f 1592/1591/1591 1591/1592/1592 1589/1590/1590 1590/1589/1589
f 1585/1585/1585 1590/1589/1589 871/870/870 873/874/874
f 1588/1588/1588 1592/1591/1591 1590/1589/1589 1585/1585/1585
f 1594/1593/1593 1593/1594/1594 847/844/844 844/847/847
f 1593/1594/1594 1595/1595/1595 851/850/850 847/844/844
f 1591/1592/1592 1592/1591/1591 1593/1594/1594 1594/1593/1593
f 1592/1591/1591 1588/1588/1588 1595/1595/1595 1593/1594/1594
f 1597/1596/1596 1596/1597/1597 584/587/587 858/859/859
f 1586/1587/1587 1587/1586/1586 1596/1597/1597 1597/1596/1596
f 1595/1595/1595 1597/1596/1596 858/859/859 851/850/850
f 1588/1588/1588 1586/1587/1587 1597/1596/1596 1595/1595/1595
f 1599/1598/1598 1598/1599/1599 622/619/619 619/622/622
f 1598/1599/1599 1600/1600/1600 617/618/618 622/619/619
f 1602/1601/1601 1601/1602/1602 1598/1599/1599 1599/1598/1598
f 1601/1602/1602 1603/1603/1603 1600/1600/1600 1598/1599/1599
f 1604/1604/1604 1584/1583/1583 614/615/615 615/614/614
f 1605/1605/1605 1587/1586/1586 1584/1583/1583 1604/1604/1604
f 1600/1600/1600 1604/1604/1604 615/614/614 617/618/618
f 1603/1603/1603 1605/1605/1605 1604/1604/1604 1600/1600/1600
f 1596/1597/1597 1606/1606/1606 587/584/584 584/587/587
f 1606/1606/1606 1607/1607/1607 591/590/590 587/584/584
f 1587/1586/1586 1605/1605/1605 1606/1606/1606 1596/1597/1597
f 1605/1605/1605 1603/1603/1603 1607/1607/1607 1606/1606/1606
f 1609/1608/1608 1608/1609/1609 601/602/602 602/601/601
f 1601/1602/1602 1602/1601/1601 1608/1609/1609 1609/1608/1608
f 1607/1607/1607 1609/1608/1608 602/601/601 591/590/590
f 1603/1603/1603 1601/1602/1602 1609/1608/1608 1607/1607/1607
f 1612/1610/1610 1611/1611/1611 1610/1612/1612 1149/1152/1152
f 1611/1611/1611 1614/1613/1613 1613/1614/1614 1610/1612/1612
f 1616/1615/1615 1615/1616/1616 1611/1611/1611 1612/1610/1610
f 1615/1616/1616 1617/1617/1617 1614/1613/1613 1611/1611/1611
f 1619/1618/1618 1599/1598/1598 619/622/622 1618/1619/1619
f 1620/1620/1620 1602/1601/1601 1599/1598/1598 1619/1618/1618
f 1614/1613/1613 1619/1618/1618 1618/1619/1619 1613/1614/1614
f 1617/1617/1617 1620/1620/1620 1619/1618/1618 1614/1613/1613
f 1608/1609/1609 1622/1621/1621 1621/1622/1622 601/602/602
f 1622/1621/1621 1624/1623/1623 1623/1624/1624 1621/1622/1622
f 1602/1601/1601 1620/1620/1620 1622/1621/1621 1608/1609/1609
f 1620/1620/1620 1617/1617/1617 1624/1623/1623 1622/1621/1621
f 1627/1625/1625 1626/1626/1626 1128/1129/1129 1625/1627/1627
f 1615/1616/1616 1616/1615/1615 1626/1626/1626 1627/1625/1625
f 1624/1623/1623 1627/1625/1625 1625/1627/1627 1623/1624/1624
f 1617/1617/1617 1615/1616/1616 1627/1625/1625 1624/1623/1623
f 1629/1628/1628 1628/1629/1629 152/1630/155 153/1631/154
f 1628/1629/1629 1630/1632/1630 150/1633/151 152/1630/155
f 1632/1634/1631 1631/1635/1632 1628/1629/1629 1629/1628/1628
f 1631/1635/1632 1633/1636/1633 1630/1632/1630 1628/1629/1629
f 1635/1637/1634 1634/1638/1635 146/1639/149 147/1640/148
f 1637/1641/1636 1636/1642/1637 1634/1638/1635 1635/1637/1634
f 1630/1632/1630 1635/1637/1634 147/1640/148 150/1633/151
f 1633/1636/1633 1637/1641/1636 1635/1637/1634 1630/1632/1630
f 1639/1643/1638 1638/1644/1639 165/168/168 166/167/167
f 1638/1644/1639 1640/1645/1640 160/161/161 165/168/168
f 1636/1642/1637 1637/1641/1636 1638/1644/1639 1639/1643/1638
f 1637/1641/1636 1633/1636/1633 1640/1645/1640 1638/1644/1639
f 1642/1646/1641 1641/1647/1642 156/159/159 157/158/158
f 1631/1635/1632 1632/1634/1631 1641/1647/1642 1642/1646/1641
f 1640/1645/1640 1642/1646/1641 157/158/158 160/161/161
f 1633/1636/1633 1631/1635/1632 1642/1646/1641 1640/1645/1640
f 1644/1648/1643 1643/1649/1644 1179/1650/1182 1180/1651/1181
f 1643/1649/1644 1645/1652/1645 1175/1653/1176 1179/1650/1182
f 1647/1654/1646 1646/1655/1647 1643/1649/1644 1644/1648/1643
f 1646/1655/1647 1648/1656/1648 1645/1652/1645 1643/1649/1644
f 1649/1657/1649 1629/1628/1628 153/1631/154 1173/1658/1174
f 1650/1659/1650 1632/1634/1631 1629/1628/1628 1649/1657/1649
f 1645/1652/1645 1649/1657/1649 1173/1658/1174 1175/1653/1176
f 1648/1656/1648 1650/1659/1650 1649/1657/1649 1645/1652/1645
f 1641/1647/1642 1651/1660/1651 1207/1208/1208 156/159/159
f 1651/1660/1651 1652/1661/1652 1205/1206/1206 1207/1208/1208
f 1632/1634/1631 1650/1659/1650 1651/1660/1651 1641/1647/1642
f 1650/1659/1650 1648/1656/1648 1652/1661/1652 1651/1660/1651
f 1654/1662/1653 1653/1663/1654 1201/1204/1204 1202/1203/1203
f 1646/1655/1647 1647/1654/1646 1653/1663/1654 1654/1662/1653
f 1652/1661/1652 1654/1662/1653 1202/1203/1203 1205/1206/1206
f 1648/1656/1648 1646/1655/1647 1654/1662/1653 1652/1661/1652
f 1656/1664/1655 1655/1665/1656 652/1666/649 649/1667/652
f 1655/1665/1656 1657/1668/1657 656/1669/655 652/1666/649
f 1659/1670/1658 1658/1671/1659 1655/1665/1656 1656/1664/1655
f 1658/1671/1659 1660/1672/1660 1657/1668/1657 1655/1665/1656
f 1662/1673/1661 1661/1674/1662 666/1675/667 667/1676/666
f 1664/1677/1663 1663/1678/1664 1661/1674/1662 1662/1673/1661
f 1657/1668/1657 1662/1673/1661 667/1676/666 656/1669/655
f 1660/1672/1660 1664/1677/1663 1662/1673/1661 1657/1668/1657
f 1666/1679/1665 1665/1680/1666 687/684/684 684/687/687
f 1665/1680/1666 1667/1681/1667 682/683/683 687/684/684
f 1663/1678/1664 1664/1677/1663 1665/1680/1666 1666/1679/1665
f 1664/1677/1663 1660/1672/1660 1667/1681/1667 1665/1680/1666
f 1669/1682/1668 1668/1683/1669 679/680/680 680/679/679
f 1658/1671/1659 1659/1670/1658 1668/1683/1669 1669/1682/1668
f 1667/1681/1667 1669/1682/1668 680/679/679 682/683/683
f 1660/1672/1660 1658/1671/1659 1669/1682/1668 1667/1681/1667
f 1671/1684/1670 1670/1685/1671 899/1686/896 896/1687/899
f 1670/1685/1671 1672/1688/1672 903/1689/902 899/1686/896
f 1674/1690/1673 1673/1691/1674 1670/1685/1671 1671/1684/1670
f 1673/1691/1674 1675/1692/1675 1672/1688/1672 1670/1685/1671
f 1676/1693/1676 1656/1664/1655 649/1667/652 910/1694/911
f 1677/1695/1677 1659/1670/1658 1656/1664/1655 1676/1693/1676
f 1672/1688/1672 1676/1693/1676 910/1694/911 903/1689/902
f 1675/1692/1675 1677/1695/1677 1676/1693/1676 1672/1688/1672
f 1668/1683/1669 1678/1696/1678 928/927/927 679/680/680
f 1678/1696/1678 1679/1697/1679 925/926/926 928/927/927
f 1659/1670/1658 1677/1695/1677 1678/1696/1678 1668/1683/1669
f 1677/1695/1677 1675/1692/1675 1679/1697/1679 1678/1696/1678
f 1681/1698/1680 1680/1699/1681 922/923/923 923/922/922
f 1673/1691/1674 1674/1690/1673 1680/1699/1681 1681/1698/1680
f 1679/1697/1679 1681/1698/1680 923/922/922 925/926/926
f 1675/1692/1675 1673/1691/1674 1681/1698/1680 1679/1697/1679
f 1684/1700/1682 1683/1701/1683 1682/1702/1684 1416/1703/1419
f 1683/1701/1683 1686/1704/1685 1685/1705/1686 1682/1702/1684
f 1688/1706/1687 1687/1707/1688 1683/1701/1683 1684/1700/1682
f 1687/1707/1688 1689/1708/1689 1686/1704/1685 1683/1701/1683
f 1691/1709/1690 1671/1684/1670 896/1687/899 1690/1710/1691
f 1692/1711/1692 1674/1690/1673 1671/1684/1670 1691/1709/1690
f 1686/1704/1685 1691/1709/1690 1690/1710/1691 1685/1705/1686
f 1689/1708/1689 1692/1711/1692 1691/1709/1690 1686/1704/1685
f 1680/1699/1681 1694/1712/1693 1693/1713/1694 922/923/923
f 1694/1712/1693 1696/1714/1695 1695/1715/1696 1693/1713/1694
f 1674/1690/1673 1692/1711/1692 1694/1712/1693 1680/1699/1681
f 1692/1711/1692 1689/1708/1689 1696/1714/1695 1694/1712/1693
f 1699/1716/1697 1698/1717/1698 1431/1718/1432 1697/1719/1699
f 1687/1707/1688 1688/1706/1687 1698/1717/1698 1699/1716/1697
f 1696/1714/1695 1699/1716/1697 1697/1719/1699 1695/1715/1696
f 1689/1708/1689 1687/1707/1688 1699/1716/1697 1696/1714/1695
f 1634/1638/1635 1700/1720/1700 392/1721/393 146/1639/149
f 1700/1720/1700 1701/1722/1701 390/1723/391 392/1721/393
f 1636/1642/1637 1702/1724/1702 1700/1720/1700 1634/1638/1635
f 1702/1724/1702 1703/1725/1703 1701/1722/1701 1700/1720/1700
f 1705/1726/1704 1704/1727/1705 386/1728/389 387/1729/388
f 1707/1730/1706 1706/1731/1707 1704/1727/1705 1705/1726/1704
f 1701/1722/1701 1705/1726/1704 387/1729/388 390/1723/391
f 1703/1725/1703 1707/1730/1706 1705/1726/1704 1701/1722/1701
f 1709/1732/1708 1708/1733/1709 400/403/403 401/402/402
f 1708/1733/1709 1710/1734/1710 396/397/397 400/403/403
f 1706/1731/1707 1707/1730/1706 1708/1733/1709 1709/1732/1708
f 1707/1730/1706 1703/1725/1703 1710/1734/1710 1708/1733/1709
f 1711/1735/1711 1639/1643/1638 166/167/167 394/395/395
f 1702/1724/1702 1636/1642/1637 1639/1643/1638 1711/1735/1711
f 1710/1734/1710 1711/1735/1711 394/395/395 396/397/397
f 1703/1725/1703 1702/1724/1702 1711/1735/1711 1710/1734/1710
f 1713/1736/1712 1712/1737/1713 244/241/241 241/244/244
f 1712/1737/1713 1714/1738/1714 248/247/247 244/241/241
f 1716/1739/1715 1715/1740/1716 1712/1737/1713 1713/1736/1712
f 1715/1740/1716 1717/1741/1717 1714/1738/1714 1712/1737/1713
f 1719/1742/1718 1718/1743/1719 263/264/264 264/263/263
f 1721/1744/1720 1720/1745/1721 1718/1743/1719 1719/1742/1718
f 1714/1738/1714 1719/1742/1718 264/263/263 248/247/247
f 1717/1741/1717 1721/1744/1720 1719/1742/1718 1714/1738/1714
f 1724/1746/1722 1723/1747/1723 1722/1748/1724 1241/1244/1244
f 1723/1747/1723 1726/1749/1725 1725/1750/1726 1722/1748/1724
f 1720/1745/1721 1721/1744/1720 1723/1747/1723 1724/1746/1722
f 1721/1744/1720 1717/1741/1717 1726/1749/1725 1723/1747/1723
f 1730/1751/1727 1729/1752/1728 1728/1753/1729 1727/1754/1730
f 1715/1740/1716 1716/1739/1715 1729/1752/1728 1730/1751/1727
f 1726/1749/1725 1730/1751/1727 1727/1754/1730 1725/1750/1726
f 1717/1741/1717 1715/1740/1716 1730/1751/1727 1726/1749/1725
f 1732/1755/1731 1731/1756/1732 465/462/462 462/465/465
f 1731/1756/1732 1733/1757/1733 469/468/468 465/462/462
f 1735/1758/1734 1734/1759/1735 1731/1756/1732 1732/1755/1731
f 1734/1759/1735 1736/1760/1736 1733/1757/1733 1731/1756/1732
f 1737/1761/1737 1713/1736/1712 241/244/244 480/481/481
f 1738/1762/1738 1716/1739/1715 1713/1736/1712 1737/1761/1737
f 1733/1757/1733 1737/1761/1737 480/481/481 469/468/468
f 1736/1760/1736 1738/1762/1738 1737/1761/1737 1733/1757/1733
f 1729/1752/1728 1740/1763/1739 1739/1764/1740 1728/1753/1729
f 1740/1763/1739 1742/1765/1741 1741/1766/1742 1739/1764/1740
f 1716/1739/1715 1738/1762/1738 1740/1763/1739 1729/1752/1728
f 1738/1762/1738 1736/1760/1736 1742/1765/1741 1740/1763/1739
f 1746/1767/1743 1745/1768/1744 1744/1769/1745 1743/1770/1746
f 1734/1759/1735 1735/1758/1734 1745/1768/1744 1746/1767/1743
f 1742/1765/1741 1746/1767/1743 1743/1770/1746 1741/1766/1742
f 1736/1760/1736 1734/1759/1735 1746/1767/1743 1742/1765/1741
f 1748/1771/1747 1747/1772/1748 1495/1492/1492 1492/1495/1495
f 1747/1772/1748 1749/1773/1749 1499/1498/1498 1495/1492/1492
f 1751/1774/1750 1750/1775/1751 1747/1772/1748 1748/1771/1747
f 1750/1775/1751 1752/1776/1752 1749/1773/1749 1747/1772/1748
f 1753/1777/1753 1732/1755/1731 462/465/465 1510/1511/1511
f 1754/1778/1754 1735/1758/1734 1732/1755/1731 1753/1777/1753
f 1749/1773/1749 1753/1777/1753 1510/1511/1511 1499/1498/1498
f 1752/1776/1752 1754/1778/1754 1753/1777/1753 1749/1773/1749
f 1745/1768/1744 1756/1779/1755 1755/1780/1756 1744/1769/1745
f 1756/1779/1755 1758/1781/1757 1757/1782/1758 1755/1780/1756
f 1735/1758/1734 1754/1778/1754 1756/1779/1755 1745/1768/1744
f 1754/1778/1754 1752/1776/1752 1758/1781/1757 1756/1779/1755
f 1762/1783/1759 1761/1784/1760 1760/1785/1761 1759/1786/1762
f 1750/1775/1751 1751/1774/1750 1761/1784/1760 1762/1783/1759
f 1758/1781/1757 1762/1783/1759 1759/1786/1762 1757/1782/1758
f 1752/1776/1752 1750/1775/1751 1762/1783/1759 1758/1781/1757
f 1764/1787/1763 1763/1788/1764 1002/1003/1003 774/777/777
f 1763/1788/1764 1765/1789/1765 1000/1001/1001 1002/1003/1003
f 1767/1790/1766 1766/1791/1767 1763/1788/1764 1764/1787/1763
f 1766/1791/1767 1768/1792/1768 1765/1789/1765 1763/1788/1764
f 1770/1793/1769 1769/1794/1770 996/999/999 997/998/998
f 1772/1795/1771 1771/1796/1772 1769/1794/1770 1770/1793/1769
f 1765/1789/1765 1770/1793/1769 997/998/998 1000/1001/1001
f 1768/1792/1768 1772/1795/1771 1770/1793/1769 1765/1789/1765
f 1774/1797/1773 1773/1798/1774 970/973/973 971/972/972
f 1773/1798/1774 1775/1799/1775 966/967/967 970/973/973
f 1771/1796/1772 1772/1795/1771 1773/1798/1774 1774/1797/1773
f 1772/1795/1771 1768/1792/1768 1775/1799/1775 1773/1798/1774
f 1777/1800/1776 1776/1801/1777 744/745/745 964/965/965
f 1766/1791/1767 1767/1790/1766 1776/1801/1777 1777/1800/1776
f 1775/1799/1775 1777/1800/1776 964/965/965 966/967/967
f 1768/1792/1768 1766/1791/1767 1777/1800/1776 1775/1799/1775
f 1779/1802/1778 1778/1803/1779 780/783/783 781/782/782
f 1778/1803/1779 1780/1804/1780 778/779/779 780/783/783
f 1782/1805/1781 1781/1806/1782 1778/1803/1779 1779/1802/1778
f 1781/1806/1782 1783/1807/1783 1780/1804/1780 1778/1803/1779
f 1784/1808/1784 1764/1787/1763 774/777/777 775/776/776
f 1785/1809/1785 1767/1790/1766 1764/1787/1763 1784/1808/1784
f 1780/1804/1780 1784/1808/1784 775/776/776 778/779/779
f 1783/1807/1783 1785/1809/1785 1784/1808/1784 1780/1804/1780
f 1776/1801/1777 1786/1810/1786 743/746/746 744/745/745
f 1786/1810/1786 1787/1811/1787 738/739/739 743/746/746
f 1767/1790/1766 1785/1809/1785 1786/1810/1786 1776/1801/1777
f 1785/1809/1785 1783/1807/1783 1787/1811/1787 1786/1810/1786
f 1789/1812/1788 1788/1813/1789 734/737/737 735/736/736
f 1781/1806/1782 1782/1805/1781 1788/1813/1789 1789/1812/1788
f 1787/1811/1787 1789/1812/1788 735/736/736 738/739/739
f 1783/1807/1783 1781/1806/1782 1789/1812/1788 1787/1811/1787
f 1792/1814/1790 1791/1815/1791 1790/1816/1792 1277/1280/1280
f 1791/1815/1791 1794/1817/1793 1793/1818/1794 1790/1816/1792
f 1796/1819/1795 1795/1820/1796 1791/1815/1791 1792/1814/1790
f 1795/1820/1796 1797/1821/1797 1794/1817/1793 1791/1815/1791
f 1799/1822/1798 1779/1802/1778 781/782/782 1798/1823/1799
f 1800/1824/1800 1782/1805/1781 1779/1802/1778 1799/1822/1798
f 1794/1817/1793 1799/1822/1798 1798/1823/1799 1793/1818/1794
f 1797/1821/1797 1800/1824/1800 1799/1822/1798 1794/1817/1793
f 1788/1813/1789 1802/1825/1801 1801/1826/1802 734/737/737
f 1802/1825/1801 1804/1827/1803 1803/1828/1804 1801/1826/1802
f 1782/1805/1781 1800/1824/1800 1802/1825/1801 1788/1813/1789
f 1800/1824/1800 1797/1821/1797 1804/1827/1803 1802/1825/1801
f 1807/1829/1805 1806/1830/1806 1251/1252/1252 1805/1831/1807
f 1795/1820/1796 1796/1819/1795 1806/1830/1806 1807/1829/1805
f 1804/1827/1803 1807/1829/1805 1805/1831/1807 1803/1828/1804
f 1797/1821/1797 1795/1820/1796 1807/1829/1805 1804/1827/1803
f 1809/1832/1808 1808/1833/1809 55/58/58 56/57/57
f 1808/1833/1809 1810/1834/1810 50/51/51 55/58/58
f 1812/1835/1811 1811/1836/1812 1808/1833/1809 1809/1832/1808
f 1811/1836/1812 1813/1837/1813 1810/1834/1810 1808/1833/1809
f 1815/1838/1814 1814/1839/1815 46/49/49 47/48/48
f 1817/1840/1816 1816/1841/1817 1814/1839/1815 1815/1838/1814
f 1810/1834/1810 1815/1838/1814 47/48/48 50/51/51
f 1813/1837/1813 1817/1840/1816 1815/1838/1814 1810/1834/1810
f 1821/1842/1818 1820/1843/1819 1819/1844/1820 1818/1845/1821
f 1820/1843/1819 1823/1846/1822 1822/1847/1823 1819/1844/1820
f 1816/1841/1817 1817/1840/1816 1820/1843/1819 1821/1842/1818
f 1817/1840/1816 1813/1837/1813 1823/1846/1822 1820/1843/1819
f 1827/1848/1824 1826/1849/1825 1825/1850/1826 1824/1851/1827
f 1811/1836/1812 1812/1835/1811 1826/1849/1825 1827/1848/1824
f 1823/1846/1822 1827/1848/1824 1824/1851/1827 1822/1847/1823
f 1813/1837/1813 1811/1836/1812 1827/1848/1824 1823/1846/1822
f 1829/1852/1828 1828/1853/1829 315/318/318 316/317/317
f 1828/1853/1829 1830/1854/1830 310/311/311 315/318/318
f 1832/1855/1831 1831/1856/1832 1828/1853/1829 1829/1852/1828
f 1831/1856/1832 1833/1857/1833 1830/1854/1830 1828/1853/1829
f 1834/1858/1834 1319/1317/1317 306/309/309 307/308/308
f 1835/1859/1835 1323/1322/1322 1319/1317/1317 1834/1858/1834
f 1830/1854/1830 1834/1858/1834 307/308/308 310/311/311
f 1833/1857/1833 1835/1859/1835 1834/1858/1834 1830/1854/1830
f 1339/1338/1338 1836/1860/1836 1342/1341/1341 1338/1339/1339
f 1836/1860/1836 1837/1861/1837 1345/1344/1344 1342/1341/1341
f 1323/1322/1322 1835/1859/1835 1836/1860/1836 1339/1338/1338
f 1835/1859/1835 1833/1857/1833 1837/1861/1837 1836/1860/1836
f 1839/1862/1838 1838/1863/1839 1076/1079/1079 1354/1355/1355
f 1831/1856/1832 1832/1855/1831 1838/1863/1839 1839/1862/1838
f 1837/1861/1837 1839/1862/1838 1354/1355/1355 1345/1344/1344
f 1833/1857/1833 1831/1856/1832 1839/1862/1838 1837/1861/1837
f 550/549/549 1841/1864/1840 1840/1865/1841 549/550/550
f 1841/1864/1840 1843/1866/1842 1842/1867/1843 1840/1865/1841
f 552/553/553 1844/1868/1844 1841/1864/1840 550/549/549
f 1844/1868/1844 1845/1869/1845 1843/1866/1842 1841/1864/1840
f 1847/1870/1846 562/559/559 559/562/562 1846/1871/1847
f 1848/1872/1848 566/565/565 562/559/559 1847/1870/1846
f 1843/1866/1842 1847/1870/1846 1846/1871/1847 1842/1867/1843
f 1845/1869/1845 1848/1872/1848 1847/1870/1846 1843/1866/1842
f 582/581/581 1850/1873/1849 1849/1874/1850 581/582/582
f 1850/1873/1849 1852/1875/1851 1851/1876/1852 1849/1874/1850
f 566/565/565 1848/1872/1848 1850/1873/1849 582/581/581
f 1848/1872/1848 1845/1869/1845 1852/1875/1851 1850/1873/1849
f 1854/1877/1853 555/554/554 536/537/537 1853/1878/1854
f 1844/1868/1844 552/553/553 555/554/554 1854/1877/1853
f 1852/1875/1851 1854/1877/1853 1853/1878/1854 1851/1876/1852
f 1845/1869/1845 1844/1868/1844 1854/1877/1853 1852/1875/1851
f 537/536/536 1855/1879/1855 1853/1878/1854 536/537/537
f 1855/1879/1855 1856/1880/1856 1851/1876/1852 1853/1878/1854
f 521/520/520 1857/1881/1857 1855/1879/1855 537/536/536
f 1857/1881/1857 1858/1882/1858 1856/1880/1856 1855/1879/1855
f 1859/1883/1859 825/824/824 581/582/582 1849/1874/1850
f 1860/1884/1860 828/827/827 825/824/824 1859/1883/1859
f 1856/1880/1856 1859/1883/1859 1849/1874/1850 1851/1876/1852
f 1858/1882/1858 1860/1884/1860 1859/1883/1859 1856/1880/1856
f 842/841/841 1862/1885/1861 1861/1886/1862 841/842/842
f 1862/1885/1861 1864/1887/1863 1863/1888/1864 1861/1886/1862
f 828/827/827 1860/1884/1860 1862/1885/1861 842/841/841
f 1860/1884/1860 1858/1882/1858 1864/1887/1863 1862/1885/1861
f 1866/1889/1865 517/514/514 514/517/517 1865/1890/1866
f 1857/1881/1857 521/520/520 517/514/514 1866/1889/1865
f 1864/1887/1863 1866/1889/1865 1865/1890/1866 1863/1888/1864
f 1858/1882/1858 1857/1881/1857 1866/1889/1865 1864/1887/1863
f 1868/1891/1867 1867/1892/1868 1097/1100/1100 1098/1099/1099
f 1867/1892/1868 1869/1893/1869 1095/1096/1096 1097/1100/1100
f 1871/1894/1870 1870/1895/1871 1867/1892/1868 1868/1891/1867
f 1870/1895/1871 1872/1896/1872 1869/1893/1869 1867/1892/1868
f 1874/1897/1873 1873/1898/1874 1091/1094/1094 1092/1093/1093
f 1876/1899/1875 1875/1900/1876 1873/1898/1874 1874/1897/1873
f 1869/1893/1869 1874/1897/1873 1092/1093/1093 1095/1096/1096
f 1872/1896/1872 1876/1899/1875 1874/1897/1873 1869/1893/1869
f 1878/1901/1877 1877/1902/1878 1110/1113/1113 1111/1112/1112
f 1877/1902/1878 1879/1903/1879 1105/1106/1106 1110/1113/1113
f 1875/1900/1876 1876/1899/1875 1877/1902/1878 1878/1901/1877
f 1876/1899/1875 1872/1896/1872 1879/1903/1879 1877/1902/1878
f 1881/1904/1880 1880/1905/1881 1101/1104/1104 1102/1103/1103
f 1870/1895/1871 1871/1894/1870 1880/1905/1881 1881/1904/1880
f 1879/1903/1879 1881/1904/1880 1102/1103/1103 1105/1106/1106
f 1872/1896/1872 1870/1895/1871 1881/1904/1880 1879/1903/1879
f 324/325/325 1882/1906/1882 1052/1051/1051 16/19/19
f 1882/1906/1882 1883/1907/1883 1049/1050/1050 1052/1051/1051
f 313/312/312 1884/1908/1884 1882/1906/1882 324/325/325
f 1884/1908/1884 1885/1909/1885 1883/1907/1883 1882/1906/1882
f 1887/1910/1886 1886/1911/1887 1046/1047/1047 1047/1046/1046
f 1889/1912/1888 1888/1913/1889 1886/1911/1887 1887/1910/1886
f 1883/1907/1883 1887/1910/1886 1047/1046/1046 1049/1050/1050
f 1885/1909/1885 1889/1912/1888 1887/1910/1886 1883/1907/1883
f 1891/1914/1890 1890/1915/1891 1325/1328/1328 1326/1327/1327
f 1890/1915/1891 1892/1916/1892 1320/1321/1321 1325/1328/1328
f 1888/1913/1889 1889/1912/1888 1890/1915/1891 1891/1914/1890
f 1889/1912/1888 1885/1909/1885 1892/1916/1892 1890/1915/1891
f 1893/1917/1893 309/306/306 306/309/309 1317/1319/1319
f 1884/1908/1884 313/312/312 309/306/306 1893/1917/1893
f 1892/1916/1892 1893/1917/1893 1317/1319/1319 1320/1321/1321
f 1885/1909/1885 1884/1908/1884 1893/1917/1893 1892/1916/1892
f 1037/1038/1038 1895/1918/1894 1894/1919/1895 1036/1039/1039
f 1895/1918/1894 1897/1920/1896 1896/1921/1897 1894/1919/1895
f 1040/1041/1041 1898/1922/1898 1895/1918/1894 1037/1038/1038
f 1898/1922/1898 1899/1923/1899 1897/1920/1896 1895/1918/1894
f 1901/1924/1900 523/526/526 524/525/525 1900/1925/1901
f 1902/1926/1902 518/519/519 523/526/526 1901/1924/1900
f 1897/1920/1896 1901/1924/1900 1900/1925/1901 1896/1921/1897
f 1899/1923/1899 1902/1926/1902 1901/1924/1900 1897/1920/1896
f 515/516/516 1904/1927/1903 1903/1928/1904 514/517/517
f 1904/1927/1903 1906/1929/1905 1905/1930/1906 1903/1928/1904
f 518/519/519 1902/1926/1902 1904/1927/1903 515/516/516
f 1902/1926/1902 1899/1923/1899 1906/1929/1905 1904/1927/1903
f 1908/1931/1907 1045/1048/1048 1046/1047/1047 1907/1932/1908
f 1898/1922/1898 1040/1041/1041 1045/1048/1048 1908/1931/1907
f 1906/1929/1905 1908/1931/1907 1907/1932/1908 1905/1930/1906
f 1899/1923/1899 1898/1922/1898 1908/1931/1907 1906/1929/1905
f 1057/1933/1058 1910/1934/1909 1909/1935/1910 1056/1936/1059
f 1910/1934/1909 1912/1937/1911 1911/1938/1912 1909/1935/1910
f 1060/1939/1061 1913/1940/1913 1910/1934/1909 1057/1933/1058
f 1913/1940/1913 1914/1941/1914 1912/1937/1911 1910/1934/1909
f 1916/1942/1915 548/551/551 549/550/550 1915/1943/1916
f 1917/1944/1917 543/544/544 548/551/551 1916/1942/1915
f 1912/1937/1911 1916/1942/1915 1915/1943/1916 1911/1938/1912
f 1914/1941/1914 1917/1944/1917 1916/1942/1915 1912/1937/1911
f 540/541/541 1919/1945/1918 1918/1946/1919 539/542/542
f 1919/1945/1918 1921/1947/1920 1920/1948/1921 1918/1946/1919
f 543/544/544 1917/1944/1917 1919/1945/1918 540/541/541
f 1917/1944/1917 1914/1941/1914 1921/1947/1920 1919/1945/1918
f 1923/1949/1922 1065/1950/1068 1066/1951/1067 1922/1952/1923
f 1913/1940/1913 1060/1939/1061 1065/1950/1068 1923/1949/1922
f 1921/1947/1920 1923/1949/1922 1922/1952/1923 1920/1948/1921
f 1914/1941/1914 1913/1940/1913 1923/1949/1922 1921/1947/1920
f 1925/1953/1924 1924/1954/1925 577/574/574 574/577/577
f 1924/1954/1925 1926/1955/1926 572/573/573 577/574/574
f 1928/1956/1927 1927/1957/1928 1924/1954/1925 1925/1953/1924
f 1927/1957/1928 1929/1958/1929 1926/1955/1926 1924/1954/1925
f 1931/1959/1930 1930/1960/1931 569/570/570 570/569/569
f 1933/1961/1932 1932/1962/1933 1930/1960/1931 1931/1959/1930
f 1926/1955/1926 1931/1959/1930 570/569/569 572/573/573
f 1929/1958/1929 1933/1961/1932 1931/1959/1930 1926/1955/1926
f 1935/1963/1934 1934/1964/1935 1094/1965/1091 1091/1966/1094
f 1934/1964/1935 1936/1967/1936 1089/1968/1090 1094/1965/1091
f 1932/1962/1933 1933/1961/1932 1934/1964/1935 1935/1963/1934
f 1933/1961/1932 1929/1958/1929 1936/1967/1936 1934/1964/1935
f 1938/1969/1937 1937/1970/1938 1086/1087/1087 1087/1971/1086
f 1927/1957/1928 1928/1956/1927 1937/1970/1938 1938/1969/1937
f 1936/1967/1936 1938/1969/1937 1087/1971/1086 1089/1968/1090
f 1929/1958/1929 1927/1957/1928 1938/1969/1937 1936/1967/1936
f 1112/1972/1111 1940/1973/1939 1939/1974/1940 1111/1975/1112
f 1940/1973/1939 1942/1976/1941 1941/1977/1942 1939/1974/1940
f 1114/1978/1115 1943/1979/1943 1940/1973/1939 1112/1972/1111
f 1943/1979/1943 1944/1980/1944 1942/1976/1941 1940/1973/1939
f 1946/1981/1945 1846/1871/1847 559/562/562 1945/1982/1946
f 1947/1983/1947 1842/1867/1843 1846/1871/1847 1946/1981/1945
f 1942/1976/1941 1946/1981/1945 1945/1982/1946 1941/1977/1942
f 1944/1980/1944 1947/1983/1947 1946/1981/1945 1942/1976/1941
f 1840/1865/1841 1948/1984/1948 1915/1943/1916 549/550/550
f 1948/1984/1948 1949/1985/1949 1911/1938/1912 1915/1943/1916
f 1842/1867/1843 1947/1983/1947 1948/1984/1948 1840/1865/1841
f 1947/1983/1947 1944/1980/1944 1949/1985/1949 1948/1984/1948
f 1950/1986/1950 1117/1987/1116 1056/1936/1059 1909/1935/1910
f 1943/1979/1943 1114/1978/1115 1117/1987/1116 1950/1986/1950
f 1949/1985/1949 1950/1986/1950 1909/1935/1910 1911/1938/1912
f 1944/1980/1944 1943/1979/1943 1950/1986/1950 1949/1985/1949
f 1129/1128/1128 1951/1988/1951 1625/1627/1627 1128/1129/1129
f 1951/1988/1951 1952/1989/1952 1623/1624/1624 1625/1627/1627
f 1131/1132/1132 1953/1990/1953 1951/1988/1951 1129/1128/1128
f 1953/1990/1953 1954/1991/1954 1952/1989/1952 1951/1988/1951
f 1955/1992/1955 600/603/603 601/602/602 1621/1622/1622
f 1956/1993/1956 598/599/599 600/603/603 1955/1992/1955
f 1952/1989/1952 1955/1992/1955 1621/1622/1622 1623/1624/1624
f 1954/1991/1954 1956/1993/1956 1955/1992/1955 1952/1989/1952
f 596/597/597 1957/1994/1957 1900/1925/1901 524/525/525
f 1957/1994/1957 1958/1995/1958 1896/1921/1897 1900/1925/1901
f 598/599/599 1956/1993/1956 1957/1994/1957 596/597/597
f 1956/1993/1956 1954/1991/1954 1958/1995/1958 1957/1994/1957
f 1959/1996/1959 1134/1133/1133 1036/1039/1039 1894/1919/1895
f 1953/1990/1953 1131/1132/1132 1134/1133/1133 1959/1996/1959
f 1958/1995/1958 1959/1996/1959 1894/1919/1895 1896/1921/1897
f 1954/1991/1954 1953/1990/1953 1959/1996/1959 1958/1995/1958
f 1145/1144/1144 1961/1997/1960 1960/1998/1961 1144/1145/1145
f 1961/1997/1960 1963/1999/1962 1962/2000/1963 1960/1998/1961
f 1147/1148/1148 1964/2001/1964 1961/1997/1960 1145/1144/1144
f 1964/2001/1964 1965/2002/1965 1963/1999/1962 1961/1997/1960
f 1967/2003/1966 625/628/628 626/627/627 1966/2004/1967
f 1968/2005/1968 623/624/624 625/628/628 1967/2003/1966
f 1963/1999/1962 1967/2003/1966 1966/2004/1967 1962/2000/1963
f 1965/2002/1965 1968/2005/1968 1967/2003/1966 1963/1999/1962
f 620/621/621 1969/2006/1969 1618/1619/1619 619/622/622
f 1969/2006/1969 1970/2007/1970 1613/1614/1614 1618/1619/1619
f 623/624/624 1968/2005/1968 1969/2006/1969 620/621/621
f 1968/2005/1968 1965/2002/1965 1970/2007/1970 1969/2006/1969
f 1971/2008/1971 1152/1149/1149 1149/1152/1152 1610/1612/1612
f 1964/2001/1964 1147/1148/1148 1152/1149/1149 1971/2008/1971
f 1970/2007/1970 1971/2008/1971 1610/1612/1612 1613/1614/1614
f 1965/2002/1965 1964/2001/1964 1971/2008/1971 1970/2007/1970
f 1165/1164/1164 1973/2009/1972 1972/2010/1973 1164/1165/1165
f 1973/2009/1972 1975/2011/1974 1974/2012/1975 1972/2010/1973
f 1167/1168/1168 1976/2013/1976 1973/2009/1972 1165/1164/1164
f 1976/2013/1976 1977/2014/1977 1975/2011/1974 1973/2009/1972
f 1979/2015/1978 645/648/648 646/647/647 1978/2016/1979
f 1980/2017/1980 643/644/644 645/648/648 1979/2015/1978
f 1975/2011/1974 1979/2015/1978 1978/2016/1979 1974/2012/1975
f 1977/2014/1977 1980/2017/1980 1979/2015/1978 1975/2011/1974
f 641/642/642 1981/2018/1981 1966/2004/1967 626/627/627
f 1981/2018/1981 1982/2019/1982 1962/2000/1963 1966/2004/1967
f 643/644/644 1980/2017/1980 1981/2018/1981 641/642/642
f 1980/2017/1980 1977/2014/1977 1982/2019/1982 1981/2018/1981
f 1983/2020/1983 1170/1169/1169 1144/1145/1145 1960/1998/1961
f 1976/2013/1976 1167/1168/1168 1170/1169/1169 1983/2020/1983
f 1982/2019/1982 1983/2020/1983 1960/1998/1961 1962/2000/1963
f 1977/2014/1977 1976/2013/1976 1983/2020/1983 1982/2019/1982
f 1181/1180/1180 1985/2021/1984 1984/2022/1985 1180/1181/1181
f 1985/2021/1984 1987/2023/1986 1986/2024/1987 1984/2022/1985
f 1183/1184/1184 1988/2025/1988 1985/2021/1984 1181/1180/1180
f 1988/2025/1988 1989/2026/1989 1987/2023/1986 1985/2021/1984
f 1991/2027/1990 665/668/668 666/667/667 1990/2028/1991
f 1992/2029/1992 663/664/664 665/668/668 1991/2027/1990
f 1987/2023/1986 1991/2027/1990 1990/2028/1991 1986/2024/1987
f 1989/2026/1989 1992/2029/1992 1991/2027/1990 1987/2023/1986
f 661/662/662 1993/2030/1993 1978/2016/1979 646/647/647
f 1993/2030/1993 1994/2031/1994 1974/2012/1975 1978/2016/1979
f 663/664/664 1992/2029/1992 1993/2030/1993 661/662/662
f 1992/2029/1992 1989/2026/1989 1994/2031/1994 1993/2030/1993
f 1995/2032/1995 1186/1185/1185 1164/1165/1165 1972/2010/1973
f 1988/2025/1988 1183/1184/1184 1186/1185/1185 1995/2032/1995
f 1994/2031/1994 1995/2032/1995 1972/2010/1973 1974/2012/1975
f 1989/2026/1989 1988/2025/1988 1995/2032/1995 1994/2031/1994
f 1197/1196/1196 1997/2033/1996 1996/2034/1997 1196/1197/1197
f 1997/2033/1996 1999/2035/1998 1998/2036/1999 1996/2034/1997
f 1199/1200/1200 2000/2037/2000 1997/2033/1996 1197/1196/1196
f 2000/2037/2000 2001/2038/2001 1999/2035/1998 1997/2033/1996
f 2003/2039/2002 690/693/693 691/692/692 2002/2040/2003
f 2004/2041/2004 688/689/689 690/693/693 2003/2039/2002
f 1999/2035/1998 2003/2039/2002 2002/2040/2003 1998/2036/1999
f 2001/2038/2001 2004/2041/2004 2003/2039/2002 1999/2035/1998
f 685/686/686 2006/2042/2005 2005/2043/2006 684/687/687
f 2006/2042/2005 2008/2044/2007 2007/2045/2008 2005/2043/2006
f 688/689/689 2004/2041/2004 2006/2042/2005 685/686/686
f 2004/2041/2004 2001/2038/2001 2008/2044/2007 2006/2042/2005
f 2010/2046/2009 1204/1201/1201 1201/1204/1204 2009/2047/2010
f 2000/2037/2000 1199/1200/1200 1204/1201/1201 2010/2046/2009
f 2008/2044/2007 2010/2046/2009 2009/2047/2010 2007/2045/2008
f 2001/2038/2001 2000/2037/2000 2010/2046/2009 2008/2044/2007
f 1217/1216/1216 2012/2048/2011 2011/2049/2012 1216/1217/1217
f 2012/2048/2011 2014/2050/2013 2013/2051/2014 2011/2049/2012
f 1219/1220/1220 2015/2052/2015 2012/2048/2011 1217/1216/1216
f 2015/2052/2015 2016/2053/2016 2014/2050/2013 2012/2048/2011
f 2018/2054/2017 697/694/694 694/697/697 2017/2055/2018
f 2019/2056/2019 701/700/700 697/694/694 2018/2054/2017
f 2014/2050/2013 2018/2054/2017 2017/2055/2018 2013/2051/2014
f 2016/2053/2016 2019/2056/2019 2018/2054/2017 2014/2050/2013
f 712/713/713 2020/2057/2020 2002/2040/2003 691/692/692
f 2020/2057/2020 2021/2058/2021 1998/2036/1999 2002/2040/2003
f 701/700/700 2019/2056/2019 2020/2057/2020 712/713/713
f 2019/2056/2019 2016/2053/2016 2021/2058/2021 2020/2057/2020
f 2022/2059/2022 1222/1221/1221 1196/1197/1197 1996/2034/1997
f 2015/2052/2015 1219/1220/1220 1222/1221/1221 2022/2059/2022
f 2021/2058/2021 2022/2059/2022 1996/2034/1997 1998/2036/1999
f 2016/2053/2016 2015/2052/2015 2022/2059/2022 2021/2058/2021
f 1233/1232/1232 2024/2060/2023 2023/2061/2024 1232/1233/1233
f 2024/2060/2023 2026/2062/2025 2025/2063/2026 2023/2061/2024
f 1235/1236/1236 2027/2064/2027 2024/2060/2023 1233/1232/1232
f 2027/2064/2027 2028/2065/2028 2026/2062/2025 2024/2060/2023
f 2030/2066/2029 717/714/714 714/717/717 2029/2067/2030
f 2031/2068/2031 721/720/720 717/714/714 2030/2066/2029
f 2026/2062/2025 2030/2066/2029 2029/2067/2030 2025/2063/2026
f 2028/2065/2028 2031/2068/2031 2030/2066/2029 2026/2062/2025
f 732/733/733 2032/2069/2032 2017/2055/2018 694/697/697
f 2032/2069/2032 2033/2070/2033 2013/2051/2014 2017/2055/2018
f 721/720/720 2031/2068/2031 2032/2069/2032 732/733/733
f 2031/2068/2031 2028/2065/2028 2033/2070/2033 2032/2069/2032
f 2034/2071/2034 1238/1237/1237 1216/1217/1217 2011/2049/2012
f 2027/2064/2027 1235/1236/1236 1238/1237/1237 2034/2071/2034
f 2033/2070/2033 2034/2071/2034 2011/2049/2012 2013/2051/2014
f 2028/2065/2028 2027/2064/2027 2034/2071/2034 2033/2070/2033
f 1252/1251/1251 2035/2072/2035 1805/1831/1807 1251/1252/1252
f 2035/2072/2035 2036/2073/2036 1803/1828/1804 1805/1831/1807
f 1254/1255/1255 2037/2074/2037 2035/2072/2035 1252/1251/1251
f 2037/2074/2037 2038/2075/2038 2036/2073/2036 2035/2072/2035
f 2039/2076/2039 737/734/734 734/737/737 1801/1826/1802
f 2040/2077/2040 741/740/740 737/734/734 2039/2076/2039
f 2036/2073/2036 2039/2076/2039 1801/1826/1802 1803/1828/1804
f 2038/2075/2038 2040/2077/2040 2039/2076/2039 2036/2073/2036
f 757/756/756 2042/2078/2041 2041/2079/2042 756/757/757
f 2042/2078/2041 2044/2080/2043 2043/2081/2044 2041/2079/2042
f 741/740/740 2040/2077/2040 2042/2078/2041 757/756/756
f 2040/2077/2040 2038/2075/2038 2044/2080/2043 2042/2078/2041
f 2046/2082/2045 1259/1256/1256 1256/1259/1259 2045/2083/2046
f 2037/2074/2037 1254/1255/1255 1259/1256/1256 2046/2082/2045
f 2044/2080/2043 2046/2082/2045 2045/2083/2046 2043/2081/2044
f 2038/2075/2038 2037/2074/2037 2046/2082/2045 2044/2080/2043
f 1273/1272/1272 2048/2084/2047 2047/2085/2048 1272/1273/1273
f 2048/2084/2047 2050/2086/2049 2049/2087/2050 2047/2085/2048
f 1275/1276/1276 2051/2088/2051 2048/2084/2047 1273/1272/1272
f 2051/2088/2051 2052/2089/2052 2050/2086/2049 2048/2084/2047
f 2054/2090/2053 762/759/759 759/762/762 2053/2091/2054
f 2055/2092/2055 766/765/765 762/759/759 2054/2090/2053
f 2050/2086/2049 2054/2090/2053 2053/2091/2054 2049/2087/2050
f 2052/2089/2052 2055/2092/2055 2054/2090/2053 2050/2086/2049
f 782/781/781 2056/2093/2056 1798/1823/1799 781/782/782
f 2056/2093/2056 2057/2094/2057 1793/1818/1794 1798/1823/1799
f 766/765/765 2055/2092/2055 2056/2093/2056 782/781/781
f 2055/2092/2055 2052/2089/2052 2057/2094/2057 2056/2093/2056
f 2058/2095/2058 1280/1277/1277 1277/1280/1280 1790/1816/1792
f 2051/2088/2051 1275/1276/1276 1280/1277/1277 2058/2095/2058
f 2057/2094/2057 2058/2095/2058 1790/1816/1792 1793/1818/1794
f 2052/2089/2052 2051/2088/2051 2058/2095/2058 2057/2094/2057
f 1293/1292/1292 2060/2096/2059 2059/2097/2060 1292/1293/1293
f 2060/2096/2059 2062/2098/2061 2061/2099/2062 2059/2097/2060
f 1295/1296/1296 2063/2100/2063 2060/2096/2059 1293/1292/1292
f 2063/2100/2063 2064/2101/2064 2062/2098/2061 2060/2096/2059
f 2066/2102/2065 787/784/784 784/787/787 2065/2103/2066
f 2067/2104/2067 791/790/790 787/784/784 2066/2102/2065
f 2062/2098/2061 2066/2102/2065 2065/2103/2066 2061/2099/2062
f 2064/2101/2064 2067/2104/2067 2066/2102/2065 2062/2098/2061
f 802/803/803 2068/2105/2068 2053/2091/2054 759/762/762
f 2068/2105/2068 2069/2106/2069 2049/2087/2050 2053/2091/2054
f 791/790/790 2067/2104/2067 2068/2105/2068 802/803/803
f 2067/2104/2067 2064/2101/2064 2069/2106/2069 2068/2105/2068
f 2070/2107/2070 1298/1297/1297 1272/1273/1273 2047/2085/2048
f 2063/2100/2063 1295/1296/1296 1298/1297/1297 2070/2107/2070
f 2069/2106/2069 2070/2107/2070 2047/2085/2048 2049/2087/2050
f 2064/2101/2064 2063/2100/2063 2070/2107/2070 2069/2106/2069
f 1309/1308/1308 2072/2108/2071 2071/2109/2072 1308/1309/1309
f 2072/2108/2071 2074/2110/2073 2073/2111/2074 2071/2109/2072
f 1311/1312/1312 2075/2112/2075 2072/2108/2071 1309/1308/1308
f 2075/2112/2075 2076/2113/2076 2074/2110/2073 2072/2108/2071
f 2078/2114/2077 807/804/804 804/807/807 2077/2115/2078
f 2079/2116/2079 811/810/810 807/804/804 2078/2114/2077
f 2074/2110/2073 2078/2114/2077 2077/2115/2078 2073/2111/2074
f 2076/2113/2076 2079/2116/2079 2078/2114/2077 2074/2110/2073
f 822/823/823 2080/2117/2080 2065/2103/2066 784/787/787
f 2080/2117/2080 2081/2118/2081 2061/2099/2062 2065/2103/2066
f 811/810/810 2079/2116/2079 2080/2117/2080 822/823/823
f 2079/2116/2079 2076/2113/2076 2081/2118/2081 2080/2117/2080
f 2082/2119/2082 1314/1313/1313 1292/1293/1293 2059/2097/2060
f 2075/2112/2075 1311/1312/1312 1314/1313/1313 2082/2119/2082
f 2081/2118/2081 2082/2119/2082 2059/2097/2060 2061/2099/2062
f 2076/2113/2076 2075/2112/2075 2082/2119/2082 2081/2118/2081
f 1327/1326/1326 2084/2120/2083 2083/2121/2084 1326/1327/1327
f 2084/2120/2083 2086/2122/2085 2085/2123/2086 2083/2121/2084
f 1329/1330/1330 2087/2124/2087 2084/2120/2083 1327/1326/1326
f 2087/2124/2087 2088/2125/2088 2086/2122/2085 2084/2120/2083
f 2090/2126/2089 840/843/843 841/842/842 2089/2127/2090
f 2091/2128/2091 838/839/839 840/843/843 2090/2126/2089
f 2086/2122/2085 2090/2126/2089 2089/2127/2090 2085/2123/2086
f 2088/2125/2088 2091/2128/2091 2090/2126/2089 2086/2122/2085
f 835/836/836 2093/2129/2092 2092/2130/2093 834/837/837
f 2093/2129/2092 2095/2131/2094 2094/2132/2095 2092/2130/2093
f 838/839/839 2091/2128/2091 2093/2129/2092 835/836/836
f 2091/2128/2091 2088/2125/2088 2095/2131/2094 2093/2129/2092
f 2097/2133/2096 1334/1331/1331 1331/1334/1334 2096/2134/2097
f 2087/2124/2087 1329/1330/1330 1334/1331/1331 2097/2133/2096
f 2095/2131/2094 2097/2133/2096 2096/2134/2097 2094/2132/2095
f 2088/2125/2088 2087/2124/2087 2097/2133/2096 2095/2131/2094
f 1347/1348/1348 2098/2135/2098 2096/2134/2097 1331/1334/1334
f 2098/2135/2098 2099/2136/2099 2094/2132/2095 2096/2134/2097
f 1349/1350/1350 2100/2137/2100 2098/2135/2098 1347/1348/1348
f 2100/2137/2100 2101/2138/2101 2099/2136/2099 2098/2135/2098
f 2102/2139/2102 837/834/834 834/837/837 2092/2130/2093
f 2103/2140/2103 832/833/833 837/834/834 2102/2139/2102
f 2099/2136/2099 2102/2139/2102 2092/2130/2093 2094/2132/2095
f 2101/2138/2101 2103/2140/2103 2102/2139/2102 2099/2136/2099
f 830/831/831 2104/2141/2104 1925/1953/1924 574/577/577
f 2104/2141/2104 2105/2142/2105 1928/1956/1927 1925/1953/1924
f 832/833/833 2103/2140/2103 2104/2141/2104 830/831/831
f 2103/2140/2103 2101/2138/2101 2105/2142/2105 2104/2141/2104
f 2106/2143/2106 1352/1351/1351 1086/1087/1087 1937/1970/1938
f 2100/2137/2100 1349/1350/1350 1352/1351/1351 2106/2143/2106
f 2105/2142/2105 2106/2143/2106 1937/1970/1938 1928/1956/1927
f 2101/2138/2101 2100/2137/2100 2106/2143/2106 2105/2142/2105
f 1360/2144/1361 2107/2145/2107 1922/1952/1923 1066/1951/1067
f 2107/2145/2107 2108/2146/2108 1920/1948/1921 1922/1952/1923
f 1362/2147/1363 2109/2148/2109 2107/2145/2107 1360/2144/1361
f 2109/2148/2109 2110/2149/2110 2108/2146/2108 2107/2145/2107
f 2111/2150/2111 853/854/854 539/542/542 1918/1946/1919
f 2112/2151/2112 848/849/849 853/854/854 2111/2150/2111
f 2108/2146/2108 2111/2150/2111 1918/1946/1919 1920/1948/1921
f 2110/2149/2110 2112/2151/2112 2111/2150/2111 2108/2146/2108
f 845/846/846 2114/2152/2113 2113/2153/2114 844/847/847
f 2114/2152/2113 2116/2154/2115 2115/2155/2116 2113/2153/2114
f 848/849/849 2112/2151/2112 2114/2152/2113 845/846/846
f 2112/2151/2112 2110/2149/2110 2116/2154/2115 2114/2152/2113
f 2118/2156/2117 1367/2157/1364 1364/2158/1367 2117/2159/2118
f 2109/2148/2109 1362/2147/1363 1367/2157/1364 2118/2156/2117
f 2116/2154/2115 2118/2156/2117 2117/2159/2118 2115/2155/2116
f 2110/2149/2110 2109/2148/2109 2118/2156/2117 2116/2154/2115
f 1380/2160/1379 2120/2161/2119 2119/2162/2120 1379/2163/1380
f 2120/2161/2119 2122/2164/2121 2121/2165/2122 2119/2162/2120
f 1382/2166/1383 2123/2167/2123 2120/2161/2119 1380/2160/1379
f 2123/2167/2123 2124/2168/2124 2122/2164/2121 2120/2161/2119
f 2126/2169/2125 869/872/872 870/871/871 2125/2170/2126
f 2127/2171/2127 864/865/865 869/872/872 2126/2169/2125
f 2122/2164/2121 2126/2169/2125 2125/2170/2126 2121/2165/2122
f 2124/2168/2124 2127/2171/2127 2126/2169/2125 2122/2164/2121
f 861/862/862 2129/2172/2128 2128/2173/2129 860/863/863
f 2129/2172/2128 2131/2174/2130 2130/2175/2131 2128/2173/2129
f 864/865/865 2127/2171/2127 2129/2172/2128 861/862/862
f 2127/2171/2127 2124/2168/2124 2131/2174/2130 2129/2172/2128
f 2133/2176/2132 1387/2177/1384 1384/2178/1387 2132/2179/2133
f 2123/2167/2123 1382/2166/1383 1387/2177/1384 2133/2176/2132
f 2131/2174/2130 2133/2176/2132 2132/2179/2133 2130/2175/2131
f 2124/2168/2124 2123/2167/2123 2133/2176/2132 2131/2174/2130
f 1396/2180/1397 2134/2181/2134 2132/2179/2133 1384/2178/1387
f 2134/2181/2134 2135/2182/2135 2130/2175/2131 2132/2179/2133
f 1398/2183/1399 2136/2184/2136 2134/2181/2134 1396/2180/1397
f 2136/2184/2136 2137/2185/2137 2135/2182/2135 2134/2181/2134
f 2138/2186/2138 889/890/890 860/863/863 2128/2173/2129
f 2139/2187/2139 884/885/885 889/890/890 2138/2186/2138
f 2135/2182/2135 2138/2186/2138 2128/2173/2129 2130/2175/2131
f 2137/2185/2137 2139/2187/2139 2138/2186/2138 2135/2182/2135
f 881/882/882 2141/2188/2140 2140/2189/2141 880/883/883
f 2141/2188/2140 2143/2190/2142 2142/2191/2143 2140/2189/2141
f 884/885/885 2139/2187/2139 2141/2188/2140 881/882/882
f 2139/2187/2139 2137/2185/2137 2143/2190/2142 2141/2188/2140
f 2145/2192/2144 1403/2193/1400 1400/2194/1403 2144/2195/2145
f 2136/2184/2136 1398/2183/1399 1403/2193/1400 2145/2192/2144
f 2143/2190/2142 2145/2192/2144 2144/2195/2145 2142/2191/2143
f 2137/2185/2137 2136/2184/2136 2145/2192/2144 2143/2190/2142
f 1412/2196/1413 2146/2197/2146 2144/2195/2145 1400/2194/1403
f 2146/2197/2146 2147/2198/2147 2142/2191/2143 2144/2195/2145
f 1414/2199/1415 2148/2200/2148 2146/2197/2146 1412/2196/1413
f 2148/2200/2148 2149/2201/2149 2147/2198/2147 2146/2197/2146
f 2150/2202/2150 905/906/906 880/883/883 2140/2189/2141
f 2151/2203/2151 900/901/901 905/906/906 2150/2202/2150
f 2147/2198/2147 2150/2202/2150 2140/2189/2141 2142/2191/2143
f 2149/2201/2149 2151/2203/2151 2150/2202/2150 2147/2198/2147
f 897/898/898 2152/2204/2152 1690/2205/1691 896/899/899
f 2152/2204/2152 2153/2206/2153 1685/2207/1686 1690/2205/1691
f 900/901/901 2151/2203/2151 2152/2204/2152 897/898/898
f 2151/2203/2151 2149/2201/2149 2153/2206/2153 2152/2204/2152
f 2154/2208/2154 1419/2209/1416 1416/2210/1419 1682/2211/1684
f 2148/2200/2148 1414/2199/1415 1419/2209/1416 2154/2208/2154
f 2153/2206/2153 2154/2208/2154 1682/2211/1684 1685/2207/1686
f 2149/2201/2149 2148/2200/2148 2154/2208/2154 2153/2206/2153
f 1432/2212/1431 2155/2213/2155 1697/1719/1699 1431/1718/1432
f 2155/2213/2155 2156/2214/2156 1695/1715/1696 1697/1719/1699
f 1434/2215/1435 2157/2216/2157 2155/2213/2155 1432/2212/1431
f 2157/2216/2157 2158/2217/2158 2156/2214/2156 2155/2213/2155
f 2159/2218/2159 921/924/924 922/923/923 1693/1713/1694
f 2160/2219/2160 916/917/917 921/924/924 2159/2218/2159
f 2156/2214/2156 2159/2218/2159 1693/1713/1694 1695/1715/1696
f 2158/2217/2158 2160/2219/2160 2159/2218/2159 2156/2214/2156
f 913/914/914 2162/2220/2161 2161/2221/2162 912/915/915
f 2162/2220/2161 2164/2222/2163 2163/2223/2164 2161/2221/2162
f 916/917/917 2160/2219/2160 2162/2220/2161 913/914/914
f 2160/2219/2160 2158/2217/2158 2164/2222/2163 2162/2220/2161
f 2166/2224/2165 1439/2225/1436 1436/2226/1439 2165/2227/2166
f 2157/2216/2157 1434/2215/1435 1439/2225/1436 2166/2224/2165
f 2164/2222/2163 2166/2224/2165 2165/2227/2166 2163/2223/2164
f 2158/2217/2158 2157/2216/2157 2166/2224/2165 2164/2222/2163
f 1448/2228/1449 2167/2229/2167 2165/2227/2166 1436/2226/1439
f 2167/2229/2167 2168/2230/2168 2163/2223/2164 2165/2227/2166
f 1450/2231/1451 2169/2232/2169 2167/2229/2167 1448/2228/1449
f 2169/2232/2169 2170/2233/2170 2168/2230/2168 2167/2229/2167
f 2171/2234/2171 945/944/944 912/915/915 2161/2221/2162
f 2172/2235/2172 942/943/943 945/944/944 2171/2234/2171
f 2168/2230/2168 2171/2234/2171 2161/2221/2162 2163/2223/2164
f 2170/2233/2170 2172/2235/2172 2171/2234/2171 2168/2230/2168
f 940/939/939 2174/2236/2173 2173/2237/2174 939/940/940
f 2174/2236/2173 2176/2238/2175 2175/2239/2176 2173/2237/2174
f 942/943/943 2172/2235/2172 2174/2236/2173 940/939/939
f 2172/2235/2172 2170/2233/2170 2176/2238/2175 2174/2236/2173
f 2178/2240/2177 1455/2241/1452 1452/2242/1455 2177/2243/2178
f 2169/2232/2169 1450/2231/1451 1455/2241/1452 2178/2240/2177
f 2176/2238/2175 2178/2240/2177 2177/2243/2178 2175/2239/2176
f 2170/2233/2170 2169/2232/2169 2178/2240/2177 2176/2238/2175
f 1464/2244/1465 2179/2245/2179 2177/2243/2178 1452/2242/1455
f 2179/2245/2179 2180/2246/2180 2175/2239/2176 2177/2243/2178
f 1466/2247/1467 2181/2248/2181 2179/2245/2179 1464/2244/1465
f 2181/2248/2181 2182/2249/2182 2180/2246/2180 2179/2245/2179
f 2183/2250/2183 961/960/960 939/940/940 2173/2237/2174
f 2184/2251/2184 958/959/959 961/960/960 2183/2250/2183
f 2180/2246/2180 2183/2250/2183 2173/2237/2174 2175/2239/2176
f 2182/2249/2182 2184/2251/2184 2183/2250/2183 2180/2246/2180
f 956/955/955 2186/2252/2185 2185/2253/2186 955/956/956
f 2186/2252/2185 2188/2254/2187 2187/2255/2188 2185/2253/2186
f 958/959/959 2184/2251/2184 2186/2252/2185 956/955/955
f 2184/2251/2184 2182/2249/2182 2188/2254/2187 2186/2252/2185
f 2190/2256/2189 1471/2257/1468 1468/2258/1471 2189/2259/2190
f 2181/2248/2181 1466/2247/1467 1471/2257/1468 2190/2256/2189
f 2188/2254/2187 2190/2256/2189 2189/2259/2190 2187/2255/2188
f 2182/2249/2182 2181/2248/2181 2190/2256/2189 2188/2254/2187
f 1480/2260/1481 2191/2261/2191 2189/2259/2190 1468/2258/1471
f 2191/2261/2191 2192/2262/2192 2187/2255/2188 2189/2259/2190
f 1482/2263/1483 2193/2264/2193 2191/2261/2191 1480/2260/1481
f 2193/2264/2193 2194/2265/2194 2192/2262/2192 2191/2261/2191
f 2196/2266/2195 2195/2267/2196 955/956/956 2185/2253/2186
f 2198/2268/2197 2197/2269/2198 2195/2267/2196 2196/2266/2195
f 2192/2262/2192 2196/2266/2195 2185/2253/2186 2187/2255/2188
f 2194/2265/2194 2198/2268/2197 2196/2266/2195 2192/2262/2192
f 2201/2270/2199 2200/2271/2200 2199/2272/2201 976/979/979
f 2200/2271/2200 2203/2273/2202 2202/2274/2203 2199/2272/2201
f 2197/2269/2198 2198/2268/2197 2200/2271/2200 2201/2270/2199
f 2198/2268/2197 2194/2265/2194 2203/2273/2202 2200/2271/2200
f 2205/2275/2204 1487/2276/1484 1484/2277/1487 2204/2278/2205
f 2193/2264/2193 1482/2263/1483 1487/2276/1484 2205/2275/2204
f 2203/2273/2202 2205/2275/2204 2204/2278/2205 2202/2274/2203
f 2194/2265/2194 2193/2264/2193 2205/2275/2204 2203/2273/2202
f 1493/2279/1494 2207/2280/2206 2206/2281/2207 1492/2282/1495
f 2207/2280/2206 2209/2283/2208 2208/2284/2209 2206/2281/2207
f 1496/2285/1497 2210/2286/2210 2207/2280/2206 1493/2279/1494
f 2210/2286/2210 2211/2287/2211 2209/2283/2208 2207/2280/2206
f 2213/2288/2212 999/996/996 996/999/999 2212/2289/2213
f 2214/2290/2214 994/995/995 999/996/996 2213/2288/2212
f 2209/2283/2208 2213/2288/2212 2212/2289/2213 2208/2284/2209
f 2211/2287/2211 2214/2290/2214 2213/2288/2212 2209/2283/2208
f 992/991/991 2216/2291/2215 2215/2292/2216 991/992/992
f 2216/2291/2215 2218/2293/2217 2217/2294/2218 2215/2292/2216
f 994/995/995 2214/2290/2214 2216/2291/2215 992/991/991
f 2214/2290/2214 2211/2287/2211 2218/2293/2217 2216/2291/2215
f 2220/2295/2219 1501/2296/1504 1502/2297/1503 2219/2298/2220
f 2210/2286/2210 1496/2285/1497 1501/2296/1504 2220/2295/2219
f 2218/2293/2217 2220/2295/2219 2219/2298/2220 2217/2294/2218
f 2211/2287/2211 2210/2286/2210 2220/2295/2219 2218/2293/2217
f 1516/2299/1517 2221/2300/2221 2219/2298/2220 1502/2297/1503
f 2221/2300/2221 2222/2301/2222 2217/2294/2218 2219/2298/2220
f 1518/2302/1519 2223/2303/2223 2221/2300/2221 1516/2299/1517
f 2223/2303/2223 2224/2304/2224 2222/2301/2222 2221/2300/2221
f 2225/2305/2225 1017/1016/1016 991/992/992 2215/2292/2216
f 2226/2306/2226 1014/1015/1015 1017/1016/1016 2225/2305/2225
f 2222/2301/2222 2225/2305/2225 2215/2292/2216 2217/2294/2218
f 2224/2304/2224 2226/2306/2226 2225/2305/2225 2222/2301/2222
f 1012/1011/1011 2228/2307/2227 2227/2308/2228 1011/1012/1012
f 2228/2307/2227 2230/2309/2229 2229/2310/2230 2227/2308/2228
f 1014/1015/1015 2226/2306/2226 2228/2307/2227 1012/1011/1011
f 2226/2306/2226 2224/2304/2224 2230/2309/2229 2228/2307/2227
f 2232/2311/2231 1523/2312/1520 1520/2313/1523 2231/2314/2232
f 2223/2303/2223 1518/2302/1519 1523/2312/1520 2232/2311/2231
f 2230/2309/2229 2232/2311/2231 2231/2314/2232 2229/2310/2230
f 2224/2304/2224 2223/2303/2223 2232/2311/2231 2230/2309/2229
f 1532/2315/1533 2233/2316/2233 2231/2314/2232 1520/2313/1523
f 2233/2316/2233 2234/2317/2234 2229/2310/2230 2231/2314/2232
f 1534/2318/1535 2235/2319/2235 2233/2316/2233 1532/2315/1533
f 2235/2319/2235 2236/2320/2236 2234/2317/2234 2233/2316/2233
f 2237/2321/2237 1033/1032/1032 1011/1012/1012 2227/2308/2228
f 2238/2322/2238 1030/1031/1031 1033/1032/1032 2237/2321/2237
f 2234/2317/2234 2237/2321/2237 2227/2308/2228 2229/2310/2230
f 2236/2320/2236 2238/2322/2238 2237/2321/2237 2234/2317/2234
f 1028/1027/1027 2240/2323/2239 2239/2324/2240 1027/1028/1028
f 2240/2323/2239 2242/2325/2241 2241/2326/2242 2239/2324/2240
f 1030/1031/1031 2238/2322/2238 2240/2323/2239 1028/1027/1027
f 2238/2322/2238 2236/2320/2236 2242/2325/2241 2240/2323/2239
f 2244/2327/2243 1539/2328/1536 1536/2329/1539 2243/2330/2244
f 2235/2319/2235 1534/2318/1535 1539/2328/1536 2244/2327/2243
f 2242/2325/2241 2244/2327/2243 2243/2330/2244 2241/2326/2242
f 2236/2320/2236 2235/2319/2235 2244/2327/2243 2242/2325/2241
f 2113/2153/2114 2245/2331/2245 1594/1593/1593 844/847/847
f 2245/2331/2245 2246/2332/2246 1591/1592/1592 1594/1593/1593
f 2115/2155/2116 2247/2333/2247 2245/2331/2245 2113/2153/2114
f 2247/2333/2247 2248/2334/2248 2246/2332/2246 2245/2331/2245
f 2249/2335/2249 2125/2170/2126 870/871/871 1589/1590/1590
f 2250/2336/2250 2121/2165/2122 2125/2170/2126 2249/2335/2249
f 2246/2332/2246 2249/2335/2249 1589/1590/1590 1591/1592/1592
f 2248/2334/2248 2250/2336/2250 2249/2335/2249 2246/2332/2246
f 2119/2162/2120 2251/2337/2251 1572/2338/1571 1379/2163/1380
f 2251/2337/2251 2252/2339/2252 1575/2340/1574 1572/2338/1571
f 2121/2165/2122 2250/2336/2250 2251/2337/2251 2119/2162/2120
f 2250/2336/2250 2248/2334/2248 2252/2339/2252 2251/2337/2251
f 2253/2341/2253 2117/2159/2118 1364/2158/1367 1581/2342/1582
f 2247/2333/2247 2115/2155/2116 2117/2159/2118 2253/2341/2253
f 2252/2339/2252 2253/2341/2253 1581/2342/1582 1575/2340/1574
f 2248/2334/2248 2247/2333/2247 2253/2341/2253 2252/2339/2252
f 1121/1122/1122 2254/2343/2254 1555/1554/1554 88/89/89
f 2254/2343/2254 2255/2344/2255 1552/1553/1553 1555/1554/1554
f 1123/1124/1124 2256/2345/2256 2254/2343/2254 1121/1122/1122
f 2256/2345/2256 2257/2346/2257 2255/2344/2255 2254/2343/2254
f 2258/2347/2258 1155/1156/1156 91/94/94 1550/1551/1551
f 2259/2348/2259 1153/1154/1154 1155/1156/1156 2258/2347/2258
f 2255/2344/2255 2258/2347/2258 1550/1551/1551 1552/1553/1553
f 2257/2346/2257 2259/2348/2259 2258/2347/2258 2255/2344/2255
f 1150/1151/1151 2260/2349/2260 1612/1610/1610 1149/1152/1152
f 2260/2349/2260 2261/2350/2261 1616/1615/1615 1612/1610/1610
f 1153/1154/1154 2259/2348/2259 2260/2349/2260 1150/1151/1151
f 2259/2348/2259 2257/2346/2257 2261/2350/2261 2260/2349/2260
f 2262/2351/2262 1127/1130/1130 1128/1129/1129 1626/1626/1626
f 2256/2345/2256 1123/1124/1124 1127/1130/1130 2262/2351/2262
f 2261/2350/2261 2262/2351/2262 1626/1626/1626 1616/1615/1615
f 2257/2346/2257 2256/2345/2256 2262/2351/2262 2261/2350/2261
f 2005/2043/2006 2263/2352/2263 1666/1679/1665 684/687/687
f 2263/2352/2263 2264/2353/2264 1663/1678/1664 1666/1679/1665
f 2007/2045/2008 2265/2354/2265 2263/2352/2263 2005/2043/2006
f 2265/2354/2265 2266/2355/2266 2264/2353/2264 2263/2352/2263
f 2267/2356/2267 1990/2357/1991 666/1675/667 1661/1674/1662
f 2268/2358/2268 1986/2359/1987 1990/2357/1991 2267/2356/2267
f 2264/2353/2264 2267/2356/2267 1661/1674/1662 1663/1678/1664
f 2266/2355/2266 2268/2358/2268 2267/2356/2267 2264/2353/2264
f 1984/2360/1985 2269/2361/2269 1644/1648/1643 1180/1651/1181
f 2269/2361/2269 2270/2362/2270 1647/1654/1646 1644/1648/1643
f 1986/2359/1987 2268/2358/2268 2269/2361/2269 1984/2360/1985
f 2268/2358/2268 2266/2355/2266 2270/2362/2270 2269/2361/2269
f 2271/2363/2271 2009/2047/2010 1201/1204/1204 1653/1663/1654
f 2265/2354/2265 2007/2045/2008 2009/2047/2010 2271/2363/2271
f 2270/2362/2270 2271/2363/2271 1653/1663/1654 1647/1654/1646
f 2266/2355/2266 2265/2354/2265 2271/2363/2271 2270/2362/2270
f 1424/1425/1425 2272/2364/2272 1709/1732/1708 401/402/402
f 2272/2364/2272 2273/2365/2273 1706/1731/1707 1709/1732/1708
f 1426/1427/1427 2274/2366/2274 2272/2364/2272 1424/1425/1425
f 2274/2366/2274 2275/2367/2275 2273/2365/2273 2272/2364/2272
f 2276/2368/2276 1422/2369/1423 386/1728/389 1704/1727/1705
f 2277/2370/2277 1420/2371/1421 1422/2369/1423 2276/2368/2276
f 2273/2365/2273 2276/2368/2276 1704/1727/1705 1706/1731/1707
f 2275/2367/2275 2277/2370/2277 2276/2368/2276 2273/2365/2273
f 1417/2372/1418 2278/2373/2278 1684/2374/1682 1416/2375/1419
f 2278/2373/2278 2279/2376/2279 1688/2377/1687 1684/2374/1682
f 1420/2371/1421 2277/2370/2277 2278/2373/2278 1417/2372/1418
f 2277/2370/2277 2275/2367/2275 2279/2376/2279 2278/2373/2278
f 2280/2378/2280 1430/1433/1433 1431/1432/1432 1698/2379/1698
f 2274/2366/2274 1426/1427/1427 1430/1433/1433 2280/2378/2280
f 2279/2376/2279 2280/2378/2280 1698/2379/1698 1688/2377/1687
f 2275/2367/2275 2274/2366/2274 2280/2378/2280 2279/2376/2279
f 2282/2380/2281 2281/2381/2282 1774/1797/1773 971/972/972
f 2281/2381/2282 2283/2382/2283 1771/1796/1772 1774/1797/1773
f 2285/2383/2284 2284/2384/2285 2281/2381/2282 2282/2380/2281
f 2284/2384/2285 2286/2385/2286 2283/2382/2283 2281/2381/2282
f 2287/2386/2287 2212/2289/2213 996/999/999 1769/1794/1770
f 2288/2387/2288 2208/2284/2209 2212/2289/2213 2287/2386/2287
f 2283/2382/2283 2287/2386/2287 1769/1794/1770 1771/1796/1772
f 2286/2385/2286 2288/2387/2288 2287/2386/2287 2283/2382/2283
f 2206/2281/2207 2289/2388/2289 1748/2389/1747 1492/2282/1495
f 2289/2388/2289 2290/2390/2290 1751/2391/1750 1748/2389/1747
f 2208/2284/2209 2288/2387/2288 2289/2388/2289 2206/2281/2207
f 2288/2387/2288 2286/2385/2286 2290/2390/2290 2289/2388/2289
f 2292/2392/2291 2291/2393/2292 1760/2394/1761 1761/2395/1760
f 2284/2384/2285 2285/2383/2284 2291/2393/2292 2292/2392/2291
f 2290/2390/2290 2292/2392/2291 1761/2395/1760 1751/2391/1750
f 2286/2385/2286 2284/2384/2285 2292/2392/2291 2290/2390/2290
f 1242/1243/1243 2293/2396/2293 1724/1746/1722 1241/1244/1244
f 2293/2396/2293 2294/2397/2294 1720/1745/1721 1724/1746/1722
f 1245/1246/1246 2295/2398/2295 2293/2396/2293 1242/1243/1243
f 2295/2398/2295 2296/2399/2296 2294/2397/2294 2293/2396/2293
f 2297/2400/2297 1283/1284/1284 263/264/264 1718/1743/1719
f 2298/2401/2298 1281/1282/1282 1283/1284/1284 2297/2400/2297
f 2294/2397/2294 2297/2400/2297 1718/1743/1719 1720/1745/1721
f 2296/2399/2296 2298/2401/2298 2297/2400/2297 2294/2397/2294
f 1278/1279/1279 2299/2402/2299 1792/1814/1790 1277/1280/1280
f 2299/2402/2299 2300/2403/2300 1796/1819/1795 1792/1814/1790
f 1281/1282/1282 2298/2401/2298 2299/2402/2299 1278/1279/1279
f 2298/2401/2298 2296/2399/2296 2300/2403/2300 2299/2402/2299
f 2301/2404/2301 1250/1253/1253 1251/1252/1252 1806/1830/1806
f 2295/2398/2295 1245/1246/1246 1250/1253/1253 2301/2404/2301
f 2300/2403/2300 2301/2404/2301 1806/1830/1806 1796/1819/1795
f 2296/2399/2296 2295/2398/2295 2301/2404/2301 2300/2403/2300
f 1873/2405/1874 2302/2406/2302 1935/1963/1934 1091/1966/1094
f 2302/2406/2302 2303/2407/2303 1932/1962/1933 1935/1963/1934
f 1875/2408/1876 2304/2409/2304 2302/2406/2302 1873/2405/1874
f 2304/2409/2304 2305/2410/2305 2303/2407/2303 2302/2406/2302
f 2306/2411/2306 568/571/571 569/570/570 1930/1960/1931
f 2307/2412/2307 563/564/564 568/571/571 2306/2411/2306
f 2303/2407/2303 2306/2411/2306 1930/1960/1931 1932/1962/1933
f 2305/2410/2305 2307/2412/2307 2306/2411/2306 2303/2407/2303
f 560/561/561 2308/2413/2308 1945/1982/1946 559/562/562
f 2308/2413/2308 2309/2414/2309 1941/1977/1942 1945/1982/1946
f 563/564/564 2307/2412/2307 2308/2413/2308 560/561/561
f 2307/2412/2307 2305/2410/2305 2309/2414/2309 2308/2413/2308
f 2310/2415/2310 1878/2416/1877 1111/1975/1112 1939/1974/1940
f 2304/2409/2304 1875/2408/1876 1878/2416/1877 2310/2415/2310
f 2309/2414/2309 2310/2415/2310 1939/1974/1940 1941/1977/1942
f 2305/2410/2305 2304/2409/2304 2310/2415/2310 2309/2414/2309
f 1886/1911/1887 2311/2417/2311 1907/1932/1908 1046/1047/1047
f 2311/2417/2311 2312/2418/2312 1905/1930/1906 1907/1932/1908
f 1888/1913/1889 2313/2419/2313 2311/2417/2311 1886/1911/1887
f 2313/2419/2313 2314/2420/2314 2312/2418/2312 2311/2417/2311
f 2315/2421/2315 1865/1890/1866 514/517/517 1903/1928/1904
f 2316/2422/2316 1863/1888/1864 1865/1890/1866 2315/2421/2315
f 2312/2418/2312 2315/2421/2315 1903/1928/1904 1905/1930/1906
f 2314/2420/2314 2316/2422/2316 2315/2421/2315 2312/2418/2312
f 1861/1886/1862 2317/2423/2317 2089/2127/2090 841/842/842
f 2317/2423/2317 2318/2424/2318 2085/2123/2086 2089/2127/2090
f 1863/1888/1864 2316/2422/2316 2317/2423/2317 1861/1886/1862
f 2316/2422/2316 2314/2420/2314 2318/2424/2318 2317/2423/2317
f 2319/2425/2319 1891/1914/1890 1326/1327/1327 2083/2121/2084
f 2313/2419/2313 1888/1913/1889 1891/1914/1890 2319/2425/2319
f 2318/2424/2318 2319/2425/2319 2083/2121/2084 2085/2123/2086
f 2314/2420/2314 2313/2419/2313 2319/2425/2319 2318/2424/2318
f 57/56/56 2321/2426/2320 2320/2427/2321 56/57/57
f 2321/2426/2320 2323/2428/2322 2322/2429/2323 2320/2427/2321
f 59/60/60 2324/2430/2324 2321/2426/2320 57/56/56
f 2324/2430/2324 2325/2431/2325 2323/2428/2322 2321/2426/2320
f 2327/2432/2326 1104/1101/1101 1101/1104/1104 2326/2433/2327
f 2328/2434/2328 1108/1107/1107 1104/1101/1101 2327/2432/2326
f 2323/2428/2322 2327/2432/2326 2326/2433/2327 2322/2429/2323
f 2325/2431/2325 2328/2434/2328 2327/2432/2326 2323/2428/2322
f 1119/1120/1120 2330/2435/2329 2329/2436/2330 33/34/34
f 2330/2435/2329 2332/2437/2331 2331/2438/2332 2329/2436/2330
f 1108/1107/1107 2328/2434/2328 2330/2435/2329 1119/1120/1120
f 2328/2434/2328 2325/2431/2325 2332/2437/2331 2330/2435/2329
f 2334/2439/2333 64/61/61 61/64/64 2333/2440/2334
f 2324/2430/2324 59/60/60 64/61/61 2334/2439/2333
f 2332/2437/2331 2334/2439/2333 2333/2440/2334 2331/2438/2332
f 2325/2431/2325 2324/2430/2324 2334/2439/2333 2332/2437/2331
f 1826/1849/1825 2336/2441/2335 2335/2442/2336 1825/1850/1826
f 2336/2441/2335 2338/2443/2337 2337/2444/2338 2335/2442/2336
f 1812/1835/1811 2339/2445/2339 2336/2441/2335 1826/1849/1825
f 2339/2445/2339 2340/2446/2340 2338/2443/2337 2336/2441/2335
f 2342/2447/2341 1868/1891/1867 1098/1099/1099 2341/2448/2342
f 2343/2449/2343 1871/1894/1870 1868/1891/1867 2342/2447/2341
f 2338/2443/2337 2342/2447/2341 2341/2448/2342 2337/2444/2338
f 2340/2446/2340 2343/2449/2343 2342/2447/2341 2338/2443/2337
f 1880/1905/1881 2344/2450/2344 2326/2433/2327 1101/1104/1104
f 2344/2450/2344 2345/2451/2345 2322/2429/2323 2326/2433/2327
f 1871/1894/1870 2343/2449/2343 2344/2450/2344 1880/1905/1881
f 2343/2449/2343 2340/2446/2340 2345/2451/2345 2344/2450/2344
f 2346/2452/2346 1809/1832/1808 56/57/57 2320/2427/2321
f 2339/2445/2339 1812/1835/1811 1809/1832/1808 2346/2452/2346
f 2345/2451/2345 2346/2452/2346 2320/2427/2321 2322/2429/2323
f 2340/2446/2340 2339/2445/2339 2346/2452/2346 2345/2451/2345
f 1819/1844/1820 2348/2453/2347 2347/2454/2348 1818/1845/1821
f 2348/2453/2347 2350/2455/2349 2349/2456/2350 2347/2454/2348
f 1822/1847/1823 2351/2457/2351 2348/2453/2347 1819/1844/1820
f 2351/2457/2351 2352/2458/2352 2350/2455/2349 2348/2453/2347
f 2354/2459/2353 1079/1076/1076 1076/1079/1079 2353/2460/2354
f 2355/2461/2355 1083/1082/1082 1079/1076/1076 2354/2459/2353
f 2350/2455/2349 2354/2459/2353 2353/2460/2354 2349/2456/2350
f 2352/2458/2352 2355/2461/2355 2354/2459/2353 2350/2455/2349
f 1099/1098/1098 2356/2462/2356 2341/2448/2342 1098/1099/1099
f 2356/2462/2356 2357/2463/2357 2337/2444/2338 2341/2448/2342
f 1083/1082/1082 2355/2461/2355 2356/2462/2356 1099/1098/1098
f 2355/2461/2355 2352/2458/2352 2357/2463/2357 2356/2462/2356
f 2358/2464/2358 1824/1851/1827 1825/1850/1826 2335/2442/2336
f 2351/2457/2351 1822/1847/1823 1824/1851/1827 2358/2464/2358
f 2357/2463/2357 2358/2464/2358 2335/2442/2336 2337/2444/2338
f 2352/2458/2352 2351/2457/2351 2358/2464/2358 2357/2463/2357
f 1814/1839/1815 2360/2465/2359 2359/2466/2360 46/49/49
f 2360/2465/2359 2362/2467/2361 2361/2468/2362 2359/2466/2360
f 1816/1841/1817 2363/2469/2363 2360/2465/2359 1814/1839/1815
f 2363/2469/2363 2364/2470/2364 2362/2467/2361 2360/2465/2359
f 2366/2471/2365 1829/1852/1828 316/317/317 2365/2472/2366
f 2367/2473/2367 1832/1855/1831 1829/1852/1828 2366/2471/2365
f 2362/2467/2361 2366/2471/2365 2365/2472/2366 2361/2468/2362
f 2364/2470/2364 2367/2473/2367 2366/2471/2365 2362/2467/2361
f 1838/1863/1839 2368/2474/2368 2353/2460/2354 1076/1079/1079
f 2368/2474/2368 2369/2475/2369 2349/2456/2350 2353/2460/2354
f 1832/1855/1831 2367/2473/2367 2368/2474/2368 1838/1863/1839
f 2367/2473/2367 2364/2470/2364 2369/2475/2369 2368/2474/2368
f 2370/2476/2370 1821/1842/1818 1818/1845/1821 2347/2454/2348
f 2363/2469/2363 1816/1841/1817 1821/1842/1818 2370/2476/2370
f 2369/2475/2369 2370/2476/2370 2347/2454/2348 2349/2456/2350
f 2364/2470/2364 2363/2469/2363 2370/2476/2370 2369/2475/2369
f 69/68/68 2372/2477/2371 2371/2478/2372 68/69/69
f 2372/2477/2371 2374/2479/2373 2373/2480/2374 2371/2478/2372
f 53/52/52 2375/2481/2375 2372/2477/2371 69/68/68
f 2375/2481/2375 2376/2482/2376 2374/2479/2373 2372/2477/2371
f 2378/2483/2377 322/321/321 23/24/24 2377/2484/2378
f 2379/2485/2379 319/320/320 322/321/321 2378/2483/2377
f 2374/2479/2373 2378/2483/2377 2377/2484/2378 2373/2480/2374
f 2376/2482/2376 2379/2485/2379 2378/2483/2377 2374/2479/2373
f 317/316/316 2380/2486/2380 2365/2472/2366 316/317/317
f 2380/2486/2380 2381/2487/2381 2361/2468/2362 2365/2472/2366
f 319/320/320 2379/2485/2379 2380/2486/2380 317/316/316
f 2379/2485/2379 2376/2482/2376 2381/2487/2381 2380/2486/2380
f 2382/2488/2382 49/46/46 46/49/49 2359/2466/2360
f 2375/2481/2375 53/52/52 49/46/46 2382/2488/2382
f 2381/2487/2381 2382/2488/2382 2359/2466/2360 2361/2468/2362
f 2376/2482/2376 2375/2481/2375 2382/2488/2382 2381/2487/2381
f 2384/2489/2383 2383/2490/2384 32/35/35 33/34/34
f 2383/2490/2384 2385/2491/2385 28/29/29 32/35/35
f 2387/2492/2386 2386/2493/2387 2383/2490/2384 2384/2489/2383
f 2386/2493/2387 2388/2494/2388 2385/2491/2385 2383/2490/2384
f 2390/2495/2389 2389/2496/2390 23/24/24 26/27/27
f 2392/2497/2391 2391/2498/2392 2389/2496/2390 2390/2495/2389
f 2385/2491/2385 2390/2495/2389 26/27/27 28/29/29
f 2388/2494/2388 2392/2497/2391 2390/2495/2389 2385/2491/2385
f 2396/2499/2393 2395/2500/2394 2394/2501/2395 2393/2502/2396
f 2395/2500/2394 2398/2503/2397 2397/2504/2398 2394/2501/2395
f 2391/2498/2392 2392/2497/2391 2395/2500/2394 2396/2499/2393
f 2392/2497/2391 2388/2494/2388 2398/2503/2397 2395/2500/2394
f 2402/2505/2399 2401/2506/2400 2400/2507/2401 2399/2508/2402
f 2386/2493/2387 2387/2492/2386 2401/2506/2400 2402/2505/2399
f 2398/2503/2397 2402/2505/2399 2399/2508/2402 2397/2504/2398
f 2388/2494/2388 2386/2493/2387 2402/2505/2399 2398/2503/2397
f 2401/2506/2400 2404/2509/2403 2403/2510/2404 2400/2507/2401
f 2404/2509/2403 2406/2511/2405 2405/2512/2406 2403/2510/2404
f 2387/2492/2386 2407/2513/2407 2404/2509/2403 2401/2506/2400
f 2407/2513/2407 2408/2514/2408 2406/2511/2405 2404/2509/2403
f 2412/2515/2409 2411/2516/2410 2410/2517/2411 2409/2518/2412
f 2414/2519/2413 2413/2520/2414 2411/2516/2410 2412/2515/2409
f 2406/2511/2405 2412/2515/2409 2409/2518/2412 2405/2512/2406
f 2408/2514/2408 2414/2519/2413 2412/2515/2409 2406/2511/2405
f 2416/2521/2415 2415/2522/2416 2333/2440/2334 61/64/64
f 2415/2522/2416 2417/2523/2417 2331/2438/2332 2333/2440/2334
f 2413/2520/2414 2414/2519/2413 2415/2522/2416 2416/2521/2415
f 2414/2519/2413 2408/2514/2408 2417/2523/2417 2415/2522/2416
f 2418/2524/2418 2384/2489/2383 33/34/34 2329/2436/2330
f 2407/2513/2407 2387/2492/2386 2384/2489/2383 2418/2524/2418
f 2417/2523/2417 2418/2524/2418 2329/2436/2330 2331/2438/2332
f 2408/2514/2408 2407/2513/2407 2418/2524/2418 2417/2523/2417
f 2420/2525/2419 2419/2526/2420 67/70/70 68/69/69
f 2419/2526/2420 2421/2527/2421 65/66/66 67/70/70
f 2423/2528/2422 2422/2529/2423 2419/2526/2420 2420/2525/2419
f 2422/2529/2423 2424/2530/2424 2421/2527/2421 2419/2526/2420
f 2425/2531/2425 2416/2521/2415 61/64/64 62/63/63
f 2426/2532/2426 2413/2520/2414 2416/2521/2415 2425/2531/2425
f 2421/2527/2421 2425/2531/2425 62/63/63 65/66/66
f 2424/2530/2424 2426/2532/2426 2425/2531/2425 2421/2527/2421
f 2411/2516/2410 2428/2533/2427 2427/2534/2428 2410/2517/2411
f 2428/2533/2427 2430/2535/2429 2429/2536/2430 2427/2534/2428
f 2413/2520/2414 2426/2532/2426 2428/2533/2427 2411/2516/2410
f 2426/2532/2426 2424/2530/2424 2430/2535/2429 2428/2533/2427
f 2434/2537/2431 2433/2538/2432 2432/2539/2433 2431/2540/2434
f 2422/2529/2423 2423/2528/2422 2433/2538/2432 2434/2537/2431
f 2430/2535/2429 2434/2537/2431 2431/2540/2434 2429/2536/2430
f 2424/2530/2424 2422/2529/2423 2434/2537/2431 2430/2535/2429
f 2433/2538/2432 2436/2541/2435 2435/2542/2436 2432/2539/2433
f 2436/2541/2435 2438/2543/2437 2437/2544/2438 2435/2542/2436
f 2423/2528/2422 2439/2545/2439 2436/2541/2435 2433/2538/2432
f 2439/2545/2439 2440/2546/2440 2438/2543/2437 2436/2541/2435
f 2442/2547/2441 2396/2499/2393 2393/2502/2396 2441/2548/2442
f 2443/2549/2443 2391/2498/2392 2396/2499/2393 2442/2547/2441
f 2438/2543/2437 2442/2547/2441 2441/2548/2442 2437/2544/2438
f 2440/2546/2440 2443/2549/2443 2442/2547/2441 2438/2543/2437
f 2389/2496/2390 2444/2550/2444 2377/2484/2378 23/24/24
f 2444/2550/2444 2445/2551/2445 2373/2480/2374 2377/2484/2378
f 2391/2498/2392 2443/2549/2443 2444/2550/2444 2389/2496/2390
f 2443/2549/2443 2440/2546/2440 2445/2551/2445 2444/2550/2444
f 2446/2552/2446 2420/2525/2419 68/69/69 2371/2478/2372
f 2439/2545/2439 2423/2528/2422 2420/2525/2419 2446/2552/2446
f 2445/2551/2445 2446/2552/2446 2371/2478/2372 2373/2480/2374
f 2440/2546/2440 2439/2545/2439 2446/2552/2446 2445/2551/2445
f 2448/2553/2447 2447/2554/2448 2399/2555/2402 2400/2556/2401
f 2447/2554/2448 2449/2557/2449 2397/2557/2398 2399/2555/2402
f 2451/2558/2450 2450/2559/2451 2393/2560/2396 2394/2561/2395
f 2449/2557/2449 2451/2558/2450 2394/2561/2395 2397/2557/2398
f 2452/2562/2452 2453/2563/2453 2405/2564/2406 2409/2565/2412
f 2454/2566/2454 2448/2553/2447 2400/2556/2401 2403/2567/2404
f 2453/2563/2453 2454/2566/2454 2403/2567/2404 2405/2564/2406
f 2456/2568/2455 2455/2569/2456 2431/2569/2434 2432/2570/2433
f 2455/2569/2456 2457/2571/2457 2429/2571/2430 2431/2569/2434
f 2457/2571/2457 2458/2572/2458 2427/2573/2428 2429/2571/2430
f 2435/2574/2436 2459/2575/2459 2456/2568/2455 2432/2570/2433
f 2437/2576/2438 2460/2577/2460 2459/2575/2459 2435/2574/2436
f 2461/2578/2461 2441/2579/2442 2393/2560/2396 2450/2559/2451
f 2460/2577/2460 2437/2576/2438 2441/2579/2442 2461/2578/2461
f 2465/2580/2462 2464/2581/2463 2463/2582/2464 2462/2583/2465
f 2464/2581/2463 2467/2584/2466 2466/2585/2467 2463/2582/2464
f 2469/2586/2468 2468/2587/2469 2464/2581/2463 2465/2580/2462
f 2468/2587/2469 2470/2588/2470 2467/2584/2466 2464/2581/2463
f 2474/2589/2471 2473/2590/2472 2472/2591/2473 2471/2592/2474
f 2476/2593/2475 2475/2594/2476 2473/2590/2472 2474/2589/2471
f 2467/2584/2466 2474/2589/2471 2471/2592/2474 2466/2585/2467
f 2470/2588/2470 2476/2593/2475 2474/2589/2471 2467/2584/2466
f 2480/2595/2477 2479/2596/2478 2478/2597/2479 2477/2598/2480
f 2479/2596/2478 2482/2599/2481 2481/2600/2482 2478/2597/2479
f 2475/2594/2476 2476/2593/2475 2479/2596/2478 2480/2595/2477
f 2476/2593/2475 2470/2588/2470 2482/2599/2481 2479/2596/2478
f 2486/2601/2483 2485/2602/2484 2484/2603/2485 2483/2604/2486
f 2468/2587/2469 2469/2586/2468 2485/2602/2484 2486/2601/2483
f 2482/2599/2481 2486/2601/2483 2483/2604/2486 2481/2600/2482
f 2470/2588/2470 2468/2587/2469 2486/2601/2483 2482/2599/2481
f 2488/2605/2487 2487/2606/2488 2471/2592/2474 2472/2591/2473
f 2487/2606/2488 2489/2607/2489 2466/2585/2467 2471/2592/2474
f 2491/2608/2490 2490/2609/2491 2487/2606/2488 2488/2605/2487
f 2490/2609/2491 2492/2610/2492 2489/2607/2489 2487/2606/2488
f 2494/2611/2493 2493/2612/2494 2462/2583/2465 2463/2582/2464
f 2496/2613/2495 2495/2614/2496 2493/2612/2494 2494/2611/2493
f 2489/2607/2489 2494/2611/2493 2463/2582/2464 2466/2585/2467
f 2492/2610/2492 2496/2613/2495 2494/2611/2493 2489/2607/2489
f 2500/2615/2497 2499/2616/2498 2498/2617/2499 2497/2618/2500
f 2499/2616/2498 2502/2619/2501 2501/2620/2502 2498/2617/2499
f 2495/2614/2496 2496/2613/2495 2499/2616/2498 2500/2615/2497
f 2496/2613/2495 2492/2610/2492 2502/2619/2501 2499/2616/2498
f 2506/2621/2503 2505/2622/2504 2504/2623/2505 2503/2624/2506
f 2490/2609/2491 2491/2608/2490 2505/2622/2504 2506/2621/2503
f 2502/2619/2501 2506/2621/2503 2503/2624/2506 2501/2620/2502
f 2492/2610/2492 2490/2609/2491 2506/2621/2503 2502/2619/2501
f 2510/2625/2507 2509/2626/2508 2508/2627/2509 2507/2628/2510
f 2509/2626/2508 2512/2629/2511 2511/2630/2512 2508/2627/2509
f 2514/2631/2513 2513/2632/2514 2509/2626/2508 2510/2625/2507
f 2513/2632/2514 2515/2633/2515 2512/2629/2511 2509/2626/2508
f 2519/2634/2516 2518/2635/2517 2517/2636/2518 2516/2637/2519
f 2521/2638/2520 2520/2639/2521 2518/2635/2517 2519/2634/2516
f 2512/2629/2511 2519/2634/2516 2516/2637/2519 2511/2630/2512
f 2515/2633/2515 2521/2638/2520 2519/2634/2516 2512/2629/2511
f 2525/2640/2522 2524/2641/2523 2523/2642/2524 2522/2643/2525
f 2524/2641/2523 2527/2644/2526 2526/2645/2527 2523/2642/2524
f 2520/2639/2521 2521/2638/2520 2524/2641/2523 2525/2640/2522
f 2521/2638/2520 2515/2633/2515 2527/2644/2526 2524/2641/2523
f 2531/2646/2528 2530/2647/2529 2529/2648/2530 2528/2649/2531
f 2513/2632/2514 2514/2631/2513 2530/2647/2529 2531/2646/2528
f 2527/2644/2526 2531/2646/2528 2528/2649/2531 2526/2645/2527
f 2515/2633/2515 2513/2632/2514 2531/2646/2528 2527/2644/2526
f 2485/2602/2484 2533/2650/2532 2532/2651/2533 2484/2603/2485
f 2533/2650/2532 2535/2652/2534 2534/2653/2535 2532/2651/2533
f 2469/2586/2468 2536/2654/2536 2533/2650/2532 2485/2602/2484
f 2536/2654/2536 2537/2655/2537 2535/2652/2534 2533/2650/2532
f 2541/2656/2538 2540/2657/2539 2539/2658/2540 2538/2659/2541
f 2543/2660/2542 2542/2661/2543 2540/2657/2539 2541/2656/2538
f 2535/2652/2534 2541/2656/2538 2538/2659/2541 2534/2653/2535
f 2537/2655/2537 2543/2660/2542 2541/2656/2538 2535/2652/2534
f 2547/2662/2544 2546/2663/2545 2545/2664/2546 2544/2665/2547
f 2546/2663/2545 2549/2666/2548 2548/2667/2549 2545/2664/2546
f 2542/2661/2543 2543/2660/2542 2546/2663/2545 2547/2662/2544
f 2543/2660/2542 2537/2655/2537 2549/2666/2548 2546/2663/2545
f 2551/2668/2550 2465/2580/2462 2462/2583/2465 2550/2669/2551
f 2536/2654/2536 2469/2586/2468 2465/2580/2462 2551/2668/2550
f 2549/2666/2548 2551/2668/2550 2550/2669/2551 2548/2667/2549
f 2537/2655/2537 2536/2654/2536 2551/2668/2550 2549/2666/2548
f 2555/2670/2552 2554/2671/2553 2553/2672/2554 2552/2673/2555
f 2554/2671/2553 2557/2674/2556 2556/2675/2557 2553/2672/2554
f 2559/2676/2558 2558/2677/2559 2554/2671/2553 2555/2670/2552
f 2558/2677/2559 2560/2678/2560 2557/2674/2556 2554/2671/2553
f 2564/2679/2561 2563/2680/2562 2562/2681/2563 2561/2682/2564
f 2566/2683/2565 2565/2684/2566 2563/2680/2562 2564/2679/2561
f 2557/2674/2556 2564/2679/2561 2561/2682/2564 2556/2675/2557
f 2560/2678/2560 2566/2683/2565 2564/2679/2561 2557/2674/2556
f 2570/2685/2567 2569/2686/2568 2568/2687/2569 2567/2688/2570
f 2569/2686/2568 2572/2689/2571 2571/2690/2572 2568/2687/2569
f 2565/2684/2566 2566/2683/2565 2569/2686/2568 2570/2685/2567
f 2566/2683/2565 2560/2678/2560 2572/2689/2571 2569/2686/2568
f 2576/2691/2573 2575/2692/2574 2574/2693/2575 2573/2694/2576
f 2558/2677/2559 2559/2676/2558 2575/2692/2574 2576/2691/2573
f 2572/2689/2571 2576/2691/2573 2573/2694/2576 2571/2690/2572
f 2560/2678/2560 2558/2677/2559 2576/2691/2573 2572/2689/2571
f 2563/2680/2562 2578/2695/2577 2577/2696/2578 2562/2681/2563
f 2578/2695/2577 2580/2697/2579 2579/2698/2580 2577/2696/2578
f 2565/2684/2566 2581/2699/2581 2578/2695/2577 2563/2680/2562
f 2581/2699/2581 2582/2700/2582 2580/2697/2579 2578/2695/2577
f 2586/2701/2583 2585/2702/2584 2584/2703/2585 2583/2704/2586
f 2588/2705/2587 2587/2706/2588 2585/2702/2584 2586/2701/2583
f 2580/2697/2579 2586/2701/2583 2583/2704/2586 2579/2698/2580
f 2582/2700/2582 2588/2705/2587 2586/2701/2583 2580/2697/2579
f 2592/2707/2589 2591/2708/2590 2590/2709/2591 2589/2710/2592
f 2591/2708/2590 2594/2711/2593 2593/2712/2594 2590/2709/2591
f 2587/2706/2588 2588/2705/2587 2591/2708/2590 2592/2707/2589
f 2588/2705/2587 2582/2700/2582 2594/2711/2593 2591/2708/2590
f 2596/2713/2595 2570/2685/2567 2567/2688/2570 2595/2714/2596
f 2581/2699/2581 2565/2684/2566 2570/2685/2567 2596/2713/2595
f 2594/2711/2593 2596/2713/2595 2595/2714/2596 2593/2712/2594
f 2582/2700/2582 2581/2699/2581 2596/2713/2595 2594/2711/2593
f 2585/2702/2584 2598/2715/2597 2597/2716/2598 2584/2703/2585
f 2598/2715/2597 2600/2717/2599 2599/2718/2600 2597/2716/2598
f 2587/2706/2588 2601/2719/2601 2598/2715/2597 2585/2702/2584
f 2601/2719/2601 2602/2720/2602 2600/2717/2599 2598/2715/2597
f 2606/2721/2603 2605/2722/2604 2604/2723/2605 2603/2724/2606
f 2608/2725/2607 2607/2726/2608 2605/2722/2604 2606/2721/2603
f 2600/2717/2599 2606/2721/2603 2603/2724/2606 2599/2718/2600
f 2602/2720/2602 2608/2725/2607 2606/2721/2603 2600/2717/2599
f 2612/2727/2609 2611/2728/2610 2610/2729/2611 2609/2730/2612
f 2611/2728/2610 2614/2731/2613 2613/2732/2614 2610/2729/2611
f 2607/2726/2608 2608/2725/2607 2611/2728/2610 2612/2727/2609
f 2608/2725/2607 2602/2720/2602 2614/2731/2613 2611/2728/2610
f 2616/2733/2615 2592/2707/2589 2589/2710/2592 2615/2734/2616
f 2601/2719/2601 2587/2706/2588 2592/2707/2589 2616/2733/2615
f 2614/2731/2613 2616/2733/2615 2615/2734/2616 2613/2732/2614
f 2602/2720/2602 2601/2719/2601 2616/2733/2615 2614/2731/2613
f 2620/2735/2617 2619/2736/2618 2618/2737/2619 2617/2738/2620
f 2619/2736/2618 2622/2739/2621 2621/2740/2622 2618/2737/2619
f 2624/2741/2623 2623/2742/2624 2619/2736/2618 2620/2735/2617
f 2623/2742/2624 2625/2743/2625 2622/2739/2621 2619/2736/2618
f 2629/2744/2626 2628/2745/2627 2627/2746/2628 2626/2747/2629
f 2631/2748/2630 2630/2749/2631 2628/2745/2627 2629/2744/2626
f 2622/2739/2621 2629/2744/2626 2626/2747/2629 2621/2740/2622
f 2625/2743/2625 2631/2748/2630 2629/2744/2626 2622/2739/2621
f 2635/2750/2632 2634/2751/2633 2633/2752/2634 2632/2753/2635
f 2634/2751/2633 2637/2754/2636 2636/2755/2637 2633/2752/2634
f 2630/2749/2631 2631/2748/2630 2634/2751/2633 2635/2750/2632
f 2631/2748/2630 2625/2743/2625 2637/2754/2636 2634/2751/2633
f 2641/2756/2638 2640/2757/2639 2639/2758/2640 2638/2759/2641
f 2623/2742/2624 2624/2741/2623 2640/2757/2639 2641/2756/2638
f 2637/2754/2636 2641/2756/2638 2638/2759/2641 2636/2755/2637
f 2625/2743/2625 2623/2742/2624 2641/2756/2638 2637/2754/2636
f 2643/2760/2642 2642/2761/2643 2635/2750/2632 2632/2753/2635
f 2642/2761/2643 2644/2762/2644 2630/2749/2631 2635/2750/2632
f 2646/2763/2645 2645/2764/2646 2642/2761/2643 2643/2760/2642
f 2645/2764/2646 2647/2765/2647 2644/2762/2644 2642/2761/2643
f 2649/2766/2648 2648/2767/2649 2627/2746/2628 2628/2745/2627
f 2651/2768/2650 2650/2769/2651 2648/2767/2649 2649/2766/2648
f 2644/2762/2644 2649/2766/2648 2628/2745/2627 2630/2749/2631
f 2647/2765/2647 2651/2768/2650 2649/2766/2648 2644/2762/2644
f 2655/2770/2652 2654/2771/2653 2653/2772/2654 2652/2773/2655
f 2654/2771/2653 2657/2774/2656 2656/2775/2657 2653/2772/2654
f 2650/2769/2651 2651/2768/2650 2654/2771/2653 2655/2770/2652
f 2651/2768/2650 2647/2765/2647 2657/2774/2656 2654/2771/2653
f 2661/2776/2658 2660/2777/2659 2659/2778/2660 2658/2779/2661
f 2645/2764/2646 2646/2763/2645 2660/2777/2659 2661/2776/2658
f 2657/2774/2656 2661/2776/2658 2658/2779/2661 2656/2775/2657
f 2647/2765/2647 2645/2764/2646 2661/2776/2658 2657/2774/2656
f 2663/2780/2662 2662/2781/2663 2658/2779/2661 2659/2778/2660
f 2662/2781/2663 2664/2782/2664 2656/2775/2657 2658/2779/2661
f 2666/2783/2665 2665/2784/2666 2662/2781/2663 2663/2780/2662
f 2665/2784/2666 2667/2785/2667 2664/2782/2664 2662/2781/2663
f 2669/2786/2668 2668/2787/2669 2652/2773/2655 2653/2772/2654
f 2671/2788/2670 2670/2789/2671 2668/2787/2669 2669/2786/2668
f 2664/2782/2664 2669/2786/2668 2653/2772/2654 2656/2775/2657
f 2667/2785/2667 2671/2788/2670 2669/2786/2668 2664/2782/2664
f 2675/2790/2672 2674/2791/2673 2673/2792/2674 2672/2793/2675
f 2674/2791/2673 2677/2794/2676 2676/2795/2677 2673/2792/2674
f 2670/2789/2671 2671/2788/2670 2674/2791/2673 2675/2790/2672
f 2671/2788/2670 2667/2785/2667 2677/2794/2676 2674/2791/2673
f 2681/2796/2678 2680/2797/2679 2679/2798/2680 2678/2799/2681
f 2665/2784/2666 2666/2783/2665 2680/2797/2679 2681/2796/2678
f 2677/2794/2676 2681/2796/2678 2678/2799/2681 2676/2795/2677
f 2667/2785/2667 2665/2784/2666 2681/2796/2678 2677/2794/2676
f 2683/2800/2682 2682/2801/2683 2678/2799/2681 2679/2798/2680
f 2682/2801/2683 2684/2802/2684 2676/2795/2677 2678/2799/2681
f 2686/2803/2685 2685/2804/2686 2682/2801/2683 2683/2800/2682
f 2685/2804/2686 2687/2805/2687 2684/2802/2684 2682/2801/2683
f 2689/2806/2688 2688/2807/2689 2672/2793/2675 2673/2792/2674
f 2691/2808/2690 2690/2809/2691 2688/2807/2689 2689/2806/2688
f 2684/2802/2684 2689/2806/2688 2673/2792/2674 2676/2795/2677
f 2687/2805/2687 2691/2808/2690 2689/2806/2688 2684/2802/2684
f 2695/2810/2692 2694/2811/2693 2693/2812/2694 2692/2813/2695
f 2694/2811/2693 2697/2814/2696 2696/2815/2697 2693/2812/2694
f 2690/2809/2691 2691/2808/2690 2694/2811/2693 2695/2810/2692
f 2691/2808/2690 2687/2805/2687 2697/2814/2696 2694/2811/2693
f 2701/2816/2698 2700/2817/2699 2699/2818/2700 2698/2819/2701
f 2685/2804/2686 2686/2803/2685 2700/2817/2699 2701/2816/2698
f 2697/2814/2696 2701/2816/2698 2698/2819/2701 2696/2815/2697
f 2687/2805/2687 2685/2804/2686 2701/2816/2698 2697/2814/2696
f 2705/2820/2702 2704/2821/2703 2703/2822/2704 2702/2823/2705
f 2704/2821/2703 2707/2824/2706 2706/2825/2707 2703/2822/2704
f 2709/2826/2708 2708/2827/2709 2704/2821/2703 2705/2820/2702
f 2708/2827/2709 2710/2828/2710 2707/2824/2706 2704/2821/2703
f 2714/2829/2711 2713/2830/2712 2712/2831/2713 2711/2832/2714
f 2716/2833/2715 2715/2834/2716 2713/2830/2712 2714/2829/2711
f 2707/2824/2706 2714/2829/2711 2711/2832/2714 2706/2825/2707
f 2710/2828/2710 2716/2833/2715 2714/2829/2711 2707/2824/2706
f 2720/2835/2717 2719/2836/2718 2718/2837/2719 2717/2838/2720
f 2719/2836/2718 2722/2839/2721 2721/2840/2722 2718/2837/2719
f 2715/2834/2716 2716/2833/2715 2719/2836/2718 2720/2835/2717
f 2716/2833/2715 2710/2828/2710 2722/2839/2721 2719/2836/2718
f 2726/2841/2723 2725/2842/2724 2724/2843/2725 2723/2844/2726
f 2708/2827/2709 2709/2826/2708 2725/2842/2724 2726/2841/2723
f 2722/2839/2721 2726/2841/2723 2723/2844/2726 2721/2840/2722
f 2710/2828/2710 2708/2827/2709 2726/2841/2723 2722/2839/2721
f 2728/2845/2727 2727/2846/2728 2723/2844/2726 2724/2843/2725
f 2727/2846/2728 2729/2847/2729 2721/2840/2722 2723/2844/2726
f 2731/2848/2730 2730/2849/2731 2727/2846/2728 2728/2845/2727
f 2730/2849/2731 2732/2850/2732 2729/2847/2729 2727/2846/2728
f 2734/2851/2733 2733/2852/2734 2717/2838/2720 2718/2837/2719
f 2736/2853/2735 2735/2854/2736 2733/2852/2734 2734/2851/2733
f 2729/2847/2729 2734/2851/2733 2718/2837/2719 2721/2840/2722
f 2732/2850/2732 2736/2853/2735 2734/2851/2733 2729/2847/2729
f 2740/2855/2737 2739/2856/2738 2738/2857/2739 2737/2858/2740
f 2739/2856/2738 2742/2859/2741 2741/2860/2742 2738/2857/2739
f 2735/2854/2736 2736/2853/2735 2739/2856/2738 2740/2855/2737
f 2736/2853/2735 2732/2850/2732 2742/2859/2741 2739/2856/2738
f 2746/2861/2743 2745/2862/2744 2744/2863/2745 2743/2864/2746
f 2730/2849/2731 2731/2848/2730 2745/2862/2744 2746/2861/2743
f 2742/2859/2741 2746/2861/2743 2743/2864/2746 2741/2860/2742
f 2732/2850/2732 2730/2849/2731 2746/2861/2743 2742/2859/2741
f 2748/2865/2747 2747/2866/2748 2743/2864/2746 2744/2863/2745
f 2747/2866/2748 2749/2867/2749 2741/2860/2742 2743/2864/2746
f 2751/2868/2750 2750/2869/2751 2747/2866/2748 2748/2865/2747
f 2750/2869/2751 2752/2870/2752 2749/2867/2749 2747/2866/2748
f 2754/2871/2753 2753/2872/2754 2737/2858/2740 2738/2857/2739
f 2756/2873/2755 2755/2874/2756 2753/2872/2754 2754/2871/2753
f 2749/2867/2749 2754/2871/2753 2738/2857/2739 2741/2860/2742
f 2752/2870/2752 2756/2873/2755 2754/2871/2753 2749/2867/2749
f 2758/2875/2757 2757/2876/2758 301/298/298 298/301/301
f 2757/2876/2758 2759/2877/2759 296/297/297 301/298/298
f 2755/2874/2756 2756/2873/2755 2757/2876/2758 2758/2875/2757
f 2756/2873/2755 2752/2870/2752 2759/2877/2759 2757/2876/2758
f 2761/2878/2760 2760/2879/2761 293/294/294 294/293/293
f 2750/2869/2751 2751/2868/2750 2760/2879/2761 2761/2878/2760
f 2759/2877/2759 2761/2878/2760 294/293/293 296/297/297
f 2752/2870/2752 2750/2869/2751 2761/2878/2760 2759/2877/2759
f 2765/2880/2762 2764/2881/2763 2763/2882/2764 2762/2883/2765
f 2764/2881/2763 2767/2884/2766 2766/2885/2767 2763/2882/2764
f 2769/2886/2768 2768/2887/2769 2764/2881/2763 2765/2880/2762
f 2768/2887/2769 2770/2888/2770 2767/2884/2766 2764/2881/2763
f 2772/2889/2771 2480/2595/2477 2477/2598/2480 2771/2890/2772
f 2773/2891/2773 2475/2594/2476 2480/2595/2477 2772/2889/2771
f 2767/2884/2766 2772/2889/2771 2771/2890/2772 2766/2885/2767
f 2770/2888/2770 2773/2891/2773 2772/2889/2771 2767/2884/2766
f 2473/2590/2472 2775/2892/2774 2774/2893/2775 2472/2591/2473
f 2775/2892/2774 2777/2894/2776 2776/2895/2777 2774/2893/2775
f 2475/2594/2476 2773/2891/2773 2775/2892/2774 2473/2590/2472
f 2773/2891/2773 2770/2888/2770 2777/2894/2776 2775/2892/2774
f 2781/2896/2778 2780/2897/2779 2779/2898/2780 2778/2899/2781
f 2768/2887/2769 2769/2886/2768 2780/2897/2779 2781/2896/2778
f 2777/2894/2776 2781/2896/2778 2778/2899/2781 2776/2895/2777
f 2770/2888/2770 2768/2887/2769 2781/2896/2778 2777/2894/2776
f 2493/2612/2494 2782/2900/2782 2550/2669/2551 2462/2583/2465
f 2782/2900/2782 2783/2901/2783 2548/2667/2549 2550/2669/2551
f 2495/2614/2496 2784/2902/2784 2782/2900/2782 2493/2612/2494
f 2784/2902/2784 2785/2903/2785 2783/2901/2783 2782/2900/2782
f 2787/2904/2786 2786/2905/2787 2544/2665/2547 2545/2664/2546
f 2789/2906/2788 2788/2907/2789 2786/2905/2787 2787/2904/2786
f 2783/2901/2783 2787/2904/2786 2545/2664/2546 2548/2667/2549
f 2785/2903/2785 2789/2906/2788 2787/2904/2786 2783/2901/2783
f 2793/2908/2790 2792/2909/2791 2791/2910/2792 2790/2911/2793
f 2792/2909/2791 2795/2912/2794 2794/2913/2795 2791/2910/2792
f 2788/2907/2789 2789/2906/2788 2792/2909/2791 2793/2908/2790
f 2789/2906/2788 2785/2903/2785 2795/2912/2794 2792/2909/2791
f 2797/2914/2796 2500/2615/2497 2497/2618/2500 2796/2915/2797
f 2784/2902/2784 2495/2614/2496 2500/2615/2497 2797/2914/2796
f 2795/2912/2794 2797/2914/2796 2796/2915/2797 2794/2913/2795
f 2785/2903/2785 2784/2902/2784 2797/2914/2796 2795/2912/2794
f 2799/2916/2798 2798/2917/2799 2573/2694/2576 2574/2693/2575
f 2798/2917/2799 2800/2918/2800 2571/2690/2572 2573/2694/2576
f 2802/2919/2801 2801/2920/2802 2798/2917/2799 2799/2916/2798
f 2801/2920/2802 2803/2921/2803 2800/2918/2800 2798/2917/2799
f 2805/2922/2804 2804/2923/2805 2567/2688/2570 2568/2687/2569
f 2807/2924/2806 2806/2925/2807 2804/2923/2805 2805/2922/2804
f 2800/2918/2800 2805/2922/2804 2568/2687/2569 2571/2690/2572
f 2803/2921/2803 2807/2924/2806 2805/2922/2804 2800/2918/2800
f 2811/2926/2808 2810/2927/2809 2809/2928/2810 2808/2929/2811
f 2810/2927/2809 2813/2930/2812 2812/2931/2813 2809/2928/2810
f 2806/2925/2807 2807/2924/2806 2810/2927/2809 2811/2926/2808
f 2807/2924/2806 2803/2921/2803 2813/2930/2812 2810/2927/2809
f 2817/2932/2814 2816/2933/2815 2815/2934/2816 2814/2935/2817
f 2801/2920/2802 2802/2919/2801 2816/2933/2815 2817/2932/2814
f 2813/2930/2812 2817/2932/2814 2814/2935/2817 2812/2931/2813
f 2803/2921/2803 2801/2920/2802 2817/2932/2814 2813/2930/2812
f 2804/2923/2805 2818/2936/2818 2595/2714/2596 2567/2688/2570
f 2818/2936/2818 2819/2937/2819 2593/2712/2594 2595/2714/2596
f 2806/2925/2807 2820/2938/2820 2818/2936/2818 2804/2923/2805
f 2820/2938/2820 2821/2939/2821 2819/2937/2819 2818/2936/2818
f 2823/2940/2822 2822/2941/2823 2589/2710/2592 2590/2709/2591
f 2825/2942/2824 2824/2943/2825 2822/2941/2823 2823/2940/2822
f 2819/2937/2819 2823/2940/2822 2590/2709/2591 2593/2712/2594
f 2821/2939/2821 2825/2942/2824 2823/2940/2822 2819/2937/2819
f 2829/2944/2826 2828/2945/2827 2827/2946/2828 2826/2947/2829
f 2828/2945/2827 2831/2948/2830 2830/2949/2831 2827/2946/2828
f 2824/2943/2825 2825/2942/2824 2828/2945/2827 2829/2944/2826
f 2825/2942/2824 2821/2939/2821 2831/2948/2830 2828/2945/2827
f 2833/2950/2832 2811/2926/2808 2808/2929/2811 2832/2951/2833
f 2820/2938/2820 2806/2925/2807 2811/2926/2808 2833/2950/2832
f 2831/2948/2830 2833/2950/2832 2832/2951/2833 2830/2949/2831
f 2821/2939/2821 2820/2938/2820 2833/2950/2832 2831/2948/2830
f 2822/2941/2823 2834/2952/2834 2615/2734/2616 2589/2710/2592
f 2834/2952/2834 2835/2953/2835 2613/2732/2614 2615/2734/2616
f 2824/2943/2825 2836/2954/2836 2834/2952/2834 2822/2941/2823
f 2836/2954/2836 2837/2955/2837 2835/2953/2835 2834/2952/2834
f 2839/2956/2838 2838/2957/2839 2609/2730/2612 2610/2729/2611
f 2841/2958/2840 2840/2959/2841 2838/2957/2839 2839/2956/2838
f 2835/2953/2835 2839/2956/2838 2610/2729/2611 2613/2732/2614
f 2837/2955/2837 2841/2958/2840 2839/2956/2838 2835/2953/2835
f 2845/2960/2842 2844/2961/2843 2843/2962/2844 2842/2963/2845
f 2844/2961/2843 2847/2964/2846 2846/2965/2847 2843/2962/2844
f 2840/2959/2841 2841/2958/2840 2844/2961/2843 2845/2960/2842
f 2841/2958/2840 2837/2955/2837 2847/2964/2846 2844/2961/2843
f 2849/2966/2848 2829/2944/2826 2826/2947/2829 2848/2967/2849
f 2836/2954/2836 2824/2943/2825 2829/2944/2826 2849/2966/2848
f 2847/2964/2846 2849/2966/2848 2848/2967/2849 2846/2965/2847
f 2837/2955/2837 2836/2954/2836 2849/2966/2848 2847/2964/2846
f 2851/2968/2850 2850/2969/2851 2638/2759/2641 2639/2758/2640
f 2850/2969/2851 2852/2970/2852 2636/2755/2637 2638/2759/2641
f 2854/2971/2853 2853/2972/2854 2850/2969/2851 2851/2968/2850
f 2853/2972/2854 2855/2973/2855 2852/2970/2852 2850/2969/2851
f 2857/2974/2856 2856/2975/2857 2632/2753/2635 2633/2752/2634
f 2859/2976/2858 2858/2977/2859 2856/2975/2857 2857/2974/2856
f 2852/2970/2852 2857/2974/2856 2633/2752/2634 2636/2755/2637
f 2855/2973/2855 2859/2976/2858 2857/2974/2856 2852/2970/2852
f 2863/2978/2860 2862/2979/2861 2861/2980/2862 2860/2981/2863
f 2862/2979/2861 2865/2982/2864 2864/2983/2865 2861/2980/2862
f 2858/2977/2859 2859/2976/2858 2862/2979/2861 2863/2978/2860
f 2859/2976/2858 2855/2973/2855 2865/2982/2864 2862/2979/2861
f 2869/2984/2866 2868/2985/2867 2867/2986/2868 2866/2987/2869
f 2853/2972/2854 2854/2971/2853 2868/2985/2867 2869/2984/2866
f 2865/2982/2864 2869/2984/2866 2866/2987/2869 2864/2983/2865
f 2855/2973/2855 2853/2972/2854 2869/2984/2866 2865/2982/2864
f 2871/2988/2870 2870/2989/2871 2863/2978/2860 2860/2981/2863
f 2870/2989/2871 2872/2990/2872 2858/2977/2859 2863/2978/2860
f 2874/2991/2873 2873/2992/2874 2870/2989/2871 2871/2988/2870
f 2873/2992/2874 2875/2993/2875 2872/2990/2872 2870/2989/2871
f 2876/2994/2876 2643/2760/2642 2632/2753/2635 2856/2975/2857
f 2877/2995/2877 2646/2763/2645 2643/2760/2642 2876/2994/2876
f 2872/2990/2872 2876/2994/2876 2856/2975/2857 2858/2977/2859
f 2875/2993/2875 2877/2995/2877 2876/2994/2876 2872/2990/2872
f 2660/2777/2659 2879/2996/2878 2878/2997/2879 2659/2778/2660
f 2879/2996/2878 2881/2998/2880 2880/2999/2881 2878/2997/2879
f 2646/2763/2645 2877/2995/2877 2879/2996/2878 2660/2777/2659
f 2877/2995/2877 2875/2993/2875 2881/2998/2880 2879/2996/2878
f 2885/3000/2882 2884/3001/2883 2883/3002/2884 2882/3003/2885
f 2873/2992/2874 2874/2991/2873 2884/3001/2883 2885/3000/2882
f 2881/2998/2880 2885/3000/2882 2882/3003/2885 2880/2999/2881
f 2875/2993/2875 2873/2992/2874 2885/3000/2882 2881/2998/2880
f 2887/3004/2886 2886/3005/2887 2882/3003/2885 2883/3002/2884
f 2886/3005/2887 2888/3006/2888 2880/2999/2881 2882/3003/2885
f 2890/3007/2889 2889/3008/2890 2886/3005/2887 2887/3004/2886
f 2889/3008/2890 2891/3009/2891 2888/3006/2888 2886/3005/2887
f 2892/3010/2892 2663/2780/2662 2659/2778/2660 2878/2997/2879
f 2893/3011/2893 2666/2783/2665 2663/2780/2662 2892/3010/2892
f 2888/3006/2888 2892/3010/2892 2878/2997/2879 2880/2999/2881
f 2891/3009/2891 2893/3011/2893 2892/3010/2892 2888/3006/2888
f 2680/2797/2679 2895/3012/2894 2894/3013/2895 2679/2798/2680
f 2895/3012/2894 2897/3014/2896 2896/3015/2897 2894/3013/2895
f 2666/2783/2665 2893/3011/2893 2895/3012/2894 2680/2797/2679
f 2893/3011/2893 2891/3009/2891 2897/3014/2896 2895/3012/2894
f 2901/3016/2898 2900/3017/2899 2899/3018/2900 2898/3019/2901
f 2889/3008/2890 2890/3007/2889 2900/3017/2899 2901/3016/2898
f 2897/3014/2896 2901/3016/2898 2898/3019/2901 2896/3015/2897
f 2891/3009/2891 2889/3008/2890 2901/3016/2898 2897/3014/2896
f 2903/3020/2902 2902/3021/2903 2898/3019/2901 2899/3018/2900
f 2902/3021/2903 2904/3022/2904 2896/3015/2897 2898/3019/2901
f 2906/3023/2905 2905/3024/2906 2902/3021/2903 2903/3020/2902
f 2905/3024/2906 2907/3025/2907 2904/3022/2904 2902/3021/2903
f 2908/3026/2908 2683/2800/2682 2679/2798/2680 2894/3013/2895
f 2909/3027/2909 2686/2803/2685 2683/2800/2682 2908/3026/2908
f 2904/3022/2904 2908/3026/2908 2894/3013/2895 2896/3015/2897
f 2907/3025/2907 2909/3027/2909 2908/3026/2908 2904/3022/2904
f 2700/2817/2699 2911/3028/2910 2910/3029/2911 2699/2818/2700
f 2911/3028/2910 2913/3030/2912 2912/3031/2913 2910/3029/2911
f 2686/2803/2685 2909/3027/2909 2911/3028/2910 2700/2817/2699
f 2909/3027/2909 2907/3025/2907 2913/3030/2912 2911/3028/2910
f 2917/3032/2914 2916/3033/2915 2915/3034/2916 2914/3035/2917
f 2905/3024/2906 2906/3023/2905 2916/3033/2915 2917/3032/2914
f 2913/3030/2912 2917/3032/2914 2914/3035/2917 2912/3031/2913
f 2907/3025/2907 2905/3024/2906 2917/3032/2914 2913/3030/2912
f 2921/3036/2918 2920/3037/2919 2919/3038/2920 2918/3039/2921
f 2920/3037/2919 2923/3040/2922 2922/3041/2923 2919/3038/2920
f 2925/3042/2924 2924/3043/2925 2920/3037/2919 2921/3036/2918
f 2924/3043/2925 2926/3044/2926 2923/3040/2922 2920/3037/2919
f 2928/3045/2927 2705/2820/2702 2702/2823/2705 2927/3046/2928
f 2929/3047/2929 2709/2826/2708 2705/2820/2702 2928/3045/2927
f 2923/3040/2922 2928/3045/2927 2927/3046/2928 2922/3041/2923
f 2926/3044/2926 2929/3047/2929 2928/3045/2927 2923/3040/2922
f 2725/2842/2724 2931/3048/2930 2930/3049/2931 2724/2843/2725
f 2931/3048/2930 2933/3050/2932 2932/3051/2933 2930/3049/2931
f 2709/2826/2708 2929/3047/2929 2931/3048/2930 2725/2842/2724
f 2929/3047/2929 2926/3044/2926 2933/3050/2932 2931/3048/2930
f 2937/3052/2934 2936/3053/2935 2935/3054/2936 2934/3055/2937
f 2924/3043/2925 2925/3042/2924 2936/3053/2935 2937/3052/2934
f 2933/3050/2932 2937/3052/2934 2934/3055/2937 2932/3051/2933
f 2926/3044/2926 2924/3043/2925 2937/3052/2934 2933/3050/2932
f 2939/3056/2938 2938/3057/2939 2934/3055/2937 2935/3054/2936
f 2938/3057/2939 2940/3058/2940 2932/3051/2933 2934/3055/2937
f 2942/3059/2941 2941/3060/2942 2938/3057/2939 2939/3056/2938
f 2941/3060/2942 2943/3061/2943 2940/3058/2940 2938/3057/2939
f 2944/3062/2944 2728/2845/2727 2724/2843/2725 2930/3049/2931
f 2945/3063/2945 2731/2848/2730 2728/2845/2727 2944/3062/2944
f 2940/3058/2940 2944/3062/2944 2930/3049/2931 2932/3051/2933
f 2943/3061/2943 2945/3063/2945 2944/3062/2944 2940/3058/2940
f 2745/2862/2744 2947/3064/2946 2946/3065/2947 2744/2863/2745
f 2947/3064/2946 2949/3066/2948 2948/3067/2949 2946/3065/2947
f 2731/2848/2730 2945/3063/2945 2947/3064/2946 2745/2862/2744
f 2945/3063/2945 2943/3061/2943 2949/3066/2948 2947/3064/2946
f 2953/3068/2950 2952/3069/2951 2951/3070/2952 2950/3071/2953
f 2941/3060/2942 2942/3059/2941 2952/3069/2951 2953/3068/2950
f 2949/3066/2948 2953/3068/2950 2950/3071/2953 2948/3067/2949
f 2943/3061/2943 2941/3060/2942 2953/3068/2950 2949/3066/2948
f 2955/3072/2954 2954/3073/2955 2950/3071/2953 2951/3070/2952
f 2954/3073/2955 2956/3074/2956 2948/3067/2949 2950/3071/2953
f 2958/3075/2957 2957/3076/2958 2954/3073/2955 2955/3072/2954
f 2957/3076/2958 2959/3077/2959 2956/3074/2956 2954/3073/2955
f 2960/3078/2960 2748/2865/2747 2744/2863/2745 2946/3065/2947
f 2961/3079/2961 2751/2868/2750 2748/2865/2747 2960/3078/2960
f 2956/3074/2956 2960/3078/2960 2946/3065/2947 2948/3067/2949
f 2959/3077/2959 2961/3079/2961 2960/3078/2960 2956/3074/2956
f 2760/2879/2761 2962/3080/2962 511/510/510 293/294/294
f 2962/3080/2962 2963/3081/2963 508/509/509 511/510/510
f 2751/2868/2750 2961/3079/2961 2962/3080/2962 2760/2879/2761
f 2961/3079/2961 2959/3077/2959 2963/3081/2963 2962/3080/2962
f 2965/3082/2964 2964/3083/2965 505/506/506 506/505/505
f 2957/3076/2958 2958/3075/2957 2964/3083/2965 2965/3082/2964
f 2963/3081/2963 2965/3082/2964 506/505/505 508/509/509
f 2959/3077/2959 2957/3076/2958 2965/3082/2964 2963/3081/2963
f 2969/3084/2966 2968/3085/2967 2967/3086/2968 2966/3087/2969
f 2968/3085/2967 2971/3088/2970 2970/3089/2971 2967/3086/2968
f 2973/3090/2972 2972/3091/2973 2968/3085/2967 2969/3084/2966
f 2972/3091/2973 2974/3092/2974 2971/3088/2970 2968/3085/2967
f 2978/3093/2975 2977/3094/2976 2976/3095/2977 2975/3096/2978
f 2980/3097/2979 2979/3098/2980 2977/3094/2976 2978/3093/2975
f 2971/3088/2970 2978/3093/2975 2975/3096/2978 2970/3089/2971
f 2974/3092/2974 2980/3097/2979 2978/3093/2975 2971/3088/2970
f 2984/3099/2981 2983/3100/2982 2982/3101/2983 2981/3102/2984
f 2983/3100/2982 2986/3103/2985 2985/3104/2986 2982/3101/2983
f 2979/3098/2980 2980/3097/2979 2983/3100/2982 2984/3099/2981
f 2980/3097/2979 2974/3092/2974 2986/3103/2985 2983/3100/2982
f 2990/3105/2987 2989/3106/2988 2988/3107/2989 2987/3108/2990
f 2972/3091/2973 2973/3090/2972 2989/3106/2988 2990/3105/2987
f 2986/3103/2985 2990/3105/2987 2987/3108/2990 2985/3104/2986
f 2974/3092/2974 2972/3091/2973 2990/3105/2987 2986/3103/2985
f 2994/3109/2991 2993/3110/2992 2992/3111/2993 2991/3112/2994
f 2993/3110/2992 2996/3113/2995 2995/3114/2996 2992/3111/2993
f 2998/3115/2997 2997/3116/2998 2993/3110/2992 2994/3109/2991
f 2997/3116/2998 2999/3117/2999 2996/3113/2995 2993/3110/2992
f 3001/3118/3000 2984/3099/2981 2981/3102/2984 3000/3119/3001
f 3002/3120/3002 2979/3098/2980 2984/3099/2981 3001/3118/3000
f 2996/3113/2995 3001/3118/3000 3000/3119/3001 2995/3114/2996
f 2999/3117/2999 3002/3120/3002 3001/3118/3000 2996/3113/2995
f 2977/3094/2976 3004/3121/3003 3003/3122/3004 2976/3095/2977
f 3004/3121/3003 3006/3123/3005 3005/3124/3006 3003/3122/3004
f 2979/3098/2980 3002/3120/3002 3004/3121/3003 2977/3094/2976
f 3002/3120/3002 2999/3117/2999 3006/3123/3005 3004/3121/3003
f 3010/3125/3007 3009/3126/3008 3008/3127/3009 3007/3128/3010
f 2997/3116/2998 2998/3115/2997 3009/3126/3008 3010/3125/3007
f 3006/3123/3005 3010/3125/3007 3007/3128/3010 3005/3124/3006
f 2999/3117/2999 2997/3116/2998 3010/3125/3007 3006/3123/3005
f 3014/3129/3011 3013/3130/3012 3012/3131/3013 3011/3132/3014
f 3013/3130/3012 3016/3133/3015 3015/3134/3016 3012/3131/3013
f 3018/3135/3017 3017/3136/3018 3013/3130/3012 3014/3129/3011
f 3017/3136/3018 3019/3137/3019 3016/3133/3015 3013/3130/3012
f 3023/3138/3020 3022/3139/3021 3021/3140/3022 3020/3141/3023
f 3025/3142/3024 3024/3143/3025 3022/3139/3021 3023/3138/3020
f 3016/3133/3015 3023/3138/3020 3020/3141/3023 3015/3134/3016
f 3019/3137/3019 3025/3142/3024 3023/3138/3020 3016/3133/3015
f 3029/3144/3026 3028/3145/3027 3027/3146/3028 3026/3147/3029
f 3028/3145/3027 3031/3148/3030 3030/3149/3031 3027/3146/3028
f 3024/3143/3025 3025/3142/3024 3028/3145/3027 3029/3144/3026
f 3025/3142/3024 3019/3137/3019 3031/3148/3030 3028/3145/3027
f 3035/3150/3032 3034/3151/3033 3033/3152/3034 3032/3153/3035
f 3017/3136/3018 3018/3135/3017 3034/3151/3033 3035/3150/3032
f 3031/3148/3030 3035/3150/3032 3032/3153/3035 3030/3149/3031
f 3019/3137/3019 3017/3136/3018 3035/3150/3032 3031/3148/3030
f 3039/3154/3036 3038/3155/3037 3037/3156/3038 3036/3157/3039
f 3038/3155/3037 3041/3158/3040 3040/3159/3041 3037/3156/3038
f 3043/3160/3042 3042/3161/3043 3038/3155/3037 3039/3154/3036
f 3042/3161/3043 3044/3162/3044 3041/3158/3040 3038/3155/3037
f 3048/3163/3045 3047/3164/3046 3046/3165/3047 3045/3166/3048
f 3050/3167/3049 3049/3168/3050 3047/3164/3046 3048/3163/3045
f 3041/3158/3040 3048/3163/3045 3045/3166/3048 3040/3159/3041
f 3044/3162/3044 3050/3167/3049 3048/3163/3045 3041/3158/3040
f 3052/3169/3051 3051/3170/3052 2987/3108/2990 2988/3107/2989
f 3051/3170/3052 3053/3171/3053 2985/3104/2986 2987/3108/2990
f 3049/3168/3050 3050/3167/3049 3051/3170/3052 3052/3169/3051
f 3050/3167/3049 3044/3162/3044 3053/3171/3053 3051/3170/3052
f 3055/3172/3054 3054/3173/3055 2981/3102/2984 2982/3101/2983
f 3042/3161/3043 3043/3160/3042 3054/3173/3055 3055/3172/3054
f 3053/3171/3053 3055/3172/3054 2982/3101/2983 2985/3104/2986
f 3044/3162/3044 3042/3161/3043 3055/3172/3054 3053/3171/3053
f 3059/3174/3056 3058/3175/3057 3057/3176/3058 3056/3177/3059
f 3058/3175/3057 3061/3178/3060 3060/3179/3061 3057/3176/3058
f 3063/3180/3062 3062/3181/3063 3058/3175/3057 3059/3174/3056
f 3062/3181/3063 3064/3182/3064 3061/3178/3060 3058/3175/3057
f 3068/3183/3065 3067/3184/3066 3066/3185/3067 3065/3186/3068
f 3070/3187/3069 3069/3188/3070 3067/3184/3066 3068/3183/3065
f 3061/3178/3060 3068/3183/3065 3065/3186/3068 3060/3179/3061
f 3064/3182/3064 3070/3187/3069 3068/3183/3065 3061/3178/3060
f 3074/3189/3071 3073/3190/3072 3072/3191/3073 3071/3192/3074
f 3073/3190/3072 3076/3193/3075 3075/3194/3076 3072/3191/3073
f 3069/3188/3070 3070/3187/3069 3073/3190/3072 3074/3189/3071
f 3070/3187/3069 3064/3182/3064 3076/3193/3075 3073/3190/3072
f 3080/3195/3077 3079/3196/3078 3078/3197/3079 3077/3198/3080
f 3062/3181/3063 3063/3180/3062 3079/3196/3078 3080/3195/3077
f 3076/3193/3075 3080/3195/3077 3077/3198/3080 3075/3194/3076
f 3064/3182/3064 3062/3181/3063 3080/3195/3077 3076/3193/3075
f 3084/3199/3081 3083/3200/3082 3082/3201/3083 3081/3202/3084
f 3083/3200/3082 3086/3203/3085 3085/3204/3086 3082/3201/3083
f 3088/3205/3087 3087/3206/3088 3083/3200/3082 3084/3199/3081
f 3087/3206/3088 3089/3207/3089 3086/3203/3085 3083/3200/3082
f 3093/3208/3090 3092/3209/3091 3091/3210/3092 3090/3211/3093
f 3095/3212/3094 3094/3213/3095 3092/3209/3091 3093/3208/3090
f 3086/3203/3085 3093/3208/3090 3090/3211/3093 3085/3204/3086
f 3089/3207/3089 3095/3212/3094 3093/3208/3090 3086/3203/3085
f 3097/3214/3096 3096/3215/3097 3065/3186/3068 3066/3185/3067
f 3096/3215/3097 3098/3216/3098 3060/3179/3061 3065/3186/3068
f 3094/3213/3095 3095/3212/3094 3096/3215/3097 3097/3214/3096
f 3095/3212/3094 3089/3207/3089 3098/3216/3098 3096/3215/3097
f 3100/3217/3099 3099/3218/3100 3056/3177/3059 3057/3176/3058
f 3087/3206/3088 3088/3205/3087 3099/3218/3100 3100/3217/3099
f 3098/3216/3098 3100/3217/3099 3057/3176/3058 3060/3179/3061
f 3089/3207/3089 3087/3206/3088 3100/3217/3099 3098/3216/3098
f 3104/3219/3101 3103/3220/3102 3102/3221/3103 3101/3222/3104
f 3103/3220/3102 3106/3223/3105 3105/3224/3106 3102/3221/3103
f 3108/3225/3107 3107/3226/3108 3103/3220/3102 3104/3219/3101
f 3107/3226/3108 3109/3227/3109 3106/3223/3105 3103/3220/3102
f 3113/3228/3110 3112/3229/3111 3111/3230/3112 3110/3231/3113
f 3115/3232/3114 3114/3233/3115 3112/3229/3111 3113/3228/3110
f 3106/3223/3105 3113/3228/3110 3110/3231/3113 3105/3224/3106
f 3109/3227/3109 3115/3232/3114 3113/3228/3110 3106/3223/3105
f 3117/3234/3116 3116/3235/3117 3090/3211/3093 3091/3210/3092
f 3116/3235/3117 3118/3236/3118 3085/3204/3086 3090/3211/3093
f 3114/3233/3115 3115/3232/3114 3116/3235/3117 3117/3234/3116
f 3115/3232/3114 3109/3227/3109 3118/3236/3118 3116/3235/3117
f 3120/3237/3119 3119/3238/3120 3081/3202/3084 3082/3201/3083
f 3107/3226/3108 3108/3225/3107 3119/3238/3120 3120/3237/3119
f 3118/3236/3118 3120/3237/3119 3082/3201/3083 3085/3204/3086
f 3109/3227/3109 3107/3226/3108 3120/3237/3119 3118/3236/3118
f 3124/3239/3121 3123/3240/3122 3122/3241/3123 3121/3242/3124
f 3123/3240/3122 3126/3243/3125 3125/3244/3126 3122/3241/3123
f 3128/3245/3127 3127/3246/3128 3123/3240/3122 3124/3239/3121
f 3127/3246/3128 3129/3247/3129 3126/3243/3125 3123/3240/3122
f 3133/3248/3130 3132/3249/3131 3131/3250/3132 3130/3251/3133
f 3135/3252/3134 3134/3253/3135 3132/3249/3131 3133/3248/3130
f 3126/3243/3125 3133/3248/3130 3130/3251/3133 3125/3244/3126
f 3129/3247/3129 3135/3252/3134 3133/3248/3130 3126/3243/3125
f 3139/3254/3136 3138/3255/3137 3137/3256/3138 3136/3257/3139
f 3138/3255/3137 3141/3258/3140 3140/3259/3141 3137/3256/3138
f 3134/3253/3135 3135/3252/3134 3138/3255/3137 3139/3254/3136
f 3135/3252/3134 3129/3247/3129 3141/3258/3140 3138/3255/3137
f 3145/3260/3142 3144/3261/3143 3143/3262/3144 3142/3263/3145
f 3127/3246/3128 3128/3245/3127 3144/3261/3143 3145/3260/3142
f 3141/3258/3140 3145/3260/3142 3142/3263/3145 3140/3259/3141
f 3129/3247/3129 3127/3246/3128 3145/3260/3142 3141/3258/3140
f 3149/3264/3146 3148/3265/3147 3147/3266/3148 3146/3267/3149
f 3148/3265/3147 3151/3268/3150 3150/3269/3151 3147/3266/3148
f 3153/3270/3152 3152/3271/3153 3148/3265/3147 3149/3264/3146
f 3152/3271/3153 3154/3272/3154 3151/3268/3150 3148/3265/3147
f 3156/3273/3155 3130/3251/3133 3131/3250/3132 3155/3274/3156
f 3157/3275/3157 3125/3244/3126 3130/3251/3133 3156/3273/3155
f 3151/3268/3150 3156/3273/3155 3155/3274/3156 3150/3269/3151
f 3154/3272/3154 3157/3275/3157 3156/3273/3155 3151/3268/3150
f 3122/3241/3123 3159/3276/3158 3158/3277/3159 3121/3242/3124
f 3159/3276/3158 3161/3278/3160 3160/3279/3161 3158/3277/3159
f 3125/3244/3126 3157/3275/3157 3159/3276/3158 3122/3241/3123
f 3157/3275/3157 3154/3272/3154 3161/3278/3160 3159/3276/3158
f 3165/3280/3162 3164/3281/3163 3163/3282/3164 3162/3283/3165
f 3152/3271/3153 3153/3270/3152 3164/3281/3163 3165/3280/3162
f 3161/3278/3160 3165/3280/3162 3162/3283/3165 3160/3279/3161
f 3154/3272/3154 3152/3271/3153 3165/3280/3162 3161/3278/3160
f 3169/3284/3166 3168/3285/3167 3167/3286/3168 3166/3287/3169
f 3168/3285/3167 3171/3288/3170 3170/3289/3171 3167/3286/3168
f 3173/3290/3172 3172/3291/3173 3168/3285/3167 3169/3284/3166
f 3172/3291/3173 3174/3292/3174 3171/3288/3170 3168/3285/3167
f 3176/3293/3175 3149/3264/3146 3146/3267/3149 3175/3294/3176
f 3177/3295/3177 3153/3270/3152 3149/3264/3146 3176/3293/3175
f 3171/3288/3170 3176/3293/3175 3175/3294/3176 3170/3289/3171
f 3174/3292/3174 3177/3295/3177 3176/3293/3175 3171/3288/3170
f 3164/3281/3163 3179/3296/3178 3178/3297/3179 3163/3282/3164
f 3179/3296/3178 3181/3298/3180 3180/3299/3181 3178/3297/3179
f 3153/3270/3152 3177/3295/3177 3179/3296/3178 3164/3281/3163
f 3177/3295/3177 3174/3292/3174 3181/3298/3180 3179/3296/3178
f 3185/3300/3182 3184/3301/3183 3183/3302/3184 3182/3303/3185
f 3172/3291/3173 3173/3290/3172 3184/3301/3183 3185/3300/3182
f 3181/3298/3180 3185/3300/3182 3182/3303/3185 3180/3299/3181
f 3174/3292/3174 3172/3291/3173 3185/3300/3182 3181/3298/3180
f 3189/3304/3186 3188/3305/3187 3187/3306/3188 3186/3307/3189
f 3188/3305/3187 3191/3308/3190 3190/3309/3191 3187/3306/3188
f 3193/3310/3192 3192/3311/3193 3188/3305/3187 3189/3304/3186
f 3192/3311/3193 3194/3312/3194 3191/3308/3190 3188/3305/3187
f 3198/3313/3195 3197/3314/3196 3196/3315/3197 3195/3316/3198
f 3200/3317/3199 3199/3318/3200 3197/3314/3196 3198/3313/3195
f 3191/3308/3190 3198/3313/3195 3195/3316/3198 3190/3309/3191
f 3194/3312/3194 3200/3317/3199 3198/3313/3195 3191/3308/3190
f 3204/3319/3201 3203/3320/3202 3202/3321/3203 3201/3322/3204
f 3203/3320/3202 3206/3323/3205 3205/3324/3206 3202/3321/3203
f 3199/3318/3200 3200/3317/3199 3203/3320/3202 3204/3319/3201
f 3200/3317/3199 3194/3312/3194 3206/3323/3205 3203/3320/3202
f 3210/3325/3207 3209/3326/3208 3208/3327/3209 3207/3328/3210
f 3192/3311/3193 3193/3310/3192 3209/3326/3208 3210/3325/3207
f 3206/3323/3205 3210/3325/3207 3207/3328/3210 3205/3324/3206
f 3194/3312/3194 3192/3311/3193 3210/3325/3207 3206/3323/3205
f 3214/3329/3211 3213/3330/3212 3212/3331/3213 3211/3332/3214
f 3213/3330/3212 3216/3333/3215 3215/3334/3216 3212/3331/3213
f 3218/3335/3217 3217/3336/3218 3213/3330/3212 3214/3329/3211
f 3217/3336/3218 3219/3337/3219 3216/3333/3215 3213/3330/3212
f 3223/3338/3220 3222/3339/3221 3221/3340/3222 3220/3341/3223
f 3225/3342/3224 3224/3343/3225 3222/3339/3221 3223/3338/3220
f 3216/3333/3215 3223/3338/3220 3220/3341/3223 3215/3334/3216
f 3219/3337/3219 3225/3342/3224 3223/3338/3220 3216/3333/3215
f 3229/3344/3226 3228/3345/3227 3227/3346/3228 3226/3347/3229
f 3228/3345/3227 3231/3348/3230 3230/3349/3231 3227/3346/3228
f 3224/3343/3225 3225/3342/3224 3228/3345/3227 3229/3344/3226
f 3225/3342/3224 3219/3337/3219 3231/3348/3230 3228/3345/3227
f 3235/3350/3232 3234/3351/3233 3233/3352/3234 3232/3353/3235
f 3217/3336/3218 3218/3335/3217 3234/3351/3233 3235/3350/3232
f 3231/3348/3230 3235/3350/3232 3232/3353/3235 3230/3349/3231
f 3219/3337/3219 3217/3336/3218 3235/3350/3232 3231/3348/3230
f 3239/3354/3236 3238/3355/3237 3237/3356/3238 3236/3357/3239
f 3238/3355/3237 3241/3358/3240 3240/3359/3241 3237/3356/3238
f 3243/3360/3242 3242/3361/3243 3238/3355/3237 3239/3354/3236
f 3242/3361/3243 3244/3362/3244 3241/3358/3240 3238/3355/3237
f 3246/3363/3245 3214/3329/3211 3211/3332/3214 3245/3364/3246
f 3247/3365/3247 3218/3335/3217 3214/3329/3211 3246/3363/3245
f 3241/3358/3240 3246/3363/3245 3245/3364/3246 3240/3359/3241
f 3244/3362/3244 3247/3365/3247 3246/3363/3245 3241/3358/3240
f 3234/3351/3233 3249/3366/3248 3248/3367/3249 3233/3352/3234
f 3249/3366/3248 3251/3368/3250 3250/3369/3251 3248/3367/3249
f 3218/3335/3217 3247/3365/3247 3249/3366/3248 3234/3351/3233
f 3247/3365/3247 3244/3362/3244 3251/3368/3250 3249/3366/3248
f 3255/3370/3252 3254/3371/3253 3253/3372/3254 3252/3373/3255
f 3242/3361/3243 3243/3360/3242 3254/3371/3253 3255/3370/3252
f 3251/3368/3250 3255/3370/3252 3252/3373/3255 3250/3369/3251
f 3244/3362/3244 3242/3361/3243 3255/3370/3252 3251/3368/3250
f 805/806/806 3257/3374/3256 3256/3375/3257 804/807/807
f 3257/3374/3256 3259/3376/3258 3258/3377/3259 3256/3375/3257
f 808/809/809 3260/3378/3260 3257/3374/3256 805/806/806
f 3260/3378/3260 3261/3379/3261 3259/3376/3258 3257/3374/3256
f 3263/3380/3262 3239/3354/3236 3236/3357/3239 3262/3381/3263
f 3264/3382/3264 3243/3360/3242 3239/3354/3236 3263/3380/3262
f 3259/3376/3258 3263/3380/3262 3262/3381/3263 3258/3377/3259
f 3261/3379/3261 3264/3382/3264 3263/3380/3262 3259/3376/3258
f 3254/3371/3253 3266/3383/3265 3265/3384/3266 3253/3372/3254
f 3266/3383/3265 3268/3385/3267 3267/3386/3268 3265/3384/3266
f 3243/3360/3242 3264/3382/3264 3266/3383/3265 3254/3371/3253
f 3264/3382/3264 3261/3379/3261 3268/3385/3267 3266/3383/3265
f 3270/3387/3269 813/816/816 814/815/815 3269/3388/3270
f 3260/3378/3260 808/809/809 813/816/816 3270/3387/3269
f 3268/3385/3267 3270/3387/3269 3269/3388/3270 3267/3386/3268
f 3261/3379/3261 3260/3378/3260 3270/3387/3269 3268/3385/3267
f 3022/3139/3021 3272/3389/3271 3271/3390/3272 3021/3140/3022
f 3272/3389/3271 3274/3391/3273 3273/3392/3274 3271/3390/3272
f 3024/3143/3025 3275/3393/3275 3272/3389/3271 3022/3139/3021
f 3275/3393/3275 3276/3394/3276 3274/3391/3273 3272/3389/3271
f 3280/3395/3277 3279/3396/3278 3278/3397/3279 3277/3398/3280
f 3282/3399/3281 3281/3400/3282 3279/3396/3278 3280/3395/3277
f 3274/3391/3273 3280/3395/3277 3277/3398/3280 3273/3392/3274
f 3276/3394/3276 3282/3399/3281 3280/3395/3277 3274/3391/3273
f 3286/3401/3283 3285/3402/3284 3284/3403/3285 3283/3404/3286
f 3285/3402/3284 3288/3405/3287 3287/3406/3288 3284/3403/3285
f 3281/3400/3282 3282/3399/3281 3285/3402/3284 3286/3401/3283
f 3282/3399/3281 3276/3394/3276 3288/3405/3287 3285/3402/3284
f 3290/3407/3289 3029/3144/3026 3026/3147/3029 3289/3408/3290
f 3275/3393/3275 3024/3143/3025 3029/3144/3026 3290/3407/3289
f 3288/3405/3287 3290/3407/3289 3289/3408/3290 3287/3406/3288
f 3276/3394/3276 3275/3393/3275 3290/3407/3289 3288/3405/3287
f 3294/3409/3291 3293/3410/3292 3292/3411/3293 3291/3412/3294
f 3293/3410/3292 3296/3413/3295 3295/3414/3296 3292/3411/3293
f 3298/3415/3297 3297/3416/3298 3293/3410/3292 3294/3409/3291
f 3297/3416/3298 3299/3417/3299 3296/3413/3295 3293/3410/3292
f 3301/3418/3300 3039/3154/3036 3036/3157/3039 3300/3419/3301
f 3302/3420/3302 3043/3160/3042 3039/3154/3036 3301/3418/3300
f 3296/3413/3295 3301/3418/3300 3300/3419/3301 3295/3414/3296
f 3299/3417/3299 3302/3420/3302 3301/3418/3300 3296/3413/3295
f 3054/3173/3055 3303/3421/3303 3000/3119/3001 2981/3102/2984
f 3303/3421/3303 3304/3422/3304 2995/3114/2996 3000/3119/3001
f 3043/3160/3042 3302/3420/3302 3303/3421/3303 3054/3173/3055
f 3302/3420/3302 3299/3417/3299 3304/3422/3304 3303/3421/3303
f 3306/3423/3305 3305/3424/3306 2991/3112/2994 2992/3111/2993
f 3297/3416/3298 3298/3415/3297 3305/3424/3306 3306/3423/3305
f 3304/3422/3304 3306/3423/3305 2992/3111/2993 2995/3114/2996
f 3299/3417/3299 3297/3416/3298 3306/3423/3305 3304/3422/3304
f 3310/3425/3307 3309/3426/3308 3308/3427/3309 3307/3428/3310
f 3309/3426/3308 3312/3429/3311 3311/3430/3312 3308/3427/3309
f 3314/3431/3313 3313/3432/3314 3309/3426/3308 3310/3425/3307
f 3313/3432/3314 3315/3433/3315 3312/3429/3311 3309/3426/3308
f 3317/3434/3316 3059/3174/3056 3056/3177/3059 3316/3435/3317
f 3318/3436/3318 3063/3180/3062 3059/3174/3056 3317/3434/3316
f 3312/3429/3311 3317/3434/3316 3316/3435/3317 3311/3430/3312
f 3315/3433/3315 3318/3436/3318 3317/3434/3316 3312/3429/3311
f 3079/3196/3078 3320/3437/3319 3319/3438/3320 3078/3197/3079
f 3320/3437/3319 3322/3439/3321 3321/3440/3322 3319/3438/3320
f 3063/3180/3062 3318/3436/3318 3320/3437/3319 3079/3196/3078
f 3318/3436/3318 3315/3433/3315 3322/3439/3321 3320/3437/3319
f 3326/3441/3323 3325/3442/3324 3324/3443/3325 3323/3444/3326
f 3313/3432/3314 3314/3431/3313 3325/3442/3324 3326/3441/3323
f 3322/3439/3321 3326/3441/3323 3323/3444/3326 3321/3440/3322
f 3315/3433/3315 3313/3432/3314 3326/3441/3323 3322/3439/3321
f 3330/3445/3327 3329/3446/3328 3328/3447/3329 3327/3448/3330
f 3329/3446/3328 3332/3449/3331 3331/3450/3332 3328/3447/3329
f 3334/3451/3333 3333/3452/3334 3329/3446/3328 3330/3445/3327
f 3333/3452/3334 3335/3453/3335 3332/3449/3331 3329/3446/3328
f 3337/3454/3336 3084/3199/3081 3081/3202/3084 3336/3455/3337
f 3338/3456/3338 3088/3205/3087 3084/3199/3081 3337/3454/3336
f 3332/3449/3331 3337/3454/3336 3336/3455/3337 3331/3450/3332
f 3335/3453/3335 3338/3456/3338 3337/3454/3336 3332/3449/3331
f 3099/3218/3100 3339/3457/3339 3316/3435/3317 3056/3177/3059
f 3339/3457/3339 3340/3458/3340 3311/3430/3312 3316/3435/3317
f 3088/3205/3087 3338/3456/3338 3339/3457/3339 3099/3218/3100
f 3338/3456/3338 3335/3453/3335 3340/3458/3340 3339/3457/3339
f 3342/3459/3341 3341/3460/3342 3307/3428/3310 3308/3427/3309
f 3333/3452/3334 3334/3451/3333 3341/3460/3342 3342/3459/3341
f 3340/3458/3340 3342/3459/3341 3308/3427/3309 3311/3430/3312
f 3335/3453/3335 3333/3452/3334 3342/3459/3341 3340/3458/3340
f 3346/3461/3343 3345/3462/3344 3344/3463/3345 3343/3464/3346
f 3345/3462/3344 3348/3465/3347 3347/3466/3348 3344/3463/3345
f 3350/3467/3349 3349/3468/3350 3345/3462/3344 3346/3461/3343
f 3349/3468/3350 3351/3469/3351 3348/3465/3347 3345/3462/3344
f 3353/3470/3352 3104/3219/3101 3101/3222/3104 3352/3471/3353
f 3354/3472/3354 3108/3225/3107 3104/3219/3101 3353/3470/3352
f 3348/3465/3347 3353/3470/3352 3352/3471/3353 3347/3466/3348
f 3351/3469/3351 3354/3472/3354 3353/3470/3352 3348/3465/3347
f 3119/3238/3120 3355/3473/3355 3336/3455/3337 3081/3202/3084
f 3355/3473/3355 3356/3474/3356 3331/3450/3332 3336/3455/3337
f 3108/3225/3107 3354/3472/3354 3355/3473/3355 3119/3238/3120
f 3354/3472/3354 3351/3469/3351 3356/3474/3356 3355/3473/3355
f 3358/3475/3357 3357/3476/3358 3327/3448/3330 3328/3447/3329
f 3349/3468/3350 3350/3467/3349 3357/3476/3358 3358/3475/3357
f 3356/3474/3356 3358/3475/3357 3328/3447/3329 3331/3450/3332
f 3351/3469/3351 3349/3468/3350 3358/3475/3357 3356/3474/3356
f 3362/3477/3359 3361/3478/3360 3360/3479/3361 3359/3480/3362
f 3361/3478/3360 3364/3481/3363 3363/3482/3364 3360/3479/3361
f 3366/3483/3365 3365/3484/3366 3361/3478/3360 3362/3477/3359
f 3365/3484/3366 3367/3485/3367 3364/3481/3363 3361/3478/3360
f 3369/3486/3368 3124/3239/3121 3121/3242/3124 3368/3487/3369
f 3370/3488/3370 3128/3245/3127 3124/3239/3121 3369/3486/3368
f 3364/3481/3363 3369/3486/3368 3368/3487/3369 3363/3482/3364
f 3367/3485/3367 3370/3488/3370 3369/3486/3368 3364/3481/3363
f 3144/3261/3143 3372/3489/3371 3371/3490/3372 3143/3262/3144
f 3372/3489/3371 3374/3491/3373 3373/3492/3374 3371/3490/3372
f 3128/3245/3127 3370/3488/3370 3372/3489/3371 3144/3261/3143
f 3370/3488/3370 3367/3485/3367 3374/3491/3373 3372/3489/3371
f 3378/3493/3375 3377/3494/3376 3376/3495/3377 3375/3496/3378
f 3365/3484/3366 3366/3483/3365 3377/3494/3376 3378/3493/3375
f 3374/3491/3373 3378/3493/3375 3375/3496/3378 3373/3492/3374
f 3367/3485/3367 3365/3484/3366 3378/3493/3375 3374/3491/3373
f 3380/3497/3379 3379/3498/3380 3162/3283/3165 3163/3282/3164
f 3379/3498/3380 3381/3499/3381 3160/3279/3161 3162/3283/3165
f 3383/3500/3382 3382/3501/3383 3379/3498/3380 3380/3497/3379
f 3382/3501/3383 3384/3502/3384 3381/3499/3381 3379/3498/3380
f 3385/3503/3385 3368/3487/3369 3121/3242/3124 3158/3277/3159
f 3386/3504/3386 3363/3482/3364 3368/3487/3369 3385/3503/3385
f 3381/3499/3381 3385/3503/3385 3158/3277/3159 3160/3279/3161
f 3384/3502/3384 3386/3504/3386 3385/3503/3385 3381/3499/3381
f 3360/3479/3361 3388/3505/3387 3387/3506/3388 3359/3480/3362
f 3388/3505/3387 3390/3507/3389 3389/3508/3390 3387/3506/3388
f 3363/3482/3364 3386/3504/3386 3388/3505/3387 3360/3479/3361
f 3386/3504/3386 3384/3502/3384 3390/3507/3389 3388/3505/3387
f 3394/3509/3391 3393/3510/3392 3392/3511/3393 3391/3512/3394
f 3382/3501/3383 3383/3500/3382 3393/3510/3392 3394/3509/3391
f 3390/3507/3389 3394/3509/3391 3391/3512/3394 3389/3508/3390
f 3384/3502/3384 3382/3501/3383 3394/3509/3391 3390/3507/3389
f 3396/3513/3395 3395/3514/3396 3182/3303/3185 3183/3302/3184
f 3395/3514/3396 3397/3515/3397 3180/3299/3181 3182/3303/3185
f 3399/3516/3398 3398/3517/3399 3395/3514/3396 3396/3513/3395
f 3398/3517/3399 3400/3518/3400 3397/3515/3397 3395/3514/3396
f 3401/3519/3401 3380/3497/3379 3163/3282/3164 3178/3297/3179
f 3402/3520/3402 3383/3500/3382 3380/3497/3379 3401/3519/3401
f 3397/3515/3397 3401/3519/3401 3178/3297/3179 3180/3299/3181
f 3400/3518/3400 3402/3520/3402 3401/3519/3401 3397/3515/3397
f 3393/3510/3392 3404/3521/3403 3403/3522/3404 3392/3511/3393
f 3404/3521/3403 3406/3523/3405 3405/3524/3406 3403/3522/3404
f 3383/3500/3382 3402/3520/3402 3404/3521/3403 3393/3510/3392
f 3402/3520/3402 3400/3518/3400 3406/3523/3405 3404/3521/3403
f 3410/3525/3407 3409/3526/3408 3408/3527/3409 3407/3528/3410
f 3398/3517/3399 3399/3516/3398 3409/3526/3408 3410/3525/3407
f 3406/3523/3405 3410/3525/3407 3407/3528/3410 3405/3524/3406
f 3400/3518/3400 3398/3517/3399 3410/3525/3407 3406/3523/3405
f 3412/3529/3411 3411/3530/3412 3207/3328/3210 3208/3327/3209
f 3411/3530/3412 3413/3531/3413 3205/3324/3206 3207/3328/3210
f 3415/3532/3414 3414/3533/3415 3411/3530/3412 3412/3529/3411
f 3414/3533/3415 3416/3534/3416 3413/3531/3413 3411/3530/3412
f 3418/3535/3417 3417/3536/3418 3201/3322/3204 3202/3321/3203
f 3420/3537/3419 3419/3538/3420 3417/3536/3418 3418/3535/3417
f 3413/3531/3413 3418/3535/3417 3202/3321/3203 3205/3324/3206
f 3416/3534/3416 3420/3537/3419 3418/3535/3417 3413/3531/3413
f 3424/3539/3421 3423/3540/3422 3422/3541/3423 3421/3542/3424
f 3423/3540/3422 3426/3543/3425 3425/3544/3426 3422/3541/3423
f 3419/3538/3420 3420/3537/3419 3423/3540/3422 3424/3539/3421
f 3420/3537/3419 3416/3534/3416 3426/3543/3425 3423/3540/3422
f 3430/3545/3427 3429/3546/3428 3428/3547/3429 3427/3548/3430
f 3414/3533/3415 3415/3532/3414 3429/3546/3428 3430/3545/3427
f 3426/3543/3425 3430/3545/3427 3427/3548/3430 3425/3544/3426
f 3416/3534/3416 3414/3533/3415 3430/3545/3427 3426/3543/3425
f 3432/3549/3431 3431/3550/3432 3232/3353/3235 3233/3352/3234
f 3431/3550/3432 3433/3551/3433 3230/3349/3231 3232/3353/3235
f 3435/3552/3434 3434/3553/3435 3431/3550/3432 3432/3549/3431
f 3434/3553/3435 3436/3554/3436 3433/3551/3433 3431/3550/3432
f 3438/3555/3437 3437/3556/3438 3226/3347/3229 3227/3346/3228
f 3440/3557/3439 3439/3558/3440 3437/3556/3438 3438/3555/3437
f 3433/3551/3433 3438/3555/3437 3227/3346/3228 3230/3349/3231
f 3436/3554/3436 3440/3557/3439 3438/3555/3437 3433/3551/3433
f 3444/3559/3441 3443/3560/3442 3442/3561/3443 3441/3562/3444
f 3443/3560/3442 3446/3563/3445 3445/3564/3446 3442/3561/3443
f 3439/3558/3440 3440/3557/3439 3443/3560/3442 3444/3559/3441
f 3440/3557/3439 3436/3554/3436 3446/3563/3445 3443/3560/3442
f 3450/3565/3447 3449/3566/3448 3448/3567/3449 3447/3568/3450
f 3434/3553/3435 3435/3552/3434 3449/3566/3448 3450/3565/3447
f 3446/3563/3445 3450/3565/3447 3447/3568/3450 3445/3564/3446
f 3436/3554/3436 3434/3553/3435 3450/3565/3447 3446/3563/3445
f 3452/3569/3451 3451/3570/3452 3252/3373/3255 3253/3372/3254
f 3451/3570/3452 3453/3571/3453 3250/3369/3251 3252/3373/3255
f 3455/3572/3454 3454/3573/3455 3451/3570/3452 3452/3569/3451
f 3454/3573/3455 3456/3574/3456 3453/3571/3453 3451/3570/3452
f 3457/3575/3457 3432/3549/3431 3233/3352/3234 3248/3367/3249
f 3458/3576/3458 3435/3552/3434 3432/3549/3431 3457/3575/3457
f 3453/3571/3453 3457/3575/3457 3248/3367/3249 3250/3369/3251
f 3456/3574/3456 3458/3576/3458 3457/3575/3457 3453/3571/3453
f 3449/3566/3448 3460/3577/3459 3459/3578/3460 3448/3567/3449
f 3460/3577/3459 3462/3579/3461 3461/3580/3462 3459/3578/3460
f 3435/3552/3434 3458/3576/3458 3460/3577/3459 3449/3566/3448
f 3458/3576/3458 3456/3574/3456 3462/3579/3461 3460/3577/3459
f 3466/3581/3463 3465/3582/3464 3464/3583/3465 3463/3584/3466
f 3454/3573/3455 3455/3572/3454 3465/3582/3464 3466/3581/3463
f 3462/3579/3461 3466/3581/3463 3463/3584/3466 3461/3580/3462
f 3456/3574/3456 3454/3573/3455 3466/3581/3463 3462/3579/3461
f 1020/1021/1021 3467/3585/3467 3269/3388/3270 814/815/815
f 3467/3585/3467 3468/3586/3468 3267/3386/3268 3269/3388/3270
f 1022/1023/1023 3469/3587/3469 3467/3585/3467 1020/1021/1021
f 3469/3587/3469 3470/3588/3470 3468/3586/3468 3467/3585/3467
f 3471/3589/3471 3452/3569/3451 3253/3372/3254 3265/3384/3266
f 3472/3590/3472 3455/3572/3454 3452/3569/3451 3471/3589/3471
f 3468/3586/3468 3471/3589/3471 3265/3384/3266 3267/3386/3268
f 3470/3588/3470 3472/3590/3472 3471/3589/3471 3468/3586/3468
f 3465/3582/3464 3474/3591/3473 3473/3592/3474 3464/3583/3465
f 3474/3591/3473 3476/3593/3475 3475/3594/3476 3473/3592/3474
f 3455/3572/3454 3472/3590/3472 3474/3591/3473 3465/3582/3464
f 3472/3590/3472 3470/3588/3470 3476/3593/3475 3474/3591/3473
f 3478/3595/3477 1026/1029/1029 1027/1028/1028 3477/3596/3478
f 3469/3587/3469 1022/1023/1023 1026/1029/1029 3478/3595/3477
f 3476/3593/3475 3478/3595/3477 3477/3596/3478 3475/3594/3476
f 3470/3588/3470 3469/3587/3469 3478/3595/3477 3476/3593/3475
f 3482/3597/3479 3481/3598/3480 3480/3599/3481 3479/3600/3482
f 3481/3598/3480 3484/3601/3483 3483/3602/3484 3480/3599/3481
f 3486/3603/3485 3485/3604/3486 3481/3598/3480 3482/3597/3479
f 3485/3604/3486 3487/3605/3487 3484/3601/3483 3481/3598/3480
f 3489/3606/3488 2483/2604/2486 2484/2603/2485 3488/3607/3489
f 3490/3608/3490 2481/2600/2482 2483/2604/2486 3489/3606/3488
f 3484/3601/3483 3489/3606/3488 3488/3607/3489 3483/3602/3484
f 3487/3605/3487 3490/3608/3490 3489/3606/3488 3484/3601/3483
f 2478/2597/2479 3492/3609/3491 3491/3610/3492 2477/2598/2480
f 3492/3609/3491 3494/3611/3493 3493/3612/3494 3491/3610/3492
f 2481/2600/2482 3490/3608/3490 3492/3609/3491 2478/2597/2479
f 3490/3608/3490 3487/3605/3487 3494/3611/3493 3492/3609/3491
f 3498/3613/3495 3497/3614/3496 3496/3615/3497 3495/3616/3498
f 3485/3604/3486 3486/3603/3485 3497/3614/3496 3498/3613/3495
f 3494/3611/3493 3498/3613/3495 3495/3616/3498 3493/3612/3494
f 3487/3605/3487 3485/3604/3486 3498/3613/3495 3494/3611/3493
f 3502/3617/3499 3501/3618/3500 3500/3619/3501 3499/3620/3502
f 3501/3618/3500 3504/3621/3503 3503/3622/3504 3500/3619/3501
f 3506/3623/3505 3505/3624/3506 3501/3618/3500 3502/3617/3499
f 3505/3624/3506 3507/3625/3507 3504/3621/3503 3501/3618/3500
f 3509/3626/3508 2503/2624/2506 2504/2623/2505 3508/3627/3509
f 3510/3628/3510 2501/2620/2502 2503/2624/2506 3509/3626/3508
f 3504/3621/3503 3509/3626/3508 3508/3627/3509 3503/3622/3504
f 3507/3625/3507 3510/3628/3510 3509/3626/3508 3504/3621/3503
f 2498/2617/2499 3512/3629/3511 3511/3630/3512 2497/2618/2500
f 3512/3629/3511 3514/3631/3513 3513/3632/3514 3511/3630/3512
f 2501/2620/2502 3510/3628/3510 3512/3629/3511 2498/2617/2499
f 3510/3628/3510 3507/3625/3507 3514/3631/3513 3512/3629/3511
f 3518/3633/3515 3517/3634/3516 3516/3635/3517 3515/3636/3518
f 3505/3624/3506 3506/3623/3505 3517/3634/3516 3518/3633/3515
f 3514/3631/3513 3518/3633/3515 3515/3636/3518 3513/3632/3514
f 3507/3625/3507 3505/3624/3506 3518/3633/3515 3514/3631/3513
f 3522/3637/3519 3521/3638/3520 3520/3639/3521 3519/3640/3522
f 3521/3638/3520 3524/3641/3523 3523/3642/3524 3520/3639/3521
f 3526/3643/3525 3525/3644/3526 3521/3638/3520 3522/3637/3519
f 3525/3644/3526 3527/3645/3527 3524/3641/3523 3521/3638/3520
f 3531/3646/3528 3530/3647/3529 3529/3648/3530 3528/3649/3531
f 3533/3650/3532 3532/3651/3533 3530/3647/3529 3531/3646/3528
f 3524/3641/3523 3531/3646/3528 3528/3649/3531 3523/3642/3524
f 3527/3645/3527 3533/3650/3532 3531/3646/3528 3524/3641/3523
f 3537/3652/3534 3536/3653/3535 3535/3654/3536 3534/3655/3537
f 3536/3653/3535 3539/3656/3538 3538/3657/3539 3535/3654/3536
f 3532/3651/3533 3533/3650/3532 3536/3653/3535 3537/3652/3534
f 3533/3650/3532 3527/3645/3527 3539/3656/3538 3536/3653/3535
f 3543/3658/3540 3542/3659/3541 3541/3660/3542 3540/3661/3543
f 3525/3644/3526 3526/3643/3525 3542/3659/3541 3543/3658/3540
f 3539/3656/3538 3543/3658/3540 3540/3661/3543 3538/3657/3539
f 3527/3645/3527 3525/3644/3526 3543/3658/3540 3539/3656/3538
f 3547/3662/3544 3546/3663/3545 3545/3664/3546 3544/3665/3547
f 3546/3663/3545 3549/3666/3548 3548/3667/3549 3545/3664/3546
f 3551/3668/3550 3550/3669/3551 3546/3663/3545 3547/3662/3544
f 3550/3669/3551 3552/3670/3552 3549/3666/3548 3546/3663/3545
f 3554/3671/3553 3508/3627/3509 2504/2623/2505 3553/3672/3554
f 3555/3673/3555 3503/3622/3504 3508/3627/3509 3554/3671/3553
f 3549/3666/3548 3554/3671/3553 3553/3672/3554 3548/3667/3549
f 3552/3670/3552 3555/3673/3555 3554/3671/3553 3549/3666/3548
f 3500/3619/3501 3557/3674/3556 3556/3675/3557 3499/3620/3502
f 3557/3674/3556 3559/3676/3558 3558/3677/3559 3556/3675/3557
f 3503/3622/3504 3555/3673/3555 3557/3674/3556 3500/3619/3501
f 3555/3673/3555 3552/3670/3552 3559/3676/3558 3557/3674/3556
f 3563/3678/3560 3562/3679/3561 3561/3680/3562 3560/3681/3563
f 3550/3669/3551 3551/3668/3550 3562/3679/3561 3563/3678/3560
f 3559/3676/3558 3563/3678/3560 3560/3681/3563 3558/3677/3559
f 3552/3670/3552 3550/3669/3551 3563/3678/3560 3559/3676/3558
f 3565/3682/3564 3564/3683/3565 2538/2659/2541 2539/2658/2540
f 3564/3683/3565 3566/3684/3566 2534/2653/2535 2538/2659/2541
f 3568/3685/3567 3567/3686/3568 3564/3683/3565 3565/3682/3564
f 3567/3686/3568 3569/3687/3569 3566/3684/3566 3564/3683/3565
f 3570/3688/3570 3488/3607/3489 2484/2603/2485 2532/2651/2533
f 3571/3689/3571 3483/3602/3484 3488/3607/3489 3570/3688/3570
f 3566/3684/3566 3570/3688/3570 2532/2651/2533 2534/2653/2535
f 3569/3687/3569 3571/3689/3571 3570/3688/3570 3566/3684/3566
f 3480/3599/3481 3573/3690/3572 3572/3691/3573 3479/3600/3482
f 3573/3690/3572 3575/3692/3574 3574/3693/3575 3572/3691/3573
f 3483/3602/3484 3571/3689/3571 3573/3690/3572 3480/3599/3481
f 3571/3689/3571 3569/3687/3569 3575/3692/3574 3573/3690/3572
f 3579/3694/3576 3578/3695/3577 3577/3696/3578 3576/3697/3579
f 3567/3686/3568 3568/3685/3567 3578/3695/3577 3579/3694/3576
f 3575/3692/3574 3579/3694/3576 3576/3697/3579 3574/3693/3575
f 3569/3687/3569 3567/3686/3568 3579/3694/3576 3575/3692/3574
f 3581/3698/3580 3580/3699/3581 2561/2682/2564 2562/2681/2563
f 3580/3699/3581 3582/3700/3582 2556/2675/2557 2561/2682/2564
f 3584/3701/3583 3583/3702/3584 3580/3699/3581 3581/3698/3580
f 3583/3702/3584 3585/3703/3585 3582/3700/3582 3580/3699/3581
f 3587/3704/3586 3586/3705/3587 2552/2673/2555 2553/2672/2554
f 3589/3706/3588 3588/3707/3589 3586/3705/3587 3587/3704/3586
f 3582/3700/3582 3587/3704/3586 2553/2672/2554 2556/2675/2557
f 3585/3703/3585 3589/3706/3588 3587/3704/3586 3582/3700/3582
f 3593/3708/3590 3592/3709/3591 3591/3710/3592 3590/3711/3593
f 3592/3709/3591 3595/3712/3594 3594/3713/3595 3591/3710/3592
f 3588/3707/3589 3589/3706/3588 3592/3709/3591 3593/3708/3590
f 3589/3706/3588 3585/3703/3585 3595/3712/3594 3592/3709/3591
f 3599/3714/3596 3598/3715/3597 3597/3716/3598 3596/3717/3599
f 3583/3702/3584 3584/3701/3583 3598/3715/3597 3599/3714/3596
f 3595/3712/3594 3599/3714/3596 3596/3717/3599 3594/3713/3595
f 3585/3703/3585 3583/3702/3584 3599/3714/3596 3595/3712/3594
f 3601/3718/3600 3600/3719/3601 2583/2704/2586 2584/2703/2585
f 3600/3719/3601 3602/3720/3602 2579/2698/2580 2583/2704/2586
f 3604/3721/3603 3603/3722/3604 3600/3719/3601 3601/3718/3600
f 3603/3722/3604 3605/3723/3605 3602/3720/3602 3600/3719/3601
f 3606/3724/3606 3581/3698/3580 2562/2681/2563 2577/2696/2578
f 3607/3725/3607 3584/3701/3583 3581/3698/3580 3606/3724/3606
f 3602/3720/3602 3606/3724/3606 2577/2696/2578 2579/2698/2580
f 3605/3723/3605 3607/3725/3607 3606/3724/3606 3602/3720/3602
f 3598/3715/3597 3609/3726/3608 3608/3727/3609 3597/3716/3598
f 3609/3726/3608 3611/3728/3610 3610/3729/3611 3608/3727/3609
f 3584/3701/3583 3607/3725/3607 3609/3726/3608 3598/3715/3597
f 3607/3725/3607 3605/3723/3605 3611/3728/3610 3609/3726/3608
f 3615/3730/3612 3614/3731/3613 3613/3732/3614 3612/3733/3615
f 3603/3722/3604 3604/3721/3603 3614/3731/3613 3615/3730/3612
f 3611/3728/3610 3615/3730/3612 3612/3733/3615 3610/3729/3611
f 3605/3723/3605 3603/3722/3604 3615/3730/3612 3611/3728/3610
f 3617/3734/3616 3616/3735/3617 2603/2724/2606 2604/2723/2605
f 3616/3735/3617 3618/3736/3618 2599/2718/2600 2603/2724/2606
f 3620/3737/3619 3619/3738/3620 3616/3735/3617 3617/3734/3616
f 3619/3738/3620 3621/3739/3621 3618/3736/3618 3616/3735/3617
f 3622/3740/3622 3601/3718/3600 2584/2703/2585 2597/2716/2598
f 3623/3741/3623 3604/3721/3603 3601/3718/3600 3622/3740/3622
f 3618/3736/3618 3622/3740/3622 2597/2716/2598 2599/2718/2600
f 3621/3739/3621 3623/3741/3623 3622/3740/3622 3618/3736/3618
f 3614/3731/3613 3625/3742/3624 3624/3743/3625 3613/3732/3614
f 3625/3742/3624 3627/3744/3626 3626/3745/3627 3624/3743/3625
f 3604/3721/3603 3623/3741/3623 3625/3742/3624 3614/3731/3613
f 3623/3741/3623 3621/3739/3621 3627/3744/3626 3625/3742/3624
f 3631/3746/3628 3630/3747/3629 3629/3748/3630 3628/3749/3631
f 3619/3738/3620 3620/3737/3619 3630/3747/3629 3631/3746/3628
f 3627/3744/3626 3631/3746/3628 3628/3749/3631 3626/3745/3627
f 3621/3739/3621 3619/3738/3620 3631/3746/3628 3627/3744/3626
f 3633/3750/3632 3632/3751/3633 2626/2747/2629 2627/2746/2628
f 3632/3751/3633 3634/3752/3634 2621/2740/2622 2626/2747/2629
f 3636/3753/3635 3635/3754/3636 3632/3751/3633 3633/3750/3632
f 3635/3754/3636 3637/3755/3637 3634/3752/3634 3632/3751/3633
f 3639/3756/3638 3638/3757/3639 2617/2738/2620 2618/2737/2619
f 3641/3758/3640 3640/3759/3641 3638/3757/3639 3639/3756/3638
f 3634/3752/3634 3639/3756/3638 2618/2737/2619 2621/2740/2622
f 3637/3755/3637 3641/3758/3640 3639/3756/3638 3634/3752/3634
f 3645/3760/3642 3644/3761/3643 3643/3762/3644 3642/3763/3645
f 3644/3761/3643 3647/3764/3646 3646/3765/3647 3643/3762/3644
f 3640/3759/3641 3641/3758/3640 3644/3761/3643 3645/3760/3642
f 3641/3758/3640 3637/3755/3637 3647/3764/3646 3644/3761/3643
f 3651/3766/3648 3650/3767/3649 3649/3768/3650 3648/3769/3651
f 3635/3754/3636 3636/3753/3635 3650/3767/3649 3651/3766/3648
f 3647/3764/3646 3651/3766/3648 3648/3769/3651 3646/3765/3647
f 3637/3755/3637 3635/3754/3636 3651/3766/3648 3647/3764/3646
f 3653/3770/3652 3652/3771/3653 2655/2770/2652 2652/2773/2655
f 3652/3771/3653 3654/3772/3654 2650/2769/2651 2655/2770/2652
f 3656/3773/3655 3655/3774/3656 3652/3771/3653 3653/3770/3652
f 3655/3774/3656 3657/3775/3657 3654/3772/3654 3652/3771/3653
f 3658/3776/3658 3633/3750/3632 2627/2746/2628 2648/2767/2649
f 3659/3777/3659 3636/3753/3635 3633/3750/3632 3658/3776/3658
f 3654/3772/3654 3658/3776/3658 2648/2767/2649 2650/2769/2651
f 3657/3775/3657 3659/3777/3659 3658/3776/3658 3654/3772/3654
f 3650/3767/3649 3661/3778/3660 3660/3779/3661 3649/3768/3650
f 3661/3778/3660 3663/3780/3662 3662/3781/3663 3660/3779/3661
f 3636/3753/3635 3659/3777/3659 3661/3778/3660 3650/3767/3649
f 3659/3777/3659 3657/3775/3657 3663/3780/3662 3661/3778/3660
f 3667/3782/3664 3666/3783/3665 3665/3784/3666 3664/3785/3667
f 3655/3774/3656 3656/3773/3655 3666/3783/3665 3667/3782/3664
f 3663/3780/3662 3667/3782/3664 3664/3785/3667 3662/3781/3663
f 3657/3775/3657 3655/3774/3656 3667/3782/3664 3663/3780/3662
f 3669/3786/3668 3668/3787/3669 2675/2790/2672 2672/2793/2675
f 3668/3787/3669 3670/3788/3670 2670/2789/2671 2675/2790/2672
f 3672/3789/3671 3671/3790/3672 3668/3787/3669 3669/3786/3668
f 3671/3790/3672 3673/3791/3673 3670/3788/3670 3668/3787/3669
f 3674/3792/3674 3653/3770/3652 2652/2773/2655 2668/2787/2669
f 3675/3793/3675 3656/3773/3655 3653/3770/3652 3674/3792/3674
f 3670/3788/3670 3674/3792/3674 2668/2787/2669 2670/2789/2671
f 3673/3791/3673 3675/3793/3675 3674/3792/3674 3670/3788/3670
f 3666/3783/3665 3677/3794/3676 3676/3795/3677 3665/3784/3666
f 3677/3794/3676 3679/3796/3678 3678/3797/3679 3676/3795/3677
f 3656/3773/3655 3675/3793/3675 3677/3794/3676 3666/3783/3665
f 3675/3793/3675 3673/3791/3673 3679/3796/3678 3677/3794/3676
f 3683/3798/3680 3682/3799/3681 3681/3800/3682 3680/3801/3683
f 3671/3790/3672 3672/3789/3671 3682/3799/3681 3683/3798/3680
f 3679/3796/3678 3683/3798/3680 3680/3801/3683 3678/3797/3679
f 3673/3791/3673 3671/3790/3672 3683/3798/3680 3679/3796/3678
f 3687/3802/3684 3686/3803/3685 3685/3804/3686 3684/3805/3687
f 3686/3803/3685 3689/3806/3688 3688/3807/3689 3685/3804/3686
f 3691/3808/3690 3690/3809/3691 3686/3803/3685 3687/3802/3684
f 3690/3809/3691 3692/3810/3692 3689/3806/3688 3686/3803/3685
f 3695/3811/3693 3694/3812/3694 2692/2813/2695 3693/3813/3695
f 3697/3814/3696 3696/3815/3697 3694/3812/3694 3695/3811/3693
f 3689/3806/3688 3695/3811/3693 3693/3813/3695 3688/3807/3689
f 3692/3810/3692 3697/3814/3696 3695/3811/3693 3689/3806/3688
f 3701/3816/3698 3700/3817/3699 3699/3818/3700 3698/3819/3701
f 3700/3817/3699 3703/3820/3702 3702/3821/3703 3699/3818/3700
f 3696/3815/3697 3697/3814/3696 3700/3817/3699 3701/3816/3698
f 3697/3814/3696 3692/3810/3692 3703/3820/3702 3700/3817/3699
f 3707/3822/3704 3706/3823/3705 3705/3824/3706 3704/3825/3707
f 3690/3809/3691 3691/3808/3690 3706/3823/3705 3707/3822/3704
f 3703/3820/3702 3707/3822/3704 3704/3825/3707 3702/3821/3703
f 3692/3810/3692 3690/3809/3691 3707/3822/3704 3703/3820/3702
f 3709/3826/3708 3708/3827/3709 2720/2835/2717 2717/2838/2720
f 3708/3827/3709 3710/3828/3710 2715/2834/2716 2720/2835/2717
f 3712/3829/3711 3711/3830/3712 3708/3827/3709 3709/3826/3708
f 3711/3830/3712 3713/3831/3713 3710/3828/3710 3708/3827/3709
f 3715/3832/3714 3714/3833/3715 2712/2831/2713 2713/2830/2712
f 3717/3834/3716 3716/3835/3717 3714/3833/3715 3715/3832/3714
f 3710/3828/3710 3715/3832/3714 2713/2830/2712 2715/2834/2716
f 3713/3831/3713 3717/3834/3716 3715/3832/3714 3710/3828/3710
f 3721/3836/3718 3720/3837/3719 3719/3838/3720 3718/3839/3721
f 3720/3837/3719 3723/3840/3722 3722/3841/3723 3719/3838/3720
f 3716/3835/3717 3717/3834/3716 3720/3837/3719 3721/3836/3718
f 3717/3834/3716 3713/3831/3713 3723/3840/3722 3720/3837/3719
f 3727/3842/3724 3726/3843/3725 3725/3844/3726 3724/3845/3727
f 3711/3830/3712 3712/3829/3711 3726/3843/3725 3727/3842/3724
f 3723/3840/3722 3727/3842/3724 3724/3845/3727 3722/3841/3723
f 3713/3831/3713 3711/3830/3712 3727/3842/3724 3723/3840/3722
f 3729/3846/3728 3728/3847/3729 2740/2855/2737 2737/2858/2740
f 3728/3847/3729 3730/3848/3730 2735/2854/2736 2740/2855/2737
f 3732/3849/3731 3731/3850/3732 3728/3847/3729 3729/3846/3728
f 3731/3850/3732 3733/3851/3733 3730/3848/3730 3728/3847/3729
f 3734/3852/3734 3709/3826/3708 2717/2838/2720 2733/2852/2734
f 3735/3853/3735 3712/3829/3711 3709/3826/3708 3734/3852/3734
f 3730/3848/3730 3734/3852/3734 2733/2852/2734 2735/2854/2736
f 3733/3851/3733 3735/3853/3735 3734/3852/3734 3730/3848/3730
f 3726/3843/3725 3737/3854/3736 3736/3855/3737 3725/3844/3726
f 3737/3854/3736 3739/3856/3738 3738/3857/3739 3736/3855/3737
f 3712/3829/3711 3735/3853/3735 3737/3854/3736 3726/3843/3725
f 3735/3853/3735 3733/3851/3733 3739/3856/3738 3737/3854/3736
f 3743/3858/3740 3742/3859/3741 3741/3860/3742 3740/3861/3743
f 3731/3850/3732 3732/3849/3731 3742/3859/3741 3743/3858/3740
f 3739/3856/3738 3743/3858/3740 3740/3861/3743 3738/3857/3739
f 3733/3851/3733 3731/3850/3732 3743/3858/3740 3739/3856/3738
f 1301/1302/1302 3744/3862/3744 2758/2875/2757 298/301/301
f 3744/3862/3744 3745/3863/3745 2755/2874/2756 2758/2875/2757
f 1303/1304/1304 3746/3864/3746 3744/3862/3744 1301/1302/1302
f 3746/3864/3746 3747/3865/3747 3745/3863/3745 3744/3862/3744
f 3748/3866/3748 3729/3846/3728 2737/2858/2740 2753/2872/2754
f 3749/3867/3749 3732/3849/3731 3729/3846/3728 3748/3866/3748
f 3745/3863/3745 3748/3866/3748 2753/2872/2754 2755/2874/2756
f 3747/3865/3747 3749/3867/3749 3748/3866/3748 3745/3863/3745
f 3742/3859/3741 3751/3868/3750 3750/3869/3751 3741/3860/3742
f 3751/3868/3750 3753/3870/1311 3752/3871/3752 3750/3869/3751
f 3732/3849/3731 3749/3867/3749 3751/3868/3750 3742/3859/3741
f 3749/3867/3749 3747/3865/3747 3753/3870/1311 3751/3868/3750
f 3755/3872/3753 1307/1310/1310 1308/1309/1309 3754/3873/3754
f 3746/3864/3746 1303/1304/1304 1307/1310/1310 3755/3872/3753
f 3753/3870/1311 3755/3872/3753 3754/3873/3754 3752/3871/3752
f 3747/3865/3747 3746/3864/3746 3755/3872/3753 3753/3870/1311
f 3758/3874/3755 3757/3875/3756 3756/3876/3757 2762/2883/2765
f 3757/3875/3756 3760/3877/3758 3759/3878/3759 3756/3876/3757
f 3762/3879/3760 3761/3880/3761 3757/3875/3756 3758/3874/3755
f 3761/3880/3761 3763/3881/3762 3760/3877/3758 3757/3875/3756
f 3767/3882/3763 3766/3883/3764 3765/3884/3765 3764/3885/3766
f 3769/3886/3767 3768/3887/3768 3766/3883/3764 3767/3882/3763
f 3760/3877/3758 3767/3882/3763 3764/3885/3766 3759/3878/3759
f 3763/3881/3762 3769/3886/3767 3767/3882/3763 3760/3877/3758
f 3773/3888/3769 3772/3889/3770 3771/3890/3771 3770/3891/3772
f 3772/3889/3770 3775/3892/3773 3774/3893/3774 3771/3890/3771
f 3768/3887/3768 3769/3886/3767 3772/3889/3770 3773/3888/3769
f 3769/3886/3767 3763/3881/3762 3775/3892/3773 3772/3889/3770
f 3779/3894/3775 3778/3895/3776 3777/3896/3700 3776/3897/3777
f 3761/3880/3761 3762/3879/3760 3778/3895/3776 3779/3894/3775
f 3775/3892/3773 3779/3894/3775 3776/3897/3777 3774/3893/3774
f 3763/3881/3762 3761/3880/3761 3779/3894/3775 3775/3892/3773
f 3766/3883/3764 3781/3898/3778 3780/3899/3779 3765/3884/3765
f 3781/3898/3778 3783/3900/3780 3782/3901/3781 3780/3899/3779
f 3768/3887/3768 3784/3902/3782 3781/3898/3778 3766/3883/3764
f 3784/3902/3782 3785/3903/3783 3783/3900/3780 3781/3898/3778
f 3787/3904/3784 3522/3637/3519 3519/3640/3522 3786/3905/3785
f 3788/3906/3786 3526/3643/3525 3522/3637/3519 3787/3904/3784
f 3783/3900/3780 3787/3904/3784 3786/3905/3785 3782/3901/3781
f 3785/3903/3783 3788/3906/3786 3787/3904/3784 3783/3900/3780
f 3542/3659/3541 3790/3907/3787 3789/3908/3788 3541/3660/3542
f 3790/3907/3787 3792/3909/3789 3791/3910/3790 3789/3908/3788
f 3526/3643/3525 3788/3906/3786 3790/3907/3787 3542/3659/3541
f 3788/3906/3786 3785/3903/3783 3792/3909/3789 3790/3907/3787
f 3794/3911/3791 3773/3888/3769 3770/3891/3772 3793/3912/3792
f 3784/3902/3782 3768/3887/3768 3773/3888/3769 3794/3911/3791
f 3792/3909/3789 3794/3911/3791 3793/3912/3792 3791/3910/3790
f 3785/3903/3783 3784/3902/3782 3794/3911/3791 3792/3909/3789
f 3511/3630/3512 3795/3913/3793 2796/2915/2797 2497/2618/2500
f 3795/3913/3793 3796/3914/3794 2794/2913/2795 2796/2915/2797
f 3513/3632/3514 3797/3915/3795 3795/3913/3793 3511/3630/3512
f 3797/3915/3795 3798/3916/3796 3796/3914/3794 3795/3913/3793
f 3800/3917/3797 3799/3918/3798 2790/2911/2793 2791/2910/2792
f 3802/3919/3799 3801/3920/3800 3799/3918/3798 3800/3917/3797
f 3796/3914/3794 3800/3917/3797 2791/2910/2792 2794/2913/2795
f 3798/3916/3796 3802/3919/3799 3800/3917/3797 3796/3914/3794
f 3806/3921/3801 3805/3922/3802 3804/3923/3803 3803/3924/3804
f 3805/3922/3802 3808/3925/3805 3807/3926/3806 3804/3923/3803
f 3801/3920/3800 3802/3919/3799 3805/3922/3802 3806/3921/3801
f 3802/3919/3799 3798/3916/3796 3808/3925/3805 3805/3922/3802
f 3810/3927/3807 3515/3636/3518 3516/3635/3517 3809/3928/3808
f 3797/3915/3795 3513/3632/3514 3515/3636/3518 3810/3927/3807
f 3808/3925/3805 3810/3927/3807 3809/3928/3808 3807/3926/3806
f 3798/3916/3796 3797/3915/3795 3810/3927/3807 3808/3925/3805
f 3812/3929/3809 3811/3930/3810 2814/2935/2817 2815/2934/2816
f 3811/3930/3810 3813/3931/3811 2812/2931/2813 2814/2935/2817
f 3815/3932/3812 3814/3933/3813 3811/3930/3810 3812/3929/3809
f 3814/3933/3813 3816/3934/3814 3813/3931/3811 3811/3930/3810
f 3818/3935/3815 3817/3936/3816 2808/2929/2811 2809/2928/2810
f 3820/3937/3817 3819/3938/3818 3817/3936/3816 3818/3935/3815
f 3813/3931/3811 3818/3935/3815 2809/2928/2810 2812/2931/2813
f 3816/3934/3814 3820/3937/3817 3818/3935/3815 3813/3931/3811
f 3824/3939/3819 3823/3940/3820 3822/3941/3821 3821/3942/3822
f 3823/3940/3820 3826/3943/3823 3825/3944/3824 3822/3941/3821
f 3819/3938/3818 3820/3937/3817 3823/3940/3820 3824/3939/3819
f 3820/3937/3817 3816/3934/3814 3826/3943/3823 3823/3940/3820
f 3830/3945/3825 3829/3946/3826 3828/3947/3827 3827/3948/3828
f 3814/3933/3813 3815/3932/3812 3829/3946/3826 3830/3945/3825
f 3826/3943/3823 3830/3945/3825 3827/3948/3828 3825/3944/3824
f 3816/3934/3814 3814/3933/3813 3830/3945/3825 3826/3943/3823
f 3817/3936/3816 3831/3949/3829 2832/2951/2833 2808/2929/2811
f 3831/3949/3829 3832/3950/3830 2830/2949/2831 2832/2951/2833
f 3819/3938/3818 3833/3951/3831 3831/3949/3829 3817/3936/3816
f 3833/3951/3831 3834/3952/3832 3832/3950/3830 3831/3949/3829
f 3836/3953/3833 3835/3954/3834 2826/2947/2829 2827/2946/2828
f 3838/3955/3835 3837/3956/3836 3835/3954/3834 3836/3953/3833
f 3832/3950/3830 3836/3953/3833 2827/2946/2828 2830/2949/2831
f 3834/3952/3832 3838/3955/3835 3836/3953/3833 3832/3950/3830
f 3842/3957/3837 3841/3958/3838 3840/3959/3839 3839/3960/3840
f 3841/3958/3838 3844/3961/3841 3843/3962/3842 3840/3959/3839
f 3837/3956/3836 3838/3955/3835 3841/3958/3838 3842/3957/3837
f 3838/3955/3835 3834/3952/3832 3844/3961/3841 3841/3958/3838
f 3846/3963/3843 3824/3939/3819 3821/3942/3822 3845/3964/3844
f 3833/3951/3831 3819/3938/3818 3824/3939/3819 3846/3963/3843
f 3844/3961/3841 3846/3963/3843 3845/3964/3844 3843/3962/3842
f 3834/3952/3832 3833/3951/3831 3846/3963/3843 3844/3961/3841
f 3835/3954/3834 3847/3965/3845 2848/2967/2849 2826/2947/2829
f 3847/3965/3845 3848/3966/3846 2846/2965/2847 2848/2967/2849
f 3837/3956/3836 3849/3967/3847 3847/3965/3845 3835/3954/3834
f 3849/3967/3847 3850/3968/3848 3848/3966/3846 3847/3965/3845
f 3852/3969/3849 3851/3970/3850 2842/2963/2845 2843/2962/2844
f 3854/3971/3851 3853/3972/3852 3851/3970/3850 3852/3969/3849
f 3848/3966/3846 3852/3969/3849 2843/2962/2844 2846/2965/2847
f 3850/3968/3848 3854/3971/3851 3852/3969/3849 3848/3966/3846
f 3858/3973/3853 3857/3974/3854 3856/3975/3855 3855/3976/3856
f 3857/3974/3854 3860/3977/3857 3859/3978/3858 3856/3975/3855
f 3853/3972/3852 3854/3971/3851 3857/3974/3854 3858/3973/3853
f 3854/3971/3851 3850/3968/3848 3860/3977/3857 3857/3974/3854
f 3862/3979/3859 3842/3957/3837 3839/3960/3840 3861/3980/3860
f 3849/3967/3847 3837/3956/3836 3842/3957/3837 3862/3979/3859
f 3860/3977/3857 3862/3979/3859 3861/3980/3860 3859/3978/3858
f 3850/3968/3848 3849/3967/3847 3862/3979/3859 3860/3977/3857
f 3864/3981/3861 3863/3982/3862 2866/2987/2869 2867/2986/2868
f 3863/3982/3862 3865/3983/3863 2864/2983/2865 2866/2987/2869
f 3867/3984/3864 3866/3985/3865 3863/3982/3862 3864/3981/3861
f 3866/3985/3865 3868/3986/3866 3865/3983/3863 3863/3982/3862
f 3870/3987/3867 3869/3988/3868 2860/2981/2863 2861/2980/2862
f 3872/3989/3869 3871/3990/3870 3869/3988/3868 3870/3987/3867
f 3865/3983/3863 3870/3987/3867 2861/2980/2862 2864/2983/2865
f 3868/3986/3866 3872/3989/3869 3870/3987/3867 3865/3983/3863
f 3876/3991/3871 3875/3992/3872 3874/3993/3873 3873/3994/3874
f 3875/3992/3872 3878/3995/3875 3877/3996/3876 3874/3993/3873
f 3871/3990/3870 3872/3989/3869 3875/3992/3872 3876/3991/3871
f 3872/3989/3869 3868/3986/3866 3878/3995/3875 3875/3992/3872
f 3882/3997/3877 3881/3998/3878 3880/3999/3879 3879/4000/3880
f 3866/3985/3865 3867/3984/3864 3881/3998/3878 3882/3997/3877
f 3878/3995/3875 3882/3997/3877 3879/4000/3880 3877/3996/3876
f 3868/3986/3866 3866/3985/3865 3882/3997/3877 3878/3995/3875
f 3869/3988/3868 3883/4001/3881 2871/2988/2870 2860/2981/2863
f 3883/4001/3881 3884/4002/3882 2874/2991/2873 2871/2988/2870
f 3871/3990/3870 3885/4003/3883 3883/4001/3881 3869/3988/3868
f 3885/4003/3883 3886/4004/3884 3884/4002/3882 3883/4001/3881
f 3888/4005/3885 3887/4006/3886 2883/3002/2884 2884/3001/2883
f 3890/4007/3887 3889/4008/3888 3887/4006/3886 3888/4005/3885
f 3884/4002/3882 3888/4005/3885 2884/3001/2883 2874/2991/2873
f 3886/4004/3884 3890/4007/3887 3888/4005/3885 3884/4002/3882
f 3894/4009/3889 3893/4010/3890 3892/4011/3891 3891/4012/3892
f 3893/4010/3890 3896/4013/3893 3895/4014/3894 3892/4011/3891
f 3889/4008/3888 3890/4007/3887 3893/4010/3890 3894/4009/3889
f 3890/4007/3887 3886/4004/3884 3896/4013/3893 3893/4010/3890
f 3898/4015/3895 3876/3991/3871 3873/3994/3874 3897/4016/3896
f 3885/4003/3883 3871/3990/3870 3876/3991/3871 3898/4015/3895
f 3896/4013/3893 3898/4015/3895 3897/4016/3896 3895/4014/3894
f 3886/4004/3884 3885/4003/3883 3898/4015/3895 3896/4013/3893
f 3887/4006/3886 3899/4017/3897 2887/3004/2886 2883/3002/2884
f 3899/4017/3897 3900/4018/3898 2890/3007/2889 2887/3004/2886
f 3889/4008/3888 3901/4019/3899 3899/4017/3897 3887/4006/3886
f 3901/4019/3899 3902/4020/3900 3900/4018/3898 3899/4017/3897
f 3904/4021/3901 3903/4022/3902 2899/3018/2900 2900/3017/2899
f 3906/4023/3903 3905/4024/3904 3903/4022/3902 3904/4021/3901
f 3900/4018/3898 3904/4021/3901 2900/3017/2899 2890/3007/2889
f 3902/4020/3900 3906/4023/3903 3904/4021/3901 3900/4018/3898
f 3910/4025/3905 3909/4026/3906 3908/4027/3907 3907/4028/3908
f 3909/4026/3906 3912/4029/3909 3911/4030/3910 3908/4027/3907
f 3905/4024/3904 3906/4023/3903 3909/4026/3906 3910/4025/3905
f 3906/4023/3903 3902/4020/3900 3912/4029/3909 3909/4026/3906
f 3914/4031/3911 3894/4009/3889 3891/4012/3892 3913/4032/3912
f 3901/4019/3899 3889/4008/3888 3894/4009/3889 3914/4031/3911
f 3912/4029/3909 3914/4031/3911 3913/4032/3912 3911/4030/3910
f 3902/4020/3900 3901/4019/3899 3914/4031/3911 3912/4029/3909
f 3903/4022/3902 3915/4033/3913 2903/3020/2902 2899/3018/2900
f 3915/4033/3913 3916/4034/3914 2906/3023/2905 2903/3020/2902
f 3905/4024/3904 3917/4035/3915 3915/4033/3913 3903/4022/3902
f 3917/4035/3915 3918/4036/3916 3916/4034/3914 3915/4033/3913
f 3920/4037/3917 3919/4038/3918 2915/3034/2916 2916/3033/2915
f 3922/4039/3919 3921/4040/3920 3919/4038/3918 3920/4037/3917
f 3916/4034/3914 3920/4037/3917 2916/3033/2915 2906/3023/2905
f 3918/4036/3916 3922/4039/3919 3920/4037/3917 3916/4034/3914
f 3926/4041/3921 3925/4042/3922 3924/4043/3923 3923/4044/3924
f 3925/4042/3922 3928/4045/3925 3927/4046/3926 3924/4043/3923
f 3921/4040/3920 3922/4039/3919 3925/4042/3922 3926/4041/3921
f 3922/4039/3919 3918/4036/3916 3928/4045/3925 3925/4042/3922
f 3930/4047/3927 3910/4025/3905 3907/4028/3908 3929/4048/3928
f 3917/4035/3915 3905/4024/3904 3910/4025/3905 3930/4047/3927
f 3928/4045/3925 3930/4047/3927 3929/4048/3928 3927/4046/3926
f 3918/4036/3916 3917/4035/3915 3930/4047/3927 3928/4045/3925
f 3934/4049/3929 3933/4050/3930 3932/4051/3931 3931/4052/3932
f 3933/4050/3930 3936/4053/3933 3935/4054/3934 3932/4051/3931
f 3938/4055/3935 3937/4056/3936 3933/4050/3930 3934/4049/3929
f 3937/4056/3936 3939/4057/3937 3936/4053/3933 3933/4050/3930
f 3941/4058/3938 2921/3036/2918 2918/3039/2921 3940/4059/3939
f 3942/4060/3940 2925/3042/2924 2921/3036/2918 3941/4058/3938
f 3936/4053/3933 3941/4058/3938 3940/4059/3939 3935/4054/3934
f 3939/4057/3937 3942/4060/3940 3941/4058/3938 3936/4053/3933
f 2936/3053/2935 3944/4061/3941 3943/4062/3942 2935/3054/2936
f 3944/4061/3941 3946/4063/3943 3945/4064/3944 3943/4062/3942
f 2925/3042/2924 3942/4060/3940 3944/4061/3941 2936/3053/2935
f 3942/4060/3940 3939/4057/3937 3946/4063/3943 3944/4061/3941
f 3950/4065/3945 3949/4066/3946 3948/4067/3947 3947/4068/3948
f 3937/4056/3936 3938/4055/3935 3949/4066/3946 3950/4065/3945
f 3946/4063/3943 3950/4065/3945 3947/4068/3948 3945/4064/3944
f 3939/4057/3937 3937/4056/3936 3950/4065/3945 3946/4063/3943
f 3943/4062/3942 3951/4069/3949 2939/3056/2938 2935/3054/2936
f 3951/4069/3949 3952/4070/3950 2942/3059/2941 2939/3056/2938
f 3945/4064/3944 3953/4071/3951 3951/4069/3949 3943/4062/3942
f 3953/4071/3951 3954/4072/3952 3952/4070/3950 3951/4069/3949
f 3956/4073/3953 3955/4074/3954 2951/3070/2952 2952/3069/2951
f 3958/4075/3955 3957/4076/3956 3955/4074/3954 3956/4073/3953
f 3952/4070/3950 3956/4073/3953 2952/3069/2951 2942/3059/2941
f 3954/4072/3952 3958/4075/3955 3956/4073/3953 3952/4070/3950
f 3962/4077/3957 3961/4078/3958 3960/4079/3959 3959/4080/3960
f 3961/4078/3958 3964/4081/3961 3963/4082/3962 3960/4079/3959
f 3957/4076/3956 3958/4075/3955 3961/4078/3958 3962/4077/3957
f 3958/4075/3955 3954/4072/3952 3964/4081/3961 3961/4078/3958
f 3966/4083/3963 3947/4068/3948 3948/4067/3947 3965/4084/3964
f 3953/4071/3951 3945/4064/3944 3947/4068/3948 3966/4083/3963
f 3964/4081/3961 3966/4083/3963 3965/4084/3964 3963/4082/3962
f 3954/4072/3952 3953/4071/3951 3966/4083/3963 3964/4081/3961
f 3955/4074/3954 3967/4085/3965 2955/3072/2954 2951/3070/2952
f 3967/4085/3965 3968/4086/3966 2958/3075/2957 2955/3072/2954
f 3957/4076/3956 3969/4087/3967 3967/4085/3965 3955/4074/3954
f 3969/4087/3967 3970/4088/3968 3968/4086/3966 3967/4085/3965
f 3971/4089/3969 1542/1543/1543 505/506/506 2964/3083/2965
f 3972/4090/3970 1540/1541/1541 1542/1543/1543 3971/4089/3969
f 3968/4086/3966 3971/4089/3969 2964/3083/2965 2958/3075/2957
f 3970/4088/3968 3972/4090/3970 3971/4089/3969 3968/4086/3966
f 1537/1538/1538 3974/4091/3971 3973/4092/3972 1536/1539/1539
f 3974/4091/3971 3976/4093/3973 3975/4094/3974 3973/4092/3972
f 1540/1541/1541 3972/4090/3970 3974/4091/3971 1537/1538/1538
f 3972/4090/3970 3970/4088/3968 3976/4093/3973 3974/4091/3971
f 3978/4095/3975 3962/4077/3957 3959/4080/3960 3977/4096/3976
f 3969/4087/3967 3957/4076/3956 3962/4077/3957 3978/4095/3975
f 3976/4093/3973 3978/4095/3975 3977/4096/3976 3975/4094/3974
f 3970/4088/3968 3969/4087/3967 3978/4095/3975 3976/4093/3973
f 2575/2692/2574 3980/4097/3977 3979/4098/3978 2574/2693/2575
f 3980/4097/3977 3982/4099/3979 3981/4100/3980 3979/4098/3978
f 2559/2676/2558 3983/4101/3981 3980/4097/3977 2575/2692/2574
f 3983/4101/3981 3984/4102/3982 3982/4099/3979 3980/4097/3977
f 3986/4103/3983 2547/2662/2544 2544/2665/2547 3985/4104/3984
f 3987/4105/3985 2542/2661/2543 2547/2662/2544 3986/4103/3983
f 3982/4099/3979 3986/4103/3983 3985/4104/3984 3981/4100/3980
f 3984/4102/3982 3987/4105/3985 3986/4103/3983 3982/4099/3979
f 2540/2657/2539 3989/4106/3986 3988/4107/3987 2539/2658/2540
f 3989/4106/3986 3991/4108/3988 3990/4109/3989 3988/4107/3987
f 2542/2661/2543 3987/4105/3985 3989/4106/3986 2540/2657/2539
f 3987/4105/3985 3984/4102/3982 3991/4108/3988 3989/4106/3986
f 3993/4110/3990 2555/2670/2552 2552/2673/2555 3992/4111/3991
f 3983/4101/3981 2559/2676/2558 2555/2670/2552 3993/4110/3990
f 3991/4108/3988 3993/4110/3990 3992/4111/3991 3990/4109/3989
f 3984/4102/3982 3983/4101/3981 3993/4110/3990 3991/4108/3988
f 2816/2933/2815 3995/4112/3992 3994/4113/3993 2815/2934/2816
f 3995/4112/3992 3997/4114/3994 3996/4115/3995 3994/4113/3993
f 2802/2919/2801 3998/4116/3996 3995/4112/3992 2816/2933/2815
f 3998/4116/3996 3999/4117/3997 3997/4114/3994 3995/4112/3992
f 4001/4118/3998 2793/2908/2790 2790/2911/2793 4000/4119/3999
f 4002/4120/4000 2788/2907/2789 2793/2908/2790 4001/4118/3998
f 3997/4114/3994 4001/4118/3998 4000/4119/3999 3996/4115/3995
f 3999/4117/3997 4002/4120/4000 4001/4118/3998 3997/4114/3994
f 2786/2905/2787 4003/4121/4001 3985/4104/3984 2544/2665/2547
f 4003/4121/4001 4004/4122/4002 3981/4100/3980 3985/4104/3984
f 2788/2907/2789 4002/4120/4000 4003/4121/4001 2786/2905/2787
f 4002/4120/4000 3999/4117/3997 4004/4122/4002 4003/4121/4001
f 4005/4123/4003 2799/2916/2798 2574/2693/2575 3979/4098/3978
f 3998/4116/3996 2802/2919/2801 2799/2916/2798 4005/4123/4003
f 4004/4122/4002 4005/4123/4003 3979/4098/3978 3981/4100/3980
f 3999/4117/3997 3998/4116/3996 4005/4123/4003 4004/4122/4002
f 3829/3946/3826 4007/4124/4004 4006/4125/4005 3828/3947/3827
f 4007/4124/4004 4009/4126/4006 4008/4127/4007 4006/4125/4005
f 3815/3932/3812 4010/4128/4008 4007/4124/4004 3829/3946/3826
f 4010/4128/4008 4011/4129/4009 4009/4126/4006 4007/4124/4004
f 4013/4130/4010 3806/3921/3801 3803/3924/3804 4012/4131/4011
f 4014/4132/4012 3801/3920/3800 3806/3921/3801 4013/4130/4010
f 4009/4126/4006 4013/4130/4010 4012/4131/4011 4008/4127/4007
f 4011/4129/4009 4014/4132/4012 4013/4130/4010 4009/4126/4006
f 3799/3918/3798 4015/4133/4013 4000/4119/3999 2790/2911/2793
f 4015/4133/4013 4016/4134/4014 3996/4115/3995 4000/4119/3999
f 3801/3920/3800 4014/4132/4012 4015/4133/4013 3799/3918/3798
f 4014/4132/4012 4011/4129/4009 4016/4134/4014 4015/4133/4013
f 4017/4135/4015 3812/3929/3809 2815/2934/2816 3994/4113/3993
f 4010/4128/4008 3815/3932/3812 3812/3929/3809 4017/4135/4015
f 4016/4134/4014 4017/4135/4015 3994/4113/3993 3996/4115/3995
f 4011/4129/4009 4010/4128/4008 4017/4135/4015 4016/4134/4014
f 3319/3438/3320 4019/4136/4016 4018/4137/4017 3078/3197/3079
f 4019/4136/4016 4021/4138/4018 4020/4139/4019 4018/4137/4017
f 3321/3440/3322 4022/4140/4020 4019/4136/4016 3319/3438/3320
f 4022/4140/4020 4023/4141/4021 4021/4138/4018 4019/4136/4016
f 4025/4142/4022 3300/3419/3301 3036/3157/3039 4024/4143/4023
f 4026/4144/4024 3295/3414/3296 3300/3419/3301 4025/4142/4022
f 4021/4138/4018 4025/4142/4022 4024/4143/4023 4020/4139/4019
f 4023/4141/4021 4026/4144/4024 4025/4142/4022 4021/4138/4018
f 3292/3411/3293 4028/4145/4025 4027/4146/4026 3291/3412/3294
f 4028/4145/4025 4030/4147/4027 4029/4148/4028 4027/4146/4026
f 3295/3414/3296 4026/4144/4024 4028/4145/4025 3292/3411/3293
f 4026/4144/4024 4023/4141/4021 4030/4147/4027 4028/4145/4025
f 4032/4149/4029 3323/3444/3326 3324/3443/3325 4031/4150/4030
f 4022/4140/4020 3321/3440/3322 3323/3444/3326 4032/4149/4029
f 4030/4147/4027 4032/4149/4029 4031/4150/4030 4029/4148/4028
f 4023/4141/4021 4022/4140/4020 4032/4149/4029 4030/4147/4027
f 3072/3191/3073 4034/4151/4031 4033/4152/4032 3071/3192/3074
f 4034/4151/4031 4036/4153/4033 4035/4154/4034 4033/4152/4032
f 3075/3194/3076 4037/4155/4035 4034/4151/4031 3072/3191/3073
f 4037/4155/4035 4038/4156/4036 4036/4153/4033 4034/4151/4031
f 4040/4157/4037 3045/3166/3048 3046/3165/3047 4039/4158/4038
f 4041/4159/4039 3040/3159/3041 3045/3166/3048 4040/4157/4037
f 4036/4153/4033 4040/4157/4037 4039/4158/4038 4035/4154/4034
f 4038/4156/4036 4041/4159/4039 4040/4157/4037 4036/4153/4033
f 3037/3156/3038 4042/4160/4040 4024/4143/4023 3036/3157/3039
f 4042/4160/4040 4043/4161/4041 4020/4139/4019 4024/4143/4023
f 3040/3159/3041 4041/4159/4039 4042/4160/4040 3037/3156/3038
f 4041/4159/4039 4038/4156/4036 4043/4161/4041 4042/4160/4040
f 4044/4162/4042 3077/3198/3080 3078/3197/3079 4018/4137/4017
f 4037/4155/4035 3075/3194/3076 3077/3198/3080 4044/4162/4042
f 4043/4161/4041 4044/4162/4042 4018/4137/4017 4020/4139/4019
f 4038/4156/4036 4037/4155/4035 4044/4162/4042 4043/4161/4041
f 4047/4163/4043 4046/4164/4044 4045/4165/4045 3590/3711/3593
f 4046/4164/4044 4049/4166/4046 4048/4167/4047 4045/4165/4045
f 4051/4168/4048 4050/4169/4049 4046/4164/4044 4047/4163/4043
f 4050/4169/4049 4052/4170/4050 4049/4166/4046 4046/4164/4044
f 4055/4171/4051 4054/4172/4052 3577/3696/3578 4053/4173/4053
f 4057/4174/4054 4056/4175/4055 4054/4172/4052 4055/4171/4051
f 4049/4166/4046 4055/4171/4051 4053/4173/4053 4048/4167/4047
f 4052/4170/4050 4057/4174/4054 4055/4171/4051 4049/4166/4046
f 4059/4176/4056 4058/4177/4057 4039/4158/4038 3046/3165/3047
f 4058/4177/4057 4060/4178/4058 4035/4154/4034 4039/4158/4038
f 4056/4175/4055 4057/4174/4054 4058/4177/4057 4059/4176/4056
f 4057/4174/4054 4052/4170/4050 4060/4178/4058 4058/4177/4057
f 4062/4179/4059 4061/4180/4060 3071/3192/3074 4033/4152/4032
f 4050/4169/4049 4051/4168/4048 4061/4180/4060 4062/4179/4059
f 4060/4178/4058 4062/4179/4059 4033/4152/4032 4035/4154/4034
f 4052/4170/4050 4050/4169/4049 4062/4179/4059 4060/4178/4058
f 2605/4181/2604 4064/4182/4061 4063/4183/4062 2604/4184/2605
f 4064/4182/4061 4066/4185/4063 4065/4186/4064 4063/4183/4062
f 2607/4187/2608 4067/4188/4065 4064/4182/4061 2605/4181/2604
f 4067/4188/4065 4068/4189/4066 4066/4185/4063 4064/4182/4061
f 4070/4190/4067 2620/2735/2617 2617/2738/2620 4069/4191/4068
f 4071/4192/4069 2624/2741/2623 2620/2735/2617 4070/4190/4067
f 4066/4185/4063 4070/4190/4067 4069/4191/4068 4065/4186/4064
f 4068/4189/4066 4071/4192/4069 4070/4190/4067 4066/4185/4063
f 2640/2757/2639 4073/4193/4070 4072/4194/4071 2639/2758/2640
f 4073/4193/4070 4075/4195/4072 4074/4196/4073 4072/4194/4071
f 2624/2741/2623 4071/4192/4069 4073/4193/4070 2640/2757/2639
f 4071/4192/4069 4068/4189/4066 4075/4195/4072 4073/4193/4070
f 4077/4197/4074 2612/4198/2609 2609/4199/2612 4076/4200/4075
f 4067/4188/4065 2607/4187/2608 2612/4198/2609 4077/4197/4074
f 4075/4195/4072 4077/4197/4074 4076/4200/4075 4074/4196/4073
f 4068/4189/4066 4067/4188/4065 4077/4197/4074 4075/4195/4072
f 3630/4201/3629 4079/4202/4076 4078/4203/4077 3629/4204/3630
f 4079/4202/4076 4081/4205/4078 4080/4206/4079 4078/4203/4077
f 3620/4207/3619 4082/4208/4080 4079/4202/4076 3630/4201/3629
f 4082/4208/4080 4083/4209/4081 4081/4205/4078 4079/4202/4076
f 4085/4210/4082 3645/3760/3642 3642/3763/3645 4084/4211/4083
f 4086/4212/4084 3640/3759/3641 3645/3760/3642 4085/4210/4082
f 4081/4205/4078 4085/4210/4082 4084/4211/4083 4080/4206/4079
f 4083/4209/4081 4086/4212/4084 4085/4210/4082 4081/4205/4078
f 3638/3757/3639 4087/4213/4085 4069/4191/4068 2617/2738/2620
f 4087/4213/4085 4088/4214/4086 4065/4186/4064 4069/4191/4068
f 3640/3759/3641 4086/4212/4084 4087/4213/4085 3638/3757/3639
f 4086/4212/4084 4083/4209/4081 4088/4214/4086 4087/4213/4085
f 4089/4215/4087 3617/4216/3616 2604/4184/2605 4063/4183/4062
f 4082/4208/4080 3620/4207/3619 3617/4216/3616 4089/4215/4087
f 4088/4214/4086 4089/4215/4087 4063/4183/4062 4065/4186/4064
f 4083/4209/4081 4082/4208/4080 4089/4215/4087 4088/4214/4086
f 3102/4217/3103 4091/4218/4088 4090/4219/4089 3101/4220/3104
f 4091/4218/4088 4093/4221/4090 4092/4222/4091 4090/4219/4089
f 3105/4223/3106 4094/4224/4092 4091/4218/4088 3102/4217/3103
f 4094/4224/4092 4095/4225/4093 4093/4221/4090 4091/4218/4088
f 4097/4226/4094 3142/3263/3145 3143/3262/3144 4096/4227/4095
f 4098/4228/4096 3140/3259/3141 3142/3263/3145 4097/4226/4094
f 4093/4221/4090 4097/4226/4094 4096/4227/4095 4092/4222/4091
f 4095/4225/4093 4098/4228/4096 4097/4226/4094 4093/4221/4090
f 3137/3256/3138 4100/4229/4097 4099/4230/4098 3136/3257/3139
f 4100/4229/4097 4102/4231/4099 4101/4232/4100 4099/4230/4098
f 3140/3259/3141 4098/4228/4096 4100/4229/4097 3137/3256/3138
f 4098/4228/4096 4095/4225/4093 4102/4231/4099 4100/4229/4097
f 4104/4233/4101 3110/4234/3113 3111/4235/3112 4103/4236/4102
f 4094/4224/4092 3105/4223/3106 3110/4234/3113 4104/4233/4101
f 4102/4231/4099 4104/4233/4101 4103/4236/4102 4101/4232/4100
f 4095/4225/4093 4094/4224/4092 4104/4233/4101 4102/4231/4099
f 3344/4237/3345 4106/4238/4103 4105/4239/4104 3343/4240/3346
f 4106/4238/4103 4108/4241/4105 4107/4242/4106 4105/4239/4104
f 3347/4243/3348 4109/4244/4107 4106/4238/4103 3344/4237/3345
f 4109/4244/4107 4110/4245/4108 4108/4241/4105 4106/4238/4103
f 4112/4246/4109 3375/3496/3378 3376/3495/3377 4111/4247/4110
f 4113/4248/4111 3373/3492/3374 3375/3496/3378 4112/4246/4109
f 4108/4241/4105 4112/4246/4109 4111/4247/4110 4107/4242/4106
f 4110/4245/4108 4113/4248/4111 4112/4246/4109 4108/4241/4105
f 3371/3490/3372 4114/4249/4112 4096/4227/4095 3143/3262/3144
f 4114/4249/4112 4115/4250/4113 4092/4222/4091 4096/4227/4095
f 3373/3492/3374 4113/4248/4111 4114/4249/4112 3371/3490/3372
f 4113/4248/4111 4110/4245/4108 4115/4250/4113 4114/4249/4112
f 4116/4251/4114 3352/4252/3353 3101/4220/3104 4090/4219/4089
f 4109/4244/4107 3347/4243/3348 3352/4252/3353 4116/4251/4114
f 4115/4250/4113 4116/4251/4114 4090/4219/4089 4092/4222/4091
f 4110/4245/4108 4109/4244/4107 4116/4251/4114 4115/4250/4113
f 4119/4253/4115 4118/4254/4116 4117/4255/4117 3855/4256/3856
f 4118/4254/4116 4121/4257/4118 4120/4258/4119 4117/4255/4117
f 4123/4259/4120 4122/4260/4121 4118/4254/4116 4119/4253/4115
f 4122/4260/4121 4124/4261/4122 4121/4257/4118 4118/4254/4116
f 4127/4262/4123 4126/4263/4124 3880/4264/3879 4125/4265/4125
f 4129/4266/4126 4128/4267/4127 4126/4263/4124 4127/4262/4123
f 4121/4257/4118 4127/4262/4123 4125/4265/4125 4120/4258/4119
f 4124/4261/4122 4129/4266/4126 4127/4262/4123 4121/4257/4118
f 4131/4268/4128 4130/4269/4129 4111/4247/4110 3376/3495/3377
f 4130/4269/4129 4132/4270/4130 4107/4242/4106 4111/4247/4110
f 4128/4267/4127 4129/4266/4126 4130/4269/4129 4131/4268/4128
f 4129/4266/4126 4124/4261/4122 4132/4270/4130 4130/4269/4129
f 4134/4271/4131 4133/4272/4132 3343/4240/3346 4105/4239/4104
f 4122/4260/4121 4123/4259/4120 4133/4272/4132 4134/4271/4131
f 4132/4270/4130 4134/4271/4131 4105/4239/4104 4107/4242/4106
f 4124/4261/4122 4122/4260/4121 4134/4271/4131 4132/4270/4130
f 2838/4273/2839 4135/4274/4133 4076/4200/4075 2609/4199/2612
f 4135/4274/4133 4136/4275/4134 4074/4196/4073 4076/4200/4075
f 2840/4276/2841 4137/4277/4135 4135/4274/4133 2838/4273/2839
f 4137/4277/4135 4138/4278/4136 4136/4275/4134 4135/4274/4133
f 4139/4279/4137 2851/2968/2850 2639/2758/2640 4072/4194/4071
f 4140/4280/4138 2854/2971/2853 2851/2968/2850 4139/4279/4137
f 4136/4275/4134 4139/4279/4137 4072/4194/4071 4074/4196/4073
f 4138/4278/4136 4140/4280/4138 4139/4279/4137 4136/4275/4134
f 2868/2985/2867 4142/4281/4139 4141/4282/4140 2867/2986/2868
f 4142/4281/4139 4144/4283/4141 4143/4284/4142 4141/4282/4140
f 2854/2971/2853 4140/4280/4138 4142/4281/4139 2868/2985/2867
f 4140/4280/4138 4138/4278/4136 4144/4283/4141 4142/4281/4139
f 4146/4285/4143 2845/4286/2842 2842/4287/2845 4145/4288/4144
f 4137/4277/4135 2840/4276/2841 2845/4286/2842 4146/4285/4143
f 4144/4283/4141 4146/4285/4143 4145/4288/4144 4143/4284/4142
f 4138/4278/4136 4137/4277/4135 4146/4285/4143 4144/4283/4141
f 2703/2822/2704 4148/4289/4145 4147/4290/4146 2702/2823/2705
f 4148/4289/4145 4150/4291/4147 4149/4292/4148 4147/4290/4146
f 2706/2825/2707 4151/4293/4149 4148/4289/4145 2703/2822/2704
f 4151/4293/4149 4152/4294/4150 4150/4291/4147 4148/4289/4145
f 4156/4295/4151 4155/4296/4152 4154/4297/4153 4153/4298/4154
f 4158/4299/4155 4157/4300/4156 4155/4296/4152 4156/4295/4151
f 4150/4291/4147 4156/4295/4151 4153/4298/4154 4149/4292/4148
f 4152/4294/4150 4158/4299/4155 4156/4295/4151 4150/4291/4147
f 4161/4301/4157 4160/4302/4158 4159/4303/4159 3684/3805/3687
f 4160/4302/4158 4163/4304/4160 4162/4305/4161 4159/4303/4159
f 4157/4300/4156 4158/4299/4155 4160/4302/4158 4161/4301/4157
f 4158/4299/4155 4152/4294/4150 4163/4304/4160 4160/4302/4158
f 4165/4306/4162 2711/2832/2714 2712/2831/2713 4164/4307/4163
f 4151/4293/4149 2706/2825/2707 2711/2832/2714 4165/4306/4162
f 4163/4304/4160 4165/4306/4162 4164/4307/4163 4162/4305/4161
f 4152/4294/4150 4151/4293/4149 4165/4306/4162 4163/4304/4160
f 2919/3038/2920 4167/4308/4164 4166/4309/4165 2918/3039/2921
f 4167/4308/4164 4169/4310/4166 4168/4311/4167 4166/4309/4165
f 2922/3041/2923 4170/4312/4168 4167/4308/4164 2919/3038/2920
f 4170/4312/4168 4171/4313/4169 4169/4310/4166 4167/4308/4164
f 4175/4314/4170 4174/4315/4171 4173/4316/4172 4172/4317/4173
f 4177/4318/4174 4176/4319/4175 4174/4315/4171 4175/4314/4170
f 4169/4310/4166 4175/4314/4170 4172/4317/4173 4168/4311/4167
f 4171/4313/4169 4177/4318/4174 4175/4314/4170 4169/4310/4166
f 4179/4320/4176 4178/4321/4177 4153/4298/4154 4154/4297/4153
f 4178/4321/4177 4180/4322/4178 4149/4292/4148 4153/4298/4154
f 4176/4319/4175 4177/4318/4174 4178/4321/4177 4179/4320/4176
f 4177/4318/4174 4171/4313/4169 4180/4322/4178 4178/4321/4177
f 4181/4323/4179 2927/3046/2928 2702/2823/2705 4147/4290/4146
f 4170/4312/4168 2922/3041/2923 2927/3046/2928 4181/4323/4179
f 4180/4322/4178 4181/4323/4179 4147/4290/4146 4149/4292/4148
f 4171/4313/4169 4170/4312/4168 4181/4323/4179 4180/4322/4178
f 3932/4051/3931 4183/4324/4180 4182/4325/4181 3931/4052/3932
f 4183/4324/4180 4185/4326/4182 4184/4327/4183 4182/4325/4181
f 3935/4054/3934 4186/4328/4184 4183/4324/4180 3932/4051/3931
f 4186/4328/4184 4187/4329/4185 4185/4326/4182 4183/4324/4180
f 4191/4330/4186 4190/4331/4187 4189/4332/4188 4188/4333/4189
f 4193/4334/4190 4192/4335/4191 4190/4331/4187 4191/4330/4186
f 4185/4326/4182 4191/4330/4186 4188/4333/4189 4184/4327/4183
f 4187/4329/4185 4193/4334/4190 4191/4330/4186 4185/4326/4182
f 4195/4336/4192 4194/4337/4193 4172/4317/4173 4173/4316/4172
f 4194/4337/4193 4196/4338/4194 4168/4311/4167 4172/4317/4173
f 4192/4335/4191 4193/4334/4190 4194/4337/4193 4195/4336/4192
f 4193/4334/4190 4187/4329/4185 4196/4338/4194 4194/4337/4193
f 4197/4339/4195 3940/4059/3939 2918/3039/2921 4166/4309/4165
f 4186/4328/4184 3935/4054/3934 3940/4059/3939 4197/4339/4195
f 4196/4338/4194 4197/4339/4195 4166/4309/4165 4168/4311/4167
f 4187/4329/4185 4186/4328/4184 4197/4339/4195 4196/4338/4194
f 3437/3556/3438 4199/4340/4196 4198/4341/4197 3226/3347/3229
f 4199/4340/4196 4201/4342/4198 4200/4343/4199 4198/4341/4197
f 3439/3558/3440 4202/4344/4200 4199/4340/4196 3437/3556/3438
f 4202/4344/4200 4203/4345/4201 4201/4342/4198 4199/4340/4196
f 4205/4346/4202 3412/3529/3411 3208/3327/3209 4204/4347/4203
f 4206/4348/4204 3415/3532/3414 3412/3529/3411 4205/4346/4202
f 4201/4342/4198 4205/4346/4202 4204/4347/4203 4200/4343/4199
f 4203/4345/4201 4206/4348/4204 4205/4346/4202 4201/4342/4198
f 3429/3546/3428 4208/4349/4205 4207/4350/4206 3428/3547/3429
f 4208/4349/4205 4210/4351/4207 4209/4352/4208 4207/4350/4206
f 3415/3532/3414 4206/4348/4204 4208/4349/4205 3429/3546/3428
f 4206/4348/4204 4203/4345/4201 4210/4351/4207 4208/4349/4205
f 4212/4353/4209 3444/3559/3441 3441/3562/3444 4211/4354/4210
f 4202/4344/4200 3439/3558/3440 3444/3559/3441 4212/4353/4209
f 4210/4351/4207 4212/4353/4209 4211/4354/4210 4209/4352/4208
f 4203/4345/4201 4202/4344/4200 4212/4353/4209 4210/4351/4207
f 3222/3339/3221 4214/4355/4211 4213/4356/4212 3221/3340/3222
f 4214/4355/4211 4216/4357/4213 4215/4358/4214 4213/4356/4212
f 3224/3343/3225 4217/4359/4215 4214/4355/4211 3222/3339/3221
f 4217/4359/4215 4218/4360/4216 4216/4357/4213 4214/4355/4211
f 4220/4361/4217 3189/3304/3186 3186/3307/3189 4219/4362/4218
f 4221/4363/4219 3193/3310/3192 3189/3304/3186 4220/4361/4217
f 4216/4357/4213 4220/4361/4217 4219/4362/4218 4215/4358/4214
f 4218/4360/4216 4221/4363/4219 4220/4361/4217 4216/4357/4213
f 3209/3326/3208 4222/4364/4220 4204/4347/4203 3208/3327/3209
f 4222/4364/4220 4223/4365/4221 4200/4343/4199 4204/4347/4203
f 3193/3310/3192 4221/4363/4219 4222/4364/4220 3209/3326/3208
f 4221/4363/4219 4218/4360/4216 4223/4365/4221 4222/4364/4220
f 4224/4366/4222 3229/3344/3226 3226/3347/3229 4198/4341/4197
f 4217/4359/4215 3224/3343/3225 3229/3344/3226 4224/4366/4222
f 4223/4365/4221 4224/4366/4222 4198/4341/4197 4200/4343/4199
f 4218/4360/4216 4217/4359/4215 4224/4366/4222 4223/4365/4221
f 4227/4367/4223 4226/4368/4224 4225/4369/4225 3718/3839/3721
f 4226/4368/4224 4229/4370/4226 4228/4371/4227 4225/4369/4225
f 4231/4372/4228 4230/4373/4229 4226/4368/4224 4227/4367/4223
f 4230/4373/4229 4232/4374/4230 4229/4370/4226 4226/4368/4224
f 4235/4375/4231 4234/4376/4232 3705/3824/3706 4233/4377/4233
f 4237/4378/4234 4236/4379/4235 4234/4376/4232 4235/4375/4231
f 4229/4370/4226 4235/4375/4231 4233/4377/4233 4228/4371/4227
f 4232/4374/4230 4237/4378/4234 4235/4375/4231 4229/4370/4226
f 4239/4380/4236 4238/4381/4237 4219/4362/4218 3186/3307/3189
f 4238/4381/4237 4240/4382/4238 4215/4358/4214 4219/4362/4218
f 4236/4379/4235 4237/4378/4234 4238/4381/4237 4239/4380/4236
f 4237/4378/4234 4232/4374/4230 4240/4382/4238 4238/4381/4237
f 4242/4383/4239 4241/4384/4240 3221/3340/3222 4213/4356/4212
f 4230/4373/4229 4231/4372/4228 4241/4384/4240 4242/4383/4239
f 4240/4382/4238 4242/4383/4239 4213/4356/4212 4215/4358/4214
f 4232/4374/4230 4230/4373/4229 4242/4383/4239 4240/4382/4238
f 2530/2647/2529 4244/4385/4241 4243/4386/4242 2529/2648/2530
f 4244/4385/4241 4246/4387/4243 4245/4388/4244 4243/4386/4242
f 2514/2631/2513 4247/4389/4245 4244/4385/4241 2530/2647/2529
f 4247/4389/4245 4248/4390/4246 4246/4387/4243 4244/4385/4241
f 4252/4391/4247 4251/4392/4248 4250/4393/4249 4249/4394/4250
f 4254/4395/4251 4253/4396/4252 4251/4392/4248 4252/4391/4247
f 4246/4387/4243 4252/4391/4247 4249/4394/4250 4245/4388/4244
f 4248/4390/4246 4254/4395/4251 4252/4391/4247 4246/4387/4243
f 4258/4397/4253 4257/4398/4254 4256/4399/4255 4255/4400/4256
f 4257/4398/4254 4260/4401/4257 4259/4402/4258 4256/4399/4255
f 4253/4396/4252 4254/4395/4251 4257/4398/4254 4258/4397/4253
f 4254/4395/4251 4248/4390/4246 4260/4401/4257 4257/4398/4254
f 4262/4403/4259 2510/2625/2507 2507/2628/2510 4261/4404/4260
f 4247/4389/4245 2514/2631/2513 2510/2625/2507 4262/4403/4259
f 4260/4401/4257 4262/4403/4259 4261/4404/4260 4259/4402/4258
f 4248/4390/4246 4247/4389/4245 4262/4403/4259 4260/4401/4257
f 2780/2897/2779 4264/4405/4261 4263/4406/4262 2779/2898/2780
f 4264/4405/4261 4266/4407/4263 4265/4408/4264 4263/4406/4262
f 2769/2886/2768 4267/4409/4265 4264/4405/4261 2780/2897/2779
f 4267/4409/4265 4268/4410/4266 4266/4407/4263 4264/4405/4261
f 4270/4411/4267 3786/3905/3785 3519/3640/3522 4269/4412/4268
f 4271/4413/4269 3782/3901/3781 3786/3905/3785 4270/4411/4267
f 4266/4407/4263 4270/4411/4267 4269/4412/4268 4265/4408/4264
f 4268/4410/4266 4271/4413/4269 4270/4411/4267 4266/4407/4263
f 3780/3899/3779 4272/4414/4270 3764/3885/3766 3765/3884/3765
f 4272/4414/4270 4273/4415/4271 3759/3878/3759 3764/3885/3766
f 3782/3901/3781 4271/4413/4269 4272/4414/4270 3780/3899/3779
f 4271/4413/4269 4268/4410/4266 4273/4415/4271 4272/4414/4270
f 4274/4416/4272 2765/2880/2762 2762/2883/2765 3756/3876/3757
f 4267/4409/4265 2769/2886/2768 2765/2880/2762 4274/4416/4272
f 4273/4415/4271 4274/4416/4272 3756/3876/3757 3759/3878/3759
f 4268/4410/4266 4267/4409/4265 4274/4416/4272 4273/4415/4271
f 4276/4417/4273 4275/4418/4274 3007/3128/3010 3008/3127/3009
f 4275/4418/4274 4277/4419/4275 3005/3124/3006 3007/3128/3010
f 4279/4420/4276 4278/4421/4277 4275/4418/4274 4276/4417/4273
f 4278/4421/4277 4280/4422/4278 4277/4419/4275 4275/4418/4274
f 4282/4423/4279 4281/4424/4280 2976/3095/2977 3003/3122/3004
f 4284/4425/4281 4283/4426/4282 4281/4424/4280 4282/4423/4279
f 4277/4419/4275 4282/4423/4279 3003/3122/3004 3005/3124/3006
f 4280/4422/4278 4284/4425/4281 4282/4423/4279 4277/4419/4275
f 4286/4427/4283 4285/4428/4284 3020/3141/3023 3021/3140/3022
f 4285/4428/4284 4287/4429/4285 3015/3134/3016 3020/3141/3023
f 4283/4426/4282 4284/4425/4281 4285/4428/4284 4286/4427/4283
f 4284/4425/4281 4280/4422/4278 4287/4429/4285 4285/4428/4284
f 4289/4430/4286 4288/4431/4287 3011/3132/3014 3012/3131/3013
f 4278/4421/4277 4279/4420/4276 4288/4431/4287 4289/4430/4286
f 4287/4429/4285 4289/4430/4286 3012/3131/3013 3015/3134/3016
f 4280/4422/4278 4278/4421/4277 4289/4430/4286 4287/4429/4285
f 4281/4424/4280 4290/4432/4288 2975/3096/2978 2976/3095/2977
f 4290/4432/4288 4291/4433/4289 2970/3089/2971 2975/3096/2978
f 4283/4426/4282 4292/4434/4290 4290/4432/4288 4281/4424/4280
f 4292/4434/4290 4293/4435/4291 4291/4433/4289 4290/4432/4288
f 4295/4436/4292 4294/4437/4293 2966/3087/2969 2967/3086/2968
f 4297/4438/4294 4296/4439/4295 4294/4437/4293 4295/4436/4292
f 4291/4433/4289 4295/4436/4292 2967/3086/2968 2970/3089/2971
f 4293/4435/4291 4297/4438/4294 4295/4436/4292 4291/4433/4289
f 4299/4440/4296 4298/4441/4297 3277/3398/3280 3278/3397/3279
f 4298/4441/4297 4300/4442/4298 3273/3392/3274 3277/3398/3280
f 4296/4439/4295 4297/4438/4294 4298/4441/4297 4299/4440/4296
f 4297/4438/4294 4293/4435/4291 4300/4442/4298 4298/4441/4297
f 4301/4443/4299 4286/4427/4283 3021/3140/3022 3271/3390/3272
f 4292/4434/4290 4283/4426/4282 4286/4427/4283 4301/4443/4299
f 4300/4442/4298 4301/4443/4299 3271/3390/3272 3273/3392/3274
f 4293/4435/4291 4292/4434/4290 4301/4443/4299 4300/4442/4298
f 3530/3647/3529 4303/4444/4300 4302/4445/4301 3529/3648/3530
f 4303/4444/4300 4305/4446/4302 4304/4447/4303 4302/4445/4301
f 3532/3651/3533 4306/4448/4304 4303/4444/4300 3530/3647/3529
f 4306/4448/4304 4307/4449/4305 4305/4446/4302 4303/4444/4300
f 4309/4450/4306 3547/3662/3544 3544/3665/3547 4308/4451/4307
f 4310/4452/4308 3551/3668/3550 3547/3662/3544 4309/4450/4306
f 4305/4446/4302 4309/4450/4306 4308/4451/4307 4304/4447/4303
f 4307/4449/4305 4310/4452/4308 4309/4450/4306 4305/4446/4302
f 3562/3679/3561 4312/4453/4309 4311/4454/4310 3561/3680/3562
f 4312/4453/4309 4314/4455/4311 4313/4456/4312 4311/4454/4310
f 3551/3668/3550 4310/4452/4308 4312/4453/4309 3562/3679/3561
f 4310/4452/4308 4307/4449/4305 4314/4455/4311 4312/4453/4309
f 4316/4457/4313 3537/3652/3534 3534/3655/3537 4315/4458/4314
f 4306/4448/4304 3532/3651/3533 3537/3652/3534 4316/4457/4313
f 4314/4455/4311 4316/4457/4313 4315/4458/4314 4313/4456/4312
f 4307/4449/4305 4306/4448/4304 4316/4457/4313 4314/4455/4311
f 3491/3610/3492 4317/4459/4315 2771/2890/2772 2477/2598/2480
f 4317/4459/4315 4318/4460/4316 2766/2885/2767 2771/2890/2772
f 3493/3612/3494 4319/4461/4317 4317/4459/4315 3491/3610/3492
f 4319/4461/4317 4320/4462/4318 4318/4460/4316 4317/4459/4315
f 4321/4463/4319 3758/3874/3755 2762/2883/2765 2763/2882/2764
f 4322/4464/4320 3762/3879/3760 3758/3874/3755 4321/4463/4319
f 4318/4460/4316 4321/4463/4319 2763/2882/2764 2766/2885/2767
f 4320/4462/4318 4322/4464/4320 4321/4463/4319 4318/4460/4316
f 3778/3895/3776 4324/4465/4321 4323/4466/4322 3777/3896/3700
f 4324/4465/4321 4326/4467/4323 4325/4468/4324 4323/4466/4322
f 3762/3879/3760 4322/4464/4320 4324/4465/4321 3778/3895/3776
f 4322/4464/4320 4320/4462/4318 4326/4467/4323 4324/4465/4321
f 4328/4469/4325 3495/3616/3498 3496/3615/3497 4327/4470/4326
f 4319/4461/4317 3493/3612/3494 3495/3616/3498 4328/4469/4325
f 4326/4467/4323 4328/4469/4325 4327/4470/4326 4325/4468/4324
f 4320/4462/4318 4319/4461/4317 4328/4469/4325 4326/4467/4323
f 4330/4471/4327 4329/4472/4328 3482/3597/3479 3479/3600/3482
f 4329/4472/4328 4331/4473/4329 3486/3603/3485 3482/3597/3479
f 4333/4474/4330 4332/4475/4331 4329/4472/4328 4330/4471/4327
f 4332/4475/4331 4334/4476/4332 4331/4473/4329 4329/4472/4328
f 4336/4477/4333 4335/4478/4334 3496/3615/3497 3497/3614/3496
f 4338/4479/4335 4337/4480/4336 4335/4478/4334 4336/4477/4333
f 4331/4473/4329 4336/4477/4333 3497/3614/3496 3486/3603/3485
f 4334/4476/4332 4338/4479/4335 4336/4477/4333 4331/4473/4329
f 4340/4481/4337 4339/4482/4338 2969/3084/2966 2966/3087/2969
f 4339/4482/4338 4341/4483/4339 2973/3090/2972 2969/3084/2966
f 4337/4480/4336 4338/4479/4335 4339/4482/4338 4340/4481/4337
f 4338/4479/4335 4334/4476/4332 4341/4483/4339 4339/4482/4338
f 4343/4484/4340 4342/4485/4341 2988/3107/2989 2989/3106/2988
f 4332/4475/4331 4333/4474/4330 4342/4485/4341 4343/4484/4340
f 4341/4483/4339 4343/4484/4340 2989/3106/2988 2973/3090/2972
f 4334/4476/4332 4332/4475/4331 4343/4484/4340 4341/4483/4339
f 4345/4486/4342 4344/4487/4343 3502/4488/3499 3499/4489/3502
f 4344/4487/4343 4346/4490/4344 3506/4491/3505 3502/4488/3499
f 4348/4492/4345 4347/4493/4346 4344/4487/4343 4345/4486/4342
f 4347/4493/4346 4349/4494/4347 4346/4490/4344 4344/4487/4343
f 4351/4495/4348 4350/4496/4349 3516/4497/3517 3517/4498/3516
f 4353/4499/4350 4352/4500/4351 4350/4496/4349 4351/4495/4348
f 4346/4490/4344 4351/4495/4348 3517/4498/3516 3506/4491/3505
f 4349/4494/4347 4353/4499/4350 4351/4495/4348 4346/4490/4344
f 4355/4501/4352 4354/4502/4353 2994/3109/2991 2991/3112/2994
f 4354/4502/4353 4356/4503/4354 2998/3115/2997 2994/3109/2991
f 4352/4500/4351 4353/4499/4350 4354/4502/4353 4355/4501/4352
f 4353/4499/4350 4349/4494/4347 4356/4503/4354 4354/4502/4353
f 4358/4504/4355 4357/4505/4356 3008/3127/3009 3009/3126/3008
f 4347/4493/4346 4348/4492/4345 4357/4505/4356 4358/4504/4355
f 4356/4503/4354 4358/4504/4355 3009/3126/3008 2998/3115/2997
f 4349/4494/4347 4347/4493/4346 4358/4504/4355 4356/4503/4354
f 3027/3146/3028 4360/4506/4357 4359/4507/4358 3026/3147/3029
f 4360/4506/4357 4362/4508/4359 4361/4509/4360 4359/4507/4358
f 3030/3149/3031 4363/4510/4361 4360/4506/4357 3027/3146/3028
f 4363/4510/4361 4364/4511/4362 4362/4508/4359 4360/4506/4357
f 4366/4512/4363 3540/4513/3543 3541/3660/3542 4365/4514/4364
f 4367/4515/4365 3538/4516/3539 3540/4513/3543 4366/4512/4363
f 4362/4508/4359 4366/4512/4363 4365/4514/4364 4361/4509/4360
f 4364/4511/4362 4367/4515/4365 4366/4512/4363 4362/4508/4359
f 3535/4517/3536 4369/4518/4366 4368/4519/4367 3534/4520/3537
f 4369/4518/4366 4371/4521/4368 4370/4522/4369 4368/4519/4367
f 3538/4516/3539 4367/4515/4365 4369/4518/4366 3535/4517/3536
f 4367/4515/4365 4364/4511/4362 4371/4521/4368 4369/4518/4366
f 4373/4523/4370 3032/3153/3035 3033/3152/3034 4372/4524/4371
f 4363/4510/4361 3030/3149/3031 3032/3153/3035 4373/4523/4370
f 4371/4521/4368 4373/4523/4370 4372/4524/4371 4370/4522/4369
f 4364/4511/4362 4363/4510/4361 4373/4523/4370 4371/4521/4368
f 4375/4525/4372 4374/4526/4373 3560/4527/3563 3561/4528/3562
f 4374/4526/4373 4376/4529/4374 3558/4530/3559 3560/4527/3563
f 4378/4531/4375 4377/4532/4376 4374/4526/4373 4375/4525/4372
f 4377/4532/4376 4379/4533/4377 4376/4529/4374 4374/4526/4373
f 4380/4534/4378 4345/4486/4342 3499/4489/3502 3556/4535/3557
f 4381/4536/4379 4348/4492/4345 4345/4486/4342 4380/4534/4378
f 4376/4529/4374 4380/4534/4378 3556/4535/3557 3558/4530/3559
f 4379/4533/4377 4381/4536/4379 4380/4534/4378 4376/4529/4374
f 4357/4505/4356 4382/4537/4380 4276/4417/4273 3008/3127/3009
f 4382/4537/4380 4383/4538/4381 4279/4420/4276 4276/4417/4273
f 4348/4492/4345 4381/4536/4379 4382/4537/4380 4357/4505/4356
f 4381/4536/4379 4379/4533/4377 4383/4538/4381 4382/4537/4380
f 4385/4539/4382 4384/4540/4383 3011/3132/3014 4288/4431/4287
f 4377/4532/4376 4378/4531/4375 4384/4540/4383 4385/4539/4382
f 4383/4538/4381 4385/4539/4382 4288/4431/4287 4279/4420/4276
f 4379/4533/4377 4377/4532/4376 4385/4539/4382 4383/4538/4381
f 4054/4172/4052 4386/4541/4384 3576/3697/3579 3577/3696/3578
f 4386/4541/4384 4387/4542/4385 3574/3693/3575 3576/3697/3579
f 4056/4175/4055 4388/4543/4386 4386/4541/4384 4054/4172/4052
f 4388/4543/4386 4389/4544/4387 4387/4542/4385 4386/4541/4384
f 4390/4545/4388 4330/4471/4327 3479/3600/3482 3572/3691/3573
f 4391/4546/4389 4333/4474/4330 4330/4471/4327 4390/4545/4388
f 4387/4542/4385 4390/4545/4388 3572/3691/3573 3574/3693/3575
f 4389/4544/4387 4391/4546/4389 4390/4545/4388 4387/4542/4385
f 4342/4485/4341 4392/4547/4390 3052/3169/3051 2988/3107/2989
f 4392/4547/4390 4393/4548/4391 3049/3168/3050 3052/3169/3051
f 4333/4474/4330 4391/4546/4389 4392/4547/4390 4342/4485/4341
f 4391/4546/4389 4389/4544/4387 4393/4548/4391 4392/4547/4390
f 4394/4549/4392 4059/4176/4056 3046/3165/3047 3047/3164/3046
f 4388/4543/4386 4056/4175/4055 4059/4176/4056 4394/4549/4392
f 4393/4548/4391 4394/4549/4392 3047/3164/3046 3049/3168/3050
f 4389/4544/4387 4388/4543/4386 4394/4549/4392 4393/4548/4391
f 4396/4550/4393 4395/4551/4394 3596/3717/3599 3597/3716/3598
f 4395/4551/4394 4397/4552/4395 3594/3713/3595 3596/3717/3599
f 4399/4553/4396 4398/4554/4397 4395/4551/4394 4396/4550/4393
f 4398/4554/4397 4400/4555/4398 4397/4552/4395 4395/4551/4394
f 4401/4556/4399 4047/4163/4043 3590/3711/3593 3591/3710/3592
f 4402/4557/4400 4051/4168/4048 4047/4163/4043 4401/4556/4399
f 4397/4552/4395 4401/4556/4399 3591/3710/3592 3594/3713/3595
f 4400/4555/4398 4402/4557/4400 4401/4556/4399 4397/4552/4395
f 4061/4180/4060 4403/4558/4401 3074/3189/3071 3071/3192/3074
f 4403/4558/4401 4404/4559/4402 3069/3188/3070 3074/3189/3071
f 4051/4168/4048 4402/4557/4400 4403/4558/4401 4061/4180/4060
f 4402/4557/4400 4400/4555/4398 4404/4559/4402 4403/4558/4401
f 4406/4560/4403 4405/4561/4404 3066/3185/3067 3067/3184/3066
f 4398/4554/4397 4399/4553/4396 4405/4561/4404 4406/4560/4403
f 4404/4559/4402 4406/4560/4403 3067/3184/3066 3069/3188/3070
f 4400/4555/4398 4398/4554/4397 4406/4560/4403 4404/4559/4402
f 4408/4562/4405 4407/4563/4406 3612/3733/3615 3613/3732/3614
f 4407/4563/4406 4409/4564/4407 3610/3729/3611 3612/3733/3615
f 4411/4565/4408 4410/4566/4409 4407/4563/4406 4408/4562/4405
f 4410/4566/4409 4412/4567/4410 4409/4564/4407 4407/4563/4406
f 4413/4568/4411 4396/4550/4393 3597/3716/3598 3608/3727/3609
f 4414/4569/4412 4399/4553/4396 4396/4550/4393 4413/4568/4411
f 4409/4564/4407 4413/4568/4411 3608/3727/3609 3610/3729/3611
f 4412/4567/4410 4414/4569/4412 4413/4568/4411 4409/4564/4407
f 4405/4561/4404 4415/4570/4413 3097/3214/3096 3066/3185/3067
f 4415/4570/4413 4416/4571/4414 3094/3213/3095 3097/3214/3096
f 4399/4553/4396 4414/4569/4412 4415/4570/4413 4405/4561/4404
f 4414/4569/4412 4412/4567/4410 4416/4571/4414 4415/4570/4413
f 4418/4572/4415 4417/4573/4416 3091/3210/3092 3092/3209/3091
f 4410/4566/4409 4411/4565/4408 4417/4573/4416 4418/4572/4415
f 4416/4571/4414 4418/4572/4415 3092/3209/3091 3094/3213/3095
f 4412/4567/4410 4410/4566/4409 4418/4572/4415 4416/4571/4414
f 4420/4574/4417 4419/4575/4418 3628/3749/3631 3629/3748/3630
f 4419/4575/4418 4421/4576/4419 3626/3745/3627 3628/3749/3631
f 4423/4577/4420 4422/4578/4421 4419/4575/4418 4420/4574/4417
f 4422/4578/4421 4424/4579/4422 4421/4576/4419 4419/4575/4418
f 4425/4580/4423 4408/4562/4405 3613/3732/3614 3624/3743/3625
f 4426/4581/4424 4411/4565/4408 4408/4562/4405 4425/4580/4423
f 4421/4576/4419 4425/4580/4423 3624/3743/3625 3626/3745/3627
f 4424/4579/4422 4426/4581/4424 4425/4580/4423 4421/4576/4419
f 4417/4573/4416 4427/4582/4425 3117/3234/3116 3091/3210/3092
f 4427/4582/4425 4428/4583/4426 3114/3233/3115 3117/3234/3116
f 4411/4565/4408 4426/4581/4424 4427/4582/4425 4417/4573/4416
f 4426/4581/4424 4424/4579/4422 4428/4583/4426 4427/4582/4425
f 4430/4584/4427 4429/4585/4428 3111/3230/3112 3112/3229/3111
f 4422/4578/4421 4423/4577/4420 4429/4585/4428 4430/4584/4427
f 4428/4583/4426 4430/4584/4427 3112/3229/3111 3114/3233/3115
f 4424/4579/4422 4422/4578/4421 4430/4584/4427 4428/4583/4426
f 4432/4586/4429 4431/4587/4430 3648/3769/3651 3649/3768/3650
f 4431/4587/4430 4433/4588/4431 3646/3765/3647 3648/3769/3651
f 4435/4589/4432 4434/4590/4433 4431/4587/4430 4432/4586/4429
f 4434/4590/4433 4436/4591/4434 4433/4588/4431 4431/4587/4430
f 4438/4592/4435 4437/4593/4436 3642/3763/3645 3643/3762/3644
f 4440/4594/4437 4439/4595/4438 4437/4593/4436 4438/4592/4435
f 4433/4588/4431 4438/4592/4435 3643/3762/3644 3646/3765/3647
f 4436/4591/4434 4440/4594/4437 4438/4592/4435 4433/4588/4431
f 4442/4596/4439 4441/4597/4440 3139/3254/3136 3136/3257/3139
f 4441/4597/4440 4443/4598/4441 3134/3253/3135 3139/3254/3136
f 4439/4595/4438 4440/4594/4437 4441/4597/4440 4442/4596/4439
f 4440/4594/4437 4436/4591/4434 4443/4598/4441 4441/4597/4440
f 4445/4599/4442 4444/4600/4443 3131/3250/3132 3132/3249/3131
f 4434/4590/4433 4435/4589/4432 4444/4600/4443 4445/4599/4442
f 4443/4598/4441 4445/4599/4442 3132/3249/3131 3134/3253/3135
f 4436/4591/4434 4434/4590/4433 4445/4599/4442 4443/4598/4441
f 4447/4601/4444 4446/4602/4445 3664/3785/3667 3665/3784/3666
f 4446/4602/4445 4448/4603/4446 3662/3781/3663 3664/3785/3667
f 4450/4604/4447 4449/4605/4448 4446/4602/4445 4447/4601/4444
f 4449/4605/4448 4451/4606/4449 4448/4603/4446 4446/4602/4445
f 4452/4607/4450 4432/4586/4429 3649/3768/3650 3660/3779/3661
f 4453/4608/4451 4435/4589/4432 4432/4586/4429 4452/4607/4450
f 4448/4603/4446 4452/4607/4450 3660/3779/3661 3662/3781/3663
f 4451/4606/4449 4453/4608/4451 4452/4607/4450 4448/4603/4446
f 4444/4600/4443 4454/4609/4452 3155/3274/3156 3131/3250/3132
f 4454/4609/4452 4455/4610/4453 3150/3269/3151 3155/3274/3156
f 4435/4589/4432 4453/4608/4451 4454/4609/4452 4444/4600/4443
f 4453/4608/4451 4451/4606/4449 4455/4610/4453 4454/4609/4452
f 4457/4611/4454 4456/4612/4455 3146/3267/3149 3147/3266/3148
f 4449/4605/4448 4450/4604/4447 4456/4612/4455 4457/4611/4454
f 4455/4610/4453 4457/4611/4454 3147/3266/3148 3150/3269/3151
f 4451/4606/4449 4449/4605/4448 4457/4611/4454 4455/4610/4453
f 4459/4613/4456 4458/4614/4457 3680/3801/3683 3681/3800/3682
f 4458/4614/4457 4460/4615/4458 3678/3797/3679 3680/3801/3683
f 4462/4616/4459 4461/4617/4460 4458/4614/4457 4459/4613/4456
f 4461/4617/4460 4463/4618/4461 4460/4615/4458 4458/4614/4457
f 4464/4619/4462 4447/4601/4444 3665/3784/3666 3676/3795/3677
f 4465/4620/4463 4450/4604/4447 4447/4601/4444 4464/4619/4462
f 4460/4615/4458 4464/4619/4462 3676/3795/3677 3678/3797/3679
f 4463/4618/4461 4465/4620/4463 4464/4619/4462 4460/4615/4458
f 4456/4612/4455 4466/4621/4464 3175/3294/3176 3146/3267/3149
f 4466/4621/4464 4467/4622/4465 3170/3289/3171 3175/3294/3176
f 4450/4604/4447 4465/4620/4463 4466/4621/4464 4456/4612/4455
f 4465/4620/4463 4463/4618/4461 4467/4622/4465 4466/4621/4464
f 4469/4623/4466 4468/4624/4467 3166/3287/3169 3167/3286/3168
f 4461/4617/4460 4462/4616/4459 4468/4624/4467 4469/4623/4466
f 4467/4622/4465 4469/4623/4466 3167/3286/3168 3170/3289/3171
f 4463/4618/4461 4461/4617/4460 4469/4623/4466 4467/4622/4465
f 4234/4376/4232 4470/4625/4468 3704/3825/3707 3705/3824/3706
f 4470/4625/4468 4471/4626/4469 3702/3821/3703 3704/3825/3707
f 4236/4379/4235 4472/4627/4470 4470/4625/4468 4234/4376/4232
f 4472/4627/4470 4473/4628/4471 4471/4626/4469 4470/4625/4468
f 4475/4629/4472 4474/4630/4473 3698/3819/3701 3699/3818/3700
f 4477/4631/4474 4476/4632/4475 4474/4630/4473 4475/4629/4472
f 4471/4626/4469 4475/4629/4472 3699/3818/3700 3702/3821/3703
f 4473/4628/4471 4477/4631/4474 4475/4629/4472 4471/4626/4469
f 4479/4633/4476 4478/4634/4477 3195/3316/3198 3196/3315/3197
f 4478/4634/4477 4480/4635/4478 3190/3309/3191 3195/3316/3198
f 4476/4632/4475 4477/4631/4474 4478/4634/4477 4479/4633/4476
f 4477/4631/4474 4473/4628/4471 4480/4635/4478 4478/4634/4477
f 4481/4636/4479 4239/4380/4236 3186/3307/3189 3187/3306/3188
f 4472/4627/4470 4236/4379/4235 4239/4380/4236 4481/4636/4479
f 4480/4635/4478 4481/4636/4479 3187/3306/3188 3190/3309/3191
f 4473/4628/4471 4472/4627/4470 4481/4636/4479 4480/4635/4478
f 4483/4637/4480 4482/4638/4481 3724/3845/3727 3725/3844/3726
f 4482/4638/4481 4484/4639/4482 3722/3841/3723 3724/3845/3727
f 4486/4640/4483 4485/4641/4484 4482/4638/4481 4483/4637/4480
f 4485/4641/4484 4487/4642/4485 4484/4639/4482 4482/4638/4481
f 4488/4643/4486 4227/4367/4223 3718/3839/3721 3719/3838/3720
f 4489/4644/4487 4231/4372/4228 4227/4367/4223 4488/4643/4486
f 4484/4639/4482 4488/4643/4486 3719/3838/3720 3722/3841/3723
f 4487/4642/4485 4489/4644/4487 4488/4643/4486 4484/4639/4482
f 4241/4384/4240 4490/4645/4488 3220/3341/3223 3221/3340/3222
f 4490/4645/4488 4491/4646/4489 3215/3334/3216 3220/3341/3223
f 4231/4372/4228 4489/4644/4487 4490/4645/4488 4241/4384/4240
f 4489/4644/4487 4487/4642/4485 4491/4646/4489 4490/4645/4488
f 4493/4647/4490 4492/4648/4491 3211/3332/3214 3212/3331/3213
f 4485/4641/4484 4486/4640/4483 4492/4648/4491 4493/4647/4490
f 4491/4646/4489 4493/4647/4490 3212/3331/3213 3215/3334/3216
f 4487/4642/4485 4485/4641/4484 4493/4647/4490 4491/4646/4489
f 4495/4649/4492 4494/4650/4493 3740/3861/3743 3741/3860/3742
f 4494/4650/4493 4496/4651/4494 3738/3857/3739 3740/3861/3743
f 4498/4652/4495 4497/4653/4496 4494/4650/4493 4495/4649/4492
f 4497/4653/4496 4499/4654/4497 4496/4651/4494 4494/4650/4493
f 4500/4655/4498 4483/4637/4480 3725/3844/3726 3736/3855/3737
f 4501/4656/4499 4486/4640/4483 4483/4637/4480 4500/4655/4498
f 4496/4651/4494 4500/4655/4498 3736/3855/3737 3738/3857/3739
f 4499/4654/4497 4501/4656/4499 4500/4655/4498 4496/4651/4494
f 4492/4648/4491 4502/4657/4500 3245/3364/3246 3211/3332/3214
f 4502/4657/4500 4503/4658/4501 3240/3359/3241 3245/3364/3246
f 4486/4640/4483 4501/4656/4499 4502/4657/4500 4492/4648/4491
f 4501/4656/4499 4499/4654/4497 4503/4658/4501 4502/4657/4500
f 4505/4659/4502 4504/4660/4503 3236/3357/3239 3237/3356/3238
f 4497/4653/4496 4498/4652/4495 4504/4660/4503 4505/4659/4502
f 4503/4658/4501 4505/4659/4502 3237/3356/3238 3240/3359/3241
f 4499/4654/4497 4497/4653/4496 4505/4659/4502 4503/4658/4501
f 2071/2109/2072 4506/4661/4504 3754/3873/3754 1308/1309/1309
f 4506/4661/4504 4507/4662/2075 3752/3871/3752 3754/3873/3754
f 2073/2111/2074 4508/4663/4505 4506/4661/4504 2071/2109/2072
f 4508/4663/4505 4509/4664/4506 4507/4662/2075 4506/4661/4504
f 4510/4665/4507 4495/4649/4492 3741/3860/3742 3750/3869/3751
f 4511/4666/4508 4498/4652/4495 4495/4649/4492 4510/4665/4507
f 4507/4662/2075 4510/4665/4507 3750/3869/3751 3752/3871/3752
f 4509/4664/4506 4511/4666/4508 4510/4665/4507 4507/4662/2075
f 4504/4660/4503 4512/4667/4509 3262/3381/3263 3236/3357/3239
f 4512/4667/4509 4513/4668/4510 3258/3377/3259 3262/3381/3263
f 4498/4652/4495 4511/4666/4508 4512/4667/4509 4504/4660/4503
f 4511/4666/4508 4509/4664/4506 4513/4668/4510 4512/4667/4509
f 4514/4669/4511 2077/2115/2078 804/807/807 3256/3375/3257
f 4508/4663/4505 2073/2111/2074 2077/2115/2078 4514/4669/4511
f 4513/4668/4510 4514/4669/4511 3256/3375/3257 3258/3377/3259
f 4509/4664/4506 4508/4663/4505 4514/4669/4511 4513/4668/4510
f 4516/4670/4512 4515/4671/4513 3776/3897/3777 3777/3896/3700
f 4515/4671/4513 4517/4672/4514 3774/3893/3774 3776/3897/3777
f 4519/4673/4515 4518/4674/4516 4515/4671/4513 4516/4670/4512
f 4518/4674/4516 4520/4675/4517 4517/4672/4514 4515/4671/4513
f 4522/4676/4518 4521/4677/4519 3770/3891/3772 3771/3890/3771
f 4524/4678/4520 4523/4679/4521 4521/4677/4519 4522/4676/4518
f 4517/4672/4514 4522/4676/4518 3771/3890/3771 3774/3893/3774
f 4520/4675/4517 4524/4678/4520 4522/4676/4518 4517/4672/4514
f 4526/4680/4522 4525/4681/4523 3286/3401/3283 3283/3404/3286
f 4525/4681/4523 4527/4682/4524 3281/3400/3282 3286/3401/3283
f 4523/4679/4521 4524/4678/4520 4525/4681/4523 4526/4680/4522
f 4524/4678/4520 4520/4675/4517 4527/4682/4524 4525/4681/4523
f 4529/4683/4525 4528/4684/4526 3278/3397/3279 3279/3396/3278
f 4518/4674/4516 4519/4673/4515 4528/4684/4526 4529/4683/4525
f 4527/4682/4524 4529/4683/4525 3279/3396/3278 3281/3400/3282
f 4520/4675/4517 4518/4674/4516 4529/4683/4525 4527/4682/4524
f 4521/4677/4519 4530/4685/4527 3793/3912/3792 3770/3891/3772
f 4530/4685/4527 4531/4686/4528 3791/3910/3790 3793/3912/3792
f 4523/4679/4521 4532/4687/4529 4530/4685/4527 4521/4677/4519
f 4532/4687/4529 4533/4688/4530 4531/4686/4528 4530/4685/4527
f 4534/4689/4531 4365/4514/4364 3541/3660/3542 3789/3908/3788
f 4535/4690/4532 4361/4509/4360 4365/4514/4364 4534/4689/4531
f 4531/4686/4528 4534/4689/4531 3789/3908/3788 3791/3910/3790
f 4533/4688/4530 4535/4690/4532 4534/4689/4531 4531/4686/4528
f 4359/4507/4358 4536/4691/4533 3289/3408/3290 3026/3147/3029
f 4536/4691/4533 4537/4692/4534 3287/3406/3288 3289/3408/3290
f 4361/4509/4360 4535/4690/4532 4536/4691/4533 4359/4507/4358
f 4535/4690/4532 4533/4688/4530 4537/4692/4534 4536/4691/4533
f 4538/4693/4535 4526/4680/4522 3283/3404/3286 3284/3403/3285
f 4532/4687/4529 4523/4679/4521 4526/4680/4522 4538/4693/4535
f 4537/4692/4534 4538/4693/4535 3284/3403/3285 3287/3406/3288
f 4533/4688/4530 4532/4687/4529 4538/4693/4535 4537/4692/4534
f 4350/4496/4349 4539/4694/4536 3809/4695/3808 3516/4497/3517
f 4539/4694/4536 4540/4696/4537 3807/4697/3806 3809/4695/3808
f 4352/4500/4351 4541/4698/4538 4539/4694/4536 4350/4496/4349
f 4541/4698/4538 4542/4699/4539 4540/4696/4537 4539/4694/4536
f 4544/4700/4540 4543/4701/4541 3803/4702/3804 3804/4703/3803
f 4546/4704/4542 4545/4705/4543 4543/4701/4541 4544/4700/4540
f 4540/4696/4537 4544/4700/4540 3804/4703/3803 3807/4697/3806
f 4542/4699/4539 4546/4704/4542 4544/4700/4540 4540/4696/4537
f 4548/4706/4544 4547/4707/4545 3294/3409/3291 3291/3412/3294
f 4547/4707/4545 4549/4708/4546 3298/3415/3297 3294/3409/3291
f 4545/4705/4543 4546/4704/4542 4547/4707/4545 4548/4706/4544
f 4546/4704/4542 4542/4699/4539 4549/4708/4546 4547/4707/4545
f 4550/4709/4547 4355/4501/4352 2991/3112/2994 3305/3424/3306
f 4541/4698/4538 4352/4500/4351 4355/4501/4352 4550/4709/4547
f 4549/4708/4546 4550/4709/4547 3305/3424/3306 3298/3415/3297
f 4542/4699/4539 4541/4698/4538 4550/4709/4547 4549/4708/4546
f 4552/4710/4548 4551/4711/4549 3827/4712/3828 3828/4713/3827
f 4551/4711/4549 4553/4714/4550 3825/4715/3824 3827/4712/3828
f 4555/4716/4551 4554/4717/4552 4551/4711/4549 4552/4710/4548
f 4554/4717/4552 4556/4718/4553 4553/4714/4550 4551/4711/4549
f 4558/4719/4554 4557/4720/4555 3821/4721/3822 3822/4722/3821
f 4560/4723/4556 4559/4724/4557 4557/4720/4555 4558/4719/4554
f 4553/4714/4550 4558/4719/4554 3822/4722/3821 3825/4715/3824
f 4556/4718/4553 4560/4723/4556 4558/4719/4554 4553/4714/4550
f 4562/4725/4558 4561/4726/4559 3310/3425/3307 3307/3428/3310
f 4561/4726/4559 4563/4727/4560 3314/3431/3313 3310/3425/3307
f 4559/4724/4557 4560/4723/4556 4561/4726/4559 4562/4725/4558
f 4560/4723/4556 4556/4718/4553 4563/4727/4560 4561/4726/4559
f 4565/4728/4561 4564/4729/4562 3324/3443/3325 3325/3442/3324
f 4554/4717/4552 4555/4716/4551 4564/4729/4562 4565/4728/4561
f 4563/4727/4560 4565/4728/4561 3325/3442/3324 3314/3431/3313
f 4556/4718/4553 4554/4717/4552 4565/4728/4561 4563/4727/4560
f 4557/4720/4555 4566/4730/4563 3845/4731/3844 3821/4721/3822
f 4566/4730/4563 4567/4732/4564 3843/4733/3842 3845/4731/3844
f 4559/4724/4557 4568/4734/4565 4566/4730/4563 4557/4720/4555
f 4568/4734/4565 4569/4735/4566 4567/4732/4564 4566/4730/4563
f 4571/4736/4567 4570/4737/4568 3839/4738/3840 3840/4739/3839
f 4573/4740/4569 4572/4741/4570 4570/4737/4568 4571/4736/4567
f 4567/4732/4564 4571/4736/4567 3840/4739/3839 3843/4733/3842
f 4569/4735/4566 4573/4740/4569 4571/4736/4567 4567/4732/4564
f 4575/4742/4571 4574/4743/4572 3330/3445/3327 3327/3448/3330
f 4574/4743/4572 4576/4744/4573 3334/3451/3333 3330/3445/3327
f 4572/4741/4570 4573/4740/4569 4574/4743/4572 4575/4742/4571
f 4573/4740/4569 4569/4735/4566 4576/4744/4573 4574/4743/4572
f 4577/4745/4574 4562/4725/4558 3307/3428/3310 3341/3460/3342
f 4568/4734/4565 4559/4724/4557 4562/4725/4558 4577/4745/4574
f 4576/4744/4573 4577/4745/4574 3341/3460/3342 3334/3451/3333
f 4569/4735/4566 4568/4734/4565 4577/4745/4574 4576/4744/4573
f 4570/4737/4568 4578/4746/4575 3861/4747/3860 3839/4738/3840
f 4578/4746/4575 4579/4748/4576 3859/4749/3858 3861/4747/3860
f 4572/4741/4570 4580/4750/4577 4578/4746/4575 4570/4737/4568
f 4580/4750/4577 4581/4751/4578 4579/4748/4576 4578/4746/4575
f 4582/4752/4579 4119/4753/4115 3855/4754/3856 3856/4755/3855
f 4583/4756/4580 4123/4757/4120 4119/4753/4115 4582/4752/4579
f 4579/4748/4576 4582/4752/4579 3856/4755/3855 3859/4749/3858
f 4581/4751/4578 4583/4756/4580 4582/4752/4579 4579/4748/4576
f 4133/4758/4132 4584/4759/4581 3346/3461/3343 3343/3464/3346
f 4584/4759/4581 4585/4760/4582 3350/3467/3349 3346/3461/3343
f 4123/4757/4120 4583/4756/4580 4584/4759/4581 4133/4758/4132
f 4583/4756/4580 4581/4751/4578 4585/4760/4582 4584/4759/4581
f 4586/4761/4583 4575/4742/4571 3327/3448/3330 3357/3476/3358
f 4580/4750/4577 4572/4741/4570 4575/4742/4571 4586/4761/4583
f 4585/4760/4582 4586/4761/4583 3357/3476/3358 3350/3467/3349
f 4581/4751/4578 4580/4750/4577 4586/4761/4583 4585/4760/4582
f 4126/4263/4124 4587/4762/4584 3879/4763/3880 3880/4264/3879
f 4587/4762/4584 4588/4764/4585 3877/4765/3876 3879/4763/3880
f 4128/4267/4127 4589/4766/4586 4587/4762/4584 4126/4263/4124
f 4589/4766/4586 4590/4767/4587 4588/4764/4585 4587/4762/4584
f 4592/4768/4588 4591/4769/4589 3873/4770/3874 3874/4771/3873
f 4594/4772/4590 4593/4773/4591 4591/4769/4589 4592/4768/4588
f 4588/4764/4585 4592/4768/4588 3874/4771/3873 3877/4765/3876
f 4590/4767/4587 4594/4772/4590 4592/4768/4588 4588/4764/4585
f 4596/4774/4592 4595/4775/4593 3362/3477/3359 3359/3480/3362
f 4595/4775/4593 4597/4776/4594 3366/3483/3365 3362/3477/3359
f 4593/4773/4591 4594/4772/4590 4595/4775/4593 4596/4774/4592
f 4594/4772/4590 4590/4767/4587 4597/4776/4594 4595/4775/4593
f 4598/4777/4595 4131/4268/4128 3376/3495/3377 3377/3494/3376
f 4589/4766/4586 4128/4267/4127 4131/4268/4128 4598/4777/4595
f 4597/4776/4594 4598/4777/4595 3377/3494/3376 3366/3483/3365
f 4590/4767/4587 4589/4766/4586 4598/4777/4595 4597/4776/4594
f 4591/4769/4589 4599/4778/4596 3897/4779/3896 3873/4770/3874
f 4599/4778/4596 4600/4780/4597 3895/4781/3894 3897/4779/3896
f 4593/4773/4591 4601/4782/4598 4599/4778/4596 4591/4769/4589
f 4601/4782/4598 4602/4783/4599 4600/4780/4597 4599/4778/4596
f 4604/4784/4600 4603/4785/4601 3891/4786/3892 3892/4787/3891
f 4606/4788/4602 4605/4789/4603 4603/4785/4601 4604/4784/4600
f 4600/4780/4597 4604/4784/4600 3892/4787/3891 3895/4781/3894
f 4602/4783/4599 4606/4788/4602 4604/4784/4600 4600/4780/4597
f 4608/4790/4604 4607/4791/4605 3391/3512/3394 3392/3511/3393
f 4607/4791/4605 4609/4792/4606 3389/3508/3390 3391/3512/3394
f 4605/4789/4603 4606/4788/4602 4607/4791/4605 4608/4790/4604
f 4606/4788/4602 4602/4783/4599 4609/4792/4606 4607/4791/4605
f 4610/4793/4607 4596/4774/4592 3359/3480/3362 3387/3506/3388
f 4601/4782/4598 4593/4773/4591 4596/4774/4592 4610/4793/4607
f 4609/4792/4606 4610/4793/4607 3387/3506/3388 3389/3508/3390
f 4602/4783/4599 4601/4782/4598 4610/4793/4607 4609/4792/4606
f 4603/4785/4601 4611/4794/4608 3913/4795/3912 3891/4786/3892
f 4611/4794/4608 4612/4796/4609 3911/4797/3910 3913/4795/3912
f 4605/4789/4603 4613/4798/4610 4611/4794/4608 4603/4785/4601
f 4613/4798/4610 4614/4799/4611 4612/4796/4609 4611/4794/4608
f 4616/4800/4612 4615/4801/4613 3907/4802/3908 3908/4803/3907
f 4618/4804/4614 4617/4805/4615 4615/4801/4613 4616/4800/4612
f 4612/4796/4609 4616/4800/4612 3908/4803/3907 3911/4797/3910
f 4614/4799/4611 4618/4804/4614 4616/4800/4612 4612/4796/4609
f 4620/4806/4616 4619/4807/4617 3407/3528/3410 3408/3527/3409
f 4619/4807/4617 4621/4808/4618 3405/3524/3406 3407/3528/3410
f 4617/4805/4615 4618/4804/4614 4619/4807/4617 4620/4806/4616
f 4618/4804/4614 4614/4799/4611 4621/4808/4618 4619/4807/4617
f 4622/4809/4619 4608/4790/4604 3392/3511/3393 3403/3522/3404
f 4613/4798/4610 4605/4789/4603 4608/4790/4604 4622/4809/4619
f 4621/4808/4618 4622/4809/4619 3403/3522/3404 3405/3524/3406
f 4614/4799/4611 4613/4798/4610 4622/4809/4619 4621/4808/4618
f 4615/4801/4613 4623/4810/4620 3929/4811/3928 3907/4802/3908
f 4623/4810/4620 4624/4812/4621 3927/4813/3926 3929/4811/3928
f 4617/4805/4615 4625/4814/4622 4623/4810/4620 4615/4801/4613
f 4625/4814/4622 4626/4815/4623 4624/4812/4621 4623/4810/4620
f 4628/4816/4624 4627/4817/4625 3923/4818/3924 3924/4819/3923
f 4630/4820/4626 4629/4821/4627 4627/4817/4625 4628/4816/4624
f 4624/4812/4621 4628/4816/4624 3924/4819/3923 3927/4813/3926
f 4626/4815/4623 4630/4820/4626 4628/4816/4624 4624/4812/4621
f 4633/4822/4628 4632/4823/4629 4631/4824/4630 3421/3542/3424
f 4632/4823/4629 4635/4825/4631 4634/4826/4632 4631/4824/4630
f 4629/4821/4627 4630/4820/4626 4632/4823/4629 4633/4822/4628
f 4630/4820/4626 4626/4815/4623 4635/4825/4631 4632/4823/4629
f 4637/4827/4633 4620/4806/4616 3408/3527/3409 4636/4828/4634
f 4625/4814/4622 4617/4805/4615 4620/4806/4616 4637/4827/4633
f 4635/4825/4631 4637/4827/4633 4636/4828/4634 4634/4826/4632
f 4626/4815/4623 4625/4814/4622 4637/4827/4633 4635/4825/4631
f 4639/4829/4635 4638/4830/4636 3934/4831/3929 3931/4832/3932
f 4638/4830/4636 4640/4833/4637 3938/4834/3935 3934/4831/3929
f 4642/4835/4638 4641/4836/4639 4638/4830/4636 4639/4829/4635
f 4641/4836/4639 4643/4837/4640 4640/4833/4637 4638/4830/4636
f 4645/4838/4641 4644/4839/4642 3948/4840/3947 3949/4841/3946
f 4647/4842/4643 4646/4843/4644 4644/4839/4642 4645/4838/4641
f 4640/4833/4637 4645/4838/4641 3949/4841/3946 3938/4834/3935
f 4643/4837/4640 4647/4842/4643 4645/4838/4641 4640/4833/4637
f 4649/4844/4645 4648/4845/4646 3447/3568/3450 3448/3567/3449
f 4648/4845/4646 4650/4846/4647 3445/3564/3446 3447/3568/3450
f 4646/4843/4644 4647/4842/4643 4648/4845/4646 4649/4844/4645
f 4647/4842/4643 4643/4837/4640 4650/4846/4647 4648/4845/4646
f 4652/4847/4648 4651/4848/4649 3441/3562/3444 3442/3561/3443
f 4641/4836/4639 4642/4835/4638 4651/4848/4649 4652/4847/4648
f 4650/4846/4647 4652/4847/4648 3442/3561/3443 3445/3564/3446
f 4643/4837/4640 4641/4836/4639 4652/4847/4648 4650/4846/4647
f 4644/4839/4642 4653/4849/4650 3965/4850/3964 3948/4840/3947
f 4653/4849/4650 4654/4851/4651 3963/4852/3962 3965/4850/3964
f 4646/4843/4644 4655/4853/4652 4653/4849/4650 4644/4839/4642
f 4655/4853/4652 4656/4854/4653 4654/4851/4651 4653/4849/4650
f 4658/4855/4654 4657/4856/4655 3959/4857/3960 3960/4858/3959
f 4660/4859/4656 4659/4860/4657 4657/4856/4655 4658/4855/4654
f 4654/4851/4651 4658/4855/4654 3960/4858/3959 3963/4852/3962
f 4656/4854/4653 4660/4859/4656 4658/4855/4654 4654/4851/4651
f 4662/4861/4658 4661/4862/4659 3463/3584/3466 3464/3583/3465
f 4661/4862/4659 4663/4863/4660 3461/3580/3462 3463/3584/3466
f 4659/4860/4657 4660/4859/4656 4661/4862/4659 4662/4861/4658
f 4660/4859/4656 4656/4854/4653 4663/4863/4660 4661/4862/4659
f 4664/4864/4661 4649/4844/4645 3448/3567/3449 3459/3578/3460
f 4655/4853/4652 4646/4843/4644 4649/4844/4645 4664/4864/4661
f 4663/4863/4660 4664/4864/4661 3459/3578/3460 3461/3580/3462
f 4656/4854/4653 4655/4853/4652 4664/4864/4661 4663/4863/4660
f 4657/4856/4655 4665/4865/4662 3977/4866/3976 3959/4857/3960
f 4665/4865/4662 4666/4867/4663 3975/4868/3974 3977/4866/3976
f 4659/4860/4657 4667/4869/4664 4665/4865/4662 4657/4856/4655
f 4667/4869/4664 4668/4870/4665 4666/4867/4663 4665/4865/4662
f 4669/4871/4666 2243/2330/2244 1536/2329/1539 3973/4872/3972
f 4670/4873/4667 2241/2326/2242 2243/2330/2244 4669/4871/4666
f 4666/4867/4663 4669/4871/4666 3973/4872/3972 3975/4868/3974
f 4668/4870/4665 4670/4873/4667 4669/4871/4666 4666/4867/4663
f 2239/2324/2240 4671/4874/4668 3477/3596/3478 1027/1028/1028
f 4671/4874/4668 4672/4875/4669 3475/3594/3476 3477/3596/3478
f 2241/2326/2242 4670/4873/4667 4671/4874/4668 2239/2324/2240
f 4670/4873/4667 4668/4870/4665 4672/4875/4669 4671/4874/4668
f 4673/4876/4670 4662/4861/4658 3464/3583/3465 3473/3592/3474
f 4667/4869/4664 4659/4860/4657 4662/4861/4658 4673/4876/4670
f 4672/4875/4669 4673/4876/4670 3473/3592/3474 3475/3594/3476
f 4668/4870/4665 4667/4869/4664 4673/4876/4670 4672/4875/4669
f 4027/4146/4026 4674/4877/4671 4548/4706/4544 3291/3412/3294
f 4674/4877/4671 4675/4878/4672 4545/4705/4543 4548/4706/4544
f 4029/4148/4028 4676/4879/4673 4674/4877/4671 4027/4146/4026
f 4676/4879/4673 4677/4880/4674 4675/4878/4672 4674/4877/4671
f 4678/4881/4675 4012/4882/4011 3803/4702/3804 4543/4701/4541
f 4679/4883/4676 4008/4884/4007 4012/4882/4011 4678/4881/4675
f 4675/4878/4672 4678/4881/4675 4543/4701/4541 4545/4705/4543
f 4677/4880/4674 4679/4883/4676 4678/4881/4675 4675/4878/4672
f 4006/4885/4005 4680/4886/4677 4552/4710/4548 3828/4713/3827
f 4680/4886/4677 4681/4887/4678 4555/4716/4551 4552/4710/4548
f 4008/4884/4007 4679/4883/4676 4680/4886/4677 4006/4885/4005
f 4679/4883/4676 4677/4880/4674 4681/4887/4678 4680/4886/4677
f 4682/4888/4679 4031/4150/4030 3324/3443/3325 4564/4729/4562
f 4676/4879/4673 4029/4148/4028 4031/4150/4030 4682/4888/4679
f 4681/4887/4678 4682/4888/4679 4564/4729/4562 4555/4716/4551
f 4677/4880/4674 4676/4879/4673 4682/4888/4679 4681/4887/4678
f 3988/4107/3987 4683/4889/4680 3565/3682/3564 2539/2658/2540
f 4683/4889/4680 4684/4890/4681 3568/3685/3567 3565/3682/3564
f 3990/4109/3989 4685/4891/4682 4683/4889/4680 3988/4107/3987
f 4685/4891/4682 4686/4892/4683 4684/4890/4681 4683/4889/4680
f 4687/4893/4684 4053/4173/4053 3577/3696/3578 3578/3695/3577
f 4688/4894/4685 4048/4167/4047 4053/4173/4053 4687/4893/4684
f 4684/4890/4681 4687/4893/4684 3578/3695/3577 3568/3685/3567
f 4686/4892/4683 4688/4894/4685 4687/4893/4684 4684/4890/4681
f 4045/4165/4045 4689/4895/4686 3593/3708/3590 3590/3711/3593
f 4689/4895/4686 4690/4896/4687 3588/3707/3589 3593/3708/3590
f 4048/4167/4047 4688/4894/4685 4689/4895/4686 4045/4165/4045
f 4688/4894/4685 4686/4892/4683 4690/4896/4687 4689/4895/4686
f 4691/4897/4688 3992/4111/3991 2552/2673/2555 3586/3705/3587
f 4685/4891/4682 3990/4109/3989 3992/4111/3991 4691/4897/4688
f 4690/4896/4687 4691/4897/4688 3586/3705/3587 3588/3707/3589
f 4686/4892/4683 4685/4891/4682 4691/4897/4688 4690/4896/4687
f 4099/4230/4098 4692/4898/4689 4442/4596/4439 3136/3257/3139
f 4692/4898/4689 4693/4899/4690 4439/4595/4438 4442/4596/4439
f 4101/4232/4100 4694/4900/4691 4692/4898/4689 4099/4230/4098
f 4694/4900/4691 4695/4901/4692 4693/4899/4690 4692/4898/4689
f 4696/4902/4693 4084/4211/4083 3642/3763/3645 4437/4593/4436
f 4697/4903/4694 4080/4206/4079 4084/4211/4083 4696/4902/4693
f 4693/4899/4690 4696/4902/4693 4437/4593/4436 4439/4595/4438
f 4695/4901/4692 4697/4903/4694 4696/4902/4693 4693/4899/4690
f 4078/4203/4077 4698/4904/4695 4420/4905/4417 3629/4204/3630
f 4698/4904/4695 4699/4906/4696 4423/4907/4420 4420/4905/4417
f 4080/4206/4079 4697/4903/4694 4698/4904/4695 4078/4203/4077
f 4697/4903/4694 4695/4901/4692 4699/4906/4696 4698/4904/4695
f 4700/4908/4697 4103/4236/4102 3111/4235/3112 4429/4909/4428
f 4694/4900/4691 4101/4232/4100 4103/4236/4102 4700/4908/4697
f 4699/4906/4696 4700/4908/4697 4429/4909/4428 4423/4907/4420
f 4695/4901/4692 4694/4900/4691 4700/4908/4697 4699/4906/4696
f 4141/4282/4140 4701/4910/4698 3864/3981/3861 2867/2986/2868
f 4701/4910/4698 4702/4911/4699 3867/3984/3864 3864/3981/3861
f 4143/4284/4142 4703/4912/4700 4701/4910/4698 4141/4282/4140
f 4703/4912/4700 4704/4913/4701 4702/4911/4699 4701/4910/4698
f 4705/4914/4702 4125/4915/4125 3880/3999/3879 3881/3998/3878
f 4706/4916/4703 4120/4917/4119 4125/4915/4125 4705/4914/4702
f 4702/4911/4699 4705/4914/4702 3881/3998/3878 3867/3984/3864
f 4704/4913/4701 4706/4916/4703 4705/4914/4702 4702/4911/4699
f 4117/4918/4117 4707/4919/4704 3858/4920/3853 3855/4921/3856
f 4707/4919/4704 4708/4922/4705 3853/4923/3852 3858/4920/3853
f 4120/4917/4119 4706/4916/4703 4707/4919/4704 4117/4918/4117
f 4706/4916/4703 4704/4913/4701 4708/4922/4705 4707/4919/4704
f 4709/4924/4706 4145/4288/4144 2842/4287/2845 3851/4925/3850
f 4703/4912/4700 4143/4284/4142 4145/4288/4144 4709/4924/4706
f 4708/4922/4705 4709/4924/4706 3851/4925/3850 3853/4923/3852
f 4704/4913/4701 4703/4912/4700 4709/4924/4706 4708/4922/4705
f 4207/4350/4206 4711/4926/4707 4710/4927/4708 3428/3547/3429
f 4711/4926/4707 4713/4928/4709 4712/4929/4710 4710/4927/4708
f 4209/4352/4208 4714/4930/4711 4711/4926/4707 4207/4350/4206
f 4714/4930/4711 4715/4931/4712 4713/4928/4709 4711/4926/4707
f 4717/4932/4713 4188/4933/4189 4189/4934/4188 4716/4935/4714
f 4718/4936/4715 4184/4937/4183 4188/4933/4189 4717/4932/4713
f 4713/4928/4709 4717/4932/4713 4716/4935/4714 4712/4929/4710
f 4715/4931/4712 4718/4936/4715 4717/4932/4713 4713/4928/4709
f 4182/4938/4181 4719/4939/4716 4639/4829/4635 3931/4832/3932
f 4719/4939/4716 4720/4940/4717 4642/4835/4638 4639/4829/4635
f 4184/4937/4183 4718/4936/4715 4719/4939/4716 4182/4938/4181
f 4718/4936/4715 4715/4931/4712 4720/4940/4717 4719/4939/4716
f 4721/4941/4718 4211/4354/4210 3441/3562/3444 4651/4848/4649
f 4714/4930/4711 4209/4352/4208 4211/4354/4210 4721/4941/4718
f 4720/4940/4717 4721/4941/4718 4651/4848/4649 4642/4835/4638
f 4715/4931/4712 4714/4930/4711 4721/4941/4718 4720/4940/4717
f 4159/4303/4159 4722/4942/4719 3687/3802/3684 3684/3805/3687
f 4722/4942/4719 4723/4943/4720 3691/3808/3690 3687/3802/3684
f 4162/4305/4161 4724/4944/4721 4722/4942/4719 4159/4303/4159
f 4724/4944/4721 4725/4945/4722 4723/4943/4720 4722/4942/4719
f 4726/4946/4723 4233/4377/4233 3705/3824/3706 3706/3823/3705
f 4727/4947/4724 4228/4371/4227 4233/4377/4233 4726/4946/4723
f 4723/4943/4720 4726/4946/4723 3706/3823/3705 3691/3808/3690
f 4725/4945/4722 4727/4947/4724 4726/4946/4723 4723/4943/4720
f 4225/4369/4225 4728/4948/4725 3721/3836/3718 3718/3839/3721
f 4728/4948/4725 4729/4949/4726 3716/3835/3717 3721/3836/3718
f 4228/4371/4227 4727/4947/4724 4728/4948/4725 4225/4369/4225
f 4727/4947/4724 4725/4945/4722 4729/4949/4726 4728/4948/4725
f 4730/4950/4727 4164/4307/4163 2712/2831/2713 3714/3833/3715
f 4724/4944/4721 4162/4305/4161 4164/4307/4163 4730/4950/4727
f 4729/4949/4726 4730/4950/4727 3714/3833/3715 3716/3835/3717
f 4725/4945/4722 4724/4944/4721 4730/4950/4727 4729/4949/4726
f 4368/4519/4367 4731/4951/4728 4315/4952/4314 3534/4520/3537
f 4731/4951/4728 4732/4953/4729 4313/4954/4312 4315/4952/4314
f 4370/4522/4369 4733/4955/4730 4731/4951/4728 4368/4519/4367
f 4733/4955/4730 4734/4956/4731 4732/4953/4729 4731/4951/4728
f 4735/4957/4732 4375/4525/4372 3561/4528/3562 4311/4958/4310
f 4736/4959/4733 4378/4531/4375 4375/4525/4372 4735/4957/4732
f 4732/4953/4729 4735/4957/4732 4311/4958/4310 4313/4954/4312
f 4734/4956/4731 4736/4959/4733 4735/4957/4732 4732/4953/4729
f 4384/4540/4383 4737/4960/4734 3014/3129/3011 3011/3132/3014
f 4737/4960/4734 4738/4961/4735 3018/3135/3017 3014/3129/3011
f 4378/4531/4375 4736/4959/4733 4737/4960/4734 4384/4540/4383
f 4736/4959/4733 4734/4956/4731 4738/4961/4735 4737/4960/4734
f 4739/4962/4736 4372/4524/4371 3033/3152/3034 3034/3151/3033
f 4733/4955/4730 4370/4522/4369 4372/4524/4371 4739/4962/4736
f 4738/4961/4735 4739/4962/4736 3034/3151/3033 3018/3135/3017
f 4734/4956/4731 4733/4955/4730 4739/4962/4736 4738/4961/4735
f 4335/4478/4334 4740/4963/4737 4327/4470/4326 3496/3615/3497
f 4740/4963/4737 4741/4964/4738 4325/4468/4324 4327/4470/4326
f 4337/4480/4336 4742/4965/4739 4740/4963/4737 4335/4478/4334
f 4742/4965/4739 4743/4966/4740 4741/4964/4738 4740/4963/4737
f 4744/4967/4741 4516/4670/4512 3777/3896/3700 4323/4466/4322
f 4745/4968/4742 4519/4673/4515 4516/4670/4512 4744/4967/4741
f 4741/4964/4738 4744/4967/4741 4323/4466/4322 4325/4468/4324
f 4743/4966/4740 4745/4968/4742 4744/4967/4741 4741/4964/4738
f 4528/4684/4526 4746/4969/4743 4299/4440/4296 3278/3397/3279
f 4746/4969/4743 4747/4970/4744 4296/4439/4295 4299/4440/4296
f 4519/4673/4515 4745/4968/4742 4746/4969/4743 4528/4684/4526
f 4745/4968/4742 4743/4966/4740 4747/4970/4744 4746/4969/4743
f 4748/4971/4745 4340/4481/4337 2966/3087/2969 4294/4437/4293
f 4742/4965/4739 4337/4480/4336 4340/4481/4337 4748/4971/4745
f 4747/4970/4744 4748/4971/4745 4294/4437/4293 4296/4439/4295
f 4743/4966/4740 4742/4965/4739 4748/4971/4745 4747/4970/4744
f 4750/4972/4746 4749/4973/4747 2528/2649/2531 2529/2648/2530
f 4749/4973/4747 4751/4974/4748 2526/2645/2527 2528/2649/2531
f 4753/4975/4749 4752/4976/4750 4749/4973/4747 4750/4972/4746
f 4752/4976/4750 4754/4977/4751 4751/4974/4748 4749/4973/4747
f 4756/4978/4752 4755/4979/4753 2522/2643/2525 2523/2642/2524
f 4758/4980/4754 4757/4981/4755 4755/4979/4753 4756/4978/4752
f 4751/4974/4748 4756/4978/4752 2523/2642/2524 2526/2645/2527
f 4754/4977/4751 4758/4980/4754 4756/4978/4752 4751/4974/4748
f 4760/4982/4756 4759/4983/4757 3553/3672/3554 2504/2623/2505
f 4759/4983/4757 4761/4984/4758 3548/3667/3549 3553/3672/3554
f 4757/4981/4755 4758/4980/4754 4759/4983/4757 4760/4982/4756
f 4758/4980/4754 4754/4977/4751 4761/4984/4758 4759/4983/4757
f 4763/4985/4759 4762/4986/4760 3544/3665/3547 3545/3664/3546
f 4752/4976/4750 4753/4975/4749 4762/4986/4760 4763/4985/4759
f 4761/4984/4758 4763/4985/4759 3545/3664/3546 3548/3667/3549
f 4754/4977/4751 4752/4976/4750 4763/4985/4759 4761/4984/4758
f 4765/4987/4761 4764/4988/4762 4249/4394/4250 4250/4393/4249
f 4764/4988/4762 4766/4989/4763 4245/4388/4244 4249/4394/4250
f 4768/4990/4764 4767/4991/4765 4764/4988/4762 4765/4987/4761
f 4767/4991/4765 4769/4992/4766 4766/4989/4763 4764/4988/4762
f 4770/4993/4767 4750/4972/4746 2529/2648/2530 4243/4386/4242
f 4771/4994/4768 4753/4975/4749 4750/4972/4746 4770/4993/4767
f 4766/4989/4763 4770/4993/4767 4243/4386/4242 4245/4388/4244
f 4769/4992/4766 4771/4994/4768 4770/4993/4767 4766/4989/4763
f 4762/4986/4760 4772/4995/4769 4308/4451/4307 3544/3665/3547
f 4772/4995/4769 4773/4996/4770 4304/4447/4303 4308/4451/4307
f 4753/4975/4749 4771/4994/4768 4772/4995/4769 4762/4986/4760
f 4771/4994/4768 4769/4992/4766 4773/4996/4770 4772/4995/4769
f 4775/4997/4771 4774/4998/4772 3529/3648/3530 4302/4445/4301
f 4767/4991/4765 4768/4990/4764 4774/4998/4772 4775/4997/4771
f 4773/4996/4770 4775/4997/4771 4302/4445/4301 4304/4447/4303
f 4769/4992/4766 4767/4991/4765 4775/4997/4771 4773/4996/4770
f 4777/4999/4773 4776/5000/4774 4258/4397/4253 4255/4400/4256
f 4776/5000/4774 4778/5001/4775 4253/4396/4252 4258/4397/4253
f 4780/5002/4776 4779/5003/4777 4776/5000/4774 4777/4999/4773
f 4779/5003/4777 4781/5004/4778 4778/5001/4775 4776/5000/4774
f 4782/5005/4779 4765/4987/4761 4250/4393/4249 4251/4392/4248
f 4783/5006/4780 4768/4990/4764 4765/4987/4761 4782/5005/4779
f 4778/5001/4775 4782/5005/4779 4251/4392/4248 4253/4396/4252
f 4781/5004/4778 4783/5006/4780 4782/5005/4779 4778/5001/4775
f 4774/4998/4772 4784/5007/4781 3528/3649/3531 3529/3648/3530
f 4784/5007/4781 4785/5008/4782 3523/3642/3524 3528/3649/3531
f 4768/4990/4764 4783/5006/4780 4784/5007/4781 4774/4998/4772
f 4783/5006/4780 4781/5004/4778 4785/5008/4782 4784/5007/4781
f 4787/5009/4783 4786/5010/4784 3519/3640/3522 3520/3639/3521
f 4779/5003/4777 4780/5002/4776 4786/5010/4784 4787/5009/4783
f 4785/5008/4782 4787/5009/4783 3520/3639/3521 3523/3642/3524
f 4781/5004/4778 4779/5003/4777 4787/5009/4783 4785/5008/4782
f 4789/5011/4785 4788/5012/4786 4261/4404/4260 2507/2628/2510
f 4788/5012/4786 4790/5013/4787 4259/4402/4258 4261/4404/4260
f 4792/5014/4788 4791/5015/4789 4788/5012/4786 4789/5011/4785
f 4791/5015/4789 4793/5016/4790 4790/5013/4787 4788/5012/4786
f 4794/5017/4791 4777/4999/4773 4255/4400/4256 4256/4399/4255
f 4795/5018/4792 4780/5002/4776 4777/4999/4773 4794/5017/4791
f 4790/5013/4787 4794/5017/4791 4256/4399/4255 4259/4402/4258
f 4793/5016/4790 4795/5018/4792 4794/5017/4791 4790/5013/4787
f 4786/5010/4784 4796/5019/4793 4269/4412/4268 3519/3640/3522
f 4796/5019/4793 4797/5020/4794 4265/4408/4264 4269/4412/4268
f 4780/5002/4776 4795/5018/4792 4796/5019/4793 4786/5010/4784
f 4795/5018/4792 4793/5016/4790 4797/5020/4794 4796/5019/4793
f 4799/5021/4795 4798/5022/4796 2779/2898/2780 4263/4406/4262
f 4791/5015/4789 4792/5014/4788 4798/5022/4796 4799/5021/4795
f 4797/5020/4794 4799/5021/4795 4263/4406/4262 4265/4408/4264
f 4793/5016/4790 4791/5015/4789 4799/5021/4795 4797/5020/4794
f 4801/5023/4797 4800/5024/4798 2516/2637/2519 2517/2636/2518
f 4800/5024/4798 4802/5025/4799 2511/2630/2512 2516/2637/2519
f 4804/5026/4800 4803/5027/4801 4800/5024/4798 4801/5023/4797
f 4803/5027/4801 4805/5028/4802 4802/5025/4799 4800/5024/4798
f 4806/5029/4803 4789/5011/4785 2507/2628/2510 2508/2627/2509
f 4807/5030/4804 4792/5014/4788 4789/5011/4785 4806/5029/4803
f 4802/5025/4799 4806/5029/4803 2508/2627/2509 2511/2630/2512
f 4805/5028/4802 4807/5030/4804 4806/5029/4803 4802/5025/4799
f 4798/5022/4796 4808/5031/4805 2778/2899/2781 2779/2898/2780
f 4808/5031/4805 4809/5032/4806 2776/2895/2777 2778/2899/2781
f 4792/5014/4788 4807/5030/4804 4808/5031/4805 4798/5022/4796
f 4807/5030/4804 4805/5028/4802 4809/5032/4806 4808/5031/4805
f 4811/5033/4807 4810/5034/4808 2472/2591/2473 2774/2893/2775
f 4803/5027/4801 4804/5026/4800 4810/5034/4808 4811/5033/4807
f 4809/5032/4806 4811/5033/4807 2774/2893/2775 2776/2895/2777
f 4805/5028/4802 4803/5027/4801 4811/5033/4807 4809/5032/4806
f 2505/2622/2504 4813/5035/4809 4812/5036/4810 2504/2623/2505
f 4813/5035/4809 4815/5037/4811 4814/5038/4812 4812/5036/4810
f 2491/2608/2490 4816/5039/4813 4813/5035/4809 2505/2622/2504
f 4816/5039/4813 4817/5040/4814 4815/5037/4811 4813/5035/4809
f 4821/5041/4815 4820/5042/4816 4819/5043/4817 4818/5044/4818
f 4823/5045/4819 4822/5046/4820 4820/5042/4816 4821/5041/4815
f 4815/5037/4811 4821/5041/4815 4818/5044/4818 4814/5038/4812
f 4817/5040/4814 4823/5045/4819 4821/5041/4815 4815/5037/4811
f 4827/5047/4821 4826/5048/4822 4825/5049/4823 4824/5050/4824
f 4826/5048/4822 4829/5051/4825 4828/5052/4826 4825/5049/4823
f 4822/5046/4820 4823/5045/4819 4826/5048/4822 4827/5047/4821
f 4823/5045/4819 4817/5040/4814 4829/5051/4825 4826/5048/4822
f 4831/5053/4827 2488/2605/2487 2472/2591/2473 4830/5054/4828
f 4816/5039/4813 2491/2608/2490 2488/2605/2487 4831/5053/4827
f 4829/5051/4825 4831/5053/4827 4830/5054/4828 4828/5052/4826
f 4817/5040/4814 4816/5039/4813 4831/5053/4827 4829/5051/4825
f 4833/5055/4829 4832/5056/4830 4818/5044/4818 4819/5043/4817
f 4832/5056/4830 4834/5057/4831 4814/5038/4812 4818/5044/4818
f 4836/5058/4832 4835/5059/4833 4832/5056/4830 4833/5055/4829
f 4835/5059/4833 4837/5060/4834 4834/5057/4831 4832/5056/4830
f 4838/5061/4835 4760/4982/4756 2504/2623/2505 4812/5036/4810
f 4839/5062/4836 4757/4981/4755 4760/4982/4756 4838/5061/4835
f 4834/5057/4831 4838/5061/4835 4812/5036/4810 4814/5038/4812
f 4837/5060/4834 4839/5062/4836 4838/5061/4835 4834/5057/4831
f 4755/4979/4753 4841/5063/4837 4840/5064/4838 2522/2643/2525
f 4841/5063/4837 4843/5065/4839 4842/5066/4840 4840/5064/4838
f 4757/4981/4755 4839/5062/4836 4841/5063/4837 4755/4979/4753
f 4839/5062/4836 4837/5060/4834 4843/5065/4839 4841/5063/4837
f 4847/5067/4841 4846/5068/4842 4845/5069/4843 4844/5070/4844
f 4835/5059/4833 4836/5058/4832 4846/5068/4842 4847/5067/4841
f 4843/5065/4839 4847/5067/4841 4844/5070/4844 4842/5066/4840
f 4837/5060/4834 4835/5059/4833 4847/5067/4841 4843/5065/4839
f 2518/2635/2517 4849/5071/4845 4848/5072/4846 2517/2636/2518
f 4849/5071/4845 4851/5073/4847 4850/5074/4848 4848/5072/4846
f 2520/2639/2521 4852/5075/4849 4849/5071/4845 2518/2635/2517
f 4852/5075/4849 4853/5076/4850 4851/5073/4847 4849/5071/4845
f 4857/5077/4851 4856/5078/4852 4855/5079/4853 4854/5080/4854
f 4859/5081/4855 4858/5082/4856 4856/5078/4852 4857/5077/4851
f 4851/5073/4847 4857/5077/4851 4854/5080/4854 4850/5074/4848
f 4853/5076/4850 4859/5081/4855 4857/5077/4851 4851/5073/4847
f 4861/5083/4857 4860/5084/4858 4844/5070/4844 4845/5069/4843
f 4860/5084/4858 4862/5085/4859 4842/5066/4840 4844/5070/4844
f 4858/5082/4856 4859/5081/4855 4860/5084/4858 4861/5083/4857
f 4859/5081/4855 4853/5076/4850 4862/5085/4859 4860/5084/4858
f 4863/5086/4860 2525/2640/2522 2522/2643/2525 4840/5064/4838
f 4852/5075/4849 2520/2639/2521 2525/2640/2522 4863/5086/4860
f 4862/5085/4859 4863/5086/4860 4840/5064/4838 4842/5066/4840
f 4853/5076/4850 4852/5075/4849 4863/5086/4860 4862/5085/4859
f 4865/5087/4861 4864/5088/4862 4854/5080/4854 4855/5079/4853
f 4864/5088/4862 4866/5089/4863 4850/5074/4848 4854/5080/4854
f 4868/5090/4864 4867/5091/4865 4864/5088/4862 4865/5087/4861
f 4867/5091/4865 4869/5092/4866 4866/5089/4863 4864/5088/4862
f 4870/5093/4867 4801/5023/4797 2517/2636/2518 4848/5072/4846
f 4871/5094/4868 4804/5026/4800 4801/5023/4797 4870/5093/4867
f 4866/5089/4863 4870/5093/4867 4848/5072/4846 4850/5074/4848
f 4869/5092/4866 4871/5094/4868 4870/5093/4867 4866/5089/4863
f 4810/5034/4808 4872/5095/4869 4830/5054/4828 2472/2591/2473
f 4872/5095/4869 4873/5096/4870 4828/5052/4826 4830/5054/4828
f 4804/5026/4800 4871/5094/4868 4872/5095/4869 4810/5034/4808
f 4871/5094/4868 4869/5092/4866 4873/5096/4870 4872/5095/4869
f 4875/5097/4871 4874/5098/4872 4824/5050/4824 4825/5049/4823
f 4867/5091/4865 4868/5090/4864 4874/5098/4872 4875/5097/4871
f 4873/5096/4870 4875/5097/4871 4825/5049/4823 4828/5052/4826
f 4869/5092/4866 4867/5091/4865 4875/5097/4871 4873/5096/4870
f 4820/5099/4816 4877/5100/4873 4876/5101/4874 4819/5102/4817
f 4822/5103/4820 4878/5104/4875 4877/5100/4873 4820/5099/4816
f 4880/5105/4876 4827/5106/4821 4824/5107/4824 4879/5108/4877
f 4878/5104/4875 4822/5103/4820 4827/5106/4821 4880/5105/4876
f 4846/5109/4842 4882/5110/4878 4881/5111/4879 4845/5112/4843
f 4836/5113/4832 4883/5114/4880 4882/5110/4878 4846/5109/4842
f 4884/5115/4881 4833/5116/4829 4819/5102/4817 4876/5101/4874
f 4883/5114/4880 4836/5113/4832 4833/5116/4829 4884/5115/4881
f 4856/5117/4852 4886/5117/4882 4885/5118/4883 4855/5118/4853
f 4858/5119/4856 4887/5119/4884 4886/5117/4882 4856/5117/4852
f 4888/5120/4885 4861/5120/4857 4845/5121/4843 4881/5122/4879
f 4887/5119/4884 4858/5119/4856 4861/5120/4857 4888/5120/4885
f 4885/5118/4883 4889/5123/4886 4865/5123/4861 4855/5118/4853
f 4889/5123/4886 4890/5124/4887 4868/5125/4864 4865/5123/4861
f 4891/5126/4888 4879/5108/4877 4824/5107/4824 4874/5127/4872
f 4890/5124/4887 4891/5126/4888 4874/5127/4872 4868/5125/4864
f 229/228/228 4893/5128/4889 4892/5129/4890 228/229/229
f 4893/5128/4889 4895/5130/4891 4894/5131/4892 4892/5129/4890
f 231/232/232 4896/5132/4893 4893/5128/4889 229/228/228
f 4896/5132/4893 4897/5133/4894 4895/5130/4891 4893/5128/4889
f 4899/5134/4895 1727/1754/1730 1728/1753/1729 4898/5135/4896
f 4900/5136/4897 1725/1750/1726 1727/1754/1730 4899/5134/4895
f 4895/5130/4891 4899/5134/4895 4898/5135/4896 4894/5131/4892
f 4897/5133/4894 4900/5136/4897 4899/5134/4895 4895/5130/4891
f 1722/1748/1724 4901/5137/4898 1244/1241/1241 1241/1244/1244
f 4901/5137/4898 4902/5138/4899 1248/1247/1247 1244/1241/1241
f 1725/1750/1726 4900/5136/4897 4901/5137/4898 1722/1748/1724
f 4900/5136/4897 4897/5133/4894 4902/5138/4899 4901/5137/4898
f 4903/5139/4900 236/233/233 233/236/236 1263/1263/1263
f 4896/5132/4893 231/232/232 236/233/233 4903/5139/4900
f 4902/5138/4899 4903/5139/4900 1263/1263/1263 1248/1247/1247
f 4897/5133/4894 4896/5132/4893 4903/5139/4900 4902/5138/4899
f 454/453/453 4905/5140/4901 4904/5141/4902 453/454/454
f 4905/5140/4901 4907/5142/4903 4906/5143/4904 4904/5141/4902
f 456/457/457 4908/5144/4905 4905/5140/4901 454/453/453
f 4908/5144/4905 4909/5145/4906 4907/5142/4903 4905/5140/4901
f 4911/5146/4907 1743/1770/1746 1744/1769/1745 4910/5147/4908
f 4912/5148/4909 1741/1766/1742 1743/1770/1746 4911/5146/4907
f 4907/5142/4903 4911/5146/4907 4910/5147/4908 4906/5143/4904
f 4909/5145/4906 4912/5148/4909 4911/5146/4907 4907/5142/4903
f 1739/1764/1740 4913/5149/4910 4898/5135/4896 1728/1753/1729
f 4913/5149/4910 4914/5150/4911 4894/5131/4892 4898/5135/4896
f 1741/1766/1742 4912/5148/4909 4913/5149/4910 1739/1764/1740
f 4912/5148/4909 4909/5145/4906 4914/5150/4911 4913/5149/4910
f 4915/5151/4912 459/458/458 228/229/229 4892/5129/4890
f 4908/5144/4905 456/457/457 459/458/458 4915/5151/4912
f 4914/5150/4911 4915/5151/4912 4892/5129/4890 4894/5131/4892
f 4909/5145/4906 4908/5144/4905 4915/5151/4912 4914/5150/4911
f 750/751/751 4917/5152/4913 4916/5153/4914 749/752/752
f 4917/5152/4913 4919/5154/4915 4918/5155/4916 4916/5153/4914
f 753/754/754 4920/5156/4917 4917/5152/4913 750/751/751
f 4920/5156/4917 4921/5157/4918 4919/5154/4915 4917/5152/4913
f 4923/5158/4919 723/726/726 724/725/725 4922/5159/4920
f 4924/5160/4921 718/719/719 723/726/726 4923/5158/4919
f 4919/5154/4915 4923/5158/4919 4922/5159/4920 4918/5155/4916
f 4921/5157/4918 4924/5160/4921 4923/5158/4919 4919/5154/4915
f 715/716/716 4926/5161/4922 4925/5162/4923 714/717/717
f 4926/5161/4922 4928/5163/4924 4927/5164/4925 4925/5162/4923
f 718/719/719 4924/5160/4921 4926/5161/4922 715/716/716
f 4924/5160/4921 4921/5157/4918 4928/5163/4924 4926/5161/4922
f 4930/5165/4926 755/758/758 756/757/757 4929/5166/4927
f 4920/5156/4917 753/754/754 755/758/758 4930/5165/4926
f 4928/5163/4924 4930/5165/4926 4929/5166/4927 4927/5164/4925
f 4921/5157/4918 4920/5156/4917 4930/5165/4926 4928/5163/4924
f 977/978/978 4931/5167/4928 2201/2270/2199 976/979/979
f 4931/5167/4928 4932/5168/4929 2197/2269/2198 2201/2270/2199
f 980/981/981 4933/5169/4930 4931/5167/4928 977/978/978
f 4933/5169/4930 4934/5170/4931 4932/5168/4929 4931/5167/4928
f 4935/5171/4932 954/957/957 955/956/956 2195/2267/2196
f 4936/5172/4933 950/951/951 954/957/957 4935/5171/4932
f 4932/5168/4929 4935/5171/4932 2195/2267/2196 2197/2269/2198
f 4934/5170/4931 4936/5172/4933 4935/5171/4932 4932/5168/4929
f 948/949/949 4937/5173/4934 4922/5159/4920 724/725/725
f 4937/5173/4934 4938/5174/4935 4918/5155/4916 4922/5159/4920
f 950/951/951 4936/5172/4933 4937/5173/4934 948/949/949
f 4936/5172/4933 4934/5170/4931 4938/5174/4935 4937/5173/4934
f 4939/5175/4936 982/983/983 749/752/752 4916/5153/4914
f 4933/5169/4930 980/981/981 982/983/983 4939/5175/4936
f 4938/5174/4935 4939/5175/4936 4916/5153/4914 4918/5155/4916
f 4934/5170/4931 4933/5169/4930 4939/5175/4936 4938/5174/4935
f 1257/1258/1258 4941/5176/4937 4940/5177/1255 1256/1259/1259
f 4941/5176/4937 4943/5178/4938 4942/5179/4939 4940/5177/1255
f 1260/1261/1261 4944/5180/4940 4941/5176/4937 1257/1258/1258
f 4944/5180/4940 4945/5181/4941 4943/5178/4938 4941/5176/4937
f 4947/5182/4942 1231/1234/1234 1232/1233/1233 4946/5183/4943
f 4948/5184/4944 1227/1228/1228 1231/1234/1234 4947/5182/4942
f 4943/5178/4938 4947/5182/4942 4946/5183/4943 4942/5179/4939
f 4945/5181/4941 4948/5184/4944 4947/5182/4942 4943/5178/4938
f 1225/1226/1226 4949/5185/4945 239/240/240 213/216/216
f 4949/5185/4945 4950/5186/4946 237/238/238 239/240/240
f 1227/1228/1228 4948/5184/4944 4949/5185/4945 1225/1226/1226
f 4948/5184/4944 4945/5181/4941 4950/5186/4946 4949/5185/4945
f 4951/5187/4947 1262/1264/1264 233/236/236 234/235/235
f 4944/5180/4940 1260/1261/1261 1262/1264/1264 4951/5187/4947
f 4950/5186/4946 4951/5187/4947 234/235/235 237/238/238
f 4945/5181/4941 4944/5180/4940 4951/5187/4947 4950/5186/4946
f 1485/1486/1486 4953/5188/4948 4952/5189/4949 1484/1487/1487
f 4953/5188/4948 4955/5190/4950 4954/5191/4951 4952/5189/4949
f 1488/1489/1489 4956/5192/4952 4953/5188/4948 1485/1486/1486
f 4956/5192/4952 4957/5193/4953 4955/5190/4950 4953/5188/4948
f 4959/5194/4954 1759/1786/1762 1760/1785/1761 4958/5195/4955
f 4960/5196/4956 1757/1782/1758 1759/1786/1762 4959/5194/4954
f 4955/5190/4950 4959/5194/4954 4958/5195/4955 4954/5191/4951
f 4957/5193/4953 4960/5196/4956 4959/5194/4954 4955/5190/4950
f 1755/1780/1756 4961/5197/4957 4910/5147/4908 1744/1769/1745
f 4961/5197/4957 4962/5198/4958 4906/5143/4904 4910/5147/4908
f 1757/1782/1758 4960/5196/4956 4961/5197/4957 1755/1780/1756
f 4960/5196/4956 4957/5193/4953 4962/5198/4958 4961/5197/4957
f 4963/5199/4959 1490/1491/1491 453/454/454 4904/5141/4902
f 4956/5192/4952 1488/1489/1489 1490/1491/1491 4963/5199/4959
f 4962/5198/4958 4963/5199/4959 4904/5141/4902 4906/5143/4904
f 4957/5193/4953 4956/5192/4952 4963/5199/4959 4962/5198/4958
f 2041/2079/2042 4964/5200/4960 4929/5166/4927 756/757/757
f 4964/5200/4960 4965/5201/4961 4927/5164/4925 4929/5166/4927
f 2043/2081/2044 4966/5202/4962 4964/5200/4960 2041/2079/2042
f 4966/5202/4962 4967/5203/4963 4965/5201/4961 4964/5200/4960
f 4968/5204/4964 2029/2067/2030 714/717/717 4925/5162/4923
f 4969/5205/4965 2025/2063/2026 2029/2067/2030 4968/5204/4964
f 4965/5201/4961 4968/5204/4964 4925/5162/4923 4927/5164/4925
f 4967/5203/4963 4969/5205/4965 4968/5204/4964 4965/5201/4961
f 2023/2061/2024 4970/5206/4966 4946/5183/4943 1232/1233/1233
f 4970/5206/4966 4971/5207/4967 4942/5179/4939 4946/5183/4943
f 2025/2063/2026 4969/5205/4965 4970/5206/4966 2023/2061/2024
f 4969/5205/4965 4967/5203/4963 4971/5207/4967 4970/5206/4966
f 4972/5208/4968 2045/2083/2046 1256/1259/1259 4940/5177/1255
f 4966/5202/4962 2043/2081/2044 2045/2083/2046 4972/5208/4968
f 4971/5207/4967 4972/5208/4968 4940/5177/1255 4942/5179/4939
f 4967/5203/4963 4966/5202/4962 4972/5208/4968 4971/5207/4967
f 2199/2272/2201 4973/5209/4969 979/976/976 976/979/979
f 4973/5209/4969 4974/5210/4970 974/975/975 979/976/976
f 2202/2274/2203 4975/5211/4971 4973/5209/4969 2199/2272/2201
f 4975/5211/4971 4976/5212/4972 4974/5210/4970 4973/5209/4969
f 4977/5213/4973 2282/2380/2281 971/972/972 972/971/971
f 4978/5214/4974 2285/2383/2284 2282/2380/2281 4977/5213/4973
f 4974/5210/4970 4977/5213/4973 972/971/971 974/975/975
f 4976/5212/4972 4978/5214/4974 4977/5213/4973 4974/5210/4970
f 2291/2393/2292 4979/5215/4975 4958/5216/4955 1760/2394/1761
f 4979/5215/4975 4980/5217/4976 4954/5218/4951 4958/5216/4955
f 2285/2383/2284 4978/5214/4974 4979/5215/4975 2291/2393/2292
f 4978/5214/4974 4976/5212/4972 4980/5217/4976 4979/5215/4975
f 4981/5219/4977 2204/2278/2205 1484/2277/1487 4952/5220/4949
f 4975/5211/4971 2202/2274/2203 2204/2278/2205 4981/5219/4977
f 4980/5217/4976 4981/5219/4977 4952/5220/4949 4954/5218/4951
f 4976/5212/4972 4975/5211/4971 4981/5219/4977 4980/5217/4976
f 2693/2812/2694 4982/5221/4978 3693/3813/3695 2692/2813/2695
f 4982/5221/4978 4983/5222/4979 3688/3807/3689 3693/3813/3695
f 2696/2815/2697 4984/5223/4980 4982/5221/4978 2693/2812/2694
f 4984/5223/4980 4985/5224/4981 4983/5222/4979 4982/5221/4978
f 4986/5225/4982 4161/4301/4157 3684/3805/3687 3685/3804/3686
f 4987/5226/4983 4157/4300/4156 4161/4301/4157 4986/5225/4982
f 4983/5222/4979 4986/5225/4982 3685/3804/3686 3688/3807/3689
f 4985/5224/4981 4987/5226/4983 4986/5225/4982 4983/5222/4979
f 4155/4296/4152 4989/5227/4984 4988/5228/4985 4154/4297/4153
f 4989/5227/4984 4991/5229/4986 4990/5230/4987 4988/5228/4985
f 4157/4300/4156 4987/5226/4983 4989/5227/4984 4155/4296/4152
f 4987/5226/4983 4985/5224/4981 4991/5229/4986 4989/5227/4984
f 4993/5231/4988 2698/2819/2701 2699/2818/2700 4992/5232/4989
f 4984/5223/4980 2696/2815/2697 2698/2819/2701 4993/5231/4988
f 4991/5229/4986 4993/5231/4988 4992/5232/4989 4990/5230/4987
f 4985/5224/4981 4984/5223/4980 4993/5231/4988 4991/5229/4986
f 2910/3029/2911 4994/5233/4990 4992/5232/4989 2699/2818/2700
f 4994/5233/4990 4995/5234/4991 4990/5230/4987 4992/5232/4989
f 2912/3031/2913 4996/5235/4992 4994/5233/4990 2910/3029/2911
f 4996/5235/4992 4997/5236/4993 4995/5234/4991 4994/5233/4990
f 4998/5237/4994 4179/4320/4176 4154/4297/4153 4988/5228/4985
f 4999/5238/4995 4176/4319/4175 4179/4320/4176 4998/5237/4994
f 4995/5234/4991 4998/5237/4994 4988/5228/4985 4990/5230/4987
f 4997/5236/4993 4999/5238/4995 4998/5237/4994 4995/5234/4991
f 4174/4315/4171 5001/5239/4996 5000/5240/4997 4173/4316/4172
f 5001/5239/4996 5003/5241/4998 5002/5242/4999 5000/5240/4997
f 4176/4319/4175 4999/5238/4995 5001/5239/4996 4174/4315/4171
f 4999/5238/4995 4997/5236/4993 5003/5241/4998 5001/5239/4996
f 5005/5243/5000 2914/3035/2917 2915/3034/2916 5004/5244/5001
f 4996/5235/4992 2912/3031/2913 2914/3035/2917 5005/5243/5000
f 5003/5241/4998 5005/5243/5000 5004/5244/5001 5002/5242/4999
f 4997/5236/4993 4996/5235/4992 5005/5243/5000 5003/5241/4998
f 3197/3314/3196 5007/5245/5002 5006/5246/5003 3196/3315/3197
f 5007/5245/5002 5009/5247/5004 5008/5248/5005 5006/5246/5003
f 3199/3318/3200 5010/5249/5006 5007/5245/5002 3197/3314/3196
f 5010/5249/5006 5011/5250/5007 5009/5247/5004 5007/5245/5002
f 5013/5251/5008 3169/3284/3166 3166/3287/3169 5012/5252/5009
f 5014/5253/5010 3173/3290/3172 3169/3284/3166 5013/5251/5008
f 5009/5247/5004 5013/5251/5008 5012/5252/5009 5008/5248/5005
f 5011/5250/5007 5014/5253/5010 5013/5251/5008 5009/5247/5004
f 3184/3301/3183 5016/5254/5011 5015/5255/5012 3183/3302/3184
f 5016/5254/5011 5018/5256/5013 5017/5257/5014 5015/5255/5012
f 3173/3290/3172 5014/5253/5010 5016/5254/5011 3184/3301/3183
f 5014/5253/5010 5011/5250/5007 5018/5256/5013 5016/5254/5011
f 5020/5258/5015 3204/3319/3201 3201/3322/3204 5019/5259/5016
f 5010/5249/5006 3199/3318/3200 3204/3319/3201 5020/5258/5015
f 5018/5256/5013 5020/5258/5015 5019/5259/5016 5017/5257/5014
f 5011/5250/5007 5010/5249/5006 5020/5258/5015 5018/5256/5013
f 3417/3536/3418 5021/5260/5017 5019/5259/5016 3201/3322/3204
f 5021/5260/5017 5022/5261/5018 5017/5257/5014 5019/5259/5016
f 3419/3538/3420 5023/5262/5019 5021/5260/5017 3417/3536/3418
f 5023/5262/5019 5024/5263/5020 5022/5261/5018 5021/5260/5017
f 5025/5264/5021 3396/3513/3395 3183/3302/3184 5015/5255/5012
f 5026/5265/5022 3399/3516/3398 3396/3513/3395 5025/5264/5021
f 5022/5261/5018 5025/5264/5021 5015/5255/5012 5017/5257/5014
f 5024/5263/5020 5026/5265/5022 5025/5264/5021 5022/5261/5018
f 3409/3526/3408 5027/5266/5023 4636/4828/4634 3408/3527/3409
f 5027/5266/5023 5028/5267/5024 4634/4826/4632 4636/4828/4634
f 3399/3516/3398 5026/5265/5022 5027/5266/5023 3409/3526/3408
f 5026/5265/5022 5024/5263/5020 5028/5267/5024 5027/5266/5023
f 5029/5268/5025 3424/3539/3421 3421/3542/3424 4631/4824/4630
f 5023/5262/5019 3419/3538/3420 3424/3539/3421 5029/5268/5025
f 5028/5267/5024 5029/5268/5025 4631/4824/4630 4634/4826/4632
f 5024/5263/5020 5023/5262/5019 5029/5268/5025 5028/5267/5024
f 3694/3812/3694 5030/5269/5026 2695/2810/2692 2692/2813/2695
f 5030/5269/5026 5031/5270/5027 2690/2809/2691 2695/2810/2692
f 3696/3815/3697 5032/5271/5028 5030/5269/5026 3694/3812/3694
f 5032/5271/5028 5033/5272/5029 5031/5270/5027 5030/5269/5026
f 5034/5273/5030 3669/3786/3668 2672/2793/2675 2688/2807/2689
f 5035/5274/5031 3672/3789/3671 3669/3786/3668 5034/5273/5030
f 5031/5270/5027 5034/5273/5030 2688/2807/2689 2690/2809/2691
f 5033/5272/5029 5035/5274/5031 5034/5273/5030 5031/5270/5027
f 3682/3799/3681 5037/5275/5032 5036/5276/5033 3681/3800/3682
f 5037/5275/5032 5039/5277/5034 5038/5278/5035 5036/5276/5033
f 3672/3789/3671 5035/5274/5031 5037/5275/5032 3682/3799/3681
f 5035/5274/5031 5033/5272/5029 5039/5277/5034 5037/5275/5032
f 5041/5279/5036 3701/3816/3698 3698/3819/3701 5040/5280/3703
f 5032/5271/5028 3696/3815/3697 3701/3816/3698 5041/5279/5036
f 5039/5277/5034 5041/5279/5036 5040/5280/3703 5038/5278/5035
f 5033/5272/5029 5032/5271/5028 5041/5279/5036 5039/5277/5034
f 3919/4038/3918 5042/5281/5037 5004/5244/5001 2915/3034/2916
f 5042/5281/5037 5043/5282/5038 5002/5242/4999 5004/5244/5001
f 3921/4040/3920 5044/5283/5039 5042/5281/5037 3919/4038/3918
f 5044/5283/5039 5045/5284/5040 5043/5282/5038 5042/5281/5037
f 5046/5285/5041 4195/4336/4192 4173/4316/4172 5000/5240/4997
f 5047/5286/5042 4192/4335/4191 4195/4336/4192 5046/5285/5041
f 5043/5282/5038 5046/5285/5041 5000/5240/4997 5002/5242/4999
f 5045/5284/5040 5047/5286/5042 5046/5285/5041 5043/5282/5038
f 4190/4331/4187 5049/5287/5043 5048/5288/5044 4189/4332/4188
f 5049/5287/5043 5051/5289/5045 5050/5290/5046 5048/5288/5044
f 4192/4335/4191 5047/5286/5042 5049/5287/5043 4190/4331/4187
f 5047/5286/5042 5045/5284/5040 5051/5289/5045 5049/5287/5043
f 5053/5291/5047 3926/4041/3921 3923/4044/3924 5052/5292/5048
f 5044/5283/5039 3921/4040/3920 3926/4041/3921 5053/5291/5047
f 5051/5289/5045 5053/5291/5047 5052/5292/5048 5050/5290/5046
f 5045/5284/5040 5044/5283/5039 5053/5291/5047 5051/5289/5045
f 4474/4630/4473 5054/5293/5049 5040/5280/3703 3698/3819/3701
f 5054/5293/5049 5055/5294/5050 5038/5278/5035 5040/5280/3703
f 4476/4632/4475 5056/5295/5051 5054/5293/5049 4474/4630/4473
f 5056/5295/5051 5057/5296/5052 5055/5294/5050 5054/5293/5049
f 5058/5297/5053 4459/4613/4456 3681/3800/3682 5036/5276/5033
f 5059/5298/5054 4462/4616/4459 4459/4613/4456 5058/5297/5053
f 5055/5294/5050 5058/5297/5053 5036/5276/5033 5038/5278/5035
f 5057/5296/5052 5059/5298/5054 5058/5297/5053 5055/5294/5050
f 4468/4624/4467 5060/5299/5055 5012/5252/5009 3166/3287/3169
f 5060/5299/5055 5061/5300/5056 5008/5248/5005 5012/5252/5009
f 4462/4616/4459 5059/5298/5054 5060/5299/5055 4468/4624/4467
f 5059/5298/5054 5057/5296/5052 5061/5300/5056 5060/5299/5055
f 5062/5301/5057 4479/4633/4476 3196/3315/3197 5006/5246/5003
f 5056/5295/5051 4476/4632/4475 4479/4633/4476 5062/5301/5057
f 5061/5300/5056 5062/5301/5057 5006/5246/5003 5008/5248/5005
f 5057/5296/5052 5056/5295/5051 5062/5301/5057 5061/5300/5056
f 4627/4817/4625 5063/5302/5058 5052/5303/5048 3923/4818/3924
f 5063/5302/5058 5064/5304/5059 5050/5305/5046 5052/5303/5048
f 4629/4821/4627 5065/5306/5060 5063/5302/5058 4627/4817/4625
f 5065/5306/5060 5066/5307/5061 5064/5304/5059 5063/5302/5058
f 5067/5308/5062 4716/4935/4714 4189/4934/4188 5048/5309/5044
f 5068/5310/5063 4712/4929/4710 4716/4935/4714 5067/5308/5062
f 5064/5304/5059 5067/5308/5062 5048/5309/5044 5050/5305/5046
f 5066/5307/5061 5068/5310/5063 5067/5308/5062 5064/5304/5059
f 4710/4927/4708 5069/5311/5064 3427/3548/3430 3428/3547/3429
f 5069/5311/5064 5070/5312/5065 3425/3544/3426 3427/3548/3430
f 4712/4929/4710 5068/5310/5063 5069/5311/5064 4710/4927/4708
f 5068/5310/5063 5066/5307/5061 5070/5312/5065 5069/5311/5064
f 5071/5313/5066 4633/4822/4628 3421/3542/3424 3422/3541/3423
f 5065/5306/5060 4629/4821/4627 4633/4822/4628 5071/5313/5066
f 5070/5312/5065 5071/5313/5066 3422/3541/3423 3425/3544/3426
f 5066/5307/5061 5065/5306/5060 5071/5313/5066 5070/5312/5065
