# Blender 5.0.1
# www.blender.org
mtllib Bow.mtl
o Bow
v 10.334739 -44.878326 3.717501
v 10.292839 -44.878326 3.707001
v 10.293939 -36.845322 3.704101
v 10.334739 -36.845322 3.714301
v 10.256139 -44.878326 3.680801
v 10.258239 -36.845322 3.678601
v 10.294640 -26.402924 3.702601
v 10.334740 -26.402924 3.712601
v 10.259439 -26.402924 3.677501
v 10.229939 -44.878326 3.644101
v 10.219439 -44.878326 3.602201
v 10.222639 -36.845322 3.602201
v 10.232839 -36.845322 3.643001
v 10.224339 -26.402924 3.602201
v 10.234340 -26.402924 3.642301
v 10.225141 -1.502523 3.602201
v 10.235041 -1.502523 3.642101
v 10.234940 -14.354322 3.642101
v 10.225039 -14.354322 3.602201
v 10.260040 -1.502523 3.676901
v 10.259939 -14.354322 3.677001
v 10.294941 -1.502523 3.701901
v 10.334741 -1.502523 3.711801
v 10.334740 -14.354322 3.711901
v 10.294840 -14.354322 3.701901
v 10.375539 -36.845322 3.704101
v 10.376739 -44.878326 3.707001
v 10.374940 -26.402924 3.702601
v 10.411239 -36.845322 3.678601
v 10.413339 -44.878326 3.680801
v 10.410040 -26.402924 3.677501
v 10.374640 -1.502523 3.701901
v 10.374640 -14.354322 3.701901
v 10.409540 -1.502523 3.676901
v 10.409639 -14.354322 3.677001
v 10.444441 -1.502523 3.602201
v 10.444540 -14.354322 3.602201
v 10.434540 -14.354322 3.642101
v 10.434441 -1.502523 3.642101
v 10.445240 -26.402924 3.602201
v 10.435140 -26.402924 3.642301
v 10.446939 -36.845322 3.602201
v 10.450039 -44.878326 3.602201
v 10.439539 -44.878326 3.644101
v 10.436739 -36.845322 3.643001
v 10.229939 -44.878326 3.560301
v 10.232839 -36.845322 3.561401
v 10.256139 -44.878326 3.523601
v 10.258239 -36.845322 3.525701
v 10.234340 -26.402924 3.562001
v 10.259439 -26.402924 3.526901
v 10.292839 -44.878326 3.497401
v 10.334739 -44.878326 3.486901
v 10.334739 -36.845322 3.490001
v 10.293939 -36.845322 3.500201
v 10.334740 -26.402924 3.491801
v 10.294640 -26.402924 3.501801
v 10.334741 -1.502523 3.492501
v 10.294941 -1.502523 3.502501
v 10.294840 -14.354322 3.502401
v 10.334740 -14.354322 3.492501
v 10.260040 -1.502523 3.527401
v 10.259939 -14.354322 3.527401
v 10.235041 -1.502523 3.562301
v 10.234940 -14.354322 3.562301
v 10.335042 52.855980 3.738201
v 10.285542 52.855980 3.726101
v 10.285044 55.802277 3.728001
v 10.335243 55.802277 3.740201
v 10.242143 52.856079 3.695301
v 10.241043 55.802376 3.697001
v 10.285343 59.337479 3.728501
v 10.335644 59.337479 3.740501
v 10.241143 59.337677 3.697701
v 10.211143 52.856178 3.652201
v 10.198543 52.856277 3.602901
v 10.196544 55.802780 3.603701
v 10.209443 55.802574 3.653501
v 10.196043 59.338173 3.604501
v 10.209244 59.337875 3.654301
v 10.196943 65.820076 3.605601
v 10.210744 65.820076 3.654701
v 10.209944 62.873375 3.654601
v 10.196444 62.873573 3.605201
v 10.242743 65.819878 3.697501
v 10.241843 62.873077 3.697701
v 10.286943 65.819672 3.727801
v 10.337044 65.819572 3.739401
v 10.336244 62.872871 3.740001
v 10.286043 62.872871 3.728201
v 10.470842 52.856476 3.602101
v 10.458642 52.856377 3.651501
v 10.460544 55.802979 3.652001
v 10.472743 55.803276 3.602001
v 10.427842 52.856277 3.694801
v 10.429343 55.802673 3.695901
v 10.461143 59.338577 3.651901
v 10.473144 59.338875 3.601901
v 10.430043 59.338173 3.695901
v 10.384542 52.856079 3.725701
v 10.385544 55.802475 3.727401
v 10.386044 59.337776 3.727501
v 10.387143 65.819672 3.726301
v 10.386543 62.873177 3.727001
v 10.430643 65.819977 3.694801
v 10.430243 62.873573 3.695301
v 10.461344 65.820274 3.651101
v 10.472544 65.820274 3.601601
v 10.472743 62.874275 3.601701
v 10.461143 62.873978 3.651501
v 10.333543 52.856575 3.467001
v 10.383243 52.856575 3.479101
v 10.382843 55.803474 3.478001
v 10.332343 55.803375 3.465801
v 10.426843 52.856674 3.509801
v 10.427444 55.803474 3.508801
v 10.381743 59.339073 3.478401
v 10.330943 59.338974 3.466401
v 10.426744 59.339180 3.509001
v 10.458142 52.856575 3.552801
v 10.459543 55.803474 3.552201
v 10.459443 59.339073 3.552201
v 10.457943 65.819878 3.552701
v 10.458643 62.874275 3.552501
v 10.424443 65.819374 3.510201
v 10.425544 62.874176 3.509701
v 10.378843 65.818878 3.480201
v 10.327944 65.818573 3.468701
v 10.329344 62.873772 3.467701
v 10.380243 62.873978 3.479401
v 10.210643 52.856377 3.553601
v 10.208444 55.802979 3.553701
v 10.241242 52.856476 3.510401
v 10.239043 55.803177 3.510001
v 10.207543 59.338478 3.554601
v 10.237844 59.338676 3.510801
v 10.284243 52.856476 3.479401
v 10.282443 55.803276 3.478601
v 10.280944 59.338776 3.479301
v 10.278543 65.818771 3.481601
v 10.279743 62.873772 3.480601
v 10.236544 65.819275 3.512901
v 10.237144 62.873772 3.512001
v 10.207443 65.819778 3.556301
v 10.207443 62.873672 3.555601
v 10.215042 51.087578 3.650301
v 10.202943 51.087677 3.602501
v 10.245043 51.087578 3.692201
v 10.220042 49.399376 3.648101
v 10.208543 49.399376 3.602301
v 10.248742 49.399376 3.688201
v 10.334843 51.087578 3.733901
v 10.286942 51.087578 3.722001
v 10.334843 49.399376 3.728301
v 10.288942 49.399376 3.716901
v 10.334743 41.873276 3.717501
v 10.292843 41.873276 3.707001
v 10.291042 46.693779 3.711601
v 10.334743 46.693779 3.722501
v 10.256143 41.873276 3.680801
v 10.252743 46.693779 3.684201
v 10.229942 41.873276 3.644101
v 10.219442 41.873276 3.602201
v 10.214442 46.693779 3.602201
v 10.225343 46.693779 3.645901
v 10.286443 51.087776 3.482801
v 10.334342 51.087776 3.470801
v 10.244642 51.087776 3.512701
v 10.288742 49.399376 3.487601
v 10.334642 49.399376 3.476101
v 10.248643 49.399376 3.516301
v 10.214843 51.087677 3.554601
v 10.220042 49.399376 3.556401
v 10.229942 41.873276 3.560301
v 10.225343 46.693779 3.558401
v 10.256143 41.873276 3.523601
v 10.252743 46.693779 3.520101
v 10.292843 41.873276 3.497401
v 10.334743 41.873276 3.486901
v 10.334743 46.693779 3.481901
v 10.291042 46.693779 3.492801
v 10.454442 51.087776 3.554301
v 10.466542 51.087776 3.602101
v 10.424342 51.087776 3.512501
v 10.449443 49.399376 3.556301
v 10.460942 49.399376 3.602201
v 10.420742 49.399376 3.516201
v 10.382242 51.087776 3.482701
v 10.380543 49.399376 3.487501
v 10.376742 41.873276 3.497401
v 10.378543 46.693779 3.492801
v 10.413443 41.873276 3.523601
v 10.416842 46.693779 3.520101
v 10.439643 41.873276 3.560301
v 10.450043 41.873276 3.602201
v 10.455142 46.693779 3.602201
v 10.444142 46.693779 3.558401
v 10.382842 51.087578 3.721901
v 10.424743 51.087677 3.691901
v 10.380643 49.399376 3.716901
v 10.420842 49.399376 3.688201
v 10.454642 51.087677 3.650001
v 10.449443 49.399376 3.648001
v 10.439643 41.873276 3.644101
v 10.444142 46.693779 3.645901
v 10.413443 41.873276 3.680801
v 10.416842 46.693779 3.684201
v 10.376742 41.873276 3.707001
v 10.378543 46.693779 3.711601
v 8.625843 59.793976 3.564101
v 8.345444 59.829575 3.518401
v 8.667543 61.813675 3.455801
v 8.941443 61.789375 3.505701
v 8.079342 59.861473 3.457001
v 8.406544 61.833580 3.394101
v 8.950144 63.799377 3.399201
v 9.222743 63.790276 3.452601
v 8.687344 63.789978 3.337901
v 7.842642 59.888680 3.381001
v 7.650442 59.910576 3.291301
v 7.984442 61.861877 3.238701
v 8.173742 61.849480 3.321401
v 8.267542 63.790375 3.193401
v 8.455243 63.788078 3.269301
v 8.684443 67.346474 3.125501
v 8.867144 67.360771 3.188401
v 8.686543 65.645073 3.224801
v 8.500644 65.637878 3.155701
v 9.100643 67.410973 3.248901
v 8.921543 65.674675 3.289401
v 9.379044 67.526176 3.309001
v 9.738143 67.809471 3.376801
v 9.476844 65.755875 3.407101
v 9.197344 65.744774 3.350401
v 9.925643 67.093277 3.436201
v 9.723043 65.608475 3.458801
v 10.125644 66.920975 3.481201
v 9.950644 65.484871 3.496401
v 9.484143 63.736473 3.497401
v 9.728643 63.684875 3.522901
v 10.337844 67.064774 3.513501
v 10.591844 67.758171 3.526401
v 10.358243 65.675774 3.475401
v 10.174443 65.567375 3.510901
v 10.130343 63.685478 3.468801
v 9.950243 63.682472 3.518501
v 9.597943 59.646576 3.497301
v 9.406143 59.679375 3.568201
v 9.695944 61.694374 3.540001
v 9.880143 61.662178 3.479101
v 9.170644 59.716476 3.597401
v 9.469144 61.727676 3.558001
v 8.905744 59.755478 3.593301
v 9.213143 61.759979 3.543201
v 10.247343 72.748474 3.601701
v 10.376244 72.766777 3.673401
v 10.342544 71.838676 3.684201
v 10.214944 71.803673 3.613201
v 10.511244 72.778374 3.728101
v 10.475143 71.853577 3.739001
v 10.311343 70.956978 3.692101
v 10.188144 70.904778 3.622701
v 10.438944 70.975471 3.746301
v 10.642143 72.782074 3.760001
v 10.758944 72.776878 3.763101
v 10.715743 71.819778 3.775701
v 10.602843 71.847473 3.771601
v 10.667543 70.909477 3.783901
v 10.561044 70.959778 3.779001
v 10.562143 69.485077 3.786101
v 10.472444 69.561272 3.779601
v 10.517243 70.177971 3.781801
v 10.615943 70.109978 3.787501
v 10.368644 69.588371 3.747201
v 10.403243 70.201271 3.749201
v 10.260544 69.566376 3.695701
v 10.158044 69.495277 3.631501
v 10.168643 70.114471 3.629101
v 10.283644 70.180077 3.696201
v 7.462442 57.965378 3.447601
v 7.264742 57.994080 3.351301
v 7.705843 57.929680 3.525901
v 7.072943 56.185478 3.515701
v 6.868343 56.219276 3.413301
v 7.324642 56.143875 3.595401
v 8.268642 57.844780 3.625201
v 7.979643 57.888878 3.585301
v 7.906143 56.046280 3.685601
v 7.607643 56.096680 3.652201
v 7.311342 53.319176 3.789701
v 6.994642 53.377380 3.767701
v 7.266842 54.557877 3.714501
v 7.574942 54.502975 3.741601
v 6.693642 53.432373 3.716101
v 6.974342 54.609573 3.660601
v 6.425243 53.481079 3.634301
v 6.206543 53.520775 3.521801
v 6.501942 54.692574 3.471901
v 6.713942 54.655380 3.579801
v 5.740442 51.963379 3.642501
v 5.968142 51.913673 3.770602
v 5.826643 51.559074 3.818702
v 5.601242 51.614479 3.684402
v 6.247843 51.852478 3.860801
v 6.103743 51.491074 3.913201
v 5.628542 51.099678 3.872102
v 5.407642 51.162277 3.730801
v 5.900642 51.022980 3.971201
v 6.562243 51.783279 3.914402
v 6.894342 51.709679 3.932302
v 6.747942 51.331177 3.987701
v 6.416243 51.413879 3.969002
v 6.537743 50.841675 4.049201
v 6.208843 50.935875 4.029701
v 5.898542 49.653877 4.157102
v 5.586042 49.774879 4.135901
v 5.934042 50.379379 4.088001
v 6.256842 50.272278 4.108501
v 5.296343 49.886276 4.072802
v 5.633343 50.478180 4.027001
v 5.042242 49.984077 3.965601
v 4.836542 50.064278 3.812201
v 5.154442 50.635880 3.775601
v 5.368843 50.564880 3.923501
v 4.643543 49.386574 3.991102
v 4.448742 49.476379 3.834401
v 4.884243 49.277077 4.100601
v 4.166542 48.757179 4.005002
v 3.984343 48.856277 3.846401
v 4.391642 48.635979 4.115901
v 5.455942 49.017677 4.186902
v 5.159042 49.152473 4.165102
v 4.926043 48.350578 4.203402
v 4.648542 48.498573 4.181302
v 3.592442 46.872177 4.219301
v 3.359743 47.041580 4.196802
v 4.050243 47.799477 4.190001
v 4.305943 47.639679 4.212301
v 3.143343 47.200478 4.130201
v 3.813143 47.948677 4.124002
v 2.953243 47.341080 4.017601
v 2.798943 47.455879 3.856902
v 3.436642 48.188080 3.852502
v 3.605143 48.080475 4.012201
v 2.204443 46.523880 4.026102
v 2.064543 46.643578 3.863802
v 2.376942 46.376877 4.139902
v 1.438242 45.705078 4.034602
v 1.311842 45.827873 3.870802
v 1.593943 45.554077 4.149802
v 2.782543 46.035080 4.230001
v 2.572742 46.211174 4.207302
v 1.958843 45.203773 4.240802
v 1.770443 45.384079 4.218002
v 0.599743 43.860176 4.248602
v 0.445042 44.042580 4.225602
v 1.034142 44.635979 4.225202
v 1.203743 44.453674 4.248202
v 0.299242 44.215179 4.156602
v 0.874643 44.808174 4.156502
v 0.169943 44.368378 4.040102
v 0.065042 44.493080 3.874902
v 0.619143 45.085579 3.875302
v 0.733643 44.961075 4.040302
v -1.636757 42.633377 3.992502
v -1.543758 42.520775 4.172402
v -2.666758 41.312874 4.349302
v -2.760458 41.418274 4.148802
v -1.429358 42.382179 4.297202
v -2.551458 41.183273 4.486502
v -4.080158 39.757576 4.569002
v -4.175058 39.854378 4.343102
v -3.963358 39.638680 4.721502
v -1.300457 42.226280 4.369902
v -1.164558 42.061577 4.393402
v -2.284857 40.883675 4.590102
v -2.421757 41.037575 4.565202
v -3.693558 39.363777 4.834102
v -3.832058 39.504974 4.807602
v -6.768057 35.793274 5.296602
v -6.909857 35.906876 5.267602
v -5.378958 37.753174 5.055502
v -5.238558 37.625778 5.083602
v -7.044258 36.014580 5.169102
v -5.511957 37.873878 4.962302
v -7.163757 36.110374 4.989202
v -7.261158 36.188477 4.716202
v -5.726557 38.068878 4.543003
v -5.630257 37.981377 4.794602
v -8.130159 33.990173 5.431202
v -8.272459 34.090874 5.402402
v -9.327959 32.209175 5.505502
v -9.469961 32.297577 5.477402
v -8.407259 34.186279 5.301902
v -9.604460 32.381378 5.377402
v -10.364561 30.442879 5.537302
v -11.243261 28.684179 5.544803
v -11.383360 28.749479 5.518803
v -10.505758 30.519575 5.510403
v -11.516058 28.811378 5.422703
v -10.639559 30.592276 5.412203
v -11.730360 28.911278 4.946103
v -10.855558 30.709677 4.932603
v -10.758661 30.656977 5.225303
v -11.634260 28.866478 5.237903
v -9.821760 32.516777 4.898303
v -9.724260 32.455978 5.189703
v -8.624861 34.340477 4.830402
v -8.527159 34.271179 5.115902
v -11.966959 26.925678 5.545703
v -12.105959 26.979879 5.520403
v -12.549860 25.166979 5.524803
v -12.687960 25.210478 5.500203
v -12.237558 27.031179 5.425703
v -12.818758 25.251678 5.406803
v -13.005758 23.407778 5.467103
v -13.348761 21.647379 5.357203
v -13.487761 21.671978 5.334603
v -13.143759 23.441278 5.443203
v -13.619558 21.695278 5.246503
v -13.274561 23.472979 5.351803
v -13.832258 21.732479 4.804203
v -13.485460 23.523878 4.891903
v -13.390860 23.501179 5.174203
v -13.736860 21.715878 5.075503
v -13.029860 25.317879 4.937103
v -12.935160 25.288279 5.225503
v -12.449961 27.113878 4.951403
v -12.354658 27.076778 5.242303
v -13.592760 19.885679 5.180003
v -13.734461 19.902578 5.159503
v -13.756559 18.231678 4.969403
v -13.901758 18.242279 4.951403
v -13.868761 19.918579 5.076603
v -14.039560 18.252378 4.874803
v -13.858961 16.794878 4.759503
v -13.919058 15.684679 4.584303
v -14.071260 15.686678 4.571003
v -14.007959 16.800579 4.744003
v -14.215658 15.688679 4.505803
v -14.149359 16.805979 4.673703
v -14.449060 15.691679 4.187103
v -14.377760 16.814379 4.327003
v -14.275259 16.810678 4.538103
v -14.344259 15.690378 4.380603
v -14.262060 18.268379 4.494603
v -14.162161 18.261278 4.726803
v -14.085661 19.944178 4.662703
v -13.988359 19.932779 4.916103
v -13.875559 13.893679 4.511603
v -13.772261 13.311679 4.532103
v -13.955458 13.303079 4.534203
v -14.048960 13.888378 4.506303
v -13.628660 12.522478 4.551303
v -13.825460 12.510078 4.562503
v -14.129660 13.295379 4.477603
v -14.213758 13.883478 4.445803
v -14.012758 12.498778 4.511203
v -13.445360 11.547178 4.571803
v -13.222761 10.406578 4.596203
v -13.461859 10.386378 4.626603
v -13.660360 11.530779 4.592903
v -13.690660 10.367779 4.586403
v -13.865561 11.515578 4.547303
v -14.071959 10.338279 4.273503
v -14.204660 11.491778 4.235303
v -14.050558 11.502378 4.429903
v -13.897760 10.351479 4.470503
v -14.320059 12.481078 4.199303
v -14.180861 12.488978 4.392003
v -14.413660 13.283479 4.166003
v -14.481260 13.876279 4.135603
v -14.360758 13.879478 4.324103
v -14.285460 13.288678 4.356703
v -12.961561 9.121578 4.627203
v -13.231359 9.098578 4.665103
v -12.683058 7.724379 4.661603
v -12.987959 7.699578 4.705903
v -13.490358 9.077179 4.629003
v -13.281958 7.676478 4.673003
v -12.408659 6.246878 4.696303
v -12.159658 4.721178 4.728203
v -12.539660 4.697878 4.783603
v -12.751059 6.221878 4.746203
v -12.908960 4.676078 4.756203
v -13.082460 6.198578 4.716103
v -13.540960 4.641078 4.429903
v -13.647459 6.161178 4.393303
v -13.386660 6.177978 4.600403
v -13.248960 4.656778 4.640303
v -13.780260 7.639679 4.354003
v -13.550760 7.656178 4.557503
v -13.926058 9.043078 4.313503
v -13.726160 9.058378 4.513603
v -11.957560 3.179378 4.754103
v -12.372961 3.159878 4.815403
v -11.807161 1.625478 4.773303
v -12.252359 1.611578 4.840003
v -12.778658 3.141678 4.791103
v -12.688860 1.598578 4.818703
v -11.712961 0.063478 4.785403
v -11.680059 -1.502522 4.789603
v -12.154058 -1.502522 4.861903
v -12.178961 0.056278 4.856003
v -12.620760 -1.502522 4.843603
v -12.637159 0.049478 4.836903
v -13.420160 -1.502522 4.512603
v -13.422159 0.038678 4.506003
v -13.060461 0.043478 4.722103
v -13.052061 -1.502522 4.729103
v -13.437159 1.577678 4.488503
v -13.092058 1.587078 4.703503
v -13.473761 3.112578 4.462403
v -13.152861 3.125678 4.675403
v 9.051744 72.485176 3.064801
v 9.209343 72.510971 3.111301
v 9.154544 71.421478 3.123501
v 8.991643 71.400574 3.074101
v 9.394544 72.545578 3.157501
v 9.345444 71.452477 3.172301
v 9.088043 70.219574 3.139301
v 8.918143 70.200775 3.086301
v 9.289844 70.254677 3.191601
v 9.586344 72.584877 3.208601
v 9.763643 72.625076 3.269801
v 9.724843 71.547577 3.287501
v 9.542744 71.494278 3.225401
v 9.700644 70.409172 3.309701
v 9.503843 70.313972 3.247101
v 9.465243 69.020378 3.274801
v 9.694344 69.203972 3.336901
v 9.215843 68.922577 3.216701
v 8.819643 68.858475 3.102901
v 8.996643 68.875778 3.160501
v 8.557644 57.799179 3.644801
v 8.831543 57.754677 3.637301
v 8.204542 55.995178 3.695201
v 8.487344 55.946075 3.676001
v 9.274143 57.679474 3.514801
v 9.075443 57.713875 3.596201
v 8.943943 55.865479 3.531401
v 8.738943 55.901878 3.623101
v 8.404444 53.114975 3.562501
v 8.189243 53.155479 3.671301
v 8.431844 54.347679 3.648301
v 8.642243 54.309074 3.547301
v 7.924643 53.205078 3.743901
v 8.173243 54.394875 3.712001
v 7.626743 53.260674 3.782601
v 7.882343 54.447578 3.741901
v 7.226942 51.635078 3.915801
v 7.082642 51.246277 3.970601
v 7.542543 51.563774 3.863501
v 7.401743 51.164375 3.916001
v 6.872442 50.743973 4.031501
v 7.193142 50.648979 3.974501
v 7.823442 51.500076 3.774101
v 8.052042 51.448074 3.646401
v 7.918743 51.029976 3.688601
v 7.686642 51.090576 3.822501
v 7.715143 50.491478 3.735801
v 7.480642 50.562775 3.876601
v 7.043842 49.197174 3.819201
v 6.813843 49.290878 3.971901
v 7.193642 49.951279 3.928901
v 7.427942 49.868576 3.781501
v 6.532742 49.403679 4.077501
v 6.906843 50.050980 4.031002
v 6.220842 49.527473 4.138502
v 6.587843 50.160378 4.090201
v 5.763042 48.877380 4.168002
v 6.060843 48.740677 4.106001
v 5.213142 48.197777 4.184402
v 5.491543 48.049576 4.121701
v 6.549643 48.513176 3.842301
v 6.329542 48.616280 3.998201
v 5.948843 47.804573 3.854901
v 5.742943 47.915375 4.012702
v 4.441542 46.265175 3.865201
v 4.270943 46.386673 4.025201
v 5.055943 47.176178 4.020102
v 5.245043 47.059273 3.861101
v 4.062742 46.534874 4.135901
v 4.825342 47.318375 4.129901
v 3.831642 46.699974 4.199801
v 4.569843 47.476074 4.193101
v 2.997343 45.857079 4.210001
v 3.204042 45.686974 4.145001
v 2.150543 45.022179 4.220202
v 2.334442 44.849274 4.153902
v 3.542042 45.410179 3.871202
v 3.389942 45.534676 4.032802
v 2.633942 44.568680 3.876902
v 2.499342 44.694778 4.040202
v 1.142242 43.223076 3.878502
v 1.035143 43.348976 4.043402
v 1.685543 43.941376 4.044602
v 1.804842 43.814880 3.880102
v 0.903242 43.503677 4.159102
v 1.539143 44.096573 4.159702
v 0.755342 43.677277 4.226902
v 1.375343 44.270576 4.227002
v -1.028658 41.896774 4.370702
v -2.148058 40.729675 4.565902
v -0.899958 41.740578 4.298702
v -2.018457 40.583679 4.487802
v -3.555058 39.222580 4.808102
v -3.423857 39.088676 4.722402
v -0.785658 41.601578 4.174402
v -0.692957 41.488480 3.994702
v -1.809858 40.348076 4.150702
v -1.903358 40.453773 4.351002
v -3.212458 38.872475 4.344502
v -3.307257 38.969475 4.570202
v -6.275158 35.397774 4.716702
v -6.372458 35.475975 4.989603
v -4.847057 37.269875 4.795403
v -4.750858 37.182175 4.543902
v -6.492058 35.571877 5.169403
v -4.965357 37.377380 4.962903
v -6.626358 35.679680 5.267703
v -5.098257 37.498276 5.055802
v -7.635458 33.639778 4.830602
v -7.733160 33.709076 5.116102
v -8.834158 31.901476 4.898402
v -8.931658 31.962278 5.189703
v -7.853159 33.793976 5.302002
v -9.051359 32.036873 5.377402
v -9.873560 30.176178 4.932602
v -10.756060 28.457079 4.946103
v -10.852160 28.501879 5.237903
v -9.970461 30.228779 5.225302
v -10.970358 28.556879 5.422703
v -10.089560 30.293478 5.412202
v -10.223360 30.366179 5.510402
v -11.103060 28.618879 5.518803
v -9.185961 32.120674 5.477402
v -7.987959 33.889473 5.402402
v -11.484060 26.737579 4.951403
v -11.579260 26.774578 5.242303
v -12.069960 25.016178 4.936303
v -12.164660 25.045778 5.224703
v -11.696360 26.820179 5.425703
v -12.280958 25.082378 5.406203
v -12.526358 23.291578 4.888503
v -12.865858 21.562378 4.795703
v -12.961058 21.578978 5.067803
v -12.620958 23.314379 5.171103
v -13.078161 21.599579 5.240703
v -12.737158 23.342478 5.349503
v -12.867861 23.374178 5.442003
v -13.209761 21.622879 5.331503
v -12.411760 25.123579 5.499903
v -11.828058 26.871479 5.520403
v -13.100958 19.827278 4.645803
v -13.197859 19.838579 4.900703
v -13.252958 18.195278 4.467503
v -13.352160 18.202379 4.702203
v -13.317060 19.852678 5.065103
v -13.474161 18.211079 4.856403
v -13.342958 16.775879 4.289703
v -13.392359 15.678078 4.141303
v -13.496061 15.679178 4.339003
v -13.444559 16.779478 4.504303
v -13.623659 15.680779 4.474603
v -13.569559 16.784079 4.648303
v -13.710360 16.789278 4.730503
v -13.767260 15.682579 4.554303
v -13.611460 18.221079 4.941603
v -13.451159 19.868679 5.153303
v -13.275259 13.914478 4.028203
v -13.138258 13.343879 4.008903
v -13.262758 13.337379 4.213903
v -13.393358 13.910278 4.226403
v -12.948259 12.568778 3.980803
v -13.081758 12.559379 4.193303
v -13.416361 13.329378 4.370403
v -13.538759 13.905178 4.372503
v -13.246561 12.547978 4.362203
v -12.702959 11.608079 3.951103
v -12.399958 10.480879 3.927203
v -12.561060 10.465778 4.155703
v -12.848558 11.595678 4.171603
v -12.760160 10.447478 4.350303
v -13.028158 11.580679 4.353603
v -13.230860 11.564178 4.489503
v -12.984758 10.427279 4.500703
v -13.432261 12.535378 4.483103
v -13.702459 13.899479 4.467303
v -13.589361 13.320579 4.477103
v -12.036661 9.206478 3.916303
v -12.217760 9.189178 4.152603
v -11.644258 7.815578 3.913703
v -11.847158 7.796979 4.157303
v -12.441259 9.168379 4.358203
v -12.097761 7.774578 4.372803
v -11.253561 6.338778 3.914303
v -10.895559 4.806978 3.913203
v -11.138460 4.789478 4.170503
v -11.477858 6.319978 4.164903
v -11.441660 4.768378 4.403903
v -11.755861 6.297478 4.389503
v -12.071558 6.272578 4.572103
v -11.787859 4.745178 4.595703
v -12.381361 7.749879 4.545803
v -12.693659 9.145378 4.520703
v -10.601160 3.250878 3.905703
v -10.857561 3.236278 4.169303
v -10.379461 1.676478 3.895503
v -10.644758 1.666078 4.164303
v -11.181360 3.218678 4.411503
v -10.983961 1.653578 4.414303
v -10.239260 0.090078 3.886303
v -10.189558 -1.502522 3.882003
v -10.461260 -1.502522 4.155903
v -10.509459 0.084578 4.158803
v -10.813559 -1.502522 4.413703
v -10.858358 0.078078 4.414403
v -11.266161 0.070878 4.630703
v -11.226458 -1.502522 4.632603
v -11.377859 1.639778 4.624403
v -11.554258 3.199378 4.613003
v 8.677043 67.322273 2.553801
v 8.492244 65.615677 2.523101
v 8.669643 65.600777 2.457801
v 8.852544 67.312271 2.495301
v 8.260342 63.773178 2.484401
v 8.440743 63.753677 2.411501
v 8.888043 65.582275 2.399101
v 9.068243 67.299873 2.442101
v 8.662944 63.729576 2.346901
v 7.979542 61.850876 2.438101
v 7.647942 59.904976 2.384501
v 7.837742 59.877579 2.295801
v 8.163942 61.827278 2.357201
v 8.071743 59.843674 2.221001
v 8.391243 61.798073 2.287001
v 8.614543 59.763878 2.117001
v 8.918843 61.729179 2.181601
v 8.647543 61.764778 2.228301
v 8.335443 59.805077 2.161101
v 9.178344 63.672676 2.243201
v 8.913343 63.702171 2.290801
v 9.394143 65.538376 2.299301
v 9.567543 67.270172 2.347301
v 9.310944 67.285675 2.393201
v 9.134044 65.561073 2.346401
v 9.593244 59.615974 2.187701
v 9.870644 61.601074 2.216101
v 9.682043 61.626778 2.155401
v 9.399143 59.645576 2.116901
v 10.106544 63.566177 2.246901
v 9.922843 63.587578 2.195601
v 9.450744 61.658073 2.135701
v 9.161444 59.681679 2.086801
v 9.697344 63.613571 2.185001
v 10.303043 65.455177 2.277801
v 10.462044 67.211578 2.306301
v 10.285543 67.223473 2.270301
v 10.123444 65.471878 2.234801
v 10.068543 67.237976 2.273401
v 9.902743 65.492271 2.231901
v 9.655044 65.514977 2.257301
v 9.824543 67.253876 2.303201
v 9.444444 63.642578 2.204401
v 8.894843 59.721977 2.089501
v 9.191544 61.692879 2.147601
v 10.809243 72.610771 2.386101
v 10.856544 73.684273 2.404201
v 10.685743 73.672272 2.383801
v 10.636944 72.603172 2.363901
v 10.883143 74.605072 2.427301
v 10.719543 74.601578 2.408901
v 10.474044 73.659378 2.397301
v 10.424343 72.594475 2.376901
v 10.514143 74.603874 2.422401
v 10.877145 75.304672 2.460001
v 10.848245 75.714378 2.494101
v 10.744445 75.879974 2.491801
v 10.732144 75.335777 2.444201
v 10.567245 75.998077 2.504501
v 10.543344 75.390778 2.456701
v 10.088345 75.977272 2.564401
v 10.061944 75.352272 2.524501
v 10.312644 75.391472 2.487501
v 10.339845 76.020477 2.532001
v 10.027043 74.555771 2.495601
v 10.277944 74.588577 2.455501
v 9.983943 73.617477 2.473901
v 9.932943 72.566872 2.455301
v 10.185043 72.583076 2.411701
v 10.235443 73.642273 2.431701
v 7.311342 53.319176 1.885201
v 7.574942 54.502975 1.933301
v 7.266842 54.557877 1.960401
v 6.994642 53.377380 1.907101
v 7.905043 56.043274 1.989901
v 7.606642 56.094177 2.023101
v 6.974342 54.609573 2.014301
v 6.693642 53.432373 1.958801
v 7.323942 56.142075 2.079701
v 8.264143 57.832779 2.052101
v 7.975643 57.879074 2.091401
v 7.702843 57.922577 2.150301
v 7.263742 57.991875 2.323901
v 7.460543 57.960876 2.228001
v 6.868042 56.218674 2.261701
v 7.072443 56.184380 2.159401
v 6.501942 54.692574 2.203001
v 6.206543 53.520775 2.153101
v 6.425243 53.481079 2.040601
v 6.713942 54.655380 2.095101
v 5.898542 49.653877 1.517801
v 6.256842 50.272278 1.566401
v 5.934042 50.379379 1.586901
v 5.586042 49.774879 1.539001
v 6.537743 50.841675 1.625601
v 6.208843 50.935875 1.645201
v 5.633343 50.478180 1.647901
v 5.296343 49.886276 1.602101
v 5.900642 51.022980 1.703701
v 6.747942 51.331177 1.687101
v 6.894342 51.709679 1.742601
v 6.562243 51.783279 1.760501
v 6.416243 51.413879 1.705801
v 6.247843 51.852478 1.814001
v 6.103743 51.491074 1.761701
v 5.740442 51.963379 2.032401
v 5.601242 51.614479 1.990501
v 5.826643 51.559074 1.856201
v 5.968142 51.913673 1.904301
v 5.407642 51.162277 1.944001
v 5.628542 51.099678 1.802801
v 5.154442 50.635880 1.899301
v 4.836542 50.064278 1.862601
v 5.042242 49.984077 1.709301
v 5.368843 50.564880 1.751401
v 3.592442 46.872177 1.455602
v 4.305943 47.639679 1.462602
v 4.050243 47.799477 1.484902
v 3.359743 47.041580 1.478101
v 4.926043 48.350578 1.471501
v 4.648542 48.498573 1.493601
v 3.813143 47.948677 1.550902
v 3.143343 47.200478 1.544602
v 4.391642 48.635979 1.558902
v 5.455942 49.017677 1.488001
v 5.159042 49.152473 1.509701
v 4.884243 49.277077 1.574301
v 4.448742 49.476379 1.840402
v 4.643543 49.386574 1.683801
v 3.984343 48.856277 1.828402
v 4.166542 48.757179 1.669802
v 3.436642 48.188080 1.822402
v 2.798943 47.455879 1.818002
v 2.953243 47.341080 1.657202
v 3.605143 48.080475 1.662602
v 0.599743 43.860176 1.426302
v 1.203743 44.453674 1.426602
v 1.034142 44.635979 1.449602
v 0.445042 44.042580 1.449202
v 1.958843 45.203773 1.434002
v 1.770443 45.384079 1.456902
v 0.874643 44.808174 1.518402
v 0.299242 44.215179 1.518302
v 1.593943 45.554077 1.525102
v 2.782543 46.035080 1.444902
v 2.572742 46.211174 1.467602
v 2.376942 46.376877 1.534902
v 2.064543 46.643578 1.811102
v 2.204443 46.523880 1.648802
v 1.311842 45.827873 1.804102
v 1.438242 45.705078 1.640202
v 0.619143 45.085579 1.799502
v 0.065042 44.493080 1.800002
v 0.169943 44.368378 1.634702
v 0.733643 44.961075 1.634602
v -6.768057 35.793274 0.378302
v -5.238558 37.625778 0.591302
v -5.378958 37.753174 0.619402
v -6.909857 35.906876 0.407302
v -3.693558 39.363777 0.840702
v -3.832058 39.504974 0.867302
v -5.511957 37.873878 0.712602
v -7.044258 36.014580 0.505802
v -3.963358 39.638680 0.953402
v -2.284857 40.883675 1.084802
v -1.164558 42.061577 1.281502
v -1.300457 42.226280 1.305002
v -2.421757 41.037575 1.109602
v -1.429358 42.382179 1.377702
v -2.551458 41.183273 1.188302
v -1.636757 42.633377 1.682402
v -2.760458 41.418274 1.526002
v -2.666758 41.312874 1.325602
v -1.543758 42.520775 1.502502
v -4.175058 39.854378 1.331702
v -4.080158 39.757576 1.105902
v -5.726557 38.068878 1.131802
v -7.261158 36.188477 0.958602
v -7.163757 36.110374 0.685702
v -5.630257 37.981377 0.880302
v -11.730360 28.911278 0.728803
v -11.634260 28.866478 0.436903
v -10.758661 30.656977 0.449503
v -10.855558 30.709677 0.742303
v -11.516058 28.811378 0.252203
v -10.639559 30.592276 0.262703
v -9.724260 32.455978 0.485203
v -9.821760 32.516777 0.776603
v -9.604460 32.381378 0.297503
v -11.383360 28.749479 0.156003
v -11.243261 28.684179 0.130103
v -10.364561 30.442879 0.137503
v -10.505758 30.519575 0.164503
v -9.327959 32.209076 0.169403
v -9.469961 32.297577 0.197503
v -8.272459 34.090874 0.272502
v -8.130159 33.990173 0.243702
v -8.407259 34.186279 0.373002
v -8.624861 34.340477 0.844503
v -8.527159 34.271179 0.559003
v -13.832258 21.732479 0.870703
v -13.736860 21.715878 0.599403
v -13.390860 23.501179 0.500703
v -13.485460 23.523878 0.783003
v -13.619558 21.695278 0.428403
v -13.274561 23.472979 0.323103
v -12.935160 25.288279 0.449403
v -13.029860 25.317879 0.737803
v -12.818758 25.251678 0.268103
v -13.487761 21.671978 0.340303
v -13.348761 21.647379 0.317703
v -13.005758 23.407778 0.207803
v -13.143759 23.441278 0.231703
v -12.549860 25.166979 0.150003
v -12.687960 25.210478 0.174703
v -12.105959 26.979879 0.154503
v -11.966959 26.925678 0.129203
v -12.237558 27.031179 0.249203
v -12.449961 27.113878 0.723503
v -12.354658 27.076778 0.432503
v -14.528761 14.511379 1.620203
v -14.420359 14.512579 1.442603
v -14.417158 14.530279 1.450403
v -14.524858 14.529079 1.626803
v -14.287458 14.513979 1.326603
v -14.285158 14.531679 1.335303
v -14.408159 14.659578 1.437403
v -14.515261 14.658678 1.615003
v -14.276861 14.660679 1.321603
v -14.138159 14.515579 1.265903
v -13.981058 14.517378 1.254403
v -13.980761 14.534979 1.263803
v -14.136858 14.533279 1.275103
v -13.974260 14.663078 1.249703
v -14.129461 14.661779 1.261203
v -13.919058 15.684679 1.090503
v -14.071260 15.686678 1.103903
v -14.109659 15.010078 1.209103
v -13.955561 15.010178 1.196903
v -14.215658 15.688679 1.169003
v -14.255960 15.009979 1.271003
v -14.344259 15.690378 1.294203
v -14.449060 15.691679 1.487803
v -14.492460 15.009678 1.572803
v -14.386259 15.009779 1.389903
v -14.071959 10.338279 1.401403
v -13.897760 10.351479 1.204403
v -14.050459 11.502378 1.245003
v -14.204660 11.491778 1.439603
v -13.690660 10.367779 1.088503
v -13.865561 11.515578 1.127503
v -14.180861 12.488978 1.282903
v -14.319960 12.481078 1.475603
v -14.012758 12.498778 1.163603
v -13.461859 10.386378 1.048303
v -13.222761 10.406578 1.078703
v -13.445261 11.547178 1.103103
v -13.660360 11.530779 1.082003
v -13.628660 12.522478 1.123503
v -13.825361 12.510078 1.112303
v -13.875559 13.893679 1.163303
v -14.048960 13.888378 1.168503
v -13.955359 13.303079 1.140703
v -13.772261 13.311679 1.142703
v -14.213659 13.883478 1.229103
v -14.129560 13.295379 1.197303
v -14.360758 13.879478 1.350803
v -14.481260 13.876279 1.539203
v -14.413660 13.283479 1.508903
v -14.285460 13.288678 1.318203
v -13.540960 4.641078 1.245003
v -13.248960 4.656778 1.034603
v -13.386660 6.177978 1.074503
v -13.647459 6.161178 1.281603
v -12.908960 4.676078 0.918603
v -13.082460 6.198578 0.958703
v -13.550760 7.656178 1.117303
v -13.780260 7.639679 1.320903
v -13.281958 7.676478 1.001903
v -12.539660 4.697878 0.891303
v -12.159658 4.721178 0.946703
v -12.408659 6.246878 0.978603
v -12.751059 6.221878 0.928603
v -12.683058 7.724379 1.013303
v -12.987959 7.699578 0.969003
v -13.231359 9.098578 1.009803
v -12.961561 9.121578 1.047703
v -13.490358 9.077179 1.045803
v -13.926058 9.043078 1.361403
v -13.726160 9.058378 1.161203
v -13.420160 -1.502522 1.162303
v -13.052061 -1.502522 0.945703
v -13.060461 0.043478 0.952703
v -13.422159 0.038678 1.168903
v -12.620760 -1.502522 0.831203
v -12.637159 0.049478 0.838003
v -13.092058 1.587078 0.971403
v -13.437159 1.577678 1.186303
v -12.688860 1.598578 0.856203
v -12.154058 -1.502522 0.813003
v -11.680059 -1.502522 0.885303
v -11.712961 0.063478 0.889503
v -12.178961 0.056278 0.818803
v -11.807058 1.625478 0.901503
v -12.252359 1.611578 0.834803
v -12.372961 3.159878 0.859503
v -11.957560 3.179378 0.920803
v -12.778658 3.141678 0.883803
v -13.473761 3.112578 1.212403
v -13.152861 3.125678 0.999503
v 9.733644 73.581375 2.511001
v 9.681543 72.544174 2.494501
v 9.777643 74.505272 2.530301
v 9.497744 73.540878 2.546001
v 9.444243 72.519073 2.532001
v 9.544343 74.443176 2.562401
v 9.838844 75.898773 2.591601
v 9.812944 75.287376 2.555901
v 9.611944 75.770874 2.615101
v 9.584145 75.193771 2.584101
v 9.313544 75.378677 2.653301
v 9.250144 74.983673 2.642601
v 9.394044 75.068672 2.611501
v 9.428544 75.579376 2.636401
v 9.181944 74.327072 2.631601
v 9.341844 74.375572 2.595001
v 9.122244 73.474174 2.622301
v 9.064043 72.477371 2.613701
v 9.233943 72.495476 2.570801
v 9.289543 73.502876 2.582101
v 8.404444 53.114975 2.112401
v 8.642243 54.309074 2.127501
v 8.431844 54.347679 2.026601
v 8.189243 53.155479 2.003601
v 8.943443 55.862373 2.144501
v 8.738243 55.898476 2.052801
v 8.173243 54.394875 1.962901
v 7.924643 53.205078 1.931001
v 8.486444 55.942574 1.999801
v 9.272243 57.667274 2.164201
v 9.072643 57.700378 2.082801
v 8.827844 57.740677 2.041301
v 8.553244 57.785774 2.033301
v 8.203543 55.991776 1.980501
v 7.626743 53.260674 1.892301
v 7.882343 54.447578 1.932901
v 7.043842 49.197174 1.855701
v 7.427942 49.868576 1.893301
v 7.193642 49.951279 1.746001
v 6.813843 49.290878 1.703001
v 7.715143 50.491478 1.939101
v 7.480642 50.562775 1.798301
v 6.906843 50.050980 1.643801
v 6.532742 49.403679 1.597401
v 7.193142 50.648979 1.700301
v 7.918743 51.029976 1.986301
v 8.052042 51.448074 2.028501
v 7.823442 51.500076 1.900801
v 7.686642 51.090576 1.852301
v 7.542543 51.563774 1.811401
v 7.401743 51.164375 1.758901
v 7.082642 51.246277 1.704301
v 7.226942 51.635078 1.759101
v 6.872442 50.743973 1.643401
v 6.220842 49.527473 1.536401
v 6.587843 50.160378 1.584701
v 4.441542 46.265175 1.809702
v 5.245043 47.059273 1.813801
v 5.055943 47.176178 1.654801
v 4.270943 46.386673 1.649702
v 5.948843 47.804573 1.820001
v 5.742943 47.915375 1.662201
v 4.825342 47.318375 1.545001
v 4.062742 46.534874 1.539002
v 5.491543 48.049576 1.553201
v 6.549643 48.513176 1.832601
v 6.329542 48.616280 1.676601
v 6.060843 48.740677 1.568901
v 5.763042 48.877380 1.506901
v 5.213142 48.197777 1.490501
v 3.831642 46.699974 1.475102
v 4.569843 47.476074 1.481802
v 1.142242 43.223076 1.796402
v 1.804842 43.814880 1.794802
v 1.685543 43.941376 1.630302
v 1.035143 43.348976 1.631502
v 2.634043 44.568680 1.798002
v 2.499342 44.694778 1.634702
v 1.539143 44.096573 1.515202
v 0.903242 43.503677 1.515802
v 2.334442 44.849274 1.520902
v 3.542042 45.410179 1.803702
v 3.389942 45.534676 1.642102
v 3.204042 45.686974 1.529902
v 2.997343 45.857079 1.464902
v 2.150543 45.022179 1.454702
v 0.755342 43.677277 1.447902
v 1.375343 44.270576 1.447902
v -6.275158 35.397774 0.958202
v -4.750858 37.182175 1.131002
v -4.847057 37.269875 0.879502
v -6.372458 35.475975 0.685302
v -3.212458 38.872475 1.330402
v -3.307257 38.969475 1.104602
v -4.965357 37.377380 0.712002
v -6.492058 35.571877 0.505502
v -3.423857 39.088676 0.952402
v -1.809858 40.348076 1.524202
v -0.692957 41.488480 1.680202
v -0.785658 41.601578 1.500502
v -1.903358 40.453773 1.323902
v -0.899958 41.740578 1.376202
v -2.018457 40.583679 1.187102
v -2.148058 40.729675 1.109002
v -1.028658 41.896774 1.304202
v -3.555058 39.222580 0.866802
v -6.626358 35.679680 0.407102
v -5.098257 37.498276 0.619002
v -11.103060 28.618879 0.156003
v -10.223360 30.366179 0.164503
v -10.970358 28.556879 0.252203
v -10.089560 30.293478 0.262703
v -9.185961 32.120674 0.197403
v -9.051359 32.036873 0.297403
v -10.852160 28.501879 0.436903
v -10.756060 28.457079 0.728803
v -9.873560 30.176178 0.742303
v -9.970461 30.228779 0.449503
v -8.834158 31.901476 0.776502
v -8.931658 31.962278 0.485202
v -7.733160 33.709076 0.558802
v -7.635458 33.639778 0.844302
v -7.853159 33.793976 0.372902
v -7.987959 33.889473 0.272502
v -13.209761 21.622879 0.343303
v -12.867861 23.374178 0.232903
v -13.078161 21.599579 0.434203
v -12.737158 23.342478 0.325403
v -12.411760 25.123579 0.175003
v -12.280958 25.082378 0.268703
v -12.961058 21.578978 0.607103
v -12.865858 21.562378 0.879103
v -12.526358 23.291578 0.786403
v -12.620958 23.314379 0.503803
v -12.069960 25.016178 0.738603
v -12.164660 25.045778 0.450203
v -11.579260 26.774578 0.432503
v -11.484060 26.737579 0.723503
v -11.696360 26.820179 0.249203
v -11.828058 26.871479 0.154503
v -13.824259 14.519278 1.286003
v -13.825060 14.536678 1.295103
v -13.675959 14.521179 1.364303
v -13.677759 14.538378 1.372703
v -13.819361 14.664379 1.280703
v -13.672960 14.665678 1.358203
v -13.544260 14.522879 1.492903
v -13.437159 14.524378 1.675503
v -13.440660 14.541479 1.681603
v -13.546961 14.540079 1.500303
v -13.437059 14.667978 1.668703
v -13.542860 14.666878 1.486203
v -13.392359 15.678078 1.533603
v -13.496061 15.679178 1.335803
v -13.527361 15.010778 1.436203
v -13.422358 15.011078 1.623703
v -13.623659 15.680779 1.200303
v -13.656458 15.010578 1.305803
v -13.767260 15.682579 1.120603
v -13.801859 15.010279 1.227603
v -12.984758 10.427279 1.174203
v -13.230860 11.564178 1.185403
v -12.760160 10.447478 1.324503
v -13.028158 11.580679 1.321303
v -13.432261 12.535378 1.191803
v -13.246561 12.547978 1.312703
v -12.561060 10.465778 1.519203
v -12.399958 10.480879 1.747703
v -12.702959 11.608079 1.723803
v -12.848459 11.595678 1.503303
v -12.948259 12.568778 1.694103
v -13.081758 12.559379 1.481603
v -13.275259 13.914478 1.646703
v -13.393259 13.910278 1.448403
v -13.262758 13.337379 1.461003
v -13.138258 13.343879 1.666003
v -13.538759 13.905178 1.302403
v -13.416361 13.329378 1.304403
v -13.702459 13.899479 1.207603
v -13.589361 13.320579 1.197803
v -11.787859 4.745178 1.079103
v -12.071558 6.272578 1.102803
v -11.441660 4.768378 1.270903
v -11.755861 6.297478 1.285303
v -12.381361 7.749879 1.129103
v -12.097761 7.774578 1.302103
v -11.138460 4.789478 1.504303
v -10.895559 4.806978 1.761603
v -11.253561 6.338778 1.760603
v -11.477758 6.319978 1.510003
v -11.644258 7.815578 1.761203
v -11.847158 7.796979 1.517603
v -12.217760 9.189178 1.522303
v -12.036661 9.206478 1.758503
v -12.441259 9.168379 1.316603
v -12.693659 9.145378 1.154203
v -11.226458 -1.502522 1.042303
v -11.266161 0.070878 1.044203
v -10.813559 -1.502522 1.261103
v -10.858358 0.078078 1.260503
v -11.377859 1.639778 1.050503
v -10.983961 1.653578 1.260503
v -10.461161 -1.502522 1.518903
v -10.189558 -1.502522 1.792803
v -10.239260 0.090078 1.788503
v -10.509459 0.084578 1.516103
v -10.379461 1.676478 1.779403
v -10.644758 1.666078 1.510503
v -10.857561 3.236278 1.505603
v -10.601160 3.250878 1.769103
v -11.181360 3.218678 1.263303
v -11.554258 3.199378 1.061903
v 7.381342 59.942978 2.837401
v 7.720242 61.883377 2.837401
v 7.730942 61.882080 2.943601
v 7.392342 59.941376 2.958801
v 8.006243 63.800171 2.837401
v 8.016743 63.799072 2.930801
v 7.772343 61.878174 3.047401
v 7.434542 59.936073 3.077101
v 8.057642 63.796577 3.022501
v 8.241644 65.636772 2.837401
v 8.428944 67.336876 2.837401
v 8.439243 67.336273 2.912501
v 8.252144 65.635872 2.920501
v 8.479444 67.336273 2.986301
v 8.292645 65.634773 3.002101
v 8.372443 65.634972 3.081001
v 8.558144 67.338974 3.057701
v 8.138142 63.793373 3.110601
v 7.517443 59.926079 3.189001
v 7.853743 61.871475 3.146601
v 10.715644 67.219673 2.849401
v 10.559744 65.454071 2.846901
v 10.552644 65.477875 3.028601
v 10.711043 67.245575 3.026401
v 10.368843 63.553574 2.844201
v 10.359843 63.572472 3.030701
v 10.522444 65.530678 3.204001
v 10.688744 67.311974 3.201301
v 10.322643 63.603775 3.206601
v 10.140143 61.575974 2.841601
v 9.870543 59.579475 2.839501
v 9.859243 59.586975 3.034601
v 10.129744 61.588875 3.032701
v 9.815844 59.600578 3.217701
v 10.088544 61.608276 3.211701
v 10.008143 61.633080 3.365101
v 9.731644 59.620377 3.376201
v 10.250343 63.650375 3.358801
v 10.649043 67.447876 3.367001
v 10.465943 65.630074 3.363101
v 10.113745 76.219177 3.202201
v 10.121545 76.556572 3.107301
v 10.380244 76.679771 3.143301
v 10.389045 76.536072 3.244401
v 10.125944 76.734177 3.019101
v 10.383844 76.804276 3.043401
v 10.620645 76.697174 3.178301
v 10.618844 76.609871 3.285701
v 10.625344 76.768974 3.068201
v 10.127045 76.820274 2.931401
v 10.125745 76.833473 2.845601
v 10.384845 76.876778 2.847401
v 10.385545 76.868271 2.944201
v 10.627645 76.810875 2.849001
v 10.628144 76.808678 2.957601
v 10.993344 76.189377 2.851701
v 10.994744 76.197472 2.982701
v 10.837045 76.599075 2.970701
v 10.836345 76.595276 2.850401
v 10.989044 76.185776 3.114801
v 10.832644 76.576378 3.092501
v 10.976645 76.157272 3.243401
v 10.957845 76.114677 3.364001
v 10.813045 76.475578 3.326401
v 10.824244 76.533173 3.212301
v 11.017743 72.694275 3.462001
v 11.046344 72.677673 3.324701
v 10.987244 71.538773 3.336701
v 10.958643 71.581772 3.476301
v 11.063443 72.665077 3.172901
v 11.005943 71.508774 3.181501
v 10.904544 70.313873 3.347801
v 10.876344 70.409874 3.489601
v 10.926744 70.254272 3.188801
v 11.068744 72.655075 3.013701
v 11.062143 72.646172 2.854101
v 11.008344 71.475777 2.853601
v 11.013344 71.488777 3.018001
v 10.935643 70.200874 2.852801
v 10.937743 70.219475 3.021401
v 10.838143 68.815575 3.024101
v 10.839443 68.792076 2.851401
v 10.822244 68.870872 3.195801
v 10.766144 69.174675 3.504501
v 10.793544 68.979675 3.359901
v 6.054543 53.548279 3.378001
v 6.354742 54.718475 3.337001
v 5.958942 53.565575 3.210801
v 6.262342 54.734680 3.181801
v 6.726343 56.242676 3.288801
v 6.637442 56.257378 3.147601
v 5.909742 53.574577 3.028002
v 5.896742 53.576874 2.837401
v 6.202343 54.745277 2.837401
v 6.214842 54.743080 3.013001
v 6.579943 56.266975 2.837401
v 6.591843 56.264977 2.995301
v 6.998442 58.033379 2.976701
v 6.987043 58.035179 2.837401
v 7.042242 58.026878 3.111601
v 7.127842 58.014175 3.237901
v 4.692043 50.122780 3.610701
v 5.004143 50.687576 3.581501
v 4.600042 50.161774 3.373001
v 4.908642 50.721977 3.352701
v 5.253042 51.207474 3.545801
v 5.155142 51.237175 3.327901
v 4.551842 50.183380 3.111301
v 4.538643 50.189980 2.837401
v 4.845242 50.746574 2.837401
v 4.858742 50.740974 3.100901
v 5.090342 51.258080 2.837401
v 5.104143 51.253273 3.088202
v 5.415743 52.034676 2.837401
v 5.429543 52.031578 3.063102
v 5.292742 51.692780 3.075001
v 5.278942 51.696579 2.837401
v 5.481443 52.020180 3.279001
v 5.344442 51.679276 3.302202
v 5.581543 51.998177 3.475401
v 5.443842 51.653877 3.508701
v 2.690542 47.536873 3.645902
v 3.318043 48.264877 3.642602
v 2.621443 47.588974 3.397302
v 3.242443 48.314575 3.395102
v 3.856142 48.927574 3.637902
v 3.774242 48.974373 3.391902
v 2.585243 47.616478 3.123702
v 2.575342 47.624176 2.837402
v 3.191742 48.348877 2.837402
v 3.202642 48.341278 3.122502
v 3.719442 49.007278 2.837402
v 3.731243 48.999878 3.120902
v 4.178442 49.608475 3.117501
v 4.165943 49.615578 2.837401
v 4.224342 49.584679 3.385301
v 4.311743 49.541473 3.628402
v -0.007658 44.579674 3.659402
v 0.539543 45.172180 3.660002
v -0.053057 44.634178 3.406402
v 0.489443 45.226776 3.406802
v 1.223543 45.913780 3.656602
v 1.167643 45.968079 3.404502
v -0.076357 44.662079 3.128202
v -0.082457 44.669579 2.837402
v 0.456842 45.262573 2.837402
v 0.463642 45.255074 3.128402
v 1.130842 46.003975 2.837402
v 1.138643 45.996376 3.127302
v 1.871542 46.809174 3.125502
v 1.862642 46.816879 2.837402
v 1.904142 46.781174 3.400902
v 1.966442 46.727577 3.651202
v -7.328857 36.242973 4.338303
v -5.793457 38.129776 4.198203
v -7.371458 36.277275 3.881702
v -5.835457 38.168076 3.783502
v -4.240858 39.921677 4.037003
v -4.282057 39.963974 3.670602
v -7.393457 36.294975 3.372702
v -7.399258 36.299774 2.837402
v -5.862757 38.193176 2.837402
v -5.857058 38.187874 3.322102
v -4.308758 39.991577 2.837402
v -4.303158 39.985779 3.264002
v -1.766558 42.792274 2.837402
v -1.761257 42.785675 3.162502
v -2.886457 41.560974 3.207802
v -2.891857 41.567177 2.837402
v -1.740957 42.760574 3.473002
v -2.865757 41.537376 3.561102
v -1.700958 42.711578 3.754502
v -2.825258 41.491478 3.880402
v -11.797159 28.942379 4.528703
v -10.923059 30.746275 4.516703
v -11.839159 28.961878 4.017303
v -10.965460 30.769377 4.008303
v -9.889559 32.559074 4.487602
v -9.932261 32.585777 3.987303
v -11.860758 28.971979 3.443003
v -11.866461 28.974579 2.837403
v -10.993059 30.784475 2.837403
v -10.987261 30.781275 3.438303
v -9.960161 32.603279 2.837403
v -9.954359 32.599579 3.427303
v -8.757761 34.434875 3.406602
v -8.763659 34.439079 2.837402
v -8.735659 34.419174 3.947402
v -8.692858 34.388680 4.431502
v -13.898458 21.743778 4.415403
v -13.551161 23.539478 4.486203
v -13.940058 21.750679 3.938403
v -13.592360 23.549179 3.988003
v -13.095560 25.338278 4.522603
v -13.136858 25.350979 4.013403
v -13.961359 21.754078 3.402603
v -13.967058 21.754978 2.837403
v -13.619158 23.555178 2.837403
v -13.613558 23.553978 3.428103
v -13.163660 25.359079 2.837403
v -13.158060 25.357479 3.441203
v -12.579058 27.163778 3.445103
v -12.584761 27.165878 2.837403
v -12.557760 27.155579 4.021103
v -12.516161 27.139479 4.533703
v -14.528761 14.511379 4.054703
v -14.604158 14.510479 3.809603
v -14.599760 14.528179 3.804403
v -14.524858 14.529079 4.048103
v -14.651560 14.509779 3.513703
v -14.646959 14.527479 3.510103
v -14.589758 14.657879 3.814003
v -14.515261 14.658678 4.059803
v -14.636660 14.657278 3.516903
v -14.676058 14.509478 3.184003
v -14.682558 14.509279 2.837403
v -14.677759 14.526878 2.837403
v -14.671259 14.526978 3.182203
v -14.667261 14.656679 2.837403
v -14.660860 14.656879 3.185703
v -14.597860 15.692678 2.837403
v -14.591658 15.692778 3.222803
v -14.636961 15.008778 3.198003
v -14.643358 15.008678 2.837403
v -14.567961 15.692678 3.589003
v -14.612959 15.009079 3.540803
v -14.522058 15.692379 3.916803
v -14.492460 15.009678 4.102103
v -14.566359 15.009378 3.848103
v -14.201761 10.328979 3.990003
v -14.317659 11.484479 3.958103
v -14.290258 10.323178 3.641803
v -14.393358 11.479878 3.618903
v -14.420359 12.475779 3.927803
v -14.486361 12.472479 3.597203
v -14.340860 10.320079 3.250403
v -14.356661 10.319279 2.837403
v -14.448458 11.476878 2.837403
v -14.435659 11.477478 3.238503
v -14.532961 12.470379 2.837403
v -14.522360 12.470778 3.227203
v -14.656458 13.872478 2.837403
v -14.648661 13.872579 3.207303
v -14.595358 13.276878 3.216703
v -14.604258 13.276678 2.837403
v -14.620161 13.873078 3.559103
v -14.563761 13.277879 3.577103
v -14.566061 13.874278 3.874603
v -14.504759 13.279979 3.899903
v -13.766161 4.629878 4.119403
v -13.848658 6.149278 4.089203
v -13.925661 4.622579 3.733803
v -13.991060 6.141579 3.712303
v -13.956160 7.627978 4.056803
v -14.079859 7.620378 3.689303
v -14.020460 4.618679 3.298203
v -14.051661 4.617579 2.837403
v -14.103758 6.136279 2.837403
v -14.075758 6.137478 3.287003
v -14.176859 7.615278 2.837403
v -14.152960 7.616379 3.275103
v -14.244059 9.021878 3.262803
v -14.263659 9.020879 2.837403
v -14.182760 9.025478 3.665603
v -14.077559 9.032378 4.023303
v -13.697058 -1.502522 4.188103
v -13.695158 0.035178 4.182703
v -13.888159 -1.502522 3.782803
v -13.884161 0.032878 3.778903
v -13.699358 1.570978 4.168103
v -13.882261 1.566578 3.768503
v -13.998560 -1.502522 3.323603
v -14.033560 -1.502522 2.837403
v -14.028761 0.031278 2.837403
v -13.993761 0.031678 3.321603
v -14.023760 1.563578 2.837403
v -13.989260 1.564278 3.316203
v -13.994860 3.093779 3.308103
v -14.028261 3.092878 2.837403
v -13.892759 3.097078 3.753003
v -13.719759 3.103178 4.146403
v 8.942543 72.471977 3.012801
v 9.004343 73.464676 3.006801
v 9.110244 73.481575 3.056801
v 8.874344 72.467476 2.956701
v 8.939544 73.460571 2.952601
v 9.072944 74.327072 3.001601
v 9.172744 74.336876 3.048901
v 9.013944 74.339874 2.949801
v 8.839543 72.467972 2.897701
v 8.830443 72.469376 2.837401
v 8.899444 73.466072 2.837401
v 8.907344 73.463173 2.895701
v 8.979043 74.355873 2.837601
v 8.985543 74.350876 2.894501
v 9.218945 75.740677 2.838801
v 9.222744 75.730675 2.897301
v 9.086544 75.112877 2.894801
v 9.081544 75.120277 2.838001
v 9.238645 75.674377 2.952201
v 9.109445 75.081573 2.949001
v 9.271844 75.549973 2.999401
v 9.310844 75.397873 3.031201
v 9.244844 74.998375 3.040001
v 9.157845 75.018974 2.997401
v 9.427944 75.929771 3.012801
v 9.425144 75.607277 3.052301
v 9.414245 76.107178 2.961501
v 9.625444 76.200073 3.036601
v 9.608045 75.826271 3.084601
v 9.627444 76.409271 2.976401
v 9.403444 76.198776 2.840101
v 9.406344 76.186172 2.902501
v 9.623645 76.517975 2.841801
v 9.625844 76.503372 2.910201
v 9.869945 76.706673 2.919901
v 9.868244 76.721771 2.843701
v 9.869245 76.610374 2.996201
v 9.837045 76.013176 3.129401
v 9.863244 76.402771 3.069901
v 9.412744 57.654175 3.386501
v 9.500143 57.636879 3.223101
v 9.086743 55.839676 3.396101
v 9.176744 55.823074 3.228101
v 9.557243 57.622276 2.838301
v 9.545343 57.626579 3.036401
v 9.235744 55.811378 2.837601
v 9.223344 55.814178 3.038301
v 8.709543 53.057373 2.837401
v 8.696644 53.059875 3.042801
v 8.928643 54.256378 3.040401
v 8.941343 54.253975 2.837401
v 8.648144 53.068977 3.238601
v 8.881043 54.265175 3.233201
v 8.554044 53.086777 3.415001
v 8.788843 54.282173 3.405601
v 8.210642 51.412277 3.478901
v 8.079542 50.987778 3.512601
v 8.310143 51.389877 3.281601
v 8.180042 50.961174 3.305001
v 7.877243 50.441475 3.550301
v 7.978342 50.409576 3.331301
v 8.361142 51.378479 3.064501
v 8.374642 51.375580 2.837401
v 8.244942 50.943779 2.837401
v 8.231543 50.947479 3.076501
v 8.043243 50.388275 2.837401
v 8.029842 50.392876 3.090001
v 7.363842 49.059074 2.837401
v 7.351042 49.065376 3.113801
v 7.741343 49.752876 3.103001
v 7.754543 49.747375 2.837401
v 7.301043 49.088074 3.377801
v 7.690243 49.772675 3.356801
v 7.202442 49.130775 3.617101
v 7.589642 49.810173 3.586901
v 6.701542 48.440277 3.635501
v 6.796043 48.393478 3.390601
v 6.091242 47.726479 3.645501
v 6.179943 47.676476 3.397601
v 6.856342 48.361778 2.837401
v 6.843943 48.368675 3.120401
v 6.236942 47.642876 2.837401
v 6.225243 47.650177 3.124002
v 4.682142 46.090775 2.837401
v 4.672142 46.098373 3.126701
v 5.499643 46.897575 3.125701
v 5.510542 46.890076 2.837401
v 4.634043 46.126373 3.403002
v 5.457743 46.924873 3.401001
v 4.559942 46.180176 3.653502
v 5.375942 46.977074 3.650401
v 3.647642 45.323380 3.657902
v 3.713743 45.268578 3.406002
v 2.727343 44.480873 3.662102
v 2.785742 44.425575 3.408702
v 3.756643 45.232574 2.837402
v 3.747742 45.240173 3.128202
v 2.823442 44.389473 2.837402
v 2.815643 44.397079 3.129502
v 1.291443 43.044876 2.837402
v 1.285343 43.052376 3.129502
v 1.965143 43.643074 3.130102
v 1.971943 43.635574 2.837402
v 1.262043 43.080574 3.408802
v 1.938843 43.671577 3.410002
v 1.216143 43.135574 3.662702
v 1.887342 43.726875 3.664302
v -0.628857 41.410080 3.756502
v -1.745058 40.274673 3.882102
v -0.588957 41.360878 3.474502
v -1.704657 40.228577 3.562302
v -3.146658 38.804977 4.038202
v -3.105457 38.762573 3.671502
v -0.568657 41.335579 3.163302
v -0.563457 41.328979 2.837402
v -1.678558 40.198677 2.837402
v -1.683958 40.204880 3.208402
v -3.078758 38.734978 2.837402
v -3.084257 38.740776 3.264502
v -6.137058 35.286476 2.837402
v -6.142958 35.291176 3.372902
v -4.620358 37.062973 3.322402
v -4.614658 37.057678 2.837402
v -6.164858 35.308975 3.882002
v -4.641958 37.082779 3.784002
v -6.207457 35.343277 4.338702
v -4.683958 37.121178 4.199002
v -7.567457 33.591476 4.431602
v -7.524658 33.561073 3.947502
v -8.766359 31.859076 4.487602
v -8.723658 31.832376 3.987302
v -7.496758 33.541077 2.837402
v -7.502657 33.545273 3.406702
v -8.695761 31.814978 2.837402
v -8.701559 31.818678 3.427302
v -10.619959 28.393778 2.837403
v -10.625658 28.396479 3.443003
v -9.741961 30.104578 3.438303
v -9.736158 30.101379 2.837403
v -10.647261 28.406479 4.017303
v -9.763758 30.116478 4.008302
v -10.689260 28.425978 4.528703
v -9.806158 30.139479 4.516702
v -11.417860 26.711878 4.533703
v -11.376261 26.695879 4.021103
v -12.004259 24.995779 4.521803
v -11.962961 24.983078 4.012903
v -11.349260 26.685579 2.837403
v -11.354860 26.687679 3.445103
v -11.936159 24.974979 2.837403
v -11.941759 24.976578 3.440903
v -12.731558 21.539978 2.837403
v -12.737158 21.540878 3.399503
v -12.398458 23.261578 3.426903
v -12.392958 23.260378 2.837403
v -12.758459 21.544279 3.932603
v -12.419661 23.266378 3.985703
v -12.799860 21.551178 4.407703
v -12.460760 23.275978 4.483103
v -13.033758 19.819578 4.285703
v -12.991560 19.814978 3.846703
v -13.184061 18.190678 4.140603
v -13.140860 18.187878 3.744603
v -12.964258 19.812279 2.837403
v -12.969961 19.812778 3.355203
v -13.112959 18.186378 2.837403
v -13.118761 18.186678 3.302503
v -13.245958 15.677078 2.837403
v -13.252058 15.677078 3.206103
v -13.205458 16.771679 3.250003
v -13.199461 16.771578 2.837403
v -13.275160 15.677078 3.557803
v -13.228159 16.772179 3.642803
v -13.320360 15.677378 3.875203
v -13.272459 16.773478 3.995903
v -13.109461 13.919879 2.837403
v -12.964258 13.352778 2.837403
v -12.971361 13.352478 3.159603
v -13.116259 13.919679 3.168303
v -12.762758 12.581979 2.837403
v -12.770159 12.581379 3.147703
v -12.998560 13.351078 3.470003
v -13.142359 13.918879 3.485903
v -12.799158 12.579279 3.448203
v -12.501158 11.625878 2.837403
v -12.175959 10.503179 2.837403
v -12.184961 10.502178 3.124503
v -12.509260 11.625078 3.135203
v -12.219858 10.498479 3.405803
v -12.540659 11.622178 3.425203
v -12.602758 11.616678 3.699703
v -12.288858 10.491578 3.675303
v -12.856260 12.575278 3.729103
v -13.193460 13.917278 3.776903
v -13.052160 13.348378 3.757003
v -11.911558 9.218779 3.662303
v -11.833460 9.226778 3.394803
v -11.503958 7.828778 3.656503
v -11.416361 7.837479 3.389103
v -11.783358 9.232279 2.837403
v -11.793760 9.230978 3.118303
v -11.360159 7.843478 2.837403
v -11.371759 7.842178 3.115003
v -10.567961 4.833578 2.837403
v -10.580061 4.832278 3.110303
v -10.955160 6.365778 3.112803
v -10.942858 6.367178 2.837403
v -10.629759 4.827778 3.381503
v -11.003561 6.360978 3.385703
v -10.730459 4.819578 3.649703
v -11.099260 6.352178 3.653703
v -10.430761 3.261378 3.640303
v -10.330061 3.268278 3.373403
v -10.207460 1.684078 3.629003
v -10.109461 1.688978 3.364203
v -10.272261 3.273178 2.837403
v -10.282660 3.272078 3.105703
v -10.058058 1.692478 2.837403
v -10.066061 1.691678 3.100503
v -9.883360 -1.502522 2.837403
v -9.888361 -1.502522 3.094303
v -9.933561 0.097978 3.096203
v -9.927660 0.098378 2.837403
v -9.925859 -1.502522 3.352903
v -9.973059 0.096478 3.356403
v -10.018660 -1.502522 3.614903
v -10.067659 0.093978 3.619303
v 6.652643 52.013779 3.873801
v 6.983543 51.946274 3.891201
v 6.338543 52.077576 3.822101
v 6.727943 52.255974 3.840502
v 7.055943 52.192375 3.858101
v 6.416042 52.316078 3.789801
v 5.830242 52.180077 3.611501
v 6.058542 52.134178 3.735001
v 5.911043 52.412880 3.585301
v 6.137842 52.369576 3.705001
v 6.246643 52.768875 3.673702
v 6.023043 52.810280 3.557501
v 6.521042 52.717773 3.756801
v 7.151743 52.599480 3.826401
v 6.828543 52.660278 3.807401
v 7.902842 51.756477 3.738801
v 8.128242 51.709877 3.615701
v 7.625542 51.813873 3.824901
v 7.964043 52.014679 3.712501
v 8.186342 51.971077 3.593601
v 7.690542 52.068275 3.795401
v 7.313442 51.878380 3.875301
v 7.382242 52.128677 3.843501
v 7.473343 52.538574 3.814501
v 7.777042 52.480774 3.770001
v 8.265442 52.387573 3.576901
v 8.046442 52.429375 3.691401
v 8.433743 51.647873 3.055801
v 8.447042 51.645279 2.837401
v 8.383142 51.657875 3.264701
v 8.487943 51.912979 3.049801
v 8.501143 51.910477 2.837401
v 8.437943 51.922379 3.252901
v 8.284842 51.677780 3.454501
v 8.340942 51.941078 3.437301
v 8.417743 52.358574 3.424801
v 8.513442 52.340477 3.244701
v 8.575743 52.328773 2.837401
v 8.562742 52.331177 3.045701
v 7.313442 51.878380 1.799501
v 6.983543 51.946274 1.783701
v 7.625542 51.813873 1.850001
v 7.382242 52.128677 1.831401
v 7.055943 52.192375 1.816801
v 7.690542 52.068275 1.879501
v 8.128242 51.709877 2.059201
v 7.902842 51.756477 1.936101
v 8.186342 51.971077 2.081301
v 7.964043 52.014679 1.962301
v 8.046442 52.429375 1.983501
v 8.265442 52.387573 2.098001
v 7.776943 52.480774 1.904801
v 7.151743 52.599480 1.848501
v 7.473343 52.538574 1.860401
v 6.058542 52.134178 1.939901
v 5.830242 52.180077 2.063301
v 6.338543 52.077576 1.852801
v 6.137842 52.369576 1.969901
v 5.911043 52.412880 2.089602
v 6.416042 52.316078 1.885101
v 6.652643 52.013779 1.801101
v 6.727943 52.255974 1.834401
v 6.828543 52.660278 1.867501
v 6.521042 52.717773 1.918101
v 6.023043 52.810280 2.117401
v 6.246643 52.768875 2.001101
v 5.429543 52.031578 2.611801
v 5.519243 52.241974 2.620601
v 5.505543 52.244675 2.837401
v 5.481443 52.020180 2.395901
v 5.571043 52.231773 2.413002
v 5.602343 52.471176 2.628101
v 5.588743 52.473679 2.837401
v 5.653643 52.461578 2.427601
v 5.581543 51.998177 2.199502
v 5.671242 52.211876 2.224201
v 5.753042 52.442879 2.245201
v 6.054543 53.548279 2.296901
v 5.867443 52.839073 2.267701
v 5.958942 53.565575 2.464101
v 5.769543 52.857079 2.443401
v 5.909742 53.574577 2.646801
v 5.705643 52.868675 2.837401
v 5.719042 52.866280 2.636201
v -0.173758 44.003380 4.031102
v -0.272257 44.127174 3.866902
v -0.052258 43.851074 4.146902
v -0.463257 43.690674 4.035402
v -0.558058 43.812378 3.870902
v -0.346357 43.540977 4.151202
v 0.229343 43.498680 4.238402
v 0.084642 43.679680 4.215602
v -0.075857 43.194679 4.242502
v -0.214758 43.372574 4.219802
v -0.620657 42.946274 4.263002
v -0.484358 42.773773 4.285802
v -0.749857 43.109680 4.193402
v -0.957758 43.372879 3.906302
v -0.864557 43.254875 4.075102
v -0.404257 44.294678 3.125902
v -0.409857 44.301880 2.837402
v -0.382757 44.266975 3.401902
v -0.684757 43.976677 3.127102
v -0.690058 43.983780 2.837402
v -0.664057 43.949577 3.404302
v -0.340357 44.213074 3.653102
v -0.623457 43.896675 3.656402
v -1.021957 43.454773 3.685002
v -1.061958 43.506073 3.424402
v -1.087458 43.539177 2.837402
v -1.082157 43.532379 3.137502
v 0.084642 43.679680 1.459302
v 0.229343 43.498680 1.436502
v -0.052258 43.851074 1.528002
v -0.214758 43.372574 1.455102
v -0.075857 43.194679 1.432402
v -0.346357 43.540977 1.523702
v -0.272257 44.127174 1.807902
v -0.173758 44.003380 1.643702
v -0.558058 43.812378 1.803902
v -0.463257 43.690674 1.639502
v -0.864557 43.254875 1.599802
v -0.957758 43.372879 1.768602
v -0.749857 43.109680 1.481502
v -0.484358 42.773773 1.389102
v -0.620657 42.946274 1.411902
v 0.634243 42.992073 1.641102
v 0.733543 42.867477 1.805002
v 0.512043 43.145279 1.526002
v 0.311543 42.697479 1.637102
v 0.406342 42.575180 1.801302
v 0.194742 42.847679 1.521902
v 0.374443 43.317276 1.458202
v 0.063143 43.016579 1.454202
v -0.348057 42.601074 1.411002
v -0.219057 42.437378 1.479902
v -0.011658 42.173180 1.766202
v -0.104557 42.291679 1.597602
v 1.285343 43.052376 2.545402
v 0.865742 42.698875 2.547902
v 0.871243 42.691475 2.837402
v 1.262043 43.080574 2.266102
v 0.844242 42.726677 2.271002
v 0.532642 42.409973 2.546802
v 0.537842 42.402779 2.837402
v 0.512043 42.437279 2.268802
v 1.216143 43.135574 2.012202
v 0.801842 42.780975 2.019202
v 0.471542 42.490379 2.016102
v -0.628857 41.410080 1.918402
v 0.052343 42.090973 1.987702
v -0.588957 41.360878 2.200402
v 0.092142 42.039474 2.248902
v -0.568657 41.335579 2.511602
v 0.117542 42.006180 2.837402
v 0.112343 42.013077 2.536502
v 0.374443 43.317276 4.216602
v 0.512043 43.145279 4.148902
v 0.063143 43.016579 4.220702
v 0.194742 42.847679 4.153002
v 0.733543 42.867477 3.869902
v 0.634243 42.992073 4.033802
v 0.406342 42.575180 3.873502
v 0.311543 42.697479 4.037802
v -0.104557 42.291679 4.077302
v -0.011658 42.173180 3.908702
v -0.219057 42.437378 4.195002
v -0.348057 42.601074 4.263802
v -14.104460 14.244378 4.477603
v -13.938059 14.247779 4.487003
v -14.262560 14.241379 4.415303
v -14.131559 14.428979 4.450303
v -13.969759 14.431378 4.461603
v -14.285158 14.426978 4.387803
v -14.518560 14.236878 4.108603
v -14.403460 14.238778 4.294303
v -14.533560 14.423879 4.085703
v -14.421961 14.425179 4.268303
v -14.420359 14.512579 4.232203
v -14.424761 14.496979 4.247203
v -14.534258 14.495778 4.067503
v -14.287458 14.513979 4.348303
v -14.290461 14.498478 4.364903
v -14.138159 14.515579 4.409003
v -13.981058 14.517378 4.420503
v -13.980761 14.502079 4.438403
v -14.139559 14.500179 4.426603
v -13.475161 14.258578 4.224003
v -13.361761 14.261278 4.031403
v -13.614759 14.255178 4.362603
v -13.519960 14.438878 4.212203
v -13.409658 14.440779 4.024003
v -13.655558 14.436579 4.345703
v -13.771959 14.251478 4.449503
v -13.808260 14.433978 4.427803
v -13.824259 14.519278 4.388903
v -13.822260 14.504179 4.406303
v -13.675959 14.521179 4.310603
v -13.672258 14.506178 4.326703
v -13.544260 14.522879 4.182003
v -13.437159 14.524378 3.999403
v -13.430861 14.509678 4.011503
v -13.539061 14.508078 4.196303
v -13.208559 14.264579 3.171203
v -13.201960 14.264679 2.837403
v -13.233858 14.264078 3.490903
v -13.260561 14.443278 3.170203
v -13.254061 14.443278 2.837403
v -13.285158 14.442879 3.488503
v -13.283060 14.263079 3.782303
v -13.333158 14.442079 3.777903
v -13.362860 14.525478 3.759303
v -13.355658 14.510778 3.768703
v -13.316259 14.526178 3.476003
v -13.308561 14.511478 3.482403
v -13.292360 14.526678 3.163903
v -13.286058 14.526779 2.837403
v -13.277960 14.511978 2.837403
v -13.284361 14.511879 3.167203
v -13.771860 14.251478 1.225403
v -13.937960 14.247779 1.187803
v -13.614759 14.255178 1.312203
v -13.808260 14.433978 1.247103
v -13.969660 14.431378 1.213303
v -13.655558 14.436579 1.329103
v -13.361761 14.261278 1.643503
v -13.475161 14.258578 1.450803
v -13.409658 14.440779 1.650903
v -13.519861 14.438878 1.462703
v -13.539061 14.508078 1.478503
v -13.430861 14.509678 1.663403
v -13.672258 14.506178 1.348103
v -13.980658 14.502079 1.236503
v -13.822161 14.504179 1.268603
v -14.403460 14.238778 1.380603
v -14.518560 14.236878 1.566203
v -14.262560 14.241379 1.259603
v -14.421961 14.425179 1.406603
v -14.533560 14.423879 1.589203
v -14.285059 14.426978 1.287103
v -14.104460 14.244378 1.197303
v -14.131460 14.428979 1.224603
v -14.139559 14.500179 1.248303
v -14.290358 14.498478 1.310003
v -14.534258 14.495778 1.607403
v -14.424761 14.496979 1.427603
v -14.648661 13.872579 2.467503
v -14.676359 14.234778 2.475603
v -14.683561 14.234678 2.837403
v -14.620161 13.873078 2.115803
v -14.649958 14.234979 2.131403
v -14.685560 14.422278 2.482203
v -14.692358 14.422178 2.837403
v -14.660261 14.422479 2.144303
v -14.566061 13.874278 1.800303
v -14.598959 14.235679 1.822403
v -14.611258 14.422978 1.840803
v -14.604158 14.510479 1.865303
v -14.610460 14.494979 1.855303
v -14.651560 14.509779 2.161203
v -14.658461 14.494478 2.154303
v -14.676058 14.509478 2.490903
v -14.689760 14.494079 2.837403
v -14.683161 14.494179 2.487403
v 10.677943 73.704475 3.744701
v 10.795943 73.716774 3.746301
v 10.546344 73.692574 3.714201
v 10.705343 74.542976 3.722201
v 10.819043 74.556076 3.722601
v 10.578043 74.536674 3.693801
v 10.283943 73.676773 3.589201
v 10.411544 73.682877 3.660501
v 10.325343 74.508377 3.575201
v 10.447443 74.517174 3.643101
v 10.415244 75.556374 3.544901
v 10.504045 75.717674 3.581001
v 10.483045 75.200172 3.619101
v 10.372444 75.162872 3.559201
v 10.621644 75.805573 3.619901
v 10.603644 75.251175 3.663601
v 10.731645 75.743576 3.645401
v 10.804944 75.599571 3.654601
v 10.820644 75.210976 3.689101
v 10.718945 75.226074 3.689101
v 9.638743 73.609871 3.195301
v 9.813543 73.647575 3.255701
v 9.448843 73.563377 3.145601
v 9.701243 74.546074 3.181501
v 9.880943 74.594673 3.242501
v 9.506043 74.472275 3.132601
v 9.265543 73.517578 3.101201
v 9.323544 74.393974 3.090501
v 9.383544 75.092873 3.076201
v 9.563745 75.238472 3.114401
v 9.971945 75.446274 3.227501
v 9.775145 75.370773 3.163001
v 10.585644 68.779274 2.330101
v 10.410943 68.786278 2.299201
v 10.680344 70.184273 2.350401
v 10.506643 70.186378 2.323301
v 10.196043 68.794571 2.306601
v 10.292844 70.188576 2.333501
v 10.752644 71.452774 2.368701
v 10.579643 71.449875 2.344301
v 10.366444 71.446373 2.356301
v 9.874043 71.433678 2.435901
v 10.126743 71.441277 2.391201
v 9.799144 70.190971 2.413001
v 10.052544 70.190376 2.367801
v 9.699743 68.812073 2.384301
v 9.954443 68.803474 2.339201
v 9.445443 68.819778 2.428801
v 9.546244 70.189873 2.455901
v 9.204743 68.826378 2.474501
v 9.306844 70.187775 2.498601
v 9.622044 71.422577 2.476901
v 9.383643 71.410072 2.517001
v 9.000343 71.388878 2.604401
v 9.172044 71.398178 2.558601
v 8.921244 70.183678 2.592601
v 9.094144 70.185478 2.543501
v 8.816744 68.836578 2.576401
v 8.990844 68.831978 2.523101
v 11.063344 75.538773 3.269801
v 11.039544 75.508774 3.395801
v 11.078044 75.556671 3.133601
v 11.096044 74.722672 3.291801
v 11.069344 74.705078 3.422401
v 11.111843 74.731773 3.149401
v 11.080645 75.552376 2.852801
v 11.083744 75.561577 2.992801
v 11.112043 74.723572 2.853501
v 11.117043 74.732071 3.001301
v 11.107643 73.749672 3.008201
v 11.101343 73.741875 2.854001
v 11.102843 73.753578 3.162401
v 11.058443 73.751175 3.444301
v 11.086543 73.753975 3.309901
v 8.696943 68.848671 3.040601
v 8.620044 68.844475 2.974801
v 8.799943 70.190071 3.028301
v 8.725543 70.185272 2.966701
v 8.570343 68.844177 2.837401
v 8.580644 68.843674 2.906701
v 8.676944 70.184578 2.837401
v 8.687143 70.184174 2.902701
v 8.769843 71.383675 2.899901
v 8.760043 71.384277 2.837401
v 8.806643 71.384377 2.961001
v 8.878143 71.389076 3.019501
v 7.392342 59.941376 2.716001
v 7.730942 61.882080 2.731301
v 7.434343 59.935478 2.597901
v 7.771843 61.877075 2.627701
v 8.016743 63.799072 2.744001
v 8.056942 63.794876 2.652701
v 7.516542 59.923874 2.486301
v 7.851742 61.866974 2.529101
v 8.135242 63.786575 2.565501
v 8.555243 67.329277 2.619001
v 8.369043 65.626076 2.595401
v 8.478643 67.333878 2.689001
v 8.291744 65.632576 2.673101
v 8.439243 67.336273 2.762401
v 8.252144 65.635872 2.754401
v 10.702044 67.205276 2.677201
v 10.547143 65.441475 2.669001
v 10.661243 67.200478 2.521501
v 10.506043 65.438377 2.506901
v 10.356744 63.544273 2.660401
v 10.314843 63.543777 2.491501
v 10.584244 67.203178 2.393901
v 10.427644 65.443474 2.372501
v 10.234344 63.551376 2.349601
v 9.728543 59.595375 2.307401
v 10.002044 61.583275 2.327301
v 9.814043 59.582977 2.463901
v 10.084944 61.573074 2.476701
v 9.858443 59.577873 2.645301
v 10.128043 61.570679 2.652201
v 10.359545 76.444977 2.593501
v 10.106144 76.401176 2.619501
v 10.591044 76.403877 2.569601
v 10.372845 76.703575 2.668801
v 10.117145 76.660675 2.686601
v 10.610845 76.648071 2.650301
v 10.908444 75.910278 2.538101
v 10.777044 76.239372 2.553801
v 10.959145 76.075577 2.618101
v 10.811544 76.452774 2.633801
v 10.829644 76.558975 2.735401
v 10.984445 76.158676 2.726401
v 10.622444 76.770576 2.745001
v 10.123044 76.792572 2.763001
v 10.380944 76.834671 2.754501
v 11.043444 72.637077 2.701101
v 10.989843 71.466476 2.695801
v 11.001944 72.627975 2.565101
v 10.947743 71.460175 2.555101
v 10.918444 70.189774 2.690301
v 10.876543 70.184372 2.545001
v 10.927444 72.619072 2.456701
v 10.872044 71.455872 2.442501
v 10.800444 70.183075 2.428001
v 10.706543 68.774277 2.412101
v 10.782944 68.773476 2.534001
v 10.824143 68.778671 2.684201
v 6.214842 54.743080 2.661901
v 6.262342 54.734680 2.493101
v 6.591843 56.264977 2.679601
v 6.637442 56.257378 2.527301
v 6.354742 54.718475 2.337901
v 6.726242 56.242477 2.386101
v 7.127443 58.013275 2.437101
v 7.042143 58.026680 2.563301
v 6.998442 58.033379 2.698201
v 4.551842 50.183380 2.563601
v 4.858742 50.740974 2.574001
v 4.600042 50.161774 2.301801
v 4.908642 50.721977 2.322101
v 5.104143 51.253273 2.586701
v 5.155142 51.237175 2.346901
v 4.692043 50.122780 2.064201
v 5.004143 50.687576 2.093401
v 5.253042 51.207474 2.129102
v 5.443842 51.653877 2.166101
v 5.344442 51.679276 2.372701
v 5.292742 51.692780 2.599901
v 2.585243 47.616478 2.551202
v 3.202642 48.341278 2.552302
v 2.621443 47.588974 2.277502
v 3.242443 48.314575 2.279802
v 3.731243 48.999878 2.554002
v 3.774242 48.974373 2.283002
v 2.690542 47.536873 2.028902
v 3.318043 48.264877 2.032302
v 3.856142 48.927574 2.037001
v 4.311743 49.541473 2.046501
v 4.224342 49.584679 2.289601
v 4.178442 49.608475 2.557302
v -0.076357 44.662079 2.546702
v 0.463642 45.255074 2.546502
v -0.053057 44.634178 2.268502
v 0.489443 45.226776 2.268102
v 1.138643 45.996376 2.547602
v 1.167643 45.968079 2.270402
v -0.007658 44.579674 2.015402
v 0.539543 45.172180 2.014902
v 1.223543 45.913780 2.018302
v 1.966442 46.727577 2.023602
v 1.904142 46.781174 2.273902
v 1.871542 46.809174 2.549402
v -7.393457 36.294975 2.302202
v -5.857058 38.187874 2.352802
v -7.371458 36.277275 1.793102
v -5.835457 38.168076 1.891402
v -4.303158 39.985779 2.410802
v -4.282057 39.963974 2.004302
v -7.328857 36.242973 1.336502
v -5.793457 38.129776 1.476702
v -4.240858 39.921677 1.637902
v -1.700958 42.711578 1.920402
v -2.825258 41.491478 1.794402
v -1.740957 42.760574 2.201902
v -2.865757 41.537376 2.113802
v -1.761257 42.785675 2.512402
v -2.886457 41.560974 2.467102
v -11.860758 28.971979 2.231803
v -10.987261 30.781275 2.236603
v -11.839159 28.961878 1.657603
v -10.965460 30.769377 1.666603
v -9.954359 32.599579 2.247603
v -9.932261 32.585777 1.687603
v -11.797159 28.942379 1.146203
v -10.923059 30.746275 1.158203
v -9.889559 32.559074 1.187303
v -8.692858 34.388680 1.243402
v -8.735659 34.419174 1.727502
v -8.757761 34.434875 2.268302
v -13.961359 21.754078 2.272303
v -13.613558 23.553978 2.246703
v -13.940058 21.750679 1.736503
v -13.592360 23.549179 1.686903
v -13.158060 25.357479 2.233703
v -13.136858 25.350979 1.661403
v -13.898458 21.743778 1.259503
v -13.551161 23.539478 1.188703
v -13.095560 25.338278 1.152303
v -12.516161 27.139479 1.141103
v -12.557760 27.155579 1.653803
v -12.579058 27.163778 2.229803
v -14.671259 14.526978 2.492703
v -14.646959 14.527479 2.164703
v -14.660860 14.656879 2.489203
v -14.636660 14.657278 2.158003
v -14.599760 14.528179 1.870503
v -14.589758 14.657879 1.860903
v -14.522058 15.692379 1.758103
v -14.566359 15.009378 1.826803
v -14.567961 15.692678 2.085903
v -14.612959 15.009079 2.134003
v -14.591658 15.692778 2.452103
v -14.636961 15.008778 2.476803
v -14.340860 10.320079 2.424403
v -14.435659 11.477478 2.436403
v -14.290258 10.323178 2.033003
v -14.393358 11.479878 2.056003
v -14.522360 12.470778 2.447703
v -14.486361 12.472479 2.077703
v -14.201761 10.328979 1.684803
v -14.317659 11.484479 1.716803
v -14.420359 12.475779 1.747003
v -14.504759 13.279979 1.775003
v -14.563761 13.277879 2.097703
v -14.595358 13.276878 2.458203
v -14.020460 4.618679 2.376703
v -14.075758 6.137478 2.387903
v -13.925661 4.622579 1.941003
v -13.991060 6.141579 1.962503
v -14.152960 7.616379 2.399803
v -14.079859 7.620378 1.985603
v -13.766161 4.629878 1.555403
v -13.848658 6.149278 1.585703
v -13.956160 7.627978 1.618103
v -14.077559 9.032378 1.651603
v -14.182760 9.025478 2.009303
v -14.244059 9.021878 2.412103
v -13.998560 -1.502522 2.351303
v -13.993761 0.031678 2.353303
v -13.888159 -1.502522 1.892003
v -13.884161 0.032878 1.896003
v -13.989260 1.564278 2.358703
v -13.882261 1.566578 1.906403
v -13.697058 -1.502522 1.486703
v -13.695158 0.035178 1.492203
v -13.699358 1.570978 1.506803
v -13.719759 3.103178 1.528503
v -13.892759 3.097078 1.921903
v -13.994860 3.093779 2.366803
v 8.839543 72.467972 2.777101
v 8.907344 73.463173 2.779101
v 8.875644 72.466774 2.718601
v 8.940743 73.459877 2.722701
v 8.985543 74.350471 2.780601
v 9.014744 74.338173 2.726001
v 8.947543 72.468872 2.663501
v 9.009144 73.461678 2.669801
v 9.076544 74.322472 2.675801
v 9.272144 75.535172 2.682701
v 9.159744 75.010574 2.681701
v 9.237844 75.664978 2.727401
v 9.109545 75.077171 2.728101
v 9.222044 75.726173 2.780801
v 9.086345 75.111076 2.781301
v 9.404944 76.177078 2.778701
v 9.412444 76.089577 2.722101
v 9.623645 76.488571 2.775101
v 9.623944 76.378876 2.713201
v 9.427444 75.905075 2.674001
v 9.622644 76.152878 2.659001
v 9.854744 76.310974 2.641001
v 9.863144 76.560875 2.701401
v 9.866844 76.685478 2.769901
v 9.544944 57.622879 2.640501
v 9.499443 57.629776 2.454501
v 9.223244 55.813278 2.637101
v 9.176643 55.821373 2.447401
v 9.411544 57.644180 2.291901
v 9.086444 55.837173 2.279601
v 8.554044 53.086777 2.259901
v 8.788743 54.282173 2.269301
v 8.648144 53.068977 2.436301
v 8.881043 54.265175 2.441701
v 8.696644 53.059875 2.632001
v 8.928643 54.256378 2.634501
v 8.361142 51.378479 2.610401
v 8.231543 50.947479 2.598401
v 8.310143 51.389877 2.393301
v 8.180042 50.961174 2.369801
v 8.029842 50.392876 2.584901
v 7.978342 50.409576 2.343601
v 8.210642 51.412277 2.196001
v 8.079542 50.987778 2.162301
v 7.877243 50.441475 2.124601
v 7.202442 49.130775 2.057801
v 7.589642 49.810173 2.088001
v 7.301043 49.088074 2.297101
v 7.690243 49.772675 2.318101
v 7.351042 49.065376 2.561101
v 7.741343 49.752876 2.571801
v 6.843943 48.368675 2.554502
v 6.796043 48.393478 2.284201
v 6.225243 47.650177 2.550901
v 6.179943 47.676476 2.277301
v 6.701542 48.440277 2.039402
v 6.091242 47.726479 2.029301
v 4.559942 46.180176 2.021401
v 5.375942 46.977074 2.024401
v 4.634043 46.126373 2.271901
v 5.457743 46.924873 2.273901
v 4.672142 46.098373 2.548201
v 5.499643 46.897575 2.549201
v 3.747742 45.240173 2.546702
v 3.713743 45.268578 2.268902
v 2.815643 44.397079 2.545402
v 2.785742 44.425575 2.266202
v 3.647642 45.323380 2.016902
v 2.727343 44.480873 2.012802
v 1.887342 43.726875 2.010602
v 1.938843 43.671577 2.264902
v 1.965143 43.643074 2.544702
v -1.683958 40.204979 2.466502
v -1.704657 40.228577 2.112602
v -3.084257 38.740776 2.410302
v -3.105457 38.762573 2.003402
v -1.745058 40.274673 1.792802
v -3.146658 38.804977 1.636702
v -6.207457 35.343277 1.336202
v -4.683958 37.121178 1.475902
v -6.164858 35.308975 1.792802
v -4.641958 37.082779 1.890802
v -6.142958 35.291176 2.302002
v -4.620358 37.062973 2.352502
v -7.502657 33.545273 2.268202
v -7.524658 33.561073 1.727402
v -8.701559 31.818678 2.247602
v -8.723658 31.832476 1.687603
v -7.567457 33.591476 1.243302
v -8.766359 31.859076 1.187302
v -10.689260 28.425978 1.146203
v -9.806158 30.139479 1.158203
v -10.647261 28.406479 1.657603
v -9.763758 30.116478 1.666603
v -10.625658 28.396479 2.231803
v -9.741961 30.104578 2.236603
v -11.354860 26.687679 2.229803
v -11.376261 26.695879 1.653803
v -11.941759 24.976578 2.234003
v -11.962961 24.983078 1.662003
v -11.417860 26.711878 1.141103
v -12.004259 24.995779 1.153103
v -12.799860 21.551178 1.267203
v -12.460760 23.275978 1.191803
v -12.758459 21.544279 1.742303
v -12.419661 23.266378 1.689203
v -12.737158 21.540878 2.275403
v -12.398458 23.261578 2.248003
v -12.969961 19.812778 2.319603
v -12.991560 19.814978 1.828103
v -13.118761 18.186678 2.372303
v -13.140860 18.187878 1.930303
v -13.100958 19.827278 1.029103
v -13.033758 19.819578 1.389203
v -13.252958 18.195278 1.207403
v -13.184061 18.190678 1.534303
v -13.320360 15.677378 1.799703
v -13.272459 16.773478 1.678903
v -13.342958 16.775879 1.385203
v -13.275160 15.677078 2.117103
v -13.228159 16.772179 2.032103
v -13.252058 15.677078 2.468703
v -13.205458 16.771679 2.424903
v -13.116259 13.919679 2.506603
v -12.971361 13.352478 2.515303
v -13.142359 13.918879 2.189003
v -12.998560 13.351078 2.204803
v -12.770159 12.581379 2.527203
v -12.799158 12.579279 2.226703
v -13.193460 13.917278 1.898003
v -13.052160 13.348378 1.917803
v -12.856260 12.575278 1.945703
v -12.288858 10.491578 1.999603
v -12.602758 11.616678 1.975203
v -12.219858 10.498479 2.269103
v -12.540659 11.622178 2.249703
v -12.184961 10.502178 2.550403
v -12.509260 11.625078 2.539703
v -11.793760 9.230978 2.556503
v -11.833460 9.226778 2.280103
v -11.371759 7.842178 2.559903
v -11.416361 7.837479 2.285803
v -11.911558 9.218779 2.012603
v -11.503958 7.828778 2.018403
v -10.730459 4.819578 2.025203
v -11.099260 6.352178 2.021203
v -10.629759 4.827778 2.293303
v -11.003561 6.360978 2.289103
v -10.580061 4.832278 2.564603
v -10.955160 6.365778 2.562103
v -10.282660 3.272078 2.569203
v -10.330061 3.268278 2.301403
v -10.066061 1.691678 2.574403
v -10.109461 1.688978 2.310703
v -10.430761 3.261378 2.034603
v -10.207460 1.684078 2.045903
v -10.018660 -1.502522 2.059903
v -10.067659 0.093978 2.055503
v -9.925859 -1.502522 2.321903
v -9.973059 0.096478 2.318503
v -9.888361 -1.502522 2.580503
v -9.933561 0.097978 2.578603
v 8.417743 52.358574 2.250001
v 8.340942 51.941078 2.237601
v 8.513442 52.340477 2.430201
v 8.437943 51.922379 2.422001
v 8.284842 51.677780 2.220401
v 8.383142 51.657875 2.410201
v 8.433743 51.647873 2.619001
v 8.487943 51.912979 2.625001
v 8.562742 52.331177 2.629101
v 5.867443 52.839073 3.407202
v 5.753042 52.442879 3.429701
v 5.769543 52.857079 3.231401
v 5.653643 52.461578 3.247201
v 5.671242 52.211876 3.450701
v 5.571043 52.231773 3.261901
v 5.519243 52.241974 3.054302
v 5.602343 52.471176 3.046801
v 5.719042 52.866280 3.038702
v -1.021957 43.454773 1.989902
v -0.623457 43.896675 2.018502
v -1.061958 43.506073 2.250502
v -0.664057 43.949577 2.270602
v -0.340357 44.213074 2.021802
v -0.382757 44.266975 2.273002
v -0.404257 44.294678 2.549002
v -0.684757 43.976677 2.547802
v -1.082157 43.532379 2.537402
v 0.052343 42.090973 3.687202
v 0.471542 42.490379 3.658802
v 0.092142 42.039474 3.426002
v 0.512043 42.437279 3.406002
v 0.801842 42.780975 3.655702
v 0.844242 42.726677 3.403902
v 0.865742 42.698875 3.126902
v 0.532642 42.409973 3.128102
v 0.112343 42.013077 3.138302
v -13.355658 14.510778 1.906203
v -13.362860 14.525478 1.915603
v -13.333158 14.442079 1.896903
v -13.308561 14.511478 2.192503
v -13.316259 14.526178 2.198903
v -13.285158 14.442879 2.186303
v -13.283060 14.263079 1.892603
v -13.233858 14.264078 2.184003
v -13.208559 14.264579 2.503703
v -13.260561 14.443278 2.504703
v -13.292360 14.526678 2.511003
v -13.284361 14.511879 2.507703
v -14.610460 14.494979 3.819603
v -14.611258 14.422978 3.834003
v -14.658461 14.494478 3.520603
v -14.660261 14.422479 3.530603
v -14.598959 14.235679 3.852503
v -14.649958 14.234979 3.543503
v -14.676359 14.234778 3.199303
v -14.685560 14.422278 3.192703
v -14.683161 14.494179 3.187503
v 11.068845 75.528275 2.718801
v 11.037745 75.474274 2.602201
v 11.097243 74.705978 2.712301
v 11.061543 74.677673 2.587601
v 10.976444 75.375275 2.514301
v 10.993644 74.637276 2.489701
v 10.972644 73.699074 2.471501
v 11.044744 73.714676 2.575601
v 11.083943 73.729576 2.706401
v 8.580644 68.843674 2.768201
v 8.619743 68.842278 2.700501
v 8.687143 70.184174 2.772201
v 8.725843 70.183571 2.708501
v 8.695844 68.839973 2.636001
v 8.801144 70.183273 2.648101
v 8.881643 71.384476 2.656801
v 8.807544 71.383171 2.714201
v 8.769843 71.383575 2.775001
v 10.851744 72.761574 3.731601
v 10.803743 71.769676 3.745401
v 10.923743 72.740074 3.668701
v 10.870844 71.706871 3.683501
v 10.748544 70.824173 3.754801
v 10.807243 70.705177 3.694401
v 10.977943 72.716377 3.577801
v 10.921144 71.641075 3.592801
v 10.846844 70.553673 3.605601
v 10.664443 68.708473 3.629901
v 10.754044 69.488373 3.617901
v 10.664244 69.121872 3.706801
v 10.735643 69.802078 3.702201
v 10.628143 69.359673 3.760401
v 10.689143 69.996971 3.759901
v 10.852545 75.795174 3.622701
v 10.900245 75.291878 3.657201
v 10.898945 75.964676 3.560501
v 10.961144 75.400177 3.595501
v 10.909244 74.595978 3.689201
v 10.979043 74.643372 3.625501
v 10.932944 76.060776 3.472001
v 11.006544 75.467476 3.506401
v 11.031343 74.679276 3.535101
v 11.018343 73.745674 3.558701
v 10.963143 73.737877 3.649701
v 10.890043 73.728073 3.713401
v 10.374345 75.742378 3.492801
v 10.496044 76.055672 3.521201
v 10.316244 75.918678 3.414001
v 10.466945 76.269371 3.442401
v 10.630445 76.169777 3.558701
v 10.631145 76.392876 3.481201
v 10.239144 76.055374 3.318401
v 10.424644 76.414375 3.347101
v 10.624845 76.523972 3.388401
v 10.800044 76.409576 3.431401
v 10.782044 76.293373 3.521501
v 10.755944 76.085373 3.591201
v 10.134543 72.724571 3.518901
v 10.173743 73.676071 3.506101
v 10.024843 72.695572 3.431501
v 10.067643 73.674873 3.418101
v 10.223443 74.534073 3.495101
v 10.125943 74.571472 3.408601
v 9.905543 72.662178 3.346301
v 9.952044 73.667274 3.332301
v 10.017143 74.597374 3.321301
v 10.108045 75.421577 3.313201
v 10.205645 75.335976 3.405001
v 10.286844 75.228973 3.487401
v 10.070643 69.375175 3.561301
v 10.067944 70.004776 3.554601
v 9.985844 69.144272 3.491001
v 9.967343 69.814774 3.478001
v 10.079344 70.819275 3.544401
v 9.971343 70.701172 3.462701
v 9.890944 68.740776 3.427001
v 9.852243 69.508278 3.405001
v 9.850843 70.551376 3.383001
v 9.870144 71.613075 3.363301
v 9.991643 71.682877 3.446801
v 10.102243 71.749077 3.532101
v 10.409543 67.890373 3.522601
v 10.542243 68.145973 3.574001
v 10.243943 67.786072 3.480101
v 10.431343 68.293472 3.533401
v 10.517344 68.391472 3.589101
v 10.319943 68.257576 3.486701
v 9.986343 68.174873 3.420101
v 10.088043 67.907974 3.438701
v 10.122944 68.406273 3.440001
v 10.208444 68.302078 3.452001
v 10.269143 68.658478 3.458401
v 10.331344 68.640976 3.469601
v 10.285443 68.525475 3.462201
v 10.213143 68.560974 3.451701
v 10.396443 68.635872 3.501101
v 10.368044 68.512772 3.494201
v 10.452543 68.642677 3.546301
v 10.488044 68.661072 3.598901
v 10.499844 68.556778 3.596301
v 10.444843 68.523178 3.541101
v 10.491343 68.690773 3.652401
v 10.516844 68.613571 3.653001
v 10.469243 68.726074 3.700001
v 10.503043 68.682373 3.704001
v 10.552644 68.533272 3.650501
v 10.547644 68.682678 3.707501
v 10.428443 68.761276 3.734901
v 10.375943 68.790771 3.750101
v 10.411143 68.809677 3.759401
v 10.465343 68.751472 3.741901
v 10.456244 68.892975 3.770001
v 10.513043 68.803574 3.749701
v 10.568443 68.984077 3.756501
v 10.507744 69.098778 3.779601
v 10.601543 68.788872 3.708501
v 10.599544 68.477478 3.641801
v 10.243143 69.174377 3.689901
v 10.157944 69.109871 3.628901
v 10.335943 69.193977 3.739801
v 10.230443 68.952278 3.681001
v 10.164844 68.901672 3.623101
v 10.306443 68.967476 3.729101
v 10.427243 69.168777 3.771801
v 10.384543 68.947678 3.760901
v 10.318443 68.808876 3.739001
v 10.347343 68.845276 3.749201
v 10.262843 68.815376 3.707701
v 10.281644 68.858177 3.717701
v 10.216144 68.809975 3.662701
v 10.185344 68.792175 3.610201
v 10.175143 68.814575 3.616301
v 10.221744 68.848076 3.671201
v 10.177343 68.761871 3.556601
v 10.149743 68.757576 3.559301
v 10.190043 68.725273 3.508801
v 10.146644 68.688675 3.507801
v 10.118243 68.815674 3.562001
v 10.092343 68.697273 3.505501
v 10.221244 68.688675 3.473801
v 10.167343 68.619171 3.469401
v 10.089044 68.549377 3.461301
v 9.983443 68.505577 3.446501
v 10.033143 68.810478 3.500001
v 10.089643 69.000175 3.563201
v 10.456543 68.714973 3.549701
v 10.480244 68.723877 3.600501
v 10.413143 68.710777 3.505801
v 10.458043 68.457275 3.551701
v 10.475444 68.460777 3.601301
v 10.421344 68.454872 3.508601
v 10.302943 68.718475 3.463301
v 10.358943 68.711777 3.474901
v 10.320343 68.455475 3.466601
v 10.372944 68.454071 3.478201
v 10.377943 67.584373 3.479901
v 10.326743 67.583977 3.468301
v 10.424044 67.585373 3.510001
v 10.473144 67.587677 3.601601
v 10.458143 67.586578 3.552501
v 10.405543 68.766174 3.730201
v 10.354243 68.778275 3.744101
v 10.448143 68.751572 3.697201
v 10.393343 68.472977 3.727501
v 10.342744 68.476273 3.740801
v 10.436644 68.469078 3.695601
v 10.475143 68.736778 3.651801
v 10.466144 68.464874 3.651401
v 10.462243 67.588272 3.651101
v 10.431844 67.588478 3.694801
v 10.338143 67.588676 3.739401
v 10.388244 67.588577 3.726301
v 10.213043 68.786072 3.657701
v 10.191843 68.778076 3.607001
v 10.251543 68.788574 3.701701
v 10.211543 68.478477 3.655401
v 10.195443 68.475777 3.605701
v 10.245644 68.479271 3.698601
v 10.300743 68.785873 3.732501
v 10.291444 68.478477 3.729101
v 10.287744 67.588974 3.727801
v 10.243443 67.589172 3.697501
v 10.196843 67.588577 3.605501
v 10.211043 67.589073 3.654701
v 10.194444 68.764275 3.555601
v 10.203444 68.470871 3.555701
v 10.216543 68.747772 3.510201
v 10.230344 68.465073 3.511601
v 10.206944 67.587372 3.556101
v 10.235643 67.585976 3.512601
v 10.277444 67.584671 3.481301
v 10.271044 68.459572 3.479801
v 10.254144 68.731476 3.477301
v 10.436739 -36.845322 3.561401
v 10.439539 -44.878326 3.560301
v 10.435140 -26.402924 3.562001
v 10.411239 -36.845322 3.525701
v 10.413339 -44.878326 3.523601
v 10.410040 -26.402924 3.526901
v 10.434441 -1.502523 3.562301
v 10.434540 -14.354322 3.562301
v 10.409540 -1.502523 3.527401
v 10.409639 -14.354322 3.527401
v 10.374640 -14.354322 3.502401
v 10.374640 -1.502523 3.502501
v 10.374940 -26.402924 3.501801
v 10.376739 -44.878326 3.497401
v 10.375539 -36.845322 3.500201
v 10.335038 -55.861023 3.738201
v 10.335238 -58.807320 3.740201
v 10.285038 -58.807320 3.728001
v 10.285539 -55.861023 3.726101
v 10.335638 -62.342522 3.740501
v 10.285237 -62.342522 3.728501
v 10.241037 -58.807426 3.697001
v 10.242139 -55.861122 3.695301
v 10.241037 -62.342720 3.697701
v 10.336238 -65.877922 3.740001
v 10.337038 -68.824623 3.739401
v 10.286938 -68.824722 3.727801
v 10.285937 -65.877922 3.728201
v 10.242738 -68.824928 3.697501
v 10.241838 -65.878128 3.697701
v 10.196938 -68.825127 3.605601
v 10.196338 -65.878723 3.605201
v 10.209938 -65.878426 3.654601
v 10.210738 -68.825127 3.654701
v 10.196037 -62.343224 3.604501
v 10.209238 -62.343025 3.654301
v 10.196538 -58.807823 3.603701
v 10.198539 -55.861320 3.602901
v 10.211139 -55.861221 3.652201
v 10.209437 -58.807625 3.653501
v 10.470839 -55.861526 3.602101
v 10.472737 -58.808327 3.602001
v 10.460538 -58.808022 3.652001
v 10.458638 -55.861420 3.651501
v 10.473138 -62.343925 3.601901
v 10.461138 -62.343620 3.651901
v 10.429338 -58.807724 3.695901
v 10.427738 -55.861320 3.694801
v 10.430037 -62.343224 3.695901
v 10.472737 -65.879326 3.601701
v 10.472538 -68.825325 3.601601
v 10.461238 -68.825325 3.651101
v 10.461138 -65.879028 3.651501
v 10.430637 -68.825027 3.694801
v 10.430238 -65.878624 3.695301
v 10.386437 -65.878227 3.727001
v 10.387137 -68.824722 3.726301
v 10.386038 -62.342827 3.727501
v 10.384539 -55.861122 3.725701
v 10.385538 -58.807526 3.727401
v 10.333539 -55.861626 3.467001
v 10.332337 -58.808426 3.465801
v 10.382837 -58.808525 3.478001
v 10.383239 -55.861626 3.479101
v 10.330937 -62.344025 3.466401
v 10.381738 -62.344124 3.478401
v 10.427438 -58.808525 3.508801
v 10.426839 -55.861626 3.509801
v 10.426738 -62.344223 3.509001
v 10.329338 -65.878822 3.467701
v 10.327838 -68.823624 3.468701
v 10.378737 -68.823929 3.480201
v 10.380238 -65.879028 3.479401
v 10.424438 -68.824425 3.510201
v 10.425538 -65.879227 3.509701
v 10.458637 -65.879326 3.552501
v 10.457937 -68.824928 3.552701
v 10.459437 -62.344124 3.552201
v 10.458138 -55.861626 3.552801
v 10.459538 -58.808525 3.552201
v 10.208438 -58.808022 3.553701
v 10.210639 -55.861420 3.553601
v 10.207538 -62.343521 3.554601
v 10.239038 -58.808220 3.510001
v 10.241239 -55.861526 3.510401
v 10.237838 -62.343727 3.510801
v 10.207438 -68.824829 3.556301
v 10.207438 -65.878822 3.555601
v 10.236538 -68.824326 3.512901
v 10.237138 -65.878822 3.512001
v 10.279737 -65.878822 3.480601
v 10.278538 -68.823822 3.481601
v 10.280938 -62.343826 3.479301
v 10.284239 -55.861626 3.479401
v 10.282437 -58.808327 3.478601
v 10.202939 -54.092720 3.602501
v 10.215038 -54.092621 3.650301
v 10.208539 -52.404427 3.602301
v 10.220038 -52.404427 3.648101
v 10.245039 -54.092621 3.692201
v 10.248738 -52.404427 3.688201
v 10.214438 -49.698822 3.602201
v 10.225339 -49.698822 3.645901
v 10.252739 -49.698822 3.684201
v 10.334739 -49.698822 3.722501
v 10.291039 -49.698822 3.711601
v 10.334839 -52.404427 3.728301
v 10.288939 -52.404427 3.716901
v 10.334839 -54.092621 3.733901
v 10.286939 -54.092621 3.722001
v 10.334239 -54.092827 3.470801
v 10.286439 -54.092827 3.482801
v 10.334639 -52.404427 3.476101
v 10.288738 -52.404427 3.487601
v 10.244638 -54.092827 3.512701
v 10.248639 -52.404427 3.516301
v 10.334739 -49.698822 3.481901
v 10.291039 -49.698822 3.492801
v 10.252739 -49.698822 3.520101
v 10.225339 -49.698822 3.558401
v 10.220038 -52.404427 3.556401
v 10.214739 -54.092720 3.554601
v 10.466538 -54.092827 3.602101
v 10.454438 -54.092827 3.554301
v 10.460938 -52.404427 3.602201
v 10.449439 -52.404427 3.556301
v 10.424338 -54.092827 3.512501
v 10.420738 -52.404427 3.516201
v 10.455039 -49.698822 3.602201
v 10.444139 -49.698822 3.558401
v 10.416839 -49.698822 3.520101
v 10.378539 -49.698822 3.492801
v 10.380539 -52.404427 3.487501
v 10.382238 -54.092827 3.482701
v 10.382739 -54.092621 3.721901
v 10.380639 -52.404427 3.716901
v 10.424739 -54.092720 3.691901
v 10.420838 -52.404427 3.688201
v 10.378539 -49.698822 3.711601
v 10.416839 -49.698822 3.684201
v 10.444139 -49.698822 3.645901
v 10.449439 -52.404427 3.648001
v 10.454638 -54.092720 3.650001
v 8.625837 -62.799026 3.564101
v 8.941438 -64.794426 3.505701
v 8.667538 -64.818726 3.455801
v 8.345338 -62.834625 3.518401
v 9.222737 -66.795326 3.452601
v 8.950138 -66.804428 3.399201
v 8.406538 -64.838623 3.394101
v 8.079338 -62.866524 3.457001
v 8.687338 -66.795029 3.337901
v 9.476838 -68.760925 3.407101
v 9.738137 -70.814522 3.376801
v 9.379038 -70.531227 3.309001
v 9.197338 -68.749825 3.350401
v 9.100637 -70.416023 3.248901
v 8.921537 -68.679726 3.289401
v 8.684438 -70.351524 3.125501
v 8.500638 -68.642929 3.155701
v 8.686538 -68.650124 3.224801
v 8.867138 -70.365822 3.188401
v 8.267538 -66.795425 3.193401
v 8.455237 -66.793129 3.269301
v 7.984438 -64.866920 3.238701
v 7.650339 -62.915627 3.291301
v 7.842638 -62.893723 3.381001
v 8.173738 -64.854523 3.321401
v 9.723038 -68.613525 3.458801
v 9.925637 -70.098328 3.436201
v 9.484138 -66.741524 3.497401
v 9.950638 -68.489922 3.496401
v 10.125638 -69.926025 3.481201
v 9.728638 -66.689926 3.522901
v 8.905738 -62.760521 3.593301
v 9.213138 -64.765022 3.543201
v 9.170638 -62.721527 3.597401
v 9.469138 -64.732727 3.558001
v 9.597938 -62.651627 3.497301
v 9.880037 -64.667221 3.479101
v 9.695938 -64.699425 3.540001
v 9.406137 -62.684425 3.568201
v 10.130238 -66.690529 3.468801
v 9.950237 -66.687523 3.518501
v 10.358138 -68.680824 3.475401
v 10.591838 -70.763222 3.526401
v 10.337738 -70.069824 3.513501
v 10.174438 -68.572426 3.510901
v 10.247337 -75.753525 3.601701
v 10.214838 -74.808723 3.613201
v 10.342538 -74.843727 3.684201
v 10.376238 -75.771828 3.673401
v 10.188038 -73.909828 3.622701
v 10.311237 -73.962029 3.692101
v 10.475138 -74.858627 3.739001
v 10.511138 -75.783424 3.728101
v 10.438938 -73.980522 3.746301
v 10.168538 -73.119522 3.629101
v 10.157938 -72.500328 3.631501
v 10.260538 -72.571426 3.695701
v 10.283638 -73.185127 3.696201
v 10.368638 -72.593422 3.747201
v 10.403237 -73.206322 3.749201
v 10.562138 -72.490128 3.786101
v 10.615937 -73.115028 3.787501
v 10.517238 -73.183022 3.781801
v 10.472438 -72.566322 3.779601
v 10.667538 -73.914528 3.783901
v 10.561038 -73.964828 3.779001
v 10.715638 -74.824829 3.775701
v 10.758938 -75.781929 3.763101
v 10.642138 -75.787125 3.760001
v 10.602838 -74.852524 3.771601
v 7.264738 -60.999123 3.351301
v 7.462439 -60.970421 3.447601
v 6.868238 -59.224327 3.413301
v 7.072939 -59.190521 3.515701
v 7.705839 -60.934723 3.525901
v 7.324638 -59.148926 3.595401
v 6.501938 -57.697624 3.471901
v 6.206539 -56.525826 3.521801
v 6.425240 -56.486122 3.634301
v 6.713938 -57.660423 3.579801
v 6.693638 -56.437424 3.716101
v 6.974339 -57.614624 3.660601
v 7.311338 -56.324226 3.789701
v 7.574938 -57.508026 3.741601
v 7.266838 -57.562920 3.714501
v 6.994638 -56.382423 3.767701
v 7.906139 -59.051323 3.685601
v 7.607639 -59.101723 3.652201
v 8.268639 -60.849823 3.625201
v 7.979639 -60.893921 3.585301
v 5.740438 -54.968422 3.642501
v 5.601238 -54.619522 3.684402
v 5.826639 -54.564125 3.818702
v 5.968138 -54.918724 3.770602
v 5.407639 -54.167320 3.730801
v 5.628538 -54.104721 3.872102
v 6.103640 -54.496124 3.913201
v 6.247839 -54.857521 3.860801
v 5.900639 -54.028023 3.971201
v 5.154438 -53.640923 3.775601
v 4.836439 -53.069321 3.812201
v 5.042238 -52.989120 3.965601
v 5.368839 -53.569923 3.923501
v 5.296339 -52.891327 4.072802
v 5.633339 -53.483223 4.027001
v 5.898539 -52.658920 4.157102
v 6.256838 -53.277321 4.108501
v 5.934038 -53.384422 4.088001
v 5.586039 -52.779922 4.135901
v 6.537739 -53.846725 4.049201
v 6.208839 -53.940926 4.029701
v 6.747938 -54.336220 3.987701
v 6.894339 -54.714722 3.932302
v 6.562239 -54.788322 3.914402
v 6.416239 -54.418922 3.969002
v 4.448639 -52.481422 3.834401
v 4.643539 -52.391624 3.991102
v 3.984339 -51.861320 3.846401
v 4.166538 -51.762222 4.005002
v 4.884239 -52.282120 4.100601
v 4.391638 -51.641022 4.115901
v 3.436638 -51.193123 3.852502
v 2.798939 -50.460922 3.856902
v 2.953138 -50.346123 4.017601
v 3.605139 -51.085526 4.012201
v 3.143339 -50.205521 4.130201
v 3.813139 -50.953720 4.124002
v 3.592438 -49.877220 4.219301
v 4.305939 -50.644722 4.212301
v 4.050240 -50.804520 4.190001
v 3.359739 -50.046623 4.196802
v 4.926039 -51.355621 4.203402
v 4.648539 -51.503624 4.181302
v 5.455938 -52.022720 4.186902
v 5.159039 -52.157524 4.165102
v 2.064539 -49.648621 3.863802
v 2.204439 -49.528923 4.026102
v 1.311838 -48.832924 3.870802
v 1.438238 -48.710121 4.034602
v 2.376938 -49.381920 4.139902
v 1.593939 -48.559120 4.149802
v 0.619139 -48.090622 3.875302
v 0.065039 -47.498123 3.874902
v 0.169838 -47.373421 4.040102
v 0.733639 -47.966125 4.040302
v 0.299139 -47.220222 4.156602
v 0.874640 -47.813225 4.156502
v 0.599739 -46.865227 4.248602
v 1.203739 -47.458725 4.248202
v 1.034039 -47.641022 4.225202
v 0.445038 -47.047623 4.225602
v 1.958839 -48.208824 4.240802
v 1.770338 -48.389122 4.218002
v 2.782539 -49.040123 4.230001
v 2.572639 -49.216225 4.207302
v -1.636761 -45.638420 3.992502
v -2.760462 -44.423325 4.148802
v -2.666761 -44.317924 4.349302
v -1.543762 -45.525826 4.172402
v -4.175062 -42.859421 4.343102
v -4.080162 -42.762627 4.569002
v -2.551462 -44.188324 4.486502
v -1.429361 -45.387222 4.297202
v -3.963362 -42.643723 4.721502
v -5.726561 -41.073921 4.543003
v -7.261162 -39.193527 4.716202
v -7.163761 -39.115425 4.989202
v -5.630260 -40.986420 4.794602
v -7.044262 -39.019623 5.169102
v -5.511961 -40.878922 4.962302
v -6.768061 -38.798325 5.296602
v -5.238562 -40.630821 5.083602
v -5.378962 -40.758224 5.055502
v -6.909861 -38.911926 5.267602
v -3.693562 -42.368820 4.834102
v -3.832062 -42.510025 4.807602
v -2.284861 -43.888725 4.590102
v -1.164562 -45.066620 4.393402
v -1.300461 -45.231323 4.369902
v -2.421761 -44.042625 4.565202
v -8.272459 -37.095924 5.402402
v -8.130159 -36.995224 5.431202
v -8.407259 -37.191322 5.301902
v -9.469961 -35.302620 5.477402
v -9.327959 -35.214127 5.505502
v -9.604460 -35.386421 5.377402
v -8.624861 -37.345520 4.830402
v -8.527159 -37.276222 5.115902
v -9.821760 -35.521820 4.898303
v -9.724260 -35.461021 5.189703
v -11.730360 -31.916321 4.946103
v -11.634260 -31.871521 5.237903
v -10.758661 -33.662025 5.225303
v -10.855558 -33.714722 4.932603
v -11.516058 -31.816422 5.422703
v -10.639559 -33.597321 5.412203
v -11.383360 -31.754522 5.518803
v -11.243261 -31.689222 5.544803
v -10.364561 -33.447922 5.537302
v -10.505758 -33.524620 5.510403
v -12.105959 -29.984922 5.520403
v -11.966959 -29.930721 5.545703
v -12.237558 -30.036222 5.425703
v -12.687960 -28.215822 5.500203
v -12.549860 -28.172321 5.524903
v -12.818758 -28.256922 5.406803
v -12.449961 -30.118921 4.951403
v -12.354658 -30.081821 5.242303
v -13.029860 -28.323122 4.937103
v -12.935160 -28.293522 5.225503
v -13.832060 -24.740021 4.804503
v -13.736658 -24.723322 5.075803
v -13.390760 -26.507122 5.174303
v -13.485361 -26.529921 4.892003
v -13.619459 -24.702721 5.246903
v -13.274458 -26.479021 5.351903
v -13.487658 -24.679522 5.335003
v -13.348658 -24.654921 5.357603
v -13.005758 -26.413721 5.467203
v -13.143759 -26.447321 5.443403
v -13.734159 -22.912521 5.160203
v -13.592459 -22.895521 5.180703
v -13.868460 -22.928522 5.077403
v -13.901358 -21.254921 4.952603
v -13.756060 -21.244221 4.970603
v -14.039061 -21.265022 4.876003
v -14.085360 -22.954121 4.663303
v -13.988058 -22.942722 4.916803
v -14.261560 -21.281021 4.495503
v -14.161760 -21.273922 4.727903
v -14.448458 -18.707521 4.188403
v -14.343660 -18.706221 4.382203
v -14.274660 -19.825521 4.539503
v -14.377161 -19.829222 4.328203
v -14.214960 -18.704422 4.507403
v -14.148760 -19.820721 4.675203
v -14.070559 -18.702421 4.572603
v -13.918459 -18.700321 4.586003
v -13.858458 -19.809721 4.761003
v -14.007460 -19.815321 4.745503
v -13.875559 -16.898722 4.511603
v -14.048960 -16.893421 4.506303
v -13.955458 -16.308121 4.534203
v -13.772261 -16.316723 4.532103
v -14.213758 -16.888521 4.445803
v -14.129660 -16.300423 4.477603
v -13.825460 -15.515121 4.562503
v -13.628660 -15.527521 4.551303
v -14.012758 -15.503821 4.511203
v -14.360758 -16.884521 4.324103
v -14.481260 -16.881321 4.135603
v -14.413660 -16.288521 4.166003
v -14.285460 -16.293720 4.356703
v -14.320059 -15.486121 4.199303
v -14.180861 -15.494021 4.392003
v -14.071959 -13.343322 4.273503
v -13.897860 -13.356522 4.470503
v -14.050558 -14.507421 4.429903
v -14.204660 -14.496821 4.235303
v -13.690660 -13.372822 4.586403
v -13.865561 -14.520621 4.547303
v -13.461859 -13.391421 4.626603
v -13.222761 -13.411621 4.596203
v -13.445360 -14.552221 4.571803
v -13.660360 -14.535822 4.592903
v -13.231359 -12.103621 4.665103
v -12.961561 -12.126621 4.627203
v -13.490358 -12.082222 4.629003
v -12.987959 -10.704621 4.705903
v -12.683058 -10.729422 4.661603
v -13.281958 -10.681521 4.673003
v -13.926058 -12.048121 4.313503
v -13.726160 -12.063421 4.513603
v -13.780260 -10.644722 4.354003
v -13.550760 -10.661222 4.557503
v -13.540960 -7.646122 4.429903
v -13.248960 -7.661822 4.640303
v -13.386660 -9.183022 4.600403
v -13.647459 -9.166222 4.393303
v -12.908960 -7.681122 4.756203
v -13.082460 -9.203622 4.716103
v -12.539660 -7.702922 4.783603
v -12.159658 -7.726222 4.728203
v -12.408659 -9.251923 4.696303
v -12.751059 -9.226922 4.746203
v -12.372961 -6.164922 4.815403
v -11.957560 -6.184422 4.754103
v -12.778658 -6.146722 4.791103
v -12.252359 -4.616622 4.840003
v -11.807161 -4.630522 4.773303
v -12.688860 -4.603621 4.818703
v -13.473761 -6.117522 4.462403
v -13.152861 -6.130722 4.675403
v -13.437159 -4.582722 4.488503
v -13.092058 -4.592122 4.703503
v -13.060461 -3.048522 4.722103
v -13.422159 -3.043622 4.506003
v -12.637159 -3.054522 4.836903
v -11.712961 -3.068522 4.785403
v -12.178961 -3.061322 4.856003
v 9.051738 -75.490227 3.064801
v 8.991538 -74.405624 3.074101
v 9.154538 -74.426529 3.123501
v 9.209337 -75.516022 3.111301
v 8.918138 -73.205826 3.086301
v 9.088037 -73.224625 3.139301
v 9.345438 -74.457527 3.172301
v 9.394538 -75.550629 3.157501
v 9.289838 -73.259727 3.191601
v 8.819637 -71.863525 3.102901
v 8.996637 -71.880829 3.160501
v 9.215737 -71.927628 3.216701
v 9.694238 -72.209023 3.336901
v 9.465238 -72.025429 3.274801
v 9.700638 -73.414223 3.309701
v 9.503838 -73.319023 3.247101
v 9.724837 -74.552628 3.287501
v 9.763638 -75.630127 3.269801
v 9.586238 -75.589928 3.208601
v 9.542738 -74.499329 3.225401
v 8.557638 -60.804222 3.644801
v 8.204538 -59.000221 3.695201
v 8.831537 -60.759720 3.637301
v 8.487338 -58.951126 3.676001
v 7.626638 -56.265724 3.782601
v 7.882339 -57.452621 3.741901
v 7.924639 -56.210121 3.743901
v 8.173239 -57.399925 3.712001
v 8.404338 -56.120026 3.562501
v 8.642238 -57.314125 3.547301
v 8.431838 -57.352722 3.648301
v 8.189240 -56.160522 3.671301
v 8.943838 -58.870522 3.531401
v 8.738937 -58.906921 3.623101
v 9.274137 -60.684525 3.514801
v 9.075438 -60.718925 3.596201
v 7.082638 -54.251320 3.970601
v 7.226938 -54.640121 3.915801
v 6.872339 -53.749023 4.031501
v 7.401739 -54.169426 3.916001
v 7.542540 -54.568825 3.863501
v 7.193138 -53.654022 3.974501
v 6.220839 -52.532524 4.138502
v 6.587839 -53.165421 4.090201
v 6.532738 -52.408722 4.077501
v 6.906839 -53.056023 4.031002
v 7.043839 -52.202225 3.819201
v 7.427938 -52.873627 3.781501
v 7.193638 -52.956322 3.928901
v 6.813839 -52.295921 3.971901
v 7.715139 -53.496521 3.735801
v 7.480539 -53.567825 3.876601
v 7.918739 -54.035027 3.688601
v 8.051939 -54.453125 3.646401
v 7.823439 -54.505127 3.774101
v 7.686638 -54.095627 3.822501
v 5.763039 -51.882423 4.168002
v 5.213139 -51.202820 4.184402
v 6.060839 -51.745720 4.106001
v 5.491539 -51.054626 4.121701
v 3.831638 -49.705025 4.199801
v 4.569839 -50.481125 4.193101
v 4.062738 -49.539925 4.135901
v 4.825338 -50.323425 4.129901
v 4.441538 -49.270226 3.865201
v 5.245039 -50.064323 3.861101
v 5.055939 -50.181221 4.020102
v 4.270939 -49.391724 4.025201
v 5.948839 -50.809624 3.854901
v 5.742838 -50.920425 4.012702
v 6.549639 -51.518227 3.842301
v 6.329538 -51.621323 3.998201
v 2.997238 -48.862122 4.210001
v 2.150539 -48.027222 4.220202
v 3.204039 -48.692024 4.145001
v 2.334438 -47.854324 4.153902
v 0.755339 -46.682320 4.226902
v 1.375238 -47.275627 4.227002
v 0.903238 -46.508720 4.159102
v 1.539139 -47.101624 4.159702
v 1.142239 -46.228127 3.878502
v 1.804838 -46.819923 3.880102
v 1.685539 -46.946426 4.044602
v 1.035038 -46.354027 4.043402
v 2.633938 -47.573723 3.876902
v 2.499338 -47.699821 4.040202
v 3.542038 -48.415222 3.871202
v 3.389839 -48.539726 4.032802
v -2.148062 -43.734726 4.565902
v -1.028662 -44.901825 4.370702
v -3.555061 -42.227623 4.808102
v -2.018461 -43.588722 4.487802
v -0.899961 -44.745621 4.298702
v -3.423861 -42.093727 4.722402
v -6.626362 -38.684723 5.267703
v -5.098261 -40.503326 5.055802
v -6.492062 -38.576927 5.169403
v -4.965361 -40.382423 4.962903
v -6.275162 -38.402824 4.716702
v -4.750862 -40.187225 4.543902
v -4.847061 -40.274925 4.795403
v -6.372461 -38.481026 4.989603
v -3.212461 -41.877525 4.344502
v -3.307261 -41.974525 4.570202
v -1.809862 -43.353127 4.150702
v -0.692961 -44.493523 3.994702
v -0.785662 -44.606621 4.174402
v -1.903362 -43.458824 4.351002
v -7.733160 -36.714127 5.116102
v -7.635462 -36.644821 4.830602
v -7.853159 -36.799026 5.302002
v -8.931658 -34.967323 5.189703
v -8.834158 -34.906525 4.898402
v -9.051458 -35.041924 5.377402
v -7.987959 -36.894524 5.402402
v -9.185961 -35.125725 5.477402
v -11.103159 -31.623922 5.518803
v -10.223360 -33.371223 5.510402
v -10.970358 -31.561922 5.422703
v -10.089560 -33.298523 5.412202
v -10.852160 -31.506922 5.237903
v -10.756060 -31.462122 4.946103
v -9.873560 -33.181221 4.932602
v -9.970461 -33.233822 5.225302
v -11.579260 -29.779621 5.242303
v -11.484060 -29.742622 4.951403
v -11.696459 -29.825222 5.425703
v -12.164560 -28.051121 5.224703
v -12.069960 -28.021421 4.936303
v -12.280958 -28.087622 5.406203
v -11.828058 -29.876522 5.520403
v -12.411760 -28.128822 5.499903
v -13.209658 -24.630322 5.331903
v -12.867861 -26.380222 5.442103
v -13.078058 -24.607021 5.241103
v -12.737158 -26.348522 5.349603
v -12.960958 -24.586422 5.068103
v -12.865759 -24.569822 4.796103
v -12.526358 -26.297621 4.888603
v -12.620859 -26.320421 5.171303
v -13.197660 -22.848421 4.901503
v -13.100760 -22.837122 4.646403
v -13.316858 -22.862621 5.065903
v -13.351759 -21.214821 4.703303
v -13.252558 -21.207821 4.468503
v -13.473761 -21.223621 4.857503
v -13.450861 -22.878622 5.154103
v -13.611059 -21.233622 4.942803
v -13.766760 -18.698322 4.556003
v -13.709860 -19.804022 4.732003
v -13.623159 -18.696421 4.476303
v -13.569159 -19.798721 4.649803
v -13.495558 -18.694822 4.340603
v -13.391859 -18.693621 4.142703
v -13.342558 -19.790522 4.291003
v -13.444159 -19.794121 4.505703
v -13.275259 -16.919521 4.028203
v -13.393358 -16.915321 4.226403
v -13.262861 -16.342422 4.213903
v -13.138258 -16.348923 4.008903
v -13.538759 -16.910221 4.372503
v -13.416361 -16.334421 4.370403
v -13.081858 -15.564422 4.193303
v -12.948259 -15.573821 3.980803
v -13.246561 -15.553021 4.362203
v -13.702459 -16.904522 4.467303
v -13.589361 -16.325623 4.477103
v -13.432261 -15.540421 4.483103
v -12.984758 -13.432322 4.500703
v -13.230860 -14.569221 4.489503
v -12.760160 -13.452521 4.350303
v -13.028158 -14.585722 4.353603
v -12.561159 -13.470821 4.155703
v -12.399958 -13.485922 3.927203
v -12.702959 -14.613122 3.951103
v -12.848558 -14.600721 4.171603
v -12.217760 -12.194221 4.152603
v -12.036661 -12.211521 3.916303
v -12.441259 -12.173422 4.358203
v -11.847158 -10.802022 4.157303
v -11.644258 -10.820621 3.913703
v -12.097761 -10.779621 4.372803
v -12.693659 -12.150421 4.520703
v -12.381361 -10.754922 4.545803
v -11.787859 -7.750222 4.595703
v -12.071558 -9.277622 4.572103
v -11.441660 -7.773422 4.403903
v -11.755861 -9.302523 4.389503
v -11.138460 -7.794522 4.170503
v -10.895559 -7.812022 3.913203
v -11.253561 -9.343822 3.914303
v -11.477858 -9.325022 4.164903
v -10.857561 -6.241322 4.169303
v -10.601160 -6.255922 3.905703
v -11.181360 -6.223722 4.411503
v -10.644758 -4.671122 4.164303
v -10.379461 -4.681522 3.895503
v -10.983961 -4.658622 4.414303
v -11.554258 -6.204422 4.613003
v -11.377859 -4.644822 4.624403
v -11.266161 -3.075922 4.630703
v -10.858358 -3.083122 4.414403
v -10.239260 -3.095122 3.886303
v -10.509459 -3.089622 4.158803
v 8.677037 -70.327324 2.553801
v 8.852538 -70.317322 2.495301
v 8.669638 -68.605827 2.457801
v 8.492238 -68.620728 2.523101
v 9.068237 -70.304924 2.442101
v 8.888038 -68.587326 2.399101
v 8.440738 -66.758728 2.411501
v 8.260338 -66.778229 2.484401
v 8.662938 -66.734627 2.346901
v 9.310938 -70.290726 2.393201
v 9.567438 -70.275223 2.347301
v 9.394137 -68.543427 2.299301
v 9.134038 -68.566124 2.346401
v 9.178338 -66.677727 2.243201
v 8.913238 -66.707222 2.290801
v 8.614537 -62.768921 2.117001
v 8.335338 -62.810120 2.161101
v 8.647537 -64.769821 2.228301
v 8.918838 -64.734222 2.181601
v 8.071739 -62.848724 2.221001
v 8.391237 -64.803123 2.287001
v 7.837738 -62.882622 2.295801
v 7.647938 -62.910027 2.384501
v 7.979538 -64.855927 2.438101
v 8.163939 -64.832321 2.357201
v 9.593238 -62.621124 2.187701
v 9.399137 -62.650627 2.116901
v 9.681938 -64.631821 2.155401
v 9.870638 -64.606125 2.216101
v 9.161438 -62.686722 2.086801
v 9.450738 -64.663124 2.135701
v 9.922837 -66.592628 2.195601
v 10.106538 -66.571228 2.246901
v 9.697338 -66.618622 2.185001
v 8.894837 -62.727020 2.089501
v 9.191438 -64.697922 2.147601
v 9.444438 -66.647629 2.204401
v 9.824537 -70.258926 2.303201
v 9.655038 -68.520027 2.257301
v 10.068438 -70.243027 2.273401
v 9.902738 -68.497322 2.231901
v 10.285538 -70.228523 2.270301
v 10.462038 -70.216629 2.306301
v 10.303038 -68.460228 2.277801
v 10.123438 -68.476929 2.234801
v 10.809237 -75.615822 2.386101
v 10.636938 -75.608223 2.363901
v 10.685738 -76.677322 2.383801
v 10.856538 -76.689323 2.404201
v 10.424337 -75.599525 2.376901
v 10.473938 -76.664429 2.397301
v 10.719538 -77.606628 2.408901
v 10.883038 -77.610123 2.427301
v 10.514137 -77.608925 2.422401
v 10.185038 -75.588127 2.411701
v 9.932837 -75.571922 2.455301
v 9.983937 -76.622528 2.473901
v 10.235437 -76.647324 2.431701
v 10.027038 -77.560822 2.495601
v 10.277938 -77.593628 2.455501
v 10.088337 -78.982323 2.564401
v 10.339837 -79.025528 2.532001
v 10.312636 -78.396523 2.487501
v 10.061936 -78.357323 2.524501
v 10.567137 -79.003128 2.504501
v 10.543337 -78.395828 2.456701
v 10.744337 -78.885025 2.491801
v 10.848237 -78.719429 2.494101
v 10.877137 -78.309723 2.460001
v 10.732137 -78.340828 2.444201
v 7.311338 -56.324226 1.885201
v 6.994638 -56.382423 1.907101
v 7.266838 -57.562920 1.960401
v 7.574938 -57.508026 1.933301
v 6.693638 -56.437424 1.958801
v 6.974339 -57.614624 2.014301
v 7.606638 -59.099220 2.023101
v 7.905039 -59.048325 1.989901
v 7.323839 -59.147125 2.079701
v 6.425240 -56.486122 2.040601
v 6.206539 -56.525826 2.153101
v 6.501938 -57.697624 2.203001
v 6.713938 -57.660423 2.095101
v 6.868038 -59.223724 2.261701
v 7.072439 -59.189423 2.159401
v 7.460539 -60.965927 2.228001
v 7.263739 -60.996925 2.323901
v 7.702738 -60.927620 2.150301
v 8.264139 -60.837822 2.052101
v 7.975639 -60.884125 2.091401
v 5.898539 -52.658920 1.517801
v 5.586039 -52.779922 1.539001
v 5.934038 -53.384422 1.586901
v 6.256838 -53.277321 1.566401
v 5.296339 -52.891327 1.602101
v 5.633339 -53.483223 1.647901
v 6.208839 -53.940926 1.645201
v 6.537739 -53.846725 1.625601
v 5.900639 -54.028023 1.703701
v 5.042238 -52.989120 1.709301
v 4.836439 -53.069321 1.862601
v 5.154438 -53.640923 1.899301
v 5.368839 -53.569923 1.751401
v 5.407639 -54.167320 1.944001
v 5.628538 -54.104721 1.802801
v 5.740438 -54.968422 2.032401
v 5.968138 -54.918724 1.904301
v 5.826639 -54.564125 1.856201
v 5.601238 -54.619522 1.990501
v 6.247839 -54.857521 1.814001
v 6.103640 -54.496124 1.761701
v 6.562239 -54.788322 1.760501
v 6.894339 -54.714722 1.742601
v 6.747938 -54.336220 1.687101
v 6.416239 -54.418922 1.705801
v 3.592438 -49.877220 1.455602
v 3.359739 -50.046623 1.478101
v 4.050240 -50.804520 1.484902
v 4.305939 -50.644722 1.462602
v 3.143339 -50.205521 1.544602
v 3.813139 -50.953720 1.550902
v 4.648539 -51.503624 1.493601
v 4.926039 -51.355621 1.471501
v 4.391638 -51.641022 1.558902
v 2.953138 -50.346123 1.657202
v 2.798939 -50.460922 1.818002
v 3.436638 -51.193123 1.822402
v 3.605139 -51.085526 1.662602
v 3.984339 -51.861320 1.828402
v 4.166538 -51.762222 1.669802
v 4.643539 -52.391624 1.683801
v 4.448639 -52.481422 1.840402
v 4.884239 -52.282120 1.574301
v 5.455938 -52.022720 1.488001
v 5.159039 -52.157524 1.509701
v 0.599739 -46.865227 1.426302
v 0.445038 -47.047623 1.449202
v 1.034039 -47.641022 1.449602
v 1.203739 -47.458725 1.426602
v 0.299139 -47.220222 1.518302
v 0.874640 -47.813225 1.518402
v 1.770338 -48.389122 1.456902
v 1.958839 -48.208824 1.434002
v 1.593939 -48.559120 1.525102
v 0.169838 -47.373421 1.634702
v 0.065039 -47.498123 1.800002
v 0.619139 -48.090622 1.799502
v 0.733639 -47.966125 1.634602
v 1.311838 -48.832924 1.804102
v 1.438238 -48.710121 1.640202
v 2.204439 -49.528923 1.648802
v 2.064539 -49.648621 1.811102
v 2.376938 -49.381920 1.534902
v 2.782539 -49.040123 1.444902
v 2.572639 -49.216225 1.467602
v -6.768061 -38.798325 0.378302
v -6.909861 -38.911926 0.407302
v -5.378962 -40.758224 0.619402
v -5.238562 -40.630821 0.591302
v -7.044262 -39.019623 0.505802
v -5.511961 -40.878922 0.712602
v -3.832062 -42.510025 0.867302
v -3.693562 -42.368820 0.840702
v -3.963362 -42.643723 0.953402
v -7.163761 -39.115425 0.685702
v -7.261162 -39.193527 0.958602
v -5.726561 -41.073921 1.131802
v -5.630260 -40.986420 0.880302
v -4.175062 -42.859421 1.331702
v -4.080162 -42.762627 1.105902
v -1.636761 -45.638420 1.682402
v -1.543762 -45.525826 1.502502
v -2.666761 -44.317924 1.325602
v -2.760462 -44.423325 1.526002
v -1.429361 -45.387222 1.377702
v -2.551462 -44.188324 1.188302
v -1.300461 -45.231323 1.305002
v -1.164562 -45.066620 1.281502
v -2.284861 -43.888725 1.084802
v -2.421761 -44.042625 1.109602
v -11.730360 -31.916321 0.728803
v -10.855558 -33.714722 0.742303
v -10.758661 -33.662025 0.449503
v -11.634260 -31.871521 0.436903
v -9.821760 -35.521820 0.776603
v -9.724260 -35.461021 0.485203
v -10.639559 -33.597321 0.262703
v -11.516058 -31.816422 0.252203
v -9.604460 -35.386421 0.297503
v -8.624861 -37.345520 0.844503
v -8.527159 -37.276222 0.559003
v -8.407259 -37.191322 0.373002
v -8.130159 -36.995224 0.243702
v -8.272459 -37.095924 0.272502
v -9.327959 -35.214127 0.169403
v -9.469961 -35.302620 0.197503
v -10.364561 -33.447922 0.137503
v -11.243261 -31.689222 0.130103
v -11.383360 -31.754522 0.156003
v -10.505758 -33.524620 0.164503
v -13.832060 -24.740021 0.870403
v -13.485361 -26.529921 0.782903
v -13.390760 -26.507122 0.500503
v -13.736658 -24.723322 0.599103
v -13.029860 -28.323122 0.737703
v -12.935160 -28.293522 0.449403
v -13.274458 -26.479021 0.322903
v -13.619459 -24.702721 0.428003
v -12.818758 -28.256922 0.268103
v -12.449961 -30.118921 0.723503
v -12.354658 -30.081821 0.432503
v -12.237558 -30.036222 0.249203
v -11.966959 -29.930721 0.129203
v -12.105959 -29.984922 0.154503
v -12.549860 -28.172321 0.150003
v -12.687960 -28.215822 0.174703
v -13.005758 -26.413721 0.207603
v -13.348658 -24.654921 0.317303
v -13.487658 -24.679522 0.339903
v -13.143759 -26.447321 0.231503
v -14.528559 -17.518822 1.619903
v -14.524561 -17.539022 1.626203
v -14.416861 -17.540222 1.449803
v -14.420259 -17.520021 1.442303
v -14.514761 -17.671322 1.614103
v -14.407759 -17.672222 1.436303
v -14.284861 -17.541622 1.334603
v -14.287260 -17.521521 1.326203
v -14.276358 -17.673222 1.320503
v -14.491858 -18.024521 1.571603
v -14.448458 -18.707521 1.486503
v -14.343660 -18.706221 1.292703
v -14.385660 -18.024622 1.388503
v -14.214960 -18.704422 1.167403
v -14.255358 -18.024721 1.269503
v -13.918459 -18.700321 1.088803
v -13.955061 -18.024921 1.195403
v -14.109060 -18.024822 1.207503
v -14.070559 -18.702421 1.102303
v -13.973860 -17.675621 1.248503
v -14.129061 -17.674421 1.260003
v -13.980558 -17.544821 1.263003
v -13.980860 -17.524921 1.254003
v -14.138060 -17.523121 1.265503
v -14.136660 -17.543121 1.274403
v -14.071959 -13.343322 1.401403
v -14.204660 -14.496821 1.439603
v -14.050459 -14.507421 1.245003
v -13.897760 -13.356522 1.204403
v -14.319960 -15.486121 1.475603
v -14.180861 -15.494021 1.282903
v -13.865561 -14.520621 1.127503
v -13.690660 -13.372822 1.088503
v -14.012758 -15.503821 1.163603
v -14.413660 -16.288521 1.508903
v -14.481260 -16.881321 1.539203
v -14.360758 -16.884521 1.350803
v -14.285460 -16.293720 1.318203
v -14.213659 -16.888521 1.229103
v -14.129560 -16.300423 1.197303
v -13.875559 -16.898722 1.163303
v -13.772261 -16.316723 1.142703
v -13.955359 -16.308121 1.140703
v -14.048960 -16.893421 1.168503
v -13.628660 -15.527521 1.123503
v -13.825361 -15.515121 1.112303
v -13.445261 -14.552221 1.103103
v -13.222761 -13.411621 1.078703
v -13.461859 -13.391421 1.048303
v -13.660360 -14.535822 1.082003
v -13.540960 -7.646122 1.245003
v -13.647459 -9.166222 1.281603
v -13.386660 -9.183022 1.074503
v -13.248960 -7.661822 1.034603
v -13.780260 -10.644722 1.320903
v -13.550760 -10.661222 1.117303
v -13.082460 -9.203622 0.958703
v -12.908960 -7.681122 0.918603
v -13.281958 -10.681521 1.001903
v -13.926058 -12.048121 1.361403
v -13.726160 -12.063421 1.161203
v -13.490358 -12.082222 1.045803
v -12.961561 -12.126621 1.047703
v -13.231359 -12.103621 1.009803
v -12.683058 -10.729422 1.013303
v -12.987959 -10.704621 0.969003
v -12.408659 -9.251923 0.978603
v -12.159658 -7.726222 0.946703
v -12.539660 -7.702922 0.891303
v -12.751059 -9.226922 0.928603
v -13.422159 -3.043622 1.168903
v -13.060461 -3.048522 0.952703
v -13.437159 -4.582722 1.186303
v -13.092058 -4.592122 0.971403
v -12.637159 -3.054522 0.838003
v -12.688860 -4.603621 0.856203
v -13.473761 -6.117522 1.212403
v -13.152861 -6.130722 0.999503
v -12.778658 -6.146722 0.883803
v -11.957560 -6.184422 0.920803
v -12.372961 -6.164922 0.859503
v -11.807058 -4.630522 0.901503
v -12.252359 -4.616622 0.834803
v -11.712961 -3.068522 0.889503
v -12.178961 -3.061322 0.818803
v 9.681538 -75.549225 2.494501
v 9.733638 -76.586426 2.511001
v 9.444138 -75.524124 2.532001
v 9.497738 -76.545929 2.546001
v 9.777637 -77.510323 2.530301
v 9.544337 -77.448227 2.562401
v 9.233937 -75.500526 2.570801
v 9.064037 -75.482422 2.613701
v 9.122238 -76.479225 2.622301
v 9.289437 -76.507927 2.582101
v 9.181938 -77.332123 2.631601
v 9.341738 -77.380623 2.595001
v 9.313537 -78.383728 2.653301
v 9.428536 -78.584427 2.636401
v 9.394036 -78.073723 2.611501
v 9.250136 -77.988724 2.642601
v 9.611836 -78.775925 2.615101
v 9.584037 -78.198822 2.584101
v 9.838737 -78.903824 2.591601
v 9.812837 -78.292427 2.555901
v 8.404338 -56.120026 2.112401
v 8.189240 -56.160522 2.003601
v 8.431838 -57.352722 2.026601
v 8.642238 -57.314125 2.127501
v 7.924639 -56.210121 1.931001
v 8.173239 -57.399925 1.962901
v 8.738237 -58.903526 2.052801
v 8.943438 -58.867523 2.144501
v 8.486338 -58.947624 1.999801
v 7.626638 -56.265724 1.892301
v 7.882339 -57.452621 1.932901
v 8.203438 -58.996826 1.980501
v 8.553238 -60.790825 2.033301
v 8.827838 -60.745720 2.041301
v 9.272238 -60.672325 2.164201
v 9.072638 -60.705421 2.082801
v 7.043839 -52.202225 1.855701
v 6.813839 -52.295921 1.703001
v 7.193638 -52.956322 1.746001
v 7.427938 -52.873627 1.893301
v 6.532738 -52.408722 1.597401
v 6.906839 -53.056023 1.643801
v 7.480539 -53.567825 1.798301
v 7.715139 -53.496521 1.939101
v 7.193138 -53.654022 1.700301
v 6.220839 -52.532524 1.536401
v 6.587839 -53.165421 1.584701
v 6.872339 -53.749023 1.643401
v 7.226938 -54.640121 1.759101
v 7.082638 -54.251320 1.704301
v 7.542540 -54.568825 1.811401
v 7.401739 -54.169426 1.758901
v 7.823439 -54.505127 1.900801
v 8.051939 -54.453125 2.028501
v 7.918739 -54.035027 1.986301
v 7.686638 -54.095627 1.852301
v 4.441538 -49.270226 1.809702
v 4.270939 -49.391724 1.649702
v 5.055939 -50.181221 1.654801
v 5.245039 -50.064323 1.813801
v 4.062738 -49.539925 1.539002
v 4.825338 -50.323425 1.545001
v 5.742838 -50.920425 1.662201
v 5.948839 -50.809624 1.820001
v 5.491539 -51.054626 1.553201
v 3.831638 -49.705025 1.475102
v 4.569839 -50.481125 1.481802
v 5.213139 -51.202820 1.490501
v 5.763039 -51.882423 1.506901
v 6.060839 -51.745720 1.568901
v 6.549639 -51.518227 1.832601
v 6.329538 -51.621323 1.676601
v 1.142239 -46.228127 1.796402
v 1.035038 -46.354027 1.631502
v 1.685539 -46.946426 1.630302
v 1.804838 -46.819923 1.794802
v 0.903238 -46.508720 1.515802
v 1.539139 -47.101624 1.515202
v 2.499338 -47.699821 1.634702
v 2.633938 -47.573723 1.798002
v 2.334438 -47.854324 1.520902
v 0.755339 -46.682320 1.447902
v 1.375238 -47.275627 1.447902
v 2.150539 -48.027222 1.454702
v 2.997238 -48.862122 1.464902
v 3.204039 -48.692024 1.529902
v 3.542038 -48.415222 1.803702
v 3.389839 -48.539726 1.642102
v -6.275162 -38.402824 0.958202
v -6.372461 -38.481026 0.685302
v -4.847061 -40.274925 0.879502
v -4.750862 -40.187225 1.131002
v -6.492062 -38.576927 0.505502
v -4.965361 -40.382423 0.712002
v -3.307261 -41.974525 1.104602
v -3.212461 -41.877525 1.330402
v -3.423861 -42.093727 0.952402
v -6.626362 -38.684723 0.407102
v -5.098261 -40.503326 0.619002
v -3.555061 -42.227623 0.866802
v -1.028662 -44.901825 1.304202
v -2.148062 -43.734726 1.109002
v -0.899961 -44.745621 1.376202
v -2.018461 -43.588722 1.187102
v -0.785662 -44.606621 1.500502
v -0.692961 -44.493523 1.680202
v -1.809862 -43.353127 1.524202
v -1.903362 -43.458824 1.323902
v -10.223360 -33.371223 0.164503
v -11.103159 -31.623922 0.156003
v -9.185961 -35.125725 0.197403
v -10.089560 -33.298523 0.262703
v -10.970358 -31.561922 0.252203
v -9.051458 -35.041924 0.297403
v -7.987959 -36.894524 0.272502
v -7.853159 -36.799026 0.372902
v -7.635462 -36.644821 0.844302
v -7.733160 -36.714127 0.558802
v -8.834158 -34.906525 0.776502
v -8.931658 -34.967323 0.485202
v -9.873560 -33.181221 0.742303
v -10.756060 -31.462122 0.728803
v -10.852160 -31.506922 0.436903
v -9.970461 -33.233822 0.449503
v -12.867861 -26.380222 0.232703
v -13.209658 -24.630322 0.342903
v -12.411760 -28.128822 0.175003
v -12.737158 -26.348522 0.325203
v -13.078058 -24.607021 0.433803
v -12.280958 -28.087622 0.268603
v -11.828058 -29.876522 0.154503
v -11.696459 -29.825222 0.249203
v -11.484060 -29.742622 0.723503
v -11.579260 -29.779621 0.432503
v -12.069960 -28.021421 0.738603
v -12.164560 -28.051121 0.450203
v -12.526358 -26.297621 0.786303
v -12.865759 -24.569822 0.878803
v -12.960958 -24.586422 0.606803
v -12.620859 -26.320421 0.503603
v -13.824858 -17.546522 1.294303
v -13.824160 -17.526722 1.285603
v -13.818960 -17.676922 1.279503
v -13.677561 -17.548321 1.371903
v -13.675859 -17.528622 1.363903
v -13.672560 -17.678122 1.357003
v -13.766760 -18.698322 1.118903
v -13.801359 -18.025021 1.226003
v -13.623159 -18.696421 1.198603
v -13.655958 -18.025221 1.304203
v -13.391859 -18.693621 1.532203
v -13.421858 -18.025721 1.622403
v -13.526861 -18.025421 1.434803
v -13.495558 -18.694822 1.334303
v -13.436758 -17.680422 1.667703
v -13.542459 -17.679321 1.485103
v -13.440458 -17.551321 1.681003
v -13.437059 -17.531822 1.675103
v -13.544161 -17.530321 1.492503
v -13.546759 -17.549921 1.499603
v -13.230860 -14.569221 1.185403
v -12.984758 -13.432322 1.174203
v -13.432261 -15.540421 1.191803
v -13.028158 -14.585722 1.321303
v -12.760160 -13.452521 1.324503
v -13.246561 -15.553021 1.312703
v -13.702459 -16.904522 1.207603
v -13.589361 -16.325623 1.197803
v -13.538759 -16.910221 1.302403
v -13.416361 -16.334421 1.304403
v -13.275259 -16.919521 1.646703
v -13.138258 -16.348923 1.666003
v -13.262758 -16.342422 1.461003
v -13.393259 -16.915321 1.448403
v -12.948259 -15.573821 1.694103
v -13.081758 -15.564422 1.481603
v -12.702959 -14.613122 1.723803
v -12.399958 -13.485922 1.747703
v -12.561060 -13.470821 1.519203
v -12.848459 -14.600721 1.503303
v -12.071558 -9.277622 1.102803
v -11.787859 -7.750222 1.079103
v -12.381361 -10.754922 1.129103
v -11.755861 -9.302523 1.285303
v -11.441660 -7.773422 1.270903
v -12.097761 -10.779621 1.302103
v -12.693659 -12.150421 1.154203
v -12.441259 -12.173422 1.316603
v -12.036661 -12.211521 1.758503
v -12.217760 -12.194221 1.522303
v -11.644258 -10.820621 1.761203
v -11.847158 -10.802022 1.517603
v -11.253561 -9.343822 1.760603
v -10.895559 -7.812022 1.761603
v -11.138460 -7.794522 1.504303
v -11.477858 -9.325022 1.510003
v -11.266161 -3.075922 1.044203
v -11.377859 -4.644822 1.050503
v -10.858358 -3.083122 1.260503
v -10.983961 -4.658622 1.260503
v -11.554258 -6.204422 1.061903
v -11.181360 -6.223722 1.263303
v -10.601160 -6.255922 1.769103
v -10.857561 -6.241322 1.505603
v -10.379461 -4.681522 1.779403
v -10.644758 -4.671122 1.510503
v -10.239260 -3.095122 1.788503
v -10.509459 -3.089622 1.516103
v 7.381338 -62.948021 2.837401
v 7.392239 -62.946426 2.958801
v 7.730938 -64.887123 2.943601
v 7.720238 -64.888420 2.837401
v 7.434538 -62.941124 3.077101
v 7.772339 -64.883224 3.047401
v 8.016739 -66.804123 2.930801
v 8.006239 -66.805222 2.837401
v 8.057638 -66.801628 3.022501
v 7.517439 -62.931122 3.189001
v 7.853739 -64.876526 3.146601
v 8.138138 -66.798424 3.110601
v 8.558138 -70.344124 3.057701
v 8.372337 -68.640022 3.081001
v 8.479338 -70.341324 2.986301
v 8.292637 -68.639824 3.002101
v 8.439238 -70.341324 2.912501
v 8.428838 -70.341927 2.837401
v 8.241636 -68.641823 2.837401
v 8.252136 -68.640923 2.920501
v 10.715638 -70.224724 2.849401
v 10.711038 -70.250626 3.026401
v 10.552538 -68.483025 3.028601
v 10.559738 -68.459229 2.846901
v 10.688638 -70.317024 3.201301
v 10.522438 -68.535728 3.204001
v 10.359838 -66.577522 3.030701
v 10.368837 -66.558624 2.844201
v 10.322638 -66.608826 3.206601
v 10.649037 -70.452927 3.367001
v 10.465938 -68.635124 3.363101
v 10.250338 -66.655426 3.358801
v 9.731638 -62.625420 3.376201
v 10.008138 -64.638123 3.365101
v 9.815838 -62.605621 3.217701
v 10.088538 -64.613327 3.211701
v 9.859238 -62.592026 3.034601
v 9.870538 -62.584526 2.839501
v 10.140038 -64.581024 2.841601
v 10.129738 -64.593925 3.032701
v 10.113737 -79.224228 3.202201
v 10.389037 -79.541122 3.244401
v 10.380237 -79.684822 3.143301
v 10.121537 -79.561623 3.107301
v 10.618836 -79.615028 3.285701
v 10.620637 -79.702225 3.178301
v 10.383837 -79.809326 3.043401
v 10.125937 -79.739227 3.019101
v 10.625337 -79.774025 3.068201
v 10.813037 -79.480629 3.326401
v 10.957837 -79.119827 3.364001
v 10.976637 -79.162422 3.243401
v 10.824237 -79.538322 3.212301
v 10.989037 -79.190926 3.114801
v 10.832637 -79.581429 3.092501
v 10.993337 -79.194427 2.851701
v 10.836337 -79.600327 2.850401
v 10.837037 -79.604126 2.970701
v 10.994737 -79.202522 2.982701
v 10.627637 -79.815926 2.849001
v 10.628137 -79.813728 2.957601
v 10.384737 -79.881828 2.847401
v 10.125737 -79.838524 2.845601
v 10.126937 -79.825325 2.931401
v 10.385537 -79.873322 2.944201
v 11.017737 -75.699326 3.462001
v 10.958637 -74.586823 3.476301
v 10.987238 -74.543823 3.336701
v 11.046338 -75.682724 3.324701
v 10.876238 -73.414925 3.489601
v 10.904538 -73.318924 3.347801
v 11.005938 -74.513824 3.181501
v 11.063437 -75.670128 3.172901
v 10.926738 -73.259323 3.188801
v 10.766138 -72.179726 3.504501
v 10.793538 -71.984726 3.359901
v 10.822238 -71.875923 3.195801
v 10.839437 -71.797127 2.851401
v 10.838138 -71.820625 3.024101
v 10.935537 -73.205925 2.852801
v 10.937637 -73.224525 3.021401
v 11.008338 -74.480827 2.853601
v 11.062138 -75.651222 2.854101
v 11.068738 -75.660126 3.013701
v 11.013338 -74.493828 3.018001
v 6.354738 -57.723526 3.337001
v 6.054539 -56.553322 3.378001
v 6.726339 -59.247726 3.288801
v 6.262339 -57.739723 3.181801
v 5.958939 -56.570625 3.210801
v 6.637438 -59.262520 3.147601
v 7.127838 -61.019226 3.237901
v 7.042238 -61.031921 3.111601
v 6.987040 -61.040222 2.837401
v 6.998438 -61.038422 2.976701
v 6.579838 -59.272026 2.837401
v 6.591839 -59.270027 2.995301
v 6.202339 -57.750320 2.837401
v 5.896738 -56.581924 2.837401
v 5.909739 -56.579620 3.028002
v 6.214838 -57.748123 3.013001
v 5.004139 -53.692627 3.581501
v 4.692039 -53.127823 3.610701
v 5.253038 -54.212524 3.545801
v 4.908638 -53.727020 3.352701
v 4.600039 -53.166824 3.373001
v 5.155138 -54.242226 3.327901
v 5.581539 -55.003227 3.475401
v 5.443838 -54.658920 3.508701
v 5.481339 -55.025223 3.279001
v 5.344439 -54.684326 3.302202
v 5.415638 -55.039726 2.837401
v 5.278938 -54.701622 2.837401
v 5.292738 -54.697823 3.075001
v 5.429539 -55.036621 3.063102
v 5.090338 -54.263123 2.837401
v 5.104139 -54.258324 3.088202
v 4.845238 -53.751625 2.837401
v 4.538639 -53.195023 2.837401
v 4.551838 -53.188423 3.111301
v 4.858738 -53.746025 3.100901
v 3.318039 -51.269920 3.642602
v 2.690538 -50.541924 3.645902
v 3.856039 -51.932625 3.637902
v 3.242439 -51.319626 3.395102
v 2.621439 -50.594025 3.397302
v 3.774239 -51.979424 3.391902
v 4.311739 -52.546524 3.628402
v 4.224339 -52.589722 3.385301
v 4.165939 -52.620621 2.837401
v 4.178438 -52.613525 3.117501
v 3.719439 -52.012321 2.837402
v 3.731239 -52.004921 3.120902
v 3.191738 -51.353920 2.837402
v 2.575239 -50.629227 2.837402
v 2.585239 -50.621521 3.123702
v 3.202639 -51.346321 3.122502
v 0.539539 -48.177223 3.660002
v -0.007662 -47.584724 3.659402
v 1.223539 -48.918823 3.656602
v 0.489439 -48.231827 3.406802
v -0.053061 -47.639221 3.406402
v 1.167639 -48.973122 3.404502
v 1.966438 -49.732620 3.651202
v 1.904139 -49.786224 3.400902
v 1.862638 -49.821922 2.837402
v 1.871538 -49.814224 3.125502
v 1.130838 -49.009026 2.837402
v 1.138639 -49.001427 3.127302
v 0.456839 -48.267624 2.837402
v -0.082460 -47.674622 2.837402
v -0.076361 -47.667122 3.128202
v 0.463638 -48.260124 3.128402
v -5.793461 -41.134827 4.198203
v -7.328861 -39.248024 4.338303
v -4.240862 -42.926720 4.037003
v -5.835461 -41.173126 3.783502
v -7.371462 -39.282326 3.881702
v -4.282061 -42.969025 3.670602
v -1.700962 -45.716621 3.754502
v -2.825262 -44.496521 3.880402
v -1.740961 -45.765625 3.473002
v -2.865761 -44.542427 3.561102
v -1.766562 -45.797325 2.837402
v -2.891861 -44.572220 2.837402
v -2.886461 -44.566025 3.207802
v -1.761261 -45.790726 3.162502
v -4.308762 -42.996620 2.837402
v -4.303261 -42.990822 3.264002
v -5.862761 -41.198227 2.837402
v -7.399261 -39.304825 2.837402
v -7.393461 -39.300026 3.372702
v -5.857061 -41.192924 3.322102
v -10.923059 -33.751320 4.516703
v -11.797159 -31.947422 4.528703
v -9.889559 -35.564125 4.487602
v -10.965460 -33.774422 4.008303
v -11.839159 -31.966921 4.017303
v -9.932261 -35.590820 3.987303
v -8.692858 -37.393723 4.431502
v -8.735659 -37.424225 3.947402
v -8.763659 -37.444122 2.837402
v -8.757761 -37.439926 3.406602
v -9.960161 -35.608322 2.837403
v -9.954359 -35.604622 3.427303
v -10.993059 -33.789520 2.837403
v -11.866461 -31.979622 2.837403
v -11.860758 -31.977022 3.443003
v -10.987261 -33.786324 3.438303
v -13.551058 -26.545521 4.486303
v -13.898359 -24.751322 4.415603
v -13.095560 -28.343622 4.522603
v -13.592260 -26.555122 3.988103
v -13.939859 -24.758221 3.938503
v -13.136858 -28.356321 4.013503
v -12.516161 -30.144522 4.533703
v -12.557760 -30.160622 4.021103
v -12.584761 -30.170921 2.837403
v -12.579058 -30.168821 3.445103
v -13.163660 -28.364422 2.837403
v -13.158060 -28.362722 3.441203
v -13.619059 -26.561222 2.837403
v -13.966860 -24.762421 2.837403
v -13.961260 -24.761621 3.402703
v -13.613459 -26.560022 3.428203
v -14.528559 -17.518822 4.055003
v -14.524561 -17.539022 4.048703
v -14.599459 -17.538122 3.804903
v -14.603960 -17.517921 3.809803
v -14.514761 -17.671322 4.060803
v -14.589258 -17.670521 3.814703
v -14.646658 -17.537422 3.510503
v -14.651461 -17.517321 3.513903
v -14.636160 -17.669922 3.517403
v -14.491858 -18.024521 4.103303
v -14.521360 -18.708221 3.917903
v -14.565760 -18.024221 3.849103
v -14.567259 -18.708521 3.589703
v -14.612261 -18.023922 3.541503
v -14.597158 -18.708622 2.837403
v -14.642660 -18.023521 2.837403
v -14.636259 -18.023722 3.198403
v -14.590860 -18.708622 3.223203
v -14.666758 -17.669422 2.837403
v -14.660360 -17.669521 3.186003
v -14.677458 -17.536821 2.837403
v -14.682459 -17.516821 2.837403
v -14.675959 -17.516922 3.184103
v -14.670958 -17.537022 3.182403
v -14.317659 -14.489522 3.958103
v -14.201761 -13.334022 3.990003
v -14.420359 -15.480822 3.927803
v -14.393358 -14.484921 3.618903
v -14.290258 -13.328221 3.641803
v -14.486361 -15.477522 3.597203
v -14.566061 -16.879322 3.874603
v -14.504759 -16.285023 3.899903
v -14.620161 -16.878120 3.559103
v -14.563761 -16.282921 3.577103
v -14.656458 -16.877522 2.837403
v -14.604258 -16.281721 2.837403
v -14.595358 -16.281921 3.216703
v -14.648661 -16.877621 3.207303
v -14.532961 -15.475422 2.837403
v -14.522360 -15.475821 3.227203
v -14.448458 -14.481921 2.837403
v -14.356661 -13.324322 2.837403
v -14.340860 -13.325122 3.250403
v -14.435659 -14.482521 3.238503
v -13.848658 -9.154322 4.089203
v -13.766161 -7.634922 4.119403
v -13.956160 -10.633021 4.056803
v -13.991060 -9.146622 3.712303
v -13.925661 -7.627622 3.733803
v -14.079859 -10.625422 3.689303
v -14.077559 -12.037421 4.023303
v -14.182760 -12.030521 3.665603
v -14.263659 -12.025922 2.837403
v -14.244059 -12.026921 3.262803
v -14.176859 -10.620321 2.837403
v -14.152960 -10.621422 3.275103
v -14.103758 -9.141321 2.837403
v -14.051661 -7.622622 2.837403
v -14.020460 -7.623722 3.298203
v -14.075758 -9.142521 3.287003
v -13.695158 -3.040222 4.182703
v -13.699358 -4.576022 4.168103
v -13.884161 -3.037922 3.778903
v -13.882261 -4.571622 3.768503
v -13.719759 -6.108222 4.146403
v -13.892759 -6.102121 3.753003
v -14.028261 -6.097921 2.837403
v -13.994860 -6.098822 3.308103
v -14.023760 -4.568622 2.837403
v -13.989260 -4.569322 3.316203
v -14.028761 -3.036322 2.837403
v -13.993761 -3.036722 3.321603
v 9.110238 -76.486626 3.056801
v 9.004337 -76.469727 3.006801
v 8.942537 -75.477028 3.012801
v 9.172738 -77.341927 3.048901
v 9.072938 -77.332123 3.001601
v 8.939538 -76.465729 2.952601
v 8.874338 -75.472626 2.956701
v 9.013938 -77.344925 2.949801
v 9.244837 -78.003426 3.040001
v 9.310837 -78.402924 3.031201
v 9.271836 -78.555023 2.999401
v 9.157737 -78.024025 2.997401
v 9.238637 -78.679428 2.952201
v 9.109437 -78.086624 2.949001
v 9.218837 -78.745728 2.838801
v 9.081437 -78.125328 2.838001
v 9.086536 -78.117928 2.894801
v 9.222736 -78.735725 2.897301
v 8.979037 -77.360924 2.837601
v 8.985538 -77.356026 2.894501
v 8.899438 -76.471222 2.837401
v 8.830438 -75.474525 2.837401
v 8.839538 -75.473122 2.897701
v 8.907338 -76.468224 2.895701
v 9.425137 -78.612328 3.052301
v 9.427937 -78.934822 3.012801
v 9.608037 -78.831322 3.084601
v 9.625337 -79.205124 3.036601
v 9.414237 -79.112228 2.961501
v 9.627437 -79.414322 2.976401
v 9.836937 -79.018227 3.129401
v 9.863236 -79.407822 3.069901
v 9.869137 -79.615425 2.996201
v 9.868237 -79.726822 2.843701
v 9.869937 -79.711823 2.919901
v 9.623637 -79.523026 2.841801
v 9.625836 -79.508522 2.910201
v 9.403437 -79.203827 2.840101
v 9.406237 -79.191223 2.902501
v 9.412738 -60.659225 3.386501
v 9.086738 -58.844727 3.396101
v 9.500137 -60.641922 3.223101
v 9.176738 -58.828125 3.228101
v 8.554038 -56.091820 3.415001
v 8.788737 -57.287224 3.405601
v 8.648138 -56.074020 3.238601
v 8.881038 -57.270226 3.233201
v 8.709538 -56.062424 2.837401
v 8.941338 -57.259026 2.837401
v 8.928638 -57.261421 3.040401
v 8.696638 -56.064926 3.042801
v 9.235738 -58.816422 2.837601
v 9.223338 -58.819221 3.038301
v 9.557238 -60.627327 2.838301
v 9.545338 -60.631622 3.036401
v 8.079538 -53.992821 3.512601
v 8.210638 -54.417320 3.478901
v 7.877239 -53.446526 3.550301
v 8.180038 -53.966225 3.305001
v 8.310139 -54.394920 3.281601
v 7.978338 -53.414627 3.331301
v 7.202438 -52.135826 3.617101
v 7.589638 -52.815224 3.586901
v 7.301039 -52.093124 3.377801
v 7.690239 -52.777725 3.356801
v 7.363838 -52.064125 2.837401
v 7.754539 -52.752426 2.837401
v 7.741339 -52.757927 3.103001
v 7.351038 -52.070427 3.113801
v 8.043240 -53.393326 2.837401
v 8.029839 -53.397926 3.090001
v 8.244938 -53.948822 2.837401
v 8.374538 -54.380623 2.837401
v 8.361138 -54.383522 3.064501
v 8.231539 -53.952522 3.076501
v 6.701538 -51.445320 3.635501
v 6.091238 -50.731522 3.645501
v 6.796040 -51.398521 3.390601
v 6.179939 -50.681526 3.397601
v 4.559938 -49.185226 3.653502
v 5.375938 -49.982124 3.650401
v 4.634039 -49.131424 3.403002
v 5.457739 -49.929924 3.401001
v 4.682138 -49.095825 2.837401
v 5.510538 -49.895126 2.837401
v 5.499640 -49.902626 3.125701
v 4.672138 -49.103424 3.126701
v 6.236938 -50.647926 2.837401
v 6.225239 -50.655220 3.124002
v 6.856339 -51.366821 2.837401
v 6.843939 -51.373726 3.120401
v 3.647638 -48.328423 3.657902
v 2.727339 -47.485924 3.662102
v 3.713739 -48.273621 3.406002
v 2.785738 -47.430626 3.408702
v 1.216139 -46.140625 3.662702
v 1.887339 -46.731926 3.664302
v 1.262039 -46.085625 3.408802
v 1.938839 -46.676620 3.410002
v 1.291338 -46.049927 2.837402
v 1.971939 -46.640625 2.837402
v 1.965038 -46.648125 3.130102
v 1.285339 -46.057426 3.129502
v 2.823439 -47.394524 2.837402
v 2.815639 -47.402122 3.129502
v 3.756639 -48.237625 2.837402
v 3.747738 -48.245224 3.128202
v -1.745062 -43.279724 3.882102
v -0.628860 -44.415123 3.756502
v -3.146662 -41.810020 4.038202
v -1.704660 -43.233620 3.562302
v -0.588961 -44.365921 3.474502
v -3.105461 -41.767624 3.671502
v -6.207460 -38.348320 4.338702
v -4.683962 -40.126221 4.199002
v -6.164862 -38.314026 3.882002
v -4.641962 -40.087822 3.784002
v -6.137062 -38.291527 2.837402
v -4.614662 -40.062721 2.837402
v -4.620361 -40.068024 3.322402
v -6.142962 -38.296227 3.372902
v -3.078762 -41.740021 2.837402
v -3.084261 -41.745827 3.264502
v -1.678562 -43.203720 2.837402
v -0.563461 -44.334023 2.837402
v -0.568661 -44.340622 3.163302
v -1.683962 -43.209923 3.208402
v -7.567461 -36.596527 4.431602
v -8.766359 -34.864120 4.487602
v -7.524761 -36.566124 3.947502
v -8.723658 -34.837524 3.987302
v -10.689260 -31.431021 4.528703
v -9.806158 -33.144524 4.516702
v -10.647261 -31.411522 4.017303
v -9.763758 -33.121521 4.008302
v -10.619959 -31.398821 2.837403
v -9.736158 -33.106422 2.837403
v -9.741961 -33.109619 3.438303
v -10.625658 -31.401522 3.443003
v -8.695761 -34.820023 2.837402
v -8.701559 -34.823723 3.427302
v -7.496761 -36.546120 2.837402
v -7.502661 -36.550323 3.406702
v -11.417860 -29.716921 4.533703
v -12.004259 -28.001022 4.521903
v -11.376261 -29.700922 4.021103
v -11.962961 -27.988321 4.012903
v -12.799761 -24.558622 4.407903
v -12.460760 -26.282021 4.483203
v -12.758360 -24.551722 3.932803
v -12.419558 -26.272421 3.985803
v -12.731459 -24.547422 2.837403
v -12.392859 -26.266321 2.837403
v -12.398458 -26.267521 3.426903
v -12.737059 -24.548321 3.399603
v -11.936159 -27.980221 2.837403
v -11.941759 -27.981922 3.440903
v -11.349260 -29.690622 2.837403
v -11.354860 -29.692722 3.445103
v -13.033560 -22.829422 4.286203
v -13.183760 -21.203121 4.141403
v -12.991358 -22.824821 3.847103
v -13.140558 -21.200422 3.745203
v -13.319860 -18.692921 3.876303
v -13.271959 -19.788122 3.997003
v -13.274759 -18.692621 3.558603
v -13.227758 -19.786821 3.643503
v -13.245459 -18.692621 2.837403
v -13.199060 -19.786121 2.837403
v -13.205061 -19.786222 3.250403
v -13.251558 -18.692621 3.206603
v -13.112558 -21.198822 2.837403
v -13.118460 -21.199121 3.302803
v -12.964060 -22.822121 2.837403
v -12.969759 -22.822622 3.355403
v -13.109461 -16.924923 2.837403
v -13.116259 -16.924721 3.168303
v -12.971361 -16.357521 3.159603
v -12.964258 -16.357822 2.837403
v -13.142359 -16.923922 3.485903
v -12.998560 -16.356121 3.470003
v -12.770159 -15.586422 3.147703
v -12.762758 -15.587022 2.837403
v -12.799158 -15.584322 3.448203
v -13.193460 -16.922321 3.776903
v -13.052160 -16.353420 3.757003
v -12.856260 -15.580321 3.729103
v -12.288858 -13.496621 3.675303
v -12.602758 -14.621721 3.699703
v -12.219858 -13.503522 3.405803
v -12.540659 -14.627221 3.425203
v -12.184961 -13.507121 3.124503
v -12.175959 -13.508222 2.837403
v -12.501158 -14.630921 2.837403
v -12.509260 -14.630121 3.135203
v -11.911558 -12.223822 3.662303
v -11.503958 -10.833821 3.656503
v -11.833460 -12.231821 3.394803
v -11.416460 -10.842522 3.389103
v -10.730459 -7.824622 3.649703
v -11.099260 -9.357222 3.653703
v -10.629759 -7.832822 3.381503
v -11.003561 -9.366022 3.385703
v -10.567961 -7.838622 2.837403
v -10.942858 -9.372222 2.837403
v -10.955160 -9.370822 3.112803
v -10.580061 -7.837322 3.110303
v -11.360159 -10.848521 2.837403
v -11.371759 -10.847221 3.115003
v -11.783358 -12.237222 2.837403
v -11.793760 -12.236021 3.118303
v -10.430761 -6.266422 3.640303
v -10.207460 -4.689122 3.629003
v -10.330061 -6.273322 3.373403
v -10.109461 -4.694022 3.364203
v -10.067659 -3.099022 3.619303
v -9.973059 -3.101522 3.356403
v -9.927660 -3.103422 2.837403
v -9.933561 -3.102922 3.096203
v -10.058058 -4.697522 2.837403
v -10.066061 -4.696722 3.100503
v -10.272261 -6.278222 2.837403
v -10.282660 -6.277122 3.105703
v 6.983540 -54.951324 3.891201
v 6.652639 -55.018822 3.873801
v 7.055939 -55.197426 3.858101
v 6.727940 -55.261024 3.840502
v 6.338438 -55.082626 3.822101
v 6.416039 -55.321121 3.789801
v 7.151739 -55.604523 3.826401
v 6.828438 -55.665321 3.807401
v 6.520939 -55.722824 3.756801
v 6.023039 -55.815323 3.557501
v 6.246639 -55.773926 3.673702
v 5.910938 -55.417923 3.585301
v 6.137838 -55.374626 3.705001
v 5.830238 -55.185120 3.611501
v 6.058439 -55.139221 3.735001
v 8.128239 -54.714920 3.615701
v 7.902838 -54.761520 3.738801
v 8.186338 -54.976120 3.593601
v 7.964039 -55.019722 3.712501
v 7.625538 -54.818924 3.824901
v 7.690439 -55.073326 3.795401
v 8.265438 -55.392624 3.576901
v 8.046438 -55.434425 3.691401
v 7.776939 -55.485825 3.770001
v 7.473339 -55.543625 3.814501
v 7.382238 -55.133720 3.843501
v 7.313438 -54.883423 3.875301
v 8.447039 -54.650322 2.837401
v 8.433739 -54.652924 3.055801
v 8.501139 -54.915520 2.837401
v 8.487939 -54.918022 3.049801
v 8.383139 -54.662926 3.264701
v 8.437939 -54.927521 3.252901
v 8.575739 -55.333824 2.837401
v 8.562638 -55.336220 3.045701
v 8.513339 -55.345520 3.244701
v 8.417639 -55.363625 3.424801
v 8.340838 -54.946121 3.437301
v 8.284838 -54.682823 3.454501
v 6.983540 -54.951324 1.783701
v 7.313438 -54.883423 1.799501
v 7.055939 -55.197426 1.816801
v 7.382238 -55.133720 1.831401
v 7.625538 -54.818924 1.850001
v 7.690439 -55.073326 1.879501
v 7.151739 -55.604523 1.848501
v 7.473339 -55.543625 1.860401
v 7.776939 -55.485825 1.904801
v 8.265438 -55.392624 2.098001
v 8.046438 -55.434425 1.983501
v 8.186338 -54.976120 2.081301
v 7.964039 -55.019722 1.962301
v 8.128239 -54.714920 2.059201
v 7.902838 -54.761520 1.936101
v 5.830238 -55.185120 2.063301
v 6.058439 -55.139221 1.939901
v 5.910938 -55.417923 2.089602
v 6.137838 -55.374626 1.969901
v 6.338438 -55.082626 1.852801
v 6.416039 -55.321121 1.885101
v 6.023039 -55.815323 2.117401
v 6.246639 -55.773926 2.001101
v 6.520939 -55.722824 1.918101
v 6.828438 -55.665321 1.867501
v 6.727940 -55.261024 1.834401
v 6.652639 -55.018822 1.801101
v 5.505539 -55.249725 2.837401
v 5.519239 -55.247025 2.620601
v 5.429539 -55.036621 2.611801
v 5.588739 -55.478722 2.837401
v 5.602339 -55.476227 2.628101
v 5.571039 -55.236824 2.413002
v 5.481339 -55.025223 2.395901
v 5.653639 -55.466621 2.427601
v 5.705639 -55.873726 2.837401
v 5.909739 -56.579620 2.646801
v 5.719038 -55.871323 2.636201
v 5.958939 -56.570625 2.464101
v 5.769539 -55.862122 2.443401
v 5.867338 -55.844124 2.267701
v 6.054539 -56.553322 2.296901
v 5.753038 -55.447922 2.245201
v 5.581539 -55.003227 2.199502
v 5.671238 -55.216927 2.224201
v -0.272261 -47.132225 3.866902
v -0.173761 -47.008423 4.031102
v -0.558062 -46.817421 3.870902
v -0.463261 -46.695724 4.035402
v -0.052261 -46.856125 4.146902
v -0.346361 -46.546021 4.151202
v -0.957762 -46.377922 3.906302
v -0.864662 -46.259926 4.075102
v -0.749861 -46.114723 4.193402
v -0.484362 -45.778824 4.285802
v -0.620661 -45.951324 4.263002
v -0.075861 -46.199722 4.242502
v -0.214762 -46.377625 4.219802
v 0.229340 -46.503723 4.238402
v 0.084639 -46.684723 4.215602
v -0.409861 -47.306923 2.837402
v -0.404261 -47.299721 3.125902
v -0.690062 -46.988823 2.837402
v -0.684761 -46.981720 3.127102
v -0.382761 -47.272026 3.401902
v -0.664061 -46.954620 3.404302
v -1.087461 -46.544220 2.837402
v -1.082262 -46.537422 3.137502
v -1.061962 -46.511124 3.424402
v -1.021961 -46.459824 3.685002
v -0.623461 -46.901726 3.656402
v -0.340361 -47.218124 3.653102
v 0.229340 -46.503723 1.436502
v 0.084639 -46.684723 1.459302
v -0.075861 -46.199722 1.432402
v -0.214762 -46.377625 1.455102
v -0.052261 -46.856125 1.528002
v -0.346361 -46.546021 1.523702
v -0.484362 -45.778824 1.389102
v -0.620661 -45.951324 1.411902
v -0.749861 -46.114723 1.481502
v -0.957762 -46.377922 1.768602
v -0.864662 -46.259926 1.599802
v -0.558062 -46.817322 1.803902
v -0.463261 -46.695724 1.639502
v -0.272261 -47.132225 1.807902
v -0.173761 -47.008423 1.643702
v 0.733540 -45.872520 1.805002
v 0.634239 -45.997124 1.641102
v 0.406338 -45.580223 1.801302
v 0.311539 -45.702522 1.637102
v 0.511938 -46.150322 1.526002
v 0.194738 -45.852722 1.521902
v -0.011662 -45.178223 1.766202
v -0.104561 -45.296722 1.597602
v -0.219061 -45.442421 1.479902
v -0.348061 -45.606125 1.411002
v 0.063139 -46.021622 1.454202
v 0.374439 -46.322327 1.458202
v 0.871239 -45.696526 2.837402
v 0.865738 -45.703926 2.547902
v 1.285339 -46.057426 2.545402
v 0.537838 -45.407822 2.837402
v 0.532539 -45.415024 2.546802
v 0.844238 -45.731720 2.271002
v 1.262039 -46.085625 2.266102
v 0.512039 -45.442322 2.268802
v 0.117538 -45.011223 2.837402
v -0.568661 -44.340622 2.511602
v 0.112339 -45.018120 2.536502
v -0.588961 -44.365921 2.200402
v 0.092138 -45.044525 2.248902
v 0.052340 -45.096024 1.987702
v -0.628860 -44.415123 1.918402
v 0.471539 -45.495422 2.016102
v 1.216139 -46.140625 2.012202
v 0.801838 -45.786026 2.019202
v 0.374439 -46.322327 4.216602
v 0.063139 -46.021622 4.220702
v 0.511938 -46.150322 4.148902
v 0.194738 -45.852722 4.153002
v -0.348061 -45.606125 4.263802
v -0.219061 -45.442421 4.195002
v -0.011662 -45.178223 3.908702
v -0.104561 -45.296722 4.077302
v 0.406338 -45.580223 3.873502
v 0.311539 -45.702522 4.037802
v 0.733540 -45.872520 3.869902
v 0.634239 -45.997124 4.033802
v -13.938059 -17.252823 4.487003
v -14.104460 -17.249420 4.477603
v -13.969759 -17.436722 4.461603
v -14.131559 -17.434322 4.450303
v -14.262560 -17.246422 4.415303
v -14.285158 -17.432220 4.387803
v -13.980658 -17.508121 4.438503
v -13.980959 -17.524921 4.420903
v -14.138060 -17.523121 4.409403
v -14.139559 -17.506222 4.426803
v -14.287260 -17.521521 4.348703
v -14.290358 -17.504421 4.365103
v -14.534258 -17.501822 4.067603
v -14.424761 -17.503021 4.247403
v -14.420259 -17.520021 4.232603
v -14.533560 -17.429123 4.085703
v -14.421961 -17.430523 4.268303
v -14.518560 -17.241920 4.108603
v -14.403460 -17.243820 4.294303
v -13.361761 -17.266321 4.031403
v -13.475161 -17.263622 4.224003
v -13.409658 -17.446121 4.024003
v -13.519960 -17.444221 4.212203
v -13.614759 -17.260221 4.362603
v -13.655558 -17.441822 4.345803
v -13.430761 -17.515722 4.011603
v -13.437059 -17.531822 3.999703
v -13.544161 -17.530321 4.182303
v -13.539061 -17.514122 4.196503
v -13.675859 -17.528622 4.311003
v -13.672258 -17.512222 4.326903
v -13.822161 -17.510122 4.406403
v -13.824160 -17.526722 4.389303
v -13.808260 -17.439220 4.427903
v -13.771959 -17.256521 4.449503
v -13.201960 -17.269722 2.837403
v -13.208559 -17.269623 3.171203
v -13.254061 -17.448622 2.837403
v -13.260458 -17.448521 3.170203
v -13.233858 -17.269121 3.490903
v -13.285158 -17.448120 3.488603
v -13.277960 -17.518021 2.837403
v -13.285959 -17.534222 2.837403
v -13.292261 -17.534122 3.164003
v -13.284258 -17.517921 3.167203
v -13.316160 -17.533621 3.476203
v -13.308458 -17.517521 3.482503
v -13.355658 -17.516821 3.768803
v -13.362761 -17.532921 3.759503
v -13.333158 -17.447422 3.778003
v -13.283159 -17.268122 3.782303
v -13.937960 -17.252823 1.187803
v -13.771860 -17.256521 1.225403
v -13.969660 -17.436722 1.213203
v -13.808260 -17.439220 1.247003
v -13.614759 -17.260221 1.312203
v -13.655558 -17.441822 1.329103
v -13.980658 -17.508121 1.236403
v -13.822161 -17.510122 1.268503
v -13.672258 -17.512222 1.348003
v -13.430761 -17.515722 1.663303
v -13.539061 -17.514122 1.478403
v -13.409658 -17.446121 1.650903
v -13.519861 -17.444221 1.462703
v -13.361761 -17.266321 1.643503
v -13.475161 -17.263622 1.450803
v -14.518560 -17.241920 1.566203
v -14.403460 -17.243820 1.380603
v -14.533560 -17.429123 1.589203
v -14.421961 -17.430523 1.406603
v -14.262560 -17.246422 1.259603
v -14.285059 -17.432220 1.287003
v -14.534258 -17.501822 1.607303
v -14.424761 -17.503021 1.427503
v -14.290358 -17.504421 1.309803
v -14.139559 -17.506222 1.248103
v -14.131460 -17.434322 1.224603
v -14.104460 -17.249420 1.197303
v -14.683561 -17.239721 2.837403
v -14.676359 -17.239822 2.475603
v -14.648661 -16.877621 2.467503
v -14.692358 -17.427521 2.837403
v -14.685560 -17.427521 2.482203
v -14.649958 -17.240021 2.131403
v -14.620161 -16.878120 2.115803
v -14.660261 -17.427822 2.144303
v -14.689661 -17.500122 2.837403
v -14.675959 -17.516922 2.490803
v -14.683161 -17.500221 2.487303
v -14.651461 -17.517321 2.161003
v -14.658358 -17.500523 2.154203
v -14.610460 -17.501022 1.855203
v -14.603960 -17.517921 1.865103
v -14.611258 -17.428223 1.840803
v -14.566061 -16.879322 1.800303
v -14.598959 -17.240723 1.822403
v 10.795938 -76.721825 3.746301
v 10.677938 -76.709526 3.744701
v 10.819037 -77.561127 3.722601
v 10.705237 -77.548027 3.722201
v 10.546338 -76.697624 3.714201
v 10.578037 -77.541725 3.693801
v 10.820637 -78.216026 3.689101
v 10.804837 -78.604622 3.654601
v 10.731637 -78.748627 3.645401
v 10.718937 -78.231125 3.689101
v 10.621636 -78.810623 3.619901
v 10.603637 -78.256226 3.663601
v 10.415236 -78.561424 3.544901
v 10.372437 -78.167923 3.559201
v 10.483037 -78.205223 3.619101
v 10.504037 -78.722824 3.581001
v 10.325337 -77.513428 3.575201
v 10.447437 -77.522224 3.643101
v 10.283937 -76.681923 3.589201
v 10.411538 -76.687927 3.660501
v 9.813538 -76.652626 3.255701
v 9.638638 -76.614922 3.195301
v 9.880938 -77.599724 3.242501
v 9.701238 -77.551125 3.181501
v 9.448837 -76.568527 3.145601
v 9.506038 -77.477325 3.132601
v 9.971937 -78.451324 3.227501
v 9.775137 -78.375824 3.163001
v 9.563737 -78.243523 3.114401
v 9.383536 -78.097923 3.076201
v 9.323538 -77.399025 3.090501
v 9.265537 -76.522629 3.101201
v 10.410937 -71.791328 2.299201
v 10.585638 -71.784325 2.330101
v 10.196037 -71.799622 2.306601
v 10.506537 -73.191429 2.323301
v 10.680238 -73.189323 2.350401
v 10.292838 -73.193626 2.333501
v 9.699738 -71.817123 2.384301
v 9.954437 -71.808525 2.339201
v 9.799138 -73.196022 2.413001
v 10.052438 -73.195427 2.367801
v 10.126738 -74.446327 2.391201
v 9.874038 -74.438728 2.435901
v 10.366438 -74.451424 2.356301
v 10.752638 -74.457825 2.368701
v 10.579537 -74.454926 2.344301
v 9.445437 -71.824829 2.428801
v 9.204738 -71.831429 2.474501
v 9.546138 -73.194923 2.455901
v 9.306838 -73.192825 2.498601
v 8.816738 -71.841629 2.576401
v 8.990838 -71.837029 2.523101
v 8.921238 -73.188728 2.592601
v 9.094138 -73.190529 2.543501
v 9.172038 -74.403229 2.558601
v 9.000338 -74.394028 2.604401
v 9.383637 -74.415123 2.517001
v 9.621938 -74.427628 2.476901
v 11.039536 -78.513824 3.395801
v 11.063336 -78.543922 3.269801
v 11.069338 -77.710228 3.422401
v 11.096038 -77.727722 3.291801
v 11.078036 -78.561829 3.133601
v 11.111837 -77.736824 3.149401
v 11.058437 -76.756226 3.444301
v 11.086537 -76.759026 3.309901
v 11.102838 -76.758728 3.162401
v 11.101337 -76.746925 2.854001
v 11.107637 -76.754723 3.008201
v 11.112038 -77.728622 2.853501
v 11.117038 -77.737122 3.001301
v 11.080637 -78.557426 2.852801
v 11.083736 -78.566628 2.992801
v 8.696938 -71.853722 3.040601
v 8.799937 -73.195122 3.028301
v 8.620038 -71.849525 2.974801
v 8.725537 -73.190323 2.966701
v 8.878138 -74.394226 3.019501
v 8.806638 -74.389427 2.961001
v 8.759937 -74.389328 2.837401
v 8.769737 -74.388725 2.899901
v 8.676938 -73.189629 2.837401
v 8.687138 -73.189224 2.902701
v 8.570238 -71.849228 2.837401
v 8.580638 -71.848724 2.906701
v 7.730938 -64.887123 2.731301
v 7.392239 -62.946426 2.716001
v 8.016739 -66.804123 2.744001
v 7.771839 -64.882126 2.627701
v 7.434340 -62.940521 2.597901
v 8.056938 -66.799927 2.652701
v 8.439238 -70.341324 2.762401
v 8.252136 -68.640923 2.754401
v 8.478638 -70.338928 2.689001
v 8.291737 -68.637627 2.673101
v 8.369038 -68.631126 2.595401
v 8.555138 -70.334328 2.619001
v 8.135239 -66.791626 2.565501
v 7.516439 -62.928925 2.486301
v 7.851738 -64.872025 2.529101
v 10.547137 -68.446526 2.669001
v 10.702038 -70.210327 2.677201
v 10.356738 -66.549324 2.660401
v 10.506038 -68.443428 2.506901
v 10.661238 -70.205528 2.521501
v 10.314837 -66.548828 2.491501
v 9.858438 -62.582924 2.645301
v 10.128037 -64.575722 2.652201
v 9.814037 -62.588020 2.463901
v 10.084938 -64.578125 2.476701
v 10.002038 -64.588326 2.327301
v 9.728538 -62.600426 2.307401
v 10.234338 -66.556427 2.349601
v 10.584238 -70.208229 2.393901
v 10.427638 -68.448524 2.372501
v 10.106136 -79.406227 2.619501
v 10.359537 -79.450027 2.593501
v 10.117137 -79.665726 2.686601
v 10.372837 -79.708626 2.668801
v 10.591037 -79.408928 2.569601
v 10.610837 -79.653122 2.650301
v 10.123036 -79.797623 2.763001
v 10.380937 -79.839722 2.754501
v 10.622437 -79.775627 2.745001
v 10.984437 -79.163727 2.726401
v 10.829637 -79.564026 2.735401
v 10.959137 -79.080627 2.618101
v 10.811537 -79.457825 2.633801
v 10.908437 -78.915329 2.538101
v 10.777037 -79.244423 2.553801
v 10.989838 -74.471527 2.695801
v 11.043338 -75.642128 2.701101
v 10.918438 -73.194824 2.690301
v 10.947738 -74.465225 2.555101
v 11.001938 -75.633026 2.565101
v 10.876537 -73.189423 2.545001
v 10.824138 -71.783722 2.684201
v 10.782938 -71.778526 2.534001
v 10.706537 -71.779327 2.412101
v 10.800438 -73.188126 2.428001
v 10.927438 -75.624123 2.456701
v 10.872038 -74.460922 2.442501
v 6.214838 -57.748123 2.661901
v 6.591839 -59.270027 2.679601
v 6.262339 -57.739723 2.493101
v 6.637438 -59.262421 2.527301
v 6.998438 -61.038422 2.698201
v 7.042139 -61.031723 2.563301
v 7.127439 -61.018326 2.437101
v 6.726238 -59.247520 2.386101
v 6.354738 -57.723526 2.337901
v 4.858738 -53.746025 2.574001
v 4.551838 -53.188423 2.563601
v 5.104139 -54.258324 2.586701
v 4.908638 -53.727020 2.322101
v 4.600039 -53.166824 2.301801
v 5.155138 -54.242226 2.346901
v 5.292738 -54.697823 2.599901
v 5.344439 -54.684326 2.372701
v 5.443838 -54.658920 2.166101
v 5.253038 -54.212524 2.129102
v 4.692039 -53.127823 2.064201
v 5.004139 -53.692627 2.093401
v 3.202639 -51.346321 2.552302
v 2.585239 -50.621521 2.551202
v 3.731239 -52.004921 2.554002
v 3.242439 -51.319626 2.279802
v 2.621439 -50.594025 2.277502
v 3.774239 -51.979424 2.283002
v 4.178438 -52.613525 2.557302
v 4.224339 -52.589722 2.289601
v 4.311739 -52.546524 2.046501
v 3.856039 -51.932625 2.037001
v 2.690538 -50.541924 2.028902
v 3.318039 -51.269920 2.032302
v 0.463638 -48.260124 2.546502
v -0.076361 -47.667122 2.546702
v 1.138639 -49.001427 2.547602
v 0.489439 -48.231827 2.268102
v -0.053061 -47.639221 2.268502
v 1.167639 -48.973122 2.270402
v 1.871538 -49.814224 2.549402
v 1.904139 -49.786224 2.273902
v 1.966438 -49.732620 2.023602
v 1.223539 -48.918823 2.018302
v -0.007662 -47.584724 2.015402
v 0.539539 -48.177223 2.014902
v -5.857061 -41.192924 2.352802
v -7.393461 -39.300026 2.302202
v -4.303261 -42.990822 2.410802
v -5.835461 -41.173126 1.891402
v -7.371462 -39.282326 1.793102
v -4.282061 -42.969025 2.004302
v -1.761261 -45.790726 2.512402
v -2.886461 -44.566025 2.467102
v -1.740961 -45.765625 2.201902
v -2.865761 -44.542427 2.113802
v -2.825262 -44.496521 1.794402
v -1.700962 -45.716621 1.920402
v -4.240862 -42.926720 1.637902
v -7.328861 -39.248024 1.336502
v -5.793461 -41.134827 1.476702
v -10.987261 -33.786324 2.236603
v -11.860758 -31.977022 2.231803
v -9.954359 -35.604622 2.247603
v -10.965460 -33.774422 1.666603
v -11.839159 -31.966921 1.657603
v -9.932261 -35.590820 1.687603
v -8.757761 -37.439926 2.268302
v -8.735659 -37.424225 1.727502
v -8.692858 -37.393723 1.243402
v -9.889559 -35.564125 1.187303
v -11.797159 -31.947422 1.146203
v -10.923059 -33.751320 1.158203
v -13.613459 -26.560022 2.246703
v -13.961260 -24.761621 2.272203
v -13.158060 -28.362722 2.233703
v -13.592260 -26.555122 1.686803
v -13.939859 -24.758221 1.736303
v -13.136858 -28.356321 1.661403
v -12.579058 -30.168821 2.229803
v -12.557760 -30.160622 1.653803
v -12.516161 -30.144522 1.141103
v -13.095560 -28.343622 1.152303
v -13.898359 -24.751322 1.259303
v -13.551058 -26.545521 1.188603
v -14.670958 -17.537022 2.492503
v -14.660360 -17.669521 2.488903
v -14.646658 -17.537422 2.164403
v -14.636160 -17.669922 2.157503
v -14.590860 -18.708622 2.451703
v -14.636259 -18.023722 2.476503
v -14.567259 -18.708521 2.085103
v -14.612261 -18.023922 2.133303
v -14.565760 -18.024221 1.825803
v -14.521360 -18.708221 1.757003
v -14.589258 -17.670521 1.860203
v -14.599459 -17.538122 1.870003
v -14.435659 -14.482521 2.436403
v -14.340860 -13.325122 2.424403
v -14.522360 -15.475821 2.447703
v -14.393358 -14.484921 2.056003
v -14.290258 -13.328221 2.033003
v -14.486361 -15.477522 2.077703
v -14.595358 -16.281921 2.458203
v -14.563761 -16.282921 2.097703
v -14.504759 -16.285023 1.775003
v -14.420359 -15.480822 1.747003
v -14.201761 -13.334022 1.684803
v -14.317659 -14.489522 1.716803
v -14.075758 -9.142521 2.387903
v -14.020460 -7.623722 2.376703
v -14.152960 -10.621422 2.399803
v -13.991060 -9.146622 1.962503
v -13.925661 -7.627622 1.941003
v -14.079859 -10.625422 1.985603
v -14.244059 -12.026921 2.412103
v -14.182760 -12.030521 2.009303
v -14.077559 -12.037421 1.651603
v -13.956160 -10.633021 1.618103
v -13.766161 -7.634922 1.555403
v -13.848658 -9.154322 1.585703
v -13.993761 -3.036722 2.353303
v -13.989260 -4.569322 2.358703
v -13.884161 -3.037922 1.896003
v -13.882261 -4.571622 1.906403
v -13.994860 -6.098822 2.366803
v -13.892759 -6.102121 1.921903
v -13.719759 -6.108222 1.528503
v -13.699358 -4.576022 1.506803
v -13.695158 -3.040222 1.492203
v 8.907338 -76.468224 2.779101
v 8.839538 -75.473122 2.777101
v 8.985538 -77.355522 2.780601
v 8.940738 -76.464928 2.722701
v 8.875638 -75.471825 2.718601
v 9.014738 -77.343224 2.726001
v 9.222036 -78.731224 2.780801
v 9.086337 -78.116127 2.781301
v 9.237837 -78.670029 2.727401
v 9.109537 -78.082222 2.728101
v 9.159737 -78.015625 2.681701
v 9.272137 -78.540222 2.682701
v 9.076538 -77.327522 2.675801
v 8.947537 -75.473923 2.663501
v 9.009138 -76.466728 2.669801
v 9.404937 -79.182129 2.778701
v 9.623637 -79.493622 2.775101
v 9.412436 -79.094627 2.722101
v 9.623937 -79.383926 2.713201
v 9.866837 -79.690529 2.769901
v 9.863136 -79.565926 2.701401
v 9.854637 -79.316025 2.641001
v 9.622637 -79.157928 2.659001
v 9.427437 -78.910126 2.674001
v 9.544938 -60.627922 2.640501
v 9.223238 -58.818321 2.637101
v 9.499437 -60.634827 2.454501
v 9.176638 -58.826424 2.447401
v 8.696638 -56.064926 2.632001
v 8.928638 -57.261421 2.634501
v 8.648138 -56.074020 2.436301
v 8.881038 -57.270226 2.441701
v 8.788737 -57.287224 2.269301
v 8.554038 -56.091820 2.259901
v 9.086438 -58.842224 2.279601
v 9.411538 -60.649223 2.291901
v 8.231539 -53.952522 2.598401
v 8.361138 -54.383522 2.610401
v 8.029839 -53.397926 2.584901
v 8.180038 -53.966225 2.369801
v 8.310139 -54.394920 2.393301
v 7.978338 -53.414627 2.343601
v 7.351038 -52.070427 2.561101
v 7.741339 -52.757927 2.571801
v 7.301039 -52.093124 2.297101
v 7.690239 -52.777725 2.318101
v 7.589638 -52.815224 2.088001
v 7.202438 -52.135826 2.057801
v 7.877239 -53.446526 2.124601
v 8.210638 -54.417320 2.196001
v 8.079538 -53.992821 2.162301
v 6.843939 -51.373726 2.554502
v 6.225239 -50.655220 2.550901
v 6.796040 -51.398521 2.284201
v 6.179939 -50.681526 2.277301
v 4.672138 -49.103424 2.548201
v 5.499640 -49.902626 2.549201
v 4.634039 -49.131424 2.271901
v 5.457739 -49.929924 2.273901
v 5.375938 -49.982124 2.024401
v 4.559938 -49.185226 2.021401
v 6.091238 -50.731522 2.029301
v 6.701538 -51.445320 2.039402
v 3.747738 -48.245224 2.546702
v 2.815639 -47.402122 2.545402
v 3.713739 -48.273621 2.268902
v 2.785738 -47.430626 2.266202
v 1.965038 -46.648125 2.544702
v 1.938839 -46.676620 2.264902
v 1.887339 -46.731926 2.010602
v 2.727339 -47.485924 2.012802
v 3.647638 -48.328423 2.016902
v -1.683962 -43.209923 2.466502
v -3.084261 -41.745827 2.410302
v -1.704660 -43.233620 2.112602
v -3.105461 -41.767624 2.003402
v -6.142962 -38.296227 2.302002
v -4.620361 -40.068024 2.352502
v -6.164862 -38.314026 1.792802
v -4.641962 -40.087822 1.890802
v -4.683962 -40.126221 1.475902
v -6.207460 -38.348320 1.336202
v -3.146662 -41.810020 1.636702
v -1.745062 -43.279724 1.792802
v -7.502661 -36.550323 2.268202
v -8.701559 -34.823723 2.247602
v -7.524761 -36.566124 1.727402
v -8.723658 -34.837524 1.687603
v -10.625658 -31.401522 2.231803
v -9.741961 -33.109619 2.236603
v -10.647261 -31.411522 1.657603
v -9.763758 -33.121521 1.666603
v -9.806158 -33.144524 1.158203
v -10.689260 -31.431021 1.146203
v -8.766359 -34.864120 1.187302
v -7.567461 -36.596527 1.243302
v -11.354860 -29.692722 2.229803
v -11.941759 -27.981922 2.234003
v -11.376261 -29.700922 1.653803
v -11.962961 -27.988321 1.662003
v -12.737059 -24.548321 2.275303
v -12.398458 -26.267521 2.247903
v -12.758360 -24.551722 1.742103
v -12.419558 -26.272421 1.689103
v -12.460760 -26.282021 1.191703
v -12.799761 -24.558622 1.266903
v -12.004259 -28.001022 1.153003
v -11.417860 -29.716921 1.141103
v -12.969759 -22.822622 2.319503
v -13.118460 -21.199121 2.372003
v -12.991358 -22.824821 1.827803
v -13.140558 -21.200422 1.929703
v -13.251558 -18.692621 2.468303
v -13.205061 -19.786222 2.424503
v -13.274759 -18.692621 2.116303
v -13.227758 -19.786821 2.031403
v -13.342558 -19.790522 1.383903
v -13.271959 -19.788122 1.677903
v -13.319860 -18.692921 1.798503
v -13.252558 -21.207821 1.206403
v -13.183760 -21.203121 1.533503
v -13.100760 -22.837122 1.028403
v -13.033560 -22.829422 1.388703
v -12.971361 -16.357521 2.515303
v -13.116259 -16.924721 2.506603
v -12.770159 -15.586422 2.527203
v -12.998560 -16.356121 2.204803
v -13.142359 -16.923922 2.189003
v -12.799158 -15.584322 2.226703
v -12.184961 -13.507121 2.550403
v -12.509260 -14.630121 2.539703
v -12.219858 -13.503522 2.269103
v -12.540659 -14.627221 2.249703
v -12.602758 -14.621721 1.975203
v -12.288858 -13.496621 1.999603
v -12.856260 -15.580321 1.945703
v -13.193460 -16.922321 1.898003
v -13.052160 -16.353420 1.917803
v -11.793760 -12.236021 2.556503
v -11.371759 -10.847221 2.559903
v -11.833460 -12.231821 2.280103
v -11.416361 -10.842522 2.285803
v -10.580061 -7.837322 2.564603
v -10.955160 -9.370822 2.562103
v -10.629759 -7.832822 2.293303
v -11.003561 -9.366022 2.289103
v -11.099260 -9.357222 2.021203
v -10.730459 -7.824622 2.025203
v -11.503958 -10.833821 2.018403
v -11.911558 -12.223822 2.012603
v -10.282660 -6.277122 2.569203
v -10.066061 -4.696722 2.574403
v -10.330061 -6.273322 2.301403
v -10.109461 -4.694022 2.310703
v -9.933561 -3.102922 2.578603
v -9.973059 -3.101522 2.318503
v -10.067659 -3.099022 2.055503
v -10.207460 -4.689122 2.045903
v -10.430761 -6.266422 2.034603
v 8.417639 -55.363625 2.250001
v 8.513339 -55.345520 2.430201
v 8.340838 -54.946121 2.237601
v 8.437939 -54.927422 2.422001
v 8.562638 -55.336220 2.629101
v 8.487939 -54.918022 2.625001
v 8.433739 -54.652924 2.619001
v 8.383139 -54.662926 2.410201
v 8.284838 -54.682823 2.220401
v 5.867338 -55.844124 3.407202
v 5.769539 -55.862122 3.231401
v 5.753038 -55.447922 3.429701
v 5.653639 -55.466621 3.247201
v 5.719038 -55.871323 3.038702
v 5.602339 -55.476227 3.046801
v 5.519239 -55.247025 3.054302
v 5.571039 -55.236824 3.261901
v 5.671238 -55.216927 3.450701
v -1.021961 -46.459824 1.989902
v -1.061962 -46.511124 2.250502
v -0.623461 -46.901726 2.018502
v -0.664061 -46.954620 2.270602
v -1.082262 -46.537422 2.537402
v -0.684761 -46.981720 2.547802
v -0.404261 -47.299721 2.549002
v -0.382761 -47.272026 2.273002
v -0.340361 -47.218124 2.021802
v 0.052340 -45.096024 3.687202
v 0.092138 -45.044525 3.426002
v 0.471539 -45.495422 3.658802
v 0.512039 -45.442322 3.406002
v 0.112339 -45.018120 3.138302
v 0.532539 -45.415024 3.128102
v 0.865738 -45.703926 3.126902
v 0.844238 -45.731720 3.403902
v 0.801838 -45.786026 3.655702
v -13.362761 -17.532921 1.915303
v -13.355658 -17.516821 1.906103
v -13.316160 -17.533621 2.198703
v -13.308458 -17.517521 2.192403
v -13.333158 -17.447422 1.896903
v -13.285158 -17.448120 2.186303
v -13.292261 -17.534122 2.510903
v -13.284258 -17.517921 2.507703
v -13.260458 -17.448521 2.504703
v -13.208559 -17.269623 2.503703
v -13.233858 -17.269121 2.184003
v -13.283060 -17.268122 1.892603
v -14.610460 -17.501022 3.819703
v -14.658358 -17.500523 3.520703
v -14.611258 -17.428223 3.834103
v -14.660261 -17.427822 3.530603
v -14.683161 -17.500221 3.187603
v -14.685560 -17.427521 3.192703
v -14.676359 -17.239822 3.199303
v -14.649958 -17.240021 3.543503
v -14.598959 -17.240723 3.852503
v 11.068837 -78.533325 2.718801
v 11.097238 -77.711029 2.712301
v 11.037637 -78.479324 2.602201
v 11.061438 -77.682724 2.587601
v 11.083938 -76.734627 2.706401
v 11.044738 -76.719727 2.575601
v 10.972538 -76.704124 2.471501
v 10.993538 -77.642326 2.489701
v 10.976437 -78.380325 2.514301
v 8.580638 -71.848724 2.768201
v 8.687138 -73.189224 2.772201
v 8.619738 -71.847427 2.700501
v 8.725838 -73.188622 2.708501
v 8.769737 -74.388725 2.775001
v 8.807538 -74.388222 2.714201
v 8.881638 -74.389526 2.656801
v 8.801138 -73.188324 2.648101
v 8.695738 -71.845024 2.636001
v 10.803638 -74.774727 3.745401
v 10.851738 -75.766624 3.731601
v 10.748538 -73.829224 3.754801
v 10.870838 -74.711922 3.683501
v 10.923738 -75.745125 3.668701
v 10.807238 -73.710228 3.694401
v 10.628138 -72.364723 3.760401
v 10.689137 -73.002022 3.759901
v 10.664238 -72.126923 3.706801
v 10.735638 -72.807129 3.702201
v 10.754038 -72.493423 3.617901
v 10.664437 -71.713524 3.629901
v 10.846838 -73.558723 3.605601
v 10.977938 -75.721428 3.577801
v 10.921138 -74.646126 3.592801
v 10.900237 -78.296928 3.657201
v 10.852537 -78.800224 3.622701
v 10.909238 -77.601028 3.689201
v 10.961037 -78.405228 3.595501
v 10.898937 -78.969727 3.560501
v 10.979037 -77.648422 3.625501
v 10.890038 -76.733124 3.713401
v 10.963138 -76.742928 3.649701
v 11.018238 -76.750725 3.558701
v 11.031338 -77.684326 3.535101
v 10.932937 -79.065926 3.472001
v 11.006536 -78.472626 3.506401
v 10.496037 -79.060722 3.521201
v 10.374337 -78.747429 3.492801
v 10.630437 -79.174828 3.558701
v 10.466937 -79.274529 3.442401
v 10.316236 -78.923729 3.414001
v 10.631137 -79.397926 3.481201
v 10.755937 -79.090424 3.591201
v 10.782037 -79.298424 3.521501
v 10.799936 -79.414627 3.431401
v 10.624837 -79.529129 3.388401
v 10.239037 -79.060425 3.318401
v 10.424537 -79.419426 3.347101
v 10.173738 -76.681122 3.506101
v 10.134538 -75.729622 3.518901
v 10.223437 -77.539124 3.495101
v 10.067637 -76.679924 3.418101
v 10.024837 -75.700623 3.431501
v 10.125937 -77.576523 3.408601
v 10.286837 -78.234024 3.487401
v 10.205637 -78.341026 3.405001
v 10.108037 -78.426628 3.313201
v 10.017138 -77.602425 3.321301
v 9.905437 -75.667229 3.346301
v 9.952038 -76.672325 3.332301
v 10.067938 -73.009827 3.554601
v 10.070638 -72.380226 3.561301
v 10.079238 -73.824326 3.544401
v 9.967338 -72.819824 3.478001
v 9.985838 -72.149323 3.491001
v 9.971337 -73.706223 3.462701
v 10.102238 -74.754128 3.532101
v 9.991637 -74.687927 3.446801
v 9.870138 -74.618126 3.363301
v 9.850838 -73.556427 3.383001
v 9.890938 -71.745827 3.427001
v 9.852238 -72.513329 3.405001
v 10.542237 -71.151024 3.574001
v 10.409537 -70.895523 3.522601
v 10.517338 -71.396523 3.589101
v 10.431337 -71.298523 3.533401
v 10.243937 -70.791122 3.480101
v 10.319838 -71.262627 3.486701
v 10.499838 -71.561829 3.596301
v 10.488038 -71.666122 3.598901
v 10.452538 -71.647728 3.546301
v 10.444838 -71.528229 3.541101
v 10.396338 -71.640923 3.501101
v 10.368038 -71.517822 3.494201
v 10.269037 -71.663528 3.458401
v 10.213138 -71.566025 3.451701
v 10.285337 -71.530525 3.462201
v 10.331338 -71.646027 3.469601
v 10.122938 -71.411324 3.440001
v 10.208438 -71.307129 3.452001
v 9.986338 -71.179924 3.420101
v 10.088037 -70.913025 3.438701
v 10.516838 -71.618622 3.653001
v 10.491338 -71.695824 3.652401
v 10.552638 -71.538322 3.650501
v 10.503037 -71.687424 3.704001
v 10.469237 -71.731125 3.700001
v 10.547638 -71.687729 3.707501
v 10.599538 -71.482529 3.641801
v 10.601538 -71.793922 3.708501
v 10.507738 -72.103828 3.779601
v 10.568438 -71.989128 3.756501
v 10.456238 -71.898026 3.770001
v 10.513038 -71.808624 3.749701
v 10.411138 -71.814728 3.759501
v 10.375937 -71.795822 3.750101
v 10.428437 -71.766327 3.734901
v 10.465338 -71.756523 3.741901
v 10.157938 -72.114922 3.628901
v 10.243137 -72.179428 3.689901
v 10.164838 -71.906822 3.623101
v 10.230437 -71.957329 3.681001
v 10.335938 -72.199028 3.739801
v 10.306437 -71.972527 3.729101
v 10.175138 -71.819626 3.616301
v 10.185338 -71.797226 3.610201
v 10.216138 -71.815025 3.662701
v 10.221738 -71.853127 3.671201
v 10.262837 -71.820526 3.707701
v 10.281638 -71.863228 3.717701
v 10.347338 -71.850327 3.749201
v 10.318337 -71.814026 3.739001
v 10.384538 -71.952728 3.760901
v 10.427238 -72.173828 3.771801
v 10.149737 -71.762627 3.559301
v 10.177338 -71.766922 3.556601
v 10.118237 -71.820824 3.562001
v 10.146638 -71.693726 3.507801
v 10.190038 -71.730324 3.508801
v 10.092338 -71.702324 3.505501
v 10.089638 -72.005325 3.563201
v 10.033137 -71.815529 3.500001
v 9.983438 -71.510628 3.446501
v 10.089038 -71.554428 3.461301
v 10.221238 -71.693726 3.473801
v 10.167337 -71.624222 3.469401
v 10.480138 -71.728928 3.600501
v 10.456537 -71.720024 3.549701
v 10.475438 -71.465828 3.601301
v 10.458037 -71.462326 3.551701
v 10.413137 -71.715828 3.505801
v 10.421338 -71.459923 3.508601
v 10.473138 -70.592728 3.601601
v 10.458138 -70.591629 3.552501
v 10.424038 -70.590424 3.510001
v 10.326737 -70.589027 3.468301
v 10.377937 -70.589424 3.479901
v 10.320337 -71.460526 3.466601
v 10.372838 -71.459122 3.478201
v 10.302938 -71.723526 3.463301
v 10.358937 -71.716827 3.474901
v 10.354238 -71.783424 3.744101
v 10.405538 -71.771225 3.730201
v 10.342738 -71.481323 3.740801
v 10.393238 -71.478027 3.727501
v 10.448038 -71.756622 3.697201
v 10.436638 -71.474129 3.695601
v 10.338138 -70.593727 3.739401
v 10.388238 -70.593628 3.726301
v 10.431738 -70.593628 3.694801
v 10.462237 -70.593323 3.651101
v 10.466138 -71.469925 3.651401
v 10.475138 -71.741829 3.651801
v 10.191837 -71.783127 3.607001
v 10.213037 -71.791122 3.657701
v 10.195437 -71.480827 3.605701
v 10.211537 -71.483528 3.655401
v 10.251438 -71.793625 3.701701
v 10.245638 -71.484322 3.698601
v 10.196837 -70.593727 3.605501
v 10.211038 -70.594223 3.654701
v 10.243338 -70.594223 3.697501
v 10.287738 -70.594025 3.727801
v 10.291438 -71.483528 3.729101
v 10.300737 -71.790924 3.732501
v 10.277438 -70.589722 3.481301
v 10.235638 -70.591026 3.512601
v 10.271038 -71.464622 3.479801
v 10.230338 -71.470123 3.511601
v 10.206938 -70.592522 3.556101
v 10.203438 -71.475922 3.555701
v 10.194438 -71.769424 3.555601
v 10.216537 -71.752823 3.510201
v 10.254038 -71.736526 3.477301
v 10.225041 11.349277 3.602201
v 10.234941 11.349277 3.642101
v 10.224341 23.397877 3.602201
v 10.234342 23.397877 3.642301
v 10.259941 11.349277 3.677001
v 10.259441 23.397877 3.677501
v 10.222643 33.840279 3.602201
v 10.232842 33.840279 3.643001
v 10.258343 33.840279 3.678601
v 10.334743 33.840279 3.714301
v 10.293942 33.840279 3.704101
v 10.334742 23.397877 3.712601
v 10.294641 23.397877 3.702601
v 10.334742 11.349277 3.711901
v 10.294842 11.349277 3.701901
v 10.374641 11.349277 3.701901
v 10.374942 23.397877 3.702601
v 10.409641 11.349277 3.677001
v 10.410042 23.397877 3.677501
v 10.375543 33.840279 3.704101
v 10.411242 33.840279 3.678601
v 10.446942 33.840279 3.602201
v 10.436743 33.840279 3.643001
v 10.445242 23.397877 3.602201
v 10.435142 23.397877 3.642301
v 10.444542 11.349277 3.602201
v 10.434542 11.349277 3.642101
v 10.334742 11.349277 3.492501
v 10.294842 11.349277 3.502401
v 10.334742 23.397877 3.491801
v 10.294641 23.397877 3.501801
v 10.259941 11.349277 3.527401
v 10.259441 23.397877 3.526901
v 10.334743 33.840279 3.490001
v 10.293942 33.840279 3.500201
v 10.258343 33.840279 3.525701
v 10.232842 33.840279 3.561401
v 10.234342 23.397877 3.562001
v 10.234941 11.349277 3.562301
v 10.434542 11.349277 3.562301
v 10.435142 23.397877 3.562001
v 10.409641 11.349277 3.527401
v 10.410042 23.397877 3.526901
v 10.436743 33.840279 3.561401
v 10.411242 33.840279 3.525701
v 10.375543 33.840279 3.500201
v 10.374942 23.397877 3.501801
v 10.374641 11.349277 3.502401
v -13.955561 15.010178 4.477903
v -14.109659 15.010078 4.465803
v -13.974260 14.663078 4.425203
v -14.129461 14.661779 4.413703
v -14.255960 15.009979 4.403903
v -14.276861 14.660679 4.353303
v -13.980761 14.534979 4.411103
v -14.136858 14.533279 4.399703
v -14.285158 14.531679 4.339603
v -14.417158 14.530279 4.224403
v -14.408159 14.659578 4.237503
v -14.386259 15.009779 4.285003
v -13.422358 15.011078 4.051103
v -13.527361 15.010778 4.238703
v -13.437059 14.667978 4.006203
v -13.542860 14.666878 4.188703
v -13.656458 15.010578 4.369103
v -13.672960 14.665678 4.316703
v -13.440660 14.541479 3.993303
v -13.546961 14.540079 4.174603
v -13.677759 14.538378 4.302203
v -13.825060 14.536678 4.379803
v -13.819361 14.664379 4.394203
v -13.801859 15.010279 4.447303
v -13.858961 16.794878 0.915403
v -14.007959 16.800579 0.930903
v -13.756559 18.231678 0.705503
v -13.901758 18.242279 0.723503
v -14.149359 16.805979 1.001203
v -14.039560 18.252378 0.800003
v -13.592760 19.885679 0.494903
v -13.734461 19.902578 0.515403
v -13.868761 19.918579 0.598203
v -14.085661 19.944178 1.012203
v -13.988359 19.932779 0.758703
v -14.262060 18.268379 1.180303
v -14.162161 18.261278 0.948103
v -14.377760 16.814379 1.347903
v -14.275259 16.810678 1.136803
v -13.444559 16.779478 1.170603
v -13.352160 18.202379 0.972703
v -13.569559 16.784079 1.026603
v -13.474161 18.211079 0.818503
v -13.197859 19.838579 0.774103
v -13.317060 19.852678 0.609803
v -13.451159 19.868679 0.521503
v -13.611460 18.221079 0.733303
v -13.710360 16.789278 0.944403
v -14.523161 16.818779 2.837403
v -14.517061 16.818678 3.263603
v -14.403460 18.277378 2.837403
v -14.397558 18.277079 3.312403
v -14.493959 16.818079 3.668203
v -14.375059 18.275778 3.763103
v -14.223261 19.959179 2.837403
v -14.217558 19.958679 3.361403
v -14.195658 19.956478 3.858303
v -14.153261 19.951878 4.301103
v -14.331461 18.272978 4.165203
v -14.449060 16.816778 4.029803
v -13.274160 15.012178 2.837403
v -13.280359 15.012079 3.179503
v -13.287760 14.670078 2.837403
v -13.293959 14.669878 3.166203
v -13.303759 15.011778 3.506103
v -13.317659 14.669479 3.480303
v -13.290560 14.543879 2.837403
v -13.296759 14.543678 3.162303
v -13.320559 14.543278 3.472803
v -13.366858 14.542479 3.754503
v -13.363661 14.668879 3.765203
v -13.349459 15.011478 3.801803
v -14.449060 16.816778 1.645103
v -14.331461 18.272978 1.509703
v -14.493959 16.818079 2.006703
v -14.375059 18.275778 1.911803
v -14.153261 19.951878 1.373803
v -14.195658 19.956478 1.816603
v -14.217558 19.958679 2.313503
v -14.397558 18.277079 2.362503
v -14.517061 16.818678 2.411303
v -13.349459 15.011478 1.873103
v -13.363661 14.668879 1.909703
v -13.303759 15.011778 2.168803
v -13.317659 14.669479 2.194603
v -13.366858 14.542479 1.920303
v -13.320559 14.543278 2.202103
v -13.296759 14.543678 2.512603
v -13.293959 14.669878 2.508703
v -13.280359 15.012079 2.495403
v -14.385660 -18.024622 4.286403
v -14.407759 -17.672222 4.238503
v -14.255358 -18.024721 4.405303
v -14.276358 -17.673222 4.354403
v -14.416861 -17.540222 4.225103
v -14.284861 -17.541622 4.340303
v -13.980558 -17.544821 4.411903
v -14.136660 -17.543121 4.400503
v -13.973860 -17.675621 4.426403
v -14.129061 -17.674421 4.414903
v -13.955061 -18.024921 4.479503
v -14.109060 -18.024822 4.467303
v -13.801359 -18.025021 4.448803
v -13.818960 -17.676922 4.395403
v -13.655958 -18.025221 4.370603
v -13.672560 -17.678122 4.317903
v -13.824858 -17.546522 4.380603
v -13.677561 -17.548321 4.303003
v -13.440458 -17.551321 3.993903
v -13.546759 -17.549921 4.175303
v -13.436758 -17.680422 4.007203
v -13.542459 -17.679321 4.189803
v -13.421858 -18.025721 4.052403
v -13.526861 -18.025421 4.240103
v -14.377161 -19.829222 1.346703
v -14.274660 -19.825521 1.135403
v -14.261560 -21.281021 1.179403
v -14.161760 -21.273922 0.947003
v -14.148760 -19.820721 0.999703
v -14.039061 -21.265022 0.798903
v -14.085360 -22.954121 1.011603
v -13.988058 -22.942722 0.758103
v -13.868460 -22.928522 0.597503
v -13.592459 -22.895521 0.494203
v -13.734159 -22.912521 0.514603
v -13.756060 -21.244221 0.704303
v -13.901358 -21.254921 0.722303
v -13.858458 -19.809721 0.913803
v -14.007460 -19.815321 0.929303
v -13.709860 -19.804022 0.942903
v -13.611059 -21.233622 0.732103
v -13.569159 -19.798721 1.025103
v -13.473761 -21.223621 0.817303
v -13.450861 -22.878622 0.520803
v -13.316858 -22.862621 0.609003
v -13.197660 -22.848421 0.773403
v -13.351759 -21.214821 0.971603
v -13.444159 -19.794121 1.169203
v -14.448458 -19.831621 4.030803
v -14.330961 -21.285721 4.166003
v -14.493261 -19.832922 3.668903
v -14.374559 -21.288422 3.763603
v -14.152960 -22.961821 4.301603
v -14.195360 -22.966421 3.858603
v -14.222960 -22.969122 2.837403
v -14.217161 -22.968622 3.361603
v -14.402960 -21.290022 2.837403
v -14.397058 -21.289722 3.312703
v -14.522459 -19.833622 2.837403
v -14.516359 -19.833521 3.263903
v -13.349058 -18.026121 3.802903
v -13.363359 -17.681322 3.766003
v -13.303358 -18.026421 3.506903
v -13.317358 -17.681921 3.480903
v -13.366659 -17.552322 3.755103
v -13.320360 -17.553122 3.473103
v -13.290358 -17.553722 2.837403
v -13.296560 -17.553522 3.162503
v -13.287458 -17.682522 2.837403
v -13.293661 -17.682322 3.166503
v -13.273760 -18.026821 2.837403
v -13.279860 -18.026722 3.179903
v -14.516359 -19.833521 2.411003
v -14.397058 -21.289722 2.362203
v -14.493261 -19.832922 2.006003
v -14.374559 -21.288422 1.911303
v -14.217161 -22.968622 2.313303
v -14.195360 -22.966421 1.816303
v -14.152960 -22.961821 1.373303
v -14.330961 -21.285721 1.508903
v -14.448458 -19.831621 1.644103
v -13.279860 -18.026722 2.495003
v -13.293661 -17.682322 2.508403
v -13.303358 -18.026421 2.168003
v -13.317358 -17.681921 2.194003
v -13.296560 -17.553522 2.512403
v -13.320360 -17.553122 2.201703
v -13.366659 -17.552322 1.919803
v -13.363359 -17.681322 1.908903
v -13.349058 -18.026121 1.872003
vn -0.0001 0.0003 1.0000
vn -0.4191 0.0003 0.9079
vn -0.4193 0.0007 0.9078
vn -0.0002 0.0007 1.0000
vn -0.7072 0.0003 0.7070
vn -0.7072 0.0007 0.7071
vn -0.0001 0.0001 1.0000
vn -0.4194 0.0001 0.9078
vn -0.7070 0.0001 0.7072
vn -0.9078 0.0003 0.4195
vn -1.0000 0.0003 0.0001
vn -1.0000 0.0007 0.0001
vn -0.9079 0.0007 0.4193
vn -0.9078 0.0001 0.4194
vn -1.0000 0.0001 0.0001
vn -1.0000 -0.0000 0.0001
vn -0.9077 -0.0000 0.4196
vn -0.9078 -0.0000 0.4194
vn -1.0000 -0.0000 -0.0000
vn -0.7070 -0.0000 0.7072
vn -0.4191 -0.0000 0.9079
vn -0.0001 -0.0000 1.0000
vn -0.4193 -0.0000 0.9079
vn 0.4194 0.0007 0.9078
vn 0.4193 0.0003 0.9078
vn 0.4190 0.0001 0.9080
vn 0.7074 0.0007 0.7068
vn 0.7071 0.0003 0.7071
vn 0.7071 0.0001 0.7071
vn 0.4188 -0.0000 0.9081
vn 0.4193 -0.0000 0.9078
vn 0.7070 -0.0000 0.7072
vn 0.7070 -0.0000 0.7073
vn 0.9079 -0.0000 0.4191
vn 0.9081 -0.0001 0.4187
vn 1.0000 -0.0000 0.0001
vn 1.0000 -0.0000 -0.0000
vn 0.9079 0.0001 0.4193
vn 1.0000 0.0001 0.0001
vn 0.9079 0.0003 0.4192
vn 0.9079 0.0007 0.4193
vn 1.0000 0.0007 0.0001
vn 1.0000 0.0003 0.0001
vn -0.9077 0.0003 -0.4196
vn -0.9080 0.0007 -0.4191
vn -0.7073 0.0003 -0.7069
vn -0.7071 0.0007 -0.7071
vn -0.9078 0.0001 -0.4193
vn -0.7070 0.0001 -0.7072
vn -0.4191 0.0003 -0.9079
vn -0.0001 0.0003 -1.0000
vn -0.0002 0.0007 -1.0000
vn -0.4191 0.0007 -0.9079
vn -0.4189 0.0001 -0.9080
vn -0.0001 0.0001 -1.0000
vn -0.0001 -0.0000 -1.0000
vn -0.4191 -0.0000 -0.9080
vn -0.4193 -0.0000 -0.9079
vn -0.7071 -0.0000 -0.7071
vn -0.7070 -0.0000 -0.7072
vn -0.9080 -0.0000 -0.4190
vn -0.9080 -0.0000 -0.4191
vn 0.0059 -0.0004 1.0000
vn -0.4128 -0.0004 0.9108
vn -0.4159 -0.0015 0.9094
vn 0.0028 -0.0016 1.0000
vn -0.7017 -0.0004 0.7124
vn -0.7044 -0.0015 0.7098
vn 0.0087 -0.0000 1.0000
vn -0.4092 -0.0000 0.9124
vn -0.6987 -0.0000 0.7154
vn -0.9042 -0.0004 0.4271
vn -0.9999 -0.0004 0.0102
vn -1.0000 -0.0016 0.0051
vn -0.9062 -0.0016 0.4229
vn -0.9020 -0.0000 0.4318
vn -0.9999 -0.0000 0.0167
vn -0.9997 0.0001 0.0242
vn -0.8995 0.0002 0.4368
vn -0.8967 0.0002 0.4427
vn -0.9995 -0.0000 0.0320
vn -0.6953 0.0002 0.7187
vn -0.6925 0.0002 0.7214
vn -0.4056 0.0002 0.9141
vn 0.0113 0.0002 0.9999
vn 0.0139 0.0001 0.9999
vn -0.4030 0.0002 0.9152
vn 0.9999 -0.0004 -0.0104
vn 0.9097 -0.0004 0.4152
vn 0.9089 -0.0015 0.4170
vn 1.0000 -0.0015 -0.0056
vn 0.7089 -0.0004 0.7053
vn 0.7080 -0.0015 0.7062
vn 0.9999 -0.0000 -0.0171
vn 0.9109 -0.0000 0.4126
vn 0.7101 -0.0000 0.7041
vn 0.4223 -0.0004 0.9065
vn 0.4207 -0.0015 0.9072
vn 0.4241 -0.0000 0.9056
vn 0.4261 0.0001 0.9047
vn 0.4272 -0.0001 0.9042
vn 0.7114 -0.0000 0.7028
vn 0.7123 -0.0002 0.7018
vn 0.9125 -0.0000 0.4092
vn 0.9997 0.0001 -0.0252
vn 0.9994 -0.0001 -0.0332
vn 0.9142 -0.0002 0.4052
vn -0.0070 -0.0001 -1.0000
vn 0.4082 -0.0000 -0.9129
vn 0.4136 -0.0012 -0.9105
vn -0.0036 -0.0013 -1.0000
vn 0.6960 -0.0001 -0.7180
vn 0.7018 -0.0012 -0.7124
vn -0.0104 0.0002 -0.9999
vn 0.4022 0.0003 -0.9156
vn 0.6890 0.0003 -0.7248
vn 0.9010 -0.0002 -0.4339
vn 0.9045 -0.0014 -0.4264
vn 0.8968 0.0001 -0.4425
vn 0.8922 0.0002 -0.4517
vn 0.8878 0.0001 -0.4602
vn 0.6820 0.0004 -0.7314
vn 0.6758 0.0002 -0.7371
vn 0.3960 0.0004 -0.9182
vn -0.0138 0.0003 -0.9999
vn -0.0172 0.0001 -0.9999
vn 0.3912 0.0002 -0.9203
vn -0.9122 -0.0004 -0.4098
vn -0.9100 -0.0015 -0.4146
vn -0.7128 -0.0003 -0.7013
vn -0.7098 -0.0015 -0.7044
vn -0.9149 -0.0000 -0.4037
vn -0.7160 -0.0000 -0.6981
vn -0.4248 -0.0003 -0.9053
vn -0.4221 -0.0014 -0.9066
vn -0.4271 0.0001 -0.9042
vn -0.4303 0.0002 -0.9027
vn -0.4338 -0.0000 -0.9010
vn -0.7202 0.0001 -0.6937
vn -0.7242 -0.0002 -0.6895
vn -0.9179 0.0001 -0.3969
vn -0.9210 -0.0001 -0.3897
vn -1.0000 -0.0029 0.0024
vn -0.9069 -0.0029 0.4214
vn -0.7059 -0.0028 0.7083
vn -1.0000 -0.0027 0.0008
vn -0.9074 -0.0027 0.4202
vn -0.7066 -0.0027 0.7076
vn -0.4178 -0.0028 0.9086
vn 0.0014 -0.0029 1.0000
vn -0.4185 -0.0027 0.9082
vn 0.0003 -0.0027 1.0000
vn -0.0001 -0.0016 1.0000
vn -0.4191 -0.0016 0.9079
vn -0.4195 -0.0007 0.9078
vn -0.0002 -0.0007 1.0000
vn -0.7070 -0.0015 0.7072
vn -0.7071 -0.0007 0.7071
vn -0.9077 -0.0016 0.4196
vn -1.0000 -0.0016 0.0002
vn -1.0000 -0.0007 0.0001
vn -0.9078 -0.0007 0.4195
vn -0.0017 -0.0027 -1.0000
vn -0.4203 -0.0027 -0.9074
vn -0.7081 -0.0027 -0.7061
vn -0.0008 -0.0026 -1.0000
vn -0.4195 -0.0026 -0.9077
vn -0.7075 -0.0026 -0.7067
vn -0.9087 -0.0028 -0.4175
vn -0.9081 -0.0027 -0.4188
vn -0.9079 -0.0016 -0.4192
vn -0.9079 -0.0007 -0.4193
vn -0.7069 -0.0015 -0.7073
vn -0.7071 -0.0007 -0.7071
vn -0.4191 -0.0016 -0.9079
vn -0.0005 -0.0016 -1.0000
vn -0.0002 -0.0007 -1.0000
vn -0.4193 -0.0007 -0.9079
vn 1.0000 -0.0029 -0.0023
vn 0.9065 -0.0027 -0.4223
vn 0.7048 -0.0026 -0.7094
vn 1.0000 -0.0027 -0.0004
vn 0.9076 -0.0026 -0.4199
vn 0.7062 -0.0025 -0.7080
vn 0.4170 -0.0026 -0.9089
vn 0.4188 -0.0026 -0.9081
vn 0.4192 -0.0015 -0.9079
vn 0.4190 -0.0007 -0.9080
vn 0.7070 -0.0015 -0.7072
vn 0.7071 -0.0007 -0.7071
vn 0.9079 -0.0016 -0.4192
vn 1.0000 -0.0016 0.0002
vn 1.0000 -0.0007 0.0001
vn 0.9081 -0.0007 -0.4188
vn 0.4196 -0.0028 0.9077
vn 0.7077 -0.0028 0.7065
vn 0.4191 -0.0027 0.9080
vn 0.7077 -0.0026 0.7065
vn 0.9084 -0.0028 0.4181
vn 0.9080 -0.0027 0.4189
vn 0.9079 -0.0016 0.4191
vn 0.9080 -0.0007 0.4190
vn 0.7076 -0.0015 0.7067
vn 0.7071 -0.0007 0.7071
vn 0.4190 -0.0016 0.9080
vn 0.4192 -0.0007 0.9079
vn -0.1515 0.0496 0.9872
vn -0.1992 0.0591 0.9782
vn -0.1831 0.0639 0.9810
vn -0.1248 0.0507 0.9909
vn -0.2574 0.0686 0.9639
vn -0.2554 0.0778 0.9637
vn -0.1746 0.0474 0.9835
vn -0.2091 0.0537 0.9764
vn -0.2550 0.0600 0.9651
vn -0.3424 0.0803 0.9361
vn -0.4833 0.0986 0.8699
vn -0.5053 0.1194 0.8546
vn -0.3531 0.0944 0.9308
vn -0.3278 0.0680 0.9423
vn -0.4559 0.0817 0.8863
vn -0.4288 0.0673 0.9009
vn -0.3104 0.0570 0.9489
vn -0.2941 0.0470 0.9546
vn -0.4033 0.0542 0.9134
vn -0.2491 0.0518 0.9671
vn -0.2435 0.0435 0.9689
vn -0.2137 0.0475 0.9757
vn -0.1914 0.0427 0.9806
vn -0.2118 0.0256 0.9770
vn -0.2213 0.0404 0.9744
vn -0.1619 0.0376 0.9861
vn -0.1790 0.0353 0.9832
vn -0.1071 0.0240 0.9940
vn -0.1760 0.0262 0.9840
vn -0.1281 0.0379 0.9910
vn -0.0384 0.0209 0.9990
vn 0.0666 -0.0047 0.9978
vn 0.4745 -0.0540 0.8786
vn 0.4900 -0.0887 0.8672
vn -0.0724 -0.0025 0.9974
vn 0.1437 -0.0089 0.9896
vn 0.4770 -0.0534 0.8773
vn 0.4910 -0.0573 0.8693
vn 0.1958 -0.0137 0.9805
vn 0.2340 -0.0226 0.9720
vn 0.5089 -0.0695 0.8580
vn 0.0130 0.0170 0.9998
vn 0.0563 0.0107 0.9984
vn -0.0924 0.0369 0.9950
vn -0.0542 0.0342 0.9979
vn -0.5438 0.0275 0.8387
vn -0.4394 0.0252 0.8979
vn -0.4346 0.0281 0.9002
vn -0.5438 0.0312 0.8386
vn -0.3162 0.0223 0.9484
vn -0.3082 0.0249 0.9510
vn -0.5484 0.0235 0.8359
vn -0.4468 0.0226 0.8943
vn -0.3264 0.0200 0.9450
vn -0.1403 0.0165 0.9900
vn 0.1477 0.0037 0.9890
vn 0.1509 0.0087 0.9885
vn -0.1316 0.0197 0.9911
vn -0.1501 0.0137 0.9886
vn 0.1460 -0.0015 0.9893
vn 0.1397 -0.0081 0.9902
vn -0.1638 0.0107 0.9864
vn -0.1842 0.0064 0.9829
vn 0.1206 -0.0194 0.9925
vn -0.3407 0.0180 0.9400
vn -0.3648 0.0150 0.9310
vn -0.4614 0.0193 0.8870
vn -0.5607 0.0179 0.8278
vn -0.5849 0.0068 0.8111
vn -0.4871 0.0137 0.8732
vn -0.5214 0.1382 0.8420
vn -0.3563 0.1075 0.9282
vn -0.2460 0.0855 0.9655
vn -0.5331 0.1536 0.8320
vn -0.3558 0.1173 0.9272
vn -0.2342 0.0906 0.9680
vn -0.1636 0.0672 0.9842
vn -0.0941 0.0498 0.9943
vn -0.1425 0.0685 0.9874
vn -0.0631 0.0475 0.9969
vn -0.0357 0.0459 0.9983
vn -0.1229 0.0697 0.9900
vn -0.1055 0.0739 0.9917
vn -0.0141 0.0487 0.9987
vn -0.2226 0.0949 0.9703
vn -0.2123 0.1012 0.9719
vn -0.3540 0.1255 0.9268
vn -0.5413 0.1661 0.8243
vn -0.5478 0.1768 0.8177
vn -0.3516 0.1341 0.9265
vn -0.5547 0.3151 0.7701
vn -0.3508 0.2582 0.9001
vn -0.3355 0.2692 0.9028
vn -0.5381 0.3232 0.7785
vn -0.1955 0.2088 0.9582
vn -0.1847 0.2248 0.9567
vn -0.5678 0.3289 0.7546
vn -0.3653 0.2613 0.8935
vn -0.2048 0.2020 0.9577
vn -0.0732 0.1647 0.9836
vn 0.0290 0.1224 0.9921
vn 0.0307 0.1457 0.9888
vn -0.0687 0.1846 0.9804
vn -0.0787 0.1496 0.9856
vn 0.0273 0.1012 0.9945
vn 0.0232 0.0779 0.9967
vn -0.0847 0.1352 0.9872
vn -0.0918 0.1196 0.9886
vn 0.0165 0.0515 0.9985
vn -0.2147 0.1987 0.9563
vn -0.2238 0.1972 0.9545
vn -0.3781 0.2719 0.8849
vn -0.5759 0.3531 0.7374
vn -0.5771 0.3862 0.7196
vn -0.3866 0.2874 0.8763
vn -0.5714 0.4224 0.7036
vn -0.3918 0.3066 0.8674
vn -0.2320 0.1999 0.9519
vn -0.5656 0.4527 0.6893
vn -0.3944 0.3267 0.8589
vn -0.2375 0.2075 0.9489
vn -0.1007 0.1085 0.9890
vn 0.0088 0.0287 0.9995
vn -0.1068 0.1051 0.9887
vn 0.0028 0.0156 0.9999
vn 0.0001 0.0099 1.0000
vn -0.1109 0.1079 0.9880
vn -0.1129 0.1150 0.9869
vn 0.0005 0.0096 1.0000
vn -0.2421 0.2193 0.9451
vn -0.2454 0.2331 0.9410
vn -0.3962 0.3463 0.8504
vn -0.5610 0.4793 0.6750
vn -0.5594 0.5014 0.6600
vn -0.3990 0.3660 0.8408
vn -0.5635 0.5203 0.6417
vn -0.4067 0.3850 0.8285
vn -0.2521 0.2480 0.9354
vn -0.5713 0.5349 0.6224
vn -0.4183 0.4010 0.8150
vn -0.2629 0.2610 0.9289
vn -0.1162 0.1234 0.9855
vn 0.0019 0.0102 0.9999
vn -0.1223 0.1299 0.9840
vn 0.0019 0.0086 1.0000
vn 0.0002 0.0044 1.0000
vn -0.1308 0.1336 0.9824
vn -0.1460 0.1311 0.9806
vn -0.0095 -0.0048 0.9999
vn -0.2759 0.2706 0.9223
vn -0.2946 0.2726 0.9159
vn -0.4326 0.4133 0.8013
vn -0.5812 0.5448 0.6045
vn -0.5965 0.5474 0.5870
vn -0.4518 0.4174 0.7885
vn -0.6244 0.6298 0.4621
vn -0.4834 0.5427 0.6869
vn -0.4449 0.5145 0.7331
vn -0.5982 0.6146 0.5143
vn -0.2970 0.4075 0.8635
vn -0.2617 0.3775 0.8883
vn -0.6590 0.6325 0.4070
vn -0.5343 0.5602 0.6330
vn -0.3489 0.4314 0.8320
vn -0.0977 0.2454 0.9645
vn 0.0872 0.0799 0.9930
vn 0.0871 0.0743 0.9934
vn -0.0791 0.2257 0.9710
vn -0.1322 0.2609 0.9563
vn 0.0776 0.0796 0.9938
vn 0.0637 0.0733 0.9953
vn -0.1725 0.2677 0.9479
vn -0.2195 0.2595 0.9405
vn 0.0444 0.0589 0.9973
vn -0.4072 0.4439 0.7982
vn -0.4694 0.4352 0.7683
vn -0.5878 0.5636 0.5803
vn -0.6956 0.6225 0.3587
vn -0.7362 0.5950 0.3224
vn -0.6437 0.5451 0.5371
vn -0.2604 0.2380 0.9357
vn 0.0247 0.0400 0.9989
vn -0.2925 0.2103 0.9328
vn 0.0107 0.0228 0.9997
vn -0.5225 0.4099 0.7476
vn -0.5670 0.3737 0.7340
vn -0.3169 0.1812 0.9310
vn -0.3357 0.1538 0.9293
vn -0.0026 0.0035 1.0000
vn 0.0012 0.0104 0.9999
vn -0.6041 0.3318 0.7245
vn -0.6355 0.2870 0.7168
vn -0.8095 0.3626 0.4618
vn -0.7753 0.4182 0.4734
vn -0.8502 0.4529 0.2686
vn -0.8828 0.3922 0.2586
vn -0.7365 0.4687 0.4877
vn -0.8144 0.5075 0.2813
vn -0.6926 0.5123 0.5078
vn -0.7760 0.5553 0.2990
vn -0.3527 0.1247 0.9274
vn -0.0051 -0.0040 1.0000
vn -0.3678 0.0876 0.9258
vn -0.0081 -0.0201 0.9998
vn -0.6635 0.2393 0.7089
vn -0.6860 0.1853 0.7036
vn -0.3754 0.0419 0.9259
vn -0.3707 -0.0118 0.9287
vn -0.0061 -0.0799 0.9968
vn -0.0102 -0.0453 0.9989
vn -0.6986 0.1260 0.7043
vn -0.6969 0.0620 0.7145
vn -0.8816 0.1149 0.4579
vn -0.8771 0.1783 0.4460
vn -0.9477 0.2028 0.2463
vn -0.9562 0.1445 0.2545
vn -0.8623 0.2414 0.4451
vn -0.9324 0.2647 0.2460
vn -0.8392 0.3033 0.4515
vn -0.9106 0.3283 0.2510
vn -0.3484 -0.0621 0.9353
vn 0.0060 -0.1133 0.9935
vn -0.3162 -0.0985 0.9436
vn 0.0215 -0.1367 0.9904
vn -0.6758 0.0029 0.7371
vn -0.6404 -0.0418 0.7669
vn -0.2816 -0.1231 0.9516
vn -0.2523 -0.1340 0.9583
vn 0.0511 -0.1580 0.9861
vn 0.0365 -0.1518 0.9877
vn -0.5993 -0.0741 0.7971
vn -0.5613 -0.0899 0.8227
vn -0.7972 -0.0356 0.6026
vn -0.8253 -0.0186 0.5643
vn -0.9411 0.0266 0.3372
vn -0.9291 0.0112 0.3696
vn -0.8526 0.0143 0.5223
vn -0.9513 0.0549 0.3033
vn -0.8728 0.0582 0.4847
vn -0.9571 0.0935 0.2741
vn -0.1908 0.0372 0.9809
vn -0.1520 0.0165 0.9882
vn 0.1480 0.0558 0.9874
vn 0.1072 0.0756 0.9914
vn -0.1061 0.0157 0.9942
vn 0.1899 0.0573 0.9801
vn -0.4975 -0.0052 0.8674
vn -0.4668 -0.0250 0.8840
vn -0.4263 -0.0273 0.9042
vn -0.0618 0.0198 0.9979
vn -0.0258 0.0255 0.9993
vn 0.2447 0.0707 0.9670
vn 0.2241 0.0635 0.9725
vn -0.3803 -0.0243 0.9246
vn -0.3334 -0.0190 0.9426
vn -0.6238 -0.0554 0.7797
vn -0.6653 -0.0604 0.7442
vn -0.8608 -0.0827 0.5022
vn -0.8359 -0.0781 0.5433
vn -0.7007 -0.0626 0.7107
vn -0.8795 -0.0848 0.4684
vn -0.7280 -0.0601 0.6830
vn -0.7471 -0.0429 0.6633
vn -0.9013 -0.0710 0.4274
vn -0.8929 -0.0830 0.4426
vn -0.0012 0.0301 0.9995
vn 0.2498 0.0742 0.9655
vn 0.0138 0.0316 0.9994
vn 0.2472 0.0715 0.9663
vn -0.2916 -0.0125 0.9565
vn -0.2551 -0.0059 0.9669
vn 0.0255 0.0307 0.9992
vn 0.0350 0.0277 0.9990
vn 0.2393 0.0541 0.9694
vn 0.2422 0.0645 0.9681
vn -0.2237 0.0001 0.9747
vn -0.1994 0.0050 0.9799
vn -0.4566 -0.0127 0.8896
vn -0.4930 -0.0251 0.8697
vn -0.7371 -0.0419 0.6744
vn -0.7066 -0.0243 0.7072
vn -0.5327 -0.0368 0.8455
vn -0.7707 -0.0572 0.6347
vn -0.5776 -0.0476 0.8149
vn -0.8047 -0.0698 0.5896
vn 0.0438 0.0229 0.9988
vn 0.2384 0.0418 0.9703
vn 0.0505 0.0166 0.9986
vn 0.2391 0.0288 0.9706
vn -0.1777 0.0077 0.9840
vn -0.1620 0.0074 0.9868
vn 0.0553 0.0088 0.9984
vn 0.0570 -0.0000 0.9984
vn 0.2408 -0.0000 0.9706
vn 0.2405 0.0149 0.9705
vn -0.1534 0.0048 0.9882
vn -0.1499 -0.0000 0.9887
vn -0.3853 -0.0000 0.9228
vn -0.3906 0.0022 0.9206
vn -0.6481 0.0022 0.7616
vn -0.6433 -0.0000 0.7656
vn -0.4050 0.0016 0.9143
vn -0.6612 -0.0008 0.7502
vn -0.4274 -0.0031 0.9041
vn -0.6811 -0.0093 0.7321
vn -0.3653 0.0302 0.9304
vn -0.2723 0.0260 0.9619
vn -0.2665 0.0243 0.9635
vn -0.3613 0.0285 0.9320
vn -0.2580 0.0255 0.9658
vn -0.2540 0.0246 0.9669
vn -0.3731 0.0357 0.9271
vn -0.2780 0.0308 0.9601
vn -0.2561 0.0288 0.9662
vn -0.2967 0.0261 0.9546
vn -0.4012 0.0272 0.9156
vn -0.4068 0.0307 0.9130
vn -0.2967 0.0268 0.9546
vn -0.2852 0.0265 0.9581
vn -0.3848 0.0235 0.9227
vn -0.3453 0.0178 0.9383
vn -0.2562 0.0280 0.9662
vn -0.2471 0.0351 0.9684
vn -0.2842 0.0380 0.9580
vn -0.3856 0.0441 0.9216
vn -0.0150 0.0296 0.9994
vn 0.0978 0.0030 0.9952
vn 0.0212 0.0245 0.9995
vn 0.1363 -0.0046 0.9907
vn 0.2691 -0.0334 0.9625
vn 0.5263 -0.0830 0.8462
vn 0.3011 -0.0426 0.9526
vn 0.5422 -0.0932 0.8351
vn 0.5561 -0.0992 0.8252
vn 0.3293 -0.0490 0.9430
vn 0.3513 -0.0480 0.9350
vn 0.5687 -0.0972 0.8168
vn 0.1694 -0.0101 0.9855
vn 0.1953 -0.0093 0.9807
vn 0.0546 0.0205 0.9983
vn 0.0799 0.0220 0.9966
vn 0.1302 0.0776 0.9884
vn 0.1298 0.1038 0.9861
vn 0.2478 0.0245 0.9685
vn 0.2460 0.0537 0.9678
vn 0.1298 0.0504 0.9903
vn 0.2483 -0.0095 0.9686
vn 0.3996 -0.0441 0.9156
vn 0.6009 -0.1353 0.7878
vn 0.5985 -0.0962 0.7953
vn 0.3968 -0.0105 0.9179
vn 0.4000 -0.0867 0.9124
vn 0.5983 -0.1885 0.7787
vn 0.5879 -0.2538 0.7681
vn 0.3954 -0.1385 0.9080
vn 0.3836 -0.2012 0.9013
vn 0.5665 -0.3318 0.7543
vn 0.2454 -0.0497 0.9682
vn 0.2374 -0.0982 0.9664
vn 0.1269 0.0194 0.9917
vn 0.1201 -0.0173 0.9926
vn 0.1116 -0.0507 0.9925
vn 0.2273 -0.1435 0.9632
vn 0.1063 -0.0733 0.9916
vn 0.2213 -0.1765 0.9591
vn 0.3688 -0.2604 0.8923
vn 0.5402 -0.4043 0.7380
vn 0.3592 -0.3042 0.8823
vn 0.5209 -0.4567 0.7211
vn 0.5110 -0.4947 0.7029
vn 0.3568 -0.3366 0.8714
vn 0.3625 -0.3616 0.8590
vn 0.5101 -0.5221 0.6835
vn 0.2209 -0.2001 0.9545
vn 0.2264 -0.2170 0.9496
vn 0.1051 -0.0875 0.9906
vn 0.1087 -0.0962 0.9894
vn 0.1150 -0.1042 0.9879
vn 0.2372 -0.2340 0.9429
vn 0.1212 -0.1145 0.9860
vn 0.2487 -0.2526 0.9351
vn 0.3737 -0.3843 0.8442
vn 0.5159 -0.5449 0.6610
vn 0.3865 -0.4079 0.8272
vn 0.5228 -0.5658 0.6376
vn 0.5287 -0.5858 0.6142
vn 0.3971 -0.4311 0.8102
vn 0.3997 -0.4552 0.7957
vn 0.5280 -0.6049 0.5961
vn 0.2582 -0.2724 0.9269
vn 0.2596 -0.2947 0.9196
vn 0.1261 -0.1272 0.9838
vn 0.1227 -0.1436 0.9820
vn 0.2632 -0.0928 0.9603
vn 0.2454 -0.0833 0.9658
vn 0.4339 -0.2773 0.8573
vn 0.4014 -0.2539 0.8800
vn 0.2780 -0.1099 0.9543
vn 0.4677 -0.3077 0.8286
vn 0.5762 -0.4504 0.6820
vn 0.6691 -0.5832 0.4606
vn 0.6426 -0.5695 0.5126
vn 0.5413 -0.4245 0.7258
vn 0.6116 -0.4779 0.6305
vn 0.6940 -0.5940 0.4068
vn 0.7191 -0.5947 0.3596
vn 0.6454 -0.4963 0.5807
vn 0.6791 -0.4983 0.5390
vn 0.7480 -0.5802 0.3224
vn 0.5005 -0.3356 0.7980
vn 0.5307 -0.3526 0.7707
vn 0.2916 -0.1306 0.9476
vn 0.3002 -0.1498 0.9420
vn 0.7090 -0.4870 0.5101
vn 0.7782 -0.5532 0.2974
vn 0.7402 -0.4598 0.4905
vn 0.8104 -0.5145 0.2804
vn 0.5548 -0.3576 0.7512
vn 0.5792 -0.3468 0.7378
vn 0.7720 -0.4214 0.4759
vn 0.8039 -0.3714 0.4646
vn 0.8754 -0.4078 0.2596
vn 0.8432 -0.4659 0.2684
vn 0.6036 -0.3229 0.7290
vn 0.6300 -0.2882 0.7211
vn 0.3291 -0.1484 0.9326
vn 0.3177 -0.1629 0.9341
vn 0.3103 -0.1685 0.9356
vn 0.3045 -0.1643 0.9382
vn 0.8324 -0.3176 0.4540
vn 0.9040 -0.3453 0.2520
vn 0.8539 -0.2662 0.4472
vn 0.9265 -0.2844 0.2464
vn 0.6543 -0.2499 0.7137
vn 0.6729 -0.2170 0.7072
vn 0.8671 -0.2197 0.4471
vn 0.8711 -0.1807 0.4567
vn 0.9506 -0.1759 0.2556
vn 0.9420 -0.2271 0.2473
vn 0.6828 -0.1900 0.7055
vn 0.6821 -0.1716 0.7109
vn 0.3548 -0.1350 0.9251
vn 0.3548 -0.1254 0.9265
vn 0.3495 -0.1248 0.9286
vn 0.3410 -0.1327 0.9307
vn 0.8647 -0.1520 0.4788
vn 0.9519 -0.1361 0.2744
vn 0.8496 -0.1343 0.5101
vn 0.9469 -0.1101 0.3020
vn 0.6705 -0.1604 0.7244
vn 0.6506 -0.1540 0.7436
vn 0.8292 -0.1251 0.5448
vn 0.8080 -0.1237 0.5760
vn 0.9264 -0.0928 0.3649
vn 0.9375 -0.0950 0.3347
vn 0.6275 -0.1515 0.7637
vn 0.6065 -0.1516 0.7805
vn 0.3379 -0.1640 0.9268
vn 0.3423 -0.1617 0.9256
vn 0.3484 -0.1558 0.9243
vn 0.3533 -0.1473 0.9238
vn 0.7746 0.1756 0.6075
vn 0.7756 0.1647 0.6094
vn 0.8855 0.2003 0.4192
vn 0.8892 0.2072 0.4078
vn 0.7701 0.1684 0.6153
vn 0.8761 0.2047 0.4366
vn 0.6002 0.1420 0.7871
vn 0.6146 0.1279 0.7784
vn 0.6238 0.1314 0.7705
vn 0.7586 0.1772 0.6270
vn 0.7402 0.1884 0.6454
vn 0.8415 0.2276 0.4900
vn 0.8619 0.2140 0.4598
vn 0.6244 0.1401 0.7685
vn 0.6147 0.1506 0.7743
vn 0.4559 0.1122 0.8829
vn 0.4514 0.1031 0.8864
vn 0.4329 0.0949 0.8964
vn 0.4046 0.0922 0.9098
vn 0.3723 0.1091 0.9217
vn 0.7162 0.1922 0.6709
vn 0.8192 0.2293 0.5257
vn 0.6930 0.1822 0.6975
vn 0.7996 0.2178 0.5597
vn 0.5950 0.1544 0.7888
vn 0.5737 0.1464 0.8059
vn 0.6733 0.1625 0.7213
vn 0.6601 0.1344 0.7391
vn 0.7761 0.1620 0.6095
vn 0.7846 0.1950 0.5886
vn 0.5548 0.1303 0.8217
vn 0.5414 0.1077 0.8338
vn 0.4068 0.0813 0.9099
vn 0.4176 0.0982 0.9033
vn 0.4316 0.1101 0.8953
vn 0.4463 0.1158 0.8873
vn 0.6540 0.1023 0.7495
vn 0.7746 0.1239 0.6202
vn 0.6522 0.0698 0.7548
vn 0.7772 0.0849 0.6235
vn 0.5346 0.0818 0.8412
vn 0.5319 0.0558 0.8450
vn 0.6526 0.0359 0.7568
vn 0.6532 -0.0000 0.7572
vn 0.7814 -0.0000 0.6241
vn 0.7797 0.0437 0.6246
vn 0.5318 0.0286 0.8464
vn 0.5319 -0.0000 0.8468
vn 0.3999 -0.0000 0.9165
vn 0.3994 0.0219 0.9165
vn 0.4002 0.0422 0.9155
vn 0.4023 0.0619 0.9134
vn -0.2762 0.0466 -0.9600
vn -0.2979 0.0567 -0.9529
vn -0.4224 0.0672 -0.9039
vn -0.3935 0.0547 -0.9177
vn -0.3192 0.0678 -0.9452
vn -0.4535 0.0816 -0.8875
vn -0.2162 0.0434 -0.9754
vn -0.2296 0.0516 -0.9719
vn -0.2420 0.0599 -0.9684
vn -0.3372 0.0802 -0.9380
vn -0.3489 0.0944 -0.9324
vn -0.5048 0.1187 -0.8550
vn -0.4819 0.0985 -0.8707
vn -0.2500 0.0688 -0.9658
vn -0.2510 0.0780 -0.9648
vn -0.1769 0.0647 -0.9821
vn -0.1868 0.0599 -0.9806
vn -0.1382 0.0513 -0.9891
vn -0.1182 0.0521 -0.9916
vn -0.1906 0.0544 -0.9802
vn -0.1545 0.0491 -0.9868
vn -0.1887 0.0485 -0.9808
vn -0.1841 0.0419 -0.9820
vn -0.1691 0.0407 -0.9848
vn -0.1641 0.0456 -0.9854
vn 0.2342 -0.0184 -0.9720
vn 0.1968 -0.0065 -0.9804
vn 0.4800 -0.0488 -0.8759
vn 0.5038 -0.0649 -0.8614
vn 0.1598 0.0021 -0.9871
vn 0.4543 -0.0363 -0.8901
vn 0.0614 0.0140 -0.9980
vn 0.0230 0.0216 -0.9995
vn -0.0110 0.0261 -0.9996
vn 0.1252 0.0078 -0.9921
vn 0.0947 0.0109 -0.9954
vn 0.3990 -0.0193 -0.9167
vn 0.4259 -0.0264 -0.9044
vn -0.0412 0.0282 -0.9988
vn -0.0655 0.0279 -0.9975
vn -0.1412 0.0370 -0.9893
vn -0.1266 0.0399 -0.9912
vn -0.1055 0.0408 -0.9936
vn -0.0778 0.0397 -0.9962
vn -0.0476 0.0365 -0.9982
vn 0.0337 0.0159 -0.9993
vn 0.0267 0.0212 -0.9994
vn 0.3175 0.0080 -0.9482
vn 0.3271 -0.0001 -0.9450
vn 0.0244 0.0358 -0.9991
vn 0.3064 0.0283 -0.9515
vn -0.1030 0.0232 -0.9944
vn -0.1040 0.0271 -0.9942
vn -0.1025 0.0385 -0.9940
vn 0.0382 0.0652 -0.9971
vn 0.1139 0.1233 -0.9858
vn 0.2603 0.1043 -0.9599
vn 0.2895 0.0633 -0.9551
vn -0.0885 0.0648 -0.9940
vn -0.0428 0.1296 -0.9906
vn -0.1258 0.1190 -0.9849
vn -0.1425 0.0607 -0.9879
vn -0.1465 0.0557 -0.9876
vn -0.1397 0.1042 -0.9847
vn -0.1515 0.0384 -0.9877
vn -0.1526 0.0363 -0.9876
vn -0.1560 0.0286 -0.9873
vn -0.1582 0.0258 -0.9871
vn -0.1638 0.0253 -0.9862
vn -0.1591 0.0275 -0.9869
vn -0.1054 0.0754 -0.9916
vn -0.1228 0.0698 -0.9900
vn -0.0356 0.0461 -0.9983
vn -0.0139 0.0508 -0.9986
vn -0.1416 0.0688 -0.9875
vn -0.0627 0.0482 -0.9969
vn -0.2131 0.1012 -0.9718
vn -0.2221 0.0949 -0.9704
vn -0.2335 0.0908 -0.9681
vn -0.1609 0.0678 -0.9846
vn -0.0909 0.0508 -0.9946
vn -0.2439 0.0858 -0.9660
vn -0.3554 0.1075 -0.9285
vn -0.5215 0.1383 -0.8420
vn -0.3554 0.1174 -0.9273
vn -0.5338 0.1538 -0.8315
vn -0.3540 0.1255 -0.9268
vn -0.3520 0.1340 -0.9264
vn -0.5479 0.1772 -0.8175
vn -0.5422 0.1663 -0.8236
vn -0.0924 0.1198 -0.9885
vn -0.0848 0.1352 -0.9872
vn 0.0232 0.0779 -0.9967
vn 0.0165 0.0515 -0.9985
vn -0.0783 0.1497 -0.9856
vn 0.0270 0.1010 -0.9945
vn -0.2239 0.1972 -0.9545
vn -0.2147 0.1987 -0.9563
vn -0.2052 0.2020 -0.9577
vn -0.0737 0.1646 -0.9836
vn -0.0686 0.1847 -0.9804
vn 0.0308 0.1458 -0.9888
vn 0.0291 0.1224 -0.9921
vn -0.1947 0.2088 -0.9584
vn -0.1848 0.2262 -0.9564
vn -0.3354 0.2717 -0.9021
vn -0.3509 0.2582 -0.9001
vn -0.5574 0.3160 -0.7677
vn -0.5389 0.3222 -0.7783
vn -0.3653 0.2613 -0.8934
vn -0.5699 0.3299 -0.7526
vn -0.3781 0.2719 -0.8849
vn -0.3865 0.2873 -0.8764
vn -0.5777 0.3877 -0.7183
vn -0.5776 0.3545 -0.7353
vn -0.1127 0.1149 -0.9870
vn -0.1104 0.1074 -0.9881
vn 0.0001 0.0099 -1.0000
vn 0.0005 0.0096 -1.0000
vn -0.1068 0.1050 -0.9887
vn 0.0028 0.0155 -0.9999
vn -0.2461 0.2336 -0.9407
vn -0.2420 0.2191 -0.9452
vn -0.2377 0.2077 -0.9489
vn -0.1003 0.1084 -0.9890
vn 0.0085 0.0287 -0.9996
vn -0.2320 0.2000 -0.9519
vn -0.3917 0.3066 -0.8675
vn -0.5725 0.4232 -0.7022
vn -0.3944 0.3267 -0.8589
vn -0.5664 0.4539 -0.6879
vn -0.3962 0.3463 -0.8504
vn -0.3991 0.3661 -0.8406
vn -0.5600 0.5018 -0.6592
vn -0.5617 0.4799 -0.6740
vn -0.1471 0.1307 -0.9804
vn -0.1309 0.1337 -0.9823
vn 0.0001 0.0044 -1.0000
vn -0.0101 -0.0045 -0.9999
vn -0.1219 0.1297 -0.9840
vn 0.0020 0.0086 -1.0000
vn -0.2964 0.2720 -0.9155
vn -0.2759 0.2706 -0.9223
vn -0.2628 0.2610 -0.9289
vn -0.1164 0.1235 -0.9855
vn 0.0019 0.0102 -0.9999
vn -0.2523 0.2481 -0.9353
vn -0.4066 0.3850 -0.8285
vn -0.5640 0.5208 -0.6408
vn -0.4183 0.4010 -0.8150
vn -0.5721 0.5356 -0.6212
vn -0.4329 0.4136 -0.8010
vn -0.4534 0.4160 -0.7882
vn -0.5964 0.5473 -0.5871
vn -0.5827 0.5460 -0.6020
vn -0.2195 0.2595 -0.9405
vn -0.1725 0.2677 -0.9480
vn 0.0640 0.0732 -0.9953
vn 0.0442 0.0590 -0.9973
vn -0.1312 0.2603 -0.9566
vn 0.0780 0.0792 -0.9938
vn -0.4694 0.4352 -0.7683
vn -0.4072 0.4439 -0.7982
vn -0.3491 0.4315 -0.8318
vn -0.0977 0.2454 -0.9645
vn -0.0786 0.2269 -0.9707
vn 0.0871 0.0746 -0.9934
vn 0.0869 0.0800 -0.9930
vn -0.2970 0.4075 -0.8636
vn -0.2598 0.3795 -0.8880
vn -0.4419 0.5172 -0.7330
vn -0.4834 0.5427 -0.6869
vn -0.6255 0.6303 -0.4599
vn -0.5979 0.6147 -0.5145
vn -0.5342 0.5602 -0.6331
vn -0.6598 0.6329 -0.4051
vn -0.5879 0.5637 -0.5802
vn -0.6437 0.5451 -0.5371
vn -0.7364 0.5953 -0.3214
vn -0.6961 0.6228 -0.3572
vn -0.8502 0.4529 -0.2685
vn -0.7753 0.4182 -0.4733
vn -0.8095 0.3625 -0.4619
vn -0.8828 0.3922 -0.2586
vn -0.6042 0.3319 -0.7245
vn -0.6355 0.2870 -0.7168
vn -0.8146 0.5078 -0.2802
vn -0.7365 0.4687 -0.4877
vn -0.5671 0.3738 -0.7339
vn -0.3167 0.1810 -0.9311
vn 0.0016 0.0101 -0.9999
vn -0.0026 0.0034 -1.0000
vn -0.3353 0.1537 -0.9295
vn -0.2925 0.2103 -0.9329
vn 0.0106 0.0228 -0.9997
vn 0.0249 0.0397 -0.9989
vn -0.2604 0.2380 -0.9357
vn -0.5225 0.4099 -0.7477
vn -0.6926 0.5123 -0.5078
vn -0.7763 0.5556 -0.2977
vn -0.9477 0.2030 -0.2464
vn -0.8771 0.1783 -0.4460
vn -0.8818 0.1130 -0.4579
vn -0.9564 0.1425 -0.2549
vn -0.6986 0.1260 -0.7043
vn -0.6972 0.0603 -0.7144
vn -0.9325 0.2649 -0.2457
vn -0.8623 0.2414 -0.4451
vn -0.6860 0.1853 -0.7036
vn -0.3754 0.0419 -0.9259
vn -0.0101 -0.0453 -0.9989
vn -0.0063 -0.0805 -0.9967
vn -0.3711 -0.0129 -0.9285
vn -0.3678 0.0876 -0.9258
vn -0.0090 -0.0198 -0.9998
vn -0.0051 -0.0040 -1.0000
vn -0.3528 0.1248 -0.9274
vn -0.6634 0.2392 -0.7090
vn -0.8391 0.3032 -0.4517
vn -0.9106 0.3283 -0.2510
vn -0.9025 0.1835 -0.3897
vn -0.7612 0.1938 -0.6189
vn -0.6608 0.5211 -0.5401
vn -0.8218 0.4435 -0.3579
vn -0.5261 0.2014 -0.8262
vn -0.4346 0.5881 -0.6821
vn -0.9143 0.0202 -0.4045
vn -0.7686 -0.0252 -0.6393
vn -0.5268 -0.0738 -0.8468
vn -0.2310 0.2012 -0.9519
vn 0.0590 0.1931 -0.9794
vn 0.0405 0.6340 -0.7723
vn -0.1875 0.6257 -0.7572
vn -0.2278 -0.1119 -0.9673
vn 0.0625 -0.1331 -0.9891
vn 0.0586 -0.1556 -0.9861
vn -0.2354 -0.1330 -0.9627
vn -0.2529 -0.1320 -0.9585
vn 0.0508 -0.1572 -0.9863
vn -0.5375 -0.0914 -0.8383
vn -0.5618 -0.0865 -0.8227
vn -0.7780 -0.0385 -0.6271
vn -0.9194 0.0102 -0.3932
vn -0.9286 0.0158 -0.3707
vn -0.7974 -0.0316 -0.6026
vn -0.8591 -0.0819 -0.5052
vn -0.6656 -0.0604 -0.7439
vn -0.6239 -0.0554 -0.7795
vn -0.8340 -0.0772 -0.5464
vn -0.3802 -0.0243 -0.9246
vn -0.3334 -0.0190 -0.9426
vn -0.8782 -0.0841 -0.4709
vn -0.7007 -0.0626 -0.7107
vn -0.4262 -0.0273 -0.9042
vn -0.0629 0.0199 -0.9978
vn 0.2243 0.0634 -0.9725
vn 0.2447 0.0707 -0.9670
vn -0.0259 0.0255 -0.9993
vn -0.1056 0.0159 -0.9943
vn 0.1899 0.0573 -0.9801
vn 0.1479 0.0558 -0.9874
vn -0.1519 0.0165 -0.9883
vn -0.1910 0.0330 -0.9810
vn 0.1071 0.0710 -0.9917
vn -0.4669 -0.0250 -0.8840
vn -0.4976 -0.0090 -0.8674
vn -0.7279 -0.0601 -0.6830
vn -0.8918 -0.0823 -0.4449
vn -0.9013 -0.0710 -0.4273
vn -0.7472 -0.0461 -0.6630
vn -0.7348 -0.0418 -0.6770
vn -0.4921 -0.0250 -0.8702
vn -0.4567 -0.0127 -0.8895
vn -0.7046 -0.0244 -0.7092
vn -0.2236 0.0001 -0.9747
vn -0.1995 0.0050 -0.9799
vn -0.7684 -0.0569 -0.6374
vn -0.5327 -0.0368 -0.8455
vn -0.2551 -0.0059 -0.9669
vn 0.0256 0.0307 -0.9992
vn 0.2423 0.0645 -0.9681
vn 0.2393 0.0541 -0.9694
vn 0.0351 0.0277 -0.9990
vn 0.0150 0.0316 -0.9994
vn 0.2471 0.0715 -0.9663
vn 0.2498 0.0742 -0.9655
vn -0.0012 0.0301 -0.9995
vn -0.2906 -0.0125 -0.9568
vn -0.5777 -0.0476 -0.8149
vn -0.8024 -0.0691 -0.5928
vn -0.6474 0.0017 -0.7622
vn -0.3905 0.0022 -0.9206
vn -0.3853 -0.0000 -0.9228
vn -0.6428 -0.0000 -0.7660
vn -0.1520 0.0045 -0.9884
vn -0.1483 -0.0000 -0.9889
vn -0.6599 -0.0011 -0.7513
vn -0.4051 0.0016 -0.9143
vn -0.1622 0.0074 -0.9867
vn 0.0551 0.0088 -0.9984
vn 0.2403 0.0149 -0.9706
vn 0.2408 -0.0000 -0.9706
vn 0.0574 -0.0000 -0.9984
vn 0.0499 0.0167 -0.9986
vn 0.2392 0.0288 -0.9705
vn 0.2381 0.0418 -0.9703
vn 0.0431 0.0229 -0.9988
vn -0.1790 0.0078 -0.9838
vn -0.4275 -0.0031 -0.9040
vn -0.6792 -0.0096 -0.7339
vn -0.1572 0.0236 -0.9873
vn -0.1504 0.0255 -0.9883
vn -0.1441 0.0334 -0.9890
vn -0.1713 0.0226 -0.9850
vn -0.1631 0.0242 -0.9863
vn -0.1573 0.0318 -0.9870
vn -0.1404 0.0517 -0.9887
vn -0.1467 0.0954 -0.9846
vn -0.1590 0.0499 -0.9860
vn -0.1819 0.0912 -0.9791
vn -0.2446 0.0859 -0.9658
vn -0.2088 0.0507 -0.9766
vn -0.3104 0.0584 -0.9488
vn -0.3073 0.0752 -0.9486
vn -0.2020 0.0329 -0.9788
vn -0.3126 0.0399 -0.9490
vn -0.2071 0.0247 -0.9780
vn -0.2157 0.0230 -0.9762
vn -0.3225 0.0272 -0.9462
vn -0.3156 0.0298 -0.9484
vn 0.3519 -0.0460 -0.9349
vn 0.3295 -0.0486 -0.9429
vn 0.5560 -0.0989 -0.8253
vn 0.5691 -0.0967 -0.8165
vn 0.3018 -0.0416 -0.9525
vn 0.5416 -0.0921 -0.8356
vn 0.1958 -0.0069 -0.9806
vn 0.1696 -0.0098 -0.9855
vn 0.1361 -0.0034 -0.9907
vn 0.2693 -0.0310 -0.9626
vn 0.5242 -0.0807 -0.8478
vn 0.1000 0.0049 -0.9950
vn -0.0122 0.0312 -0.9994
vn 0.0222 0.0254 -0.9994
vn 0.0547 0.0207 -0.9983
vn 0.0803 0.0244 -0.9965
vn 0.3836 -0.2009 -0.9014
vn 0.3954 -0.1386 -0.9080
vn 0.5870 -0.2529 -0.7691
vn 0.5656 -0.3307 -0.7555
vn 0.4000 -0.0867 -0.9124
vn 0.5969 -0.1875 -0.7801
vn 0.2373 -0.0981 -0.9665
vn 0.2454 -0.0498 -0.9682
vn 0.2483 -0.0095 -0.9686
vn 0.3998 -0.0443 -0.9155
vn 0.3959 -0.0124 -0.9182
vn 0.5988 -0.0960 -0.7951
vn 0.5995 -0.1346 -0.7890
vn 0.2478 0.0246 -0.9685
vn 0.2459 0.0533 -0.9678
vn 0.1294 0.1029 -0.9862
vn 0.1303 0.0776 -0.9884
vn 0.1298 0.0505 -0.9903
vn 0.1269 0.0194 -0.9917
vn 0.1201 -0.0173 -0.9926
vn 0.3624 -0.3615 -0.8591
vn 0.3573 -0.3371 -0.8710
vn 0.5103 -0.4936 -0.7043
vn 0.5094 -0.5209 -0.6849
vn 0.3592 -0.3042 -0.8823
vn 0.5204 -0.4558 -0.7220
vn 0.2264 -0.2170 -0.9496
vn 0.2209 -0.2001 -0.9545
vn 0.2213 -0.1765 -0.9591
vn 0.3688 -0.2604 -0.8923
vn 0.5395 -0.4032 -0.7392
vn 0.2272 -0.1435 -0.9632
vn 0.1116 -0.0507 -0.9925
vn 0.1063 -0.0733 -0.9916
vn 0.1051 -0.0875 -0.9906
vn 0.1087 -0.0962 -0.9894
vn 0.4015 -0.4536 -0.7956
vn 0.3972 -0.4312 -0.8101
vn 0.5281 -0.5853 -0.6153
vn 0.5282 -0.6049 -0.5959
vn 0.3864 -0.4078 -0.8273
vn 0.5224 -0.5651 -0.6386
vn 0.2607 -0.2933 -0.9198
vn 0.2582 -0.2724 -0.9269
vn 0.2490 -0.2528 -0.9349
vn 0.3739 -0.3845 -0.8440
vn 0.5151 -0.5438 -0.6626
vn 0.2372 -0.2340 -0.9429
vn 0.1150 -0.1042 -0.9879
vn 0.1213 -0.1145 -0.9860
vn 0.1260 -0.1271 -0.9839
vn 0.1232 -0.1427 -0.9821
vn 0.6790 -0.4983 -0.5391
vn 0.6454 -0.4963 -0.5806
vn 0.7187 -0.5940 -0.3614
vn 0.7475 -0.5800 -0.3237
vn 0.6116 -0.4775 -0.6308
vn 0.6935 -0.5932 -0.4089
vn 0.5307 -0.3526 -0.7707
vn 0.5005 -0.3356 -0.7980
vn 0.4677 -0.3076 -0.8287
vn 0.5762 -0.4504 -0.6820
vn 0.5384 -0.4270 -0.7265
vn 0.6425 -0.5696 -0.5125
vn 0.6685 -0.5822 -0.4628
vn 0.4339 -0.2773 -0.8572
vn 0.3991 -0.2553 -0.8806
vn 0.2441 -0.0836 -0.9661
vn 0.2631 -0.0925 -0.9603
vn 0.2783 -0.1104 -0.9541
vn 0.2916 -0.1305 -0.9476
vn 0.3000 -0.1497 -0.9421
vn 0.3177 -0.1629 -0.9341
vn 0.3291 -0.1484 -0.9325
vn 0.6036 -0.3229 -0.7290
vn 0.6300 -0.2882 -0.7211
vn 0.3103 -0.1685 -0.9356
vn 0.5785 -0.3459 -0.7387
vn 0.7720 -0.4213 -0.4759
vn 0.8429 -0.4657 -0.2695
vn 0.8754 -0.4078 -0.2595
vn 0.8038 -0.3714 -0.4647
vn 0.7404 -0.4601 -0.4901
vn 0.8100 -0.5140 -0.2822
vn 0.7779 -0.5531 -0.2981
vn 0.7090 -0.4870 -0.5101
vn 0.5548 -0.3576 -0.7512
vn 0.3043 -0.1639 -0.9384
vn 0.3549 -0.1255 -0.9265
vn 0.3556 -0.1351 -0.9248
vn 0.6828 -0.1900 -0.7055
vn 0.6821 -0.1706 -0.7110
vn 0.3497 -0.1248 -0.9285
vn 0.6731 -0.2171 -0.7070
vn 0.8671 -0.2197 -0.4471
vn 0.9420 -0.2274 -0.2469
vn 0.9511 -0.1753 -0.2545
vn 0.8714 -0.1792 -0.4567
vn 0.8533 -0.2658 -0.4486
vn 0.9264 -0.2846 -0.2464
vn 0.9041 -0.3455 -0.2513
vn 0.8324 -0.3176 -0.4541
vn 0.6545 -0.2501 -0.7135
vn 0.3410 -0.1328 -0.9306
vn 0.3328 0.1781 -0.9260
vn 0.2583 0.6196 -0.7412
vn 0.5884 0.1594 -0.7927
vn 0.4779 0.5812 -0.6586
vn 0.3341 -0.1393 -0.9322
vn 0.5878 -0.1306 -0.7984
vn 0.7873 0.1404 -0.6003
vn 0.9121 0.1258 -0.3902
vn 0.8155 0.4575 -0.3545
vn 0.6728 0.5229 -0.5234
vn 0.7872 -0.1076 -0.6072
vn 0.9140 -0.0791 -0.3980
vn 0.9174 -0.0923 -0.3871
vn 0.7933 -0.1238 -0.5961
vn 0.8075 -0.1271 -0.5761
vn 0.9271 -0.0913 -0.3635
vn 0.5928 -0.1501 -0.7912
vn 0.6057 -0.1538 -0.7807
vn 0.3347 -0.1614 -0.9284
vn 0.3381 -0.1640 -0.9267
vn 0.4514 0.1031 -0.8864
vn 0.4559 0.1122 -0.8829
vn 0.6244 0.1401 -0.7684
vn 0.6147 0.1506 -0.7742
vn 0.4325 0.0950 -0.8966
vn 0.6236 0.1314 -0.7706
vn 0.7587 0.1772 -0.6269
vn 0.8619 0.2140 -0.4598
vn 0.8426 0.2260 -0.4889
vn 0.7402 0.1884 -0.6454
vn 0.7701 0.1684 -0.6153
vn 0.8761 0.2047 -0.4366
vn 0.8855 0.2003 -0.4192
vn 0.7755 0.1647 -0.6095
vn 0.7745 0.1760 -0.6075
vn 0.8888 0.2080 -0.4083
vn 0.6145 0.1279 -0.7785
vn 0.6016 0.1405 -0.7864
vn 0.4047 0.0922 -0.9098
vn 0.3729 0.1053 -0.9219
vn 0.4175 0.0982 -0.9034
vn 0.4068 0.0813 -0.9099
vn 0.5552 0.1303 -0.8215
vn 0.5414 0.1077 -0.8339
vn 0.4316 0.1101 -0.8953
vn 0.5737 0.1464 -0.8059
vn 0.6733 0.1625 -0.7213
vn 0.7856 0.1958 -0.5869
vn 0.7766 0.1628 -0.6086
vn 0.6600 0.1344 -0.7391
vn 0.6931 0.1822 -0.6975
vn 0.8012 0.2186 -0.5570
vn 0.8202 0.2300 -0.5238
vn 0.7161 0.1922 -0.6710
vn 0.5953 0.1544 -0.7886
vn 0.4463 0.1158 -0.8874
vn 0.3998 0.0217 -0.9164
vn 0.3999 -0.0000 -0.9166
vn 0.5317 0.0286 -0.8464
vn 0.5318 -0.0000 -0.8469
vn 0.4002 0.0422 -0.9155
vn 0.5320 0.0558 -0.8449
vn 0.6525 0.0359 -0.7570
vn 0.7797 0.0438 -0.6246
vn 0.7814 -0.0000 -0.6241
vn 0.6532 -0.0000 -0.7572
vn 0.6522 0.0698 -0.7548
vn 0.7765 0.0851 -0.6243
vn 0.7753 0.1243 -0.6193
vn 0.6540 0.1023 -0.7496
vn 0.5348 0.0818 -0.8410
vn 0.4016 0.0620 -0.9137
vn -0.9585 0.1856 0.2163
vn -0.9584 0.1573 0.2383
vn -0.9871 0.1601 -0.0000
vn -0.9823 0.1876 -0.0000
vn -0.9555 0.1346 0.2624
vn -0.9905 0.1377 -0.0000
vn -0.8638 0.1732 0.4732
vn -0.8485 0.1444 0.5091
vn -0.8284 0.1213 0.5469
vn -0.9507 0.1151 0.2878
vn -0.9452 0.0975 0.3116
vn -0.9948 0.1017 -0.0001
vn -0.9929 0.1186 -0.0001
vn -0.8055 0.1018 0.5838
vn -0.7839 0.0841 0.6152
vn -0.5771 0.0671 0.8139
vn -0.6064 0.0834 0.7908
vn -0.6387 0.1011 0.7628
vn -0.6700 0.1225 0.7322
vn -0.6964 0.1492 0.7020
vn 0.9914 -0.0864 0.0987
vn 0.9878 -0.0948 0.1234
vn 0.9955 -0.0941 -0.0062
vn 0.9963 -0.0839 -0.0168
vn 0.9841 -0.1069 0.1416
vn 0.9942 -0.1076 -0.0014
vn 0.9685 -0.0903 0.2319
vn 0.9515 -0.0946 0.2926
vn 0.9348 -0.1027 0.3400
vn 0.9812 -0.1231 0.1488
vn 0.9779 -0.1443 0.1510
vn 0.9893 -0.1460 0.0011
vn 0.9922 -0.1245 0.0015
vn 0.9266 -0.1161 0.3577
vn 0.9228 -0.1358 0.3605
vn 0.7760 -0.1126 0.6206
vn 0.7759 -0.0963 0.6234
vn 0.7889 -0.0883 0.6082
vn 0.8276 -0.0862 0.5547
vn 0.9066 -0.0986 0.4102
vn -0.4590 0.4939 0.7385
vn -0.2612 0.5743 0.7759
vn -0.3089 0.3530 0.8832
vn -0.4337 0.2292 0.8714
vn -0.1007 0.7486 0.6553
vn -0.2794 0.5749 0.7690
vn 0.0202 0.7653 0.6434
vn 0.1712 0.7861 0.5939
vn 0.3343 0.8303 0.4460
vn 0.0032 0.9466 0.3224
vn 0.0433 0.9858 -0.1622
vn -0.2760 0.9511 -0.1386
vn -0.2831 0.8592 0.4262
vn 0.4533 0.8729 0.1805
vn 0.4847 0.8599 -0.1599
vn 0.8270 0.5491 -0.1211
vn 0.8239 0.5631 0.0642
vn 0.9653 0.2602 0.0203
vn 0.9635 0.2557 -0.0790
vn 0.7848 0.5815 0.2145
vn 0.9577 0.2660 0.1097
vn 0.7259 0.6004 0.3355
vn 0.6703 0.6075 0.4261
vn 0.9196 0.2653 0.2898
vn 0.9426 0.2692 0.1976
vn 0.9598 -0.0558 0.2751
vn 0.9831 -0.0566 0.1743
vn 0.9859 -0.0418 0.1621
vn 0.9618 -0.0400 0.2710
vn 0.9943 -0.0553 0.0912
vn 0.9962 -0.0419 0.0760
vn 0.9550 -0.0726 0.2875
vn 0.9764 -0.0713 0.2038
vn 0.9903 -0.0681 0.1213
vn 0.9985 -0.0534 0.0133
vn 0.9963 -0.0514 -0.0691
vn 0.9960 -0.0405 -0.0791
vn 0.9991 -0.0412 -0.0011
vn 0.9972 -0.0652 0.0368
vn 0.9966 -0.0626 -0.0531
vn 0.9967 -0.0735 -0.0340
vn 0.9948 -0.0760 0.0671
vn 0.9823 -0.0790 0.1701
vn 0.9618 -0.0835 0.2607
vn 0.9351 -0.0933 0.3418
vn -0.7441 0.2074 0.6351
vn -0.7520 0.2183 0.6219
vn -0.8868 0.2340 0.3985
vn -0.8898 0.2444 0.3854
vn -0.7330 0.1921 0.6525
vn -0.8821 0.2188 0.4171
vn -0.9537 0.2451 0.1744
vn -0.9690 0.2472 -0.0000
vn -0.9664 0.2570 -0.0000
vn -0.9523 0.2552 0.1673
vn -0.9554 0.2306 0.1847
vn -0.9725 0.2329 -0.0000
vn -0.9769 0.2137 -0.0000
vn -0.9572 0.2112 0.1979
vn -0.8747 0.1987 0.4420
vn -0.7173 0.1727 0.6751
vn -0.7457 0.4165 0.5201
vn -0.7315 0.4626 0.5009
vn -0.8406 0.4466 0.3065
vn -0.8160 0.4988 0.2922
vn -0.7496 0.3819 0.5406
vn -0.8559 0.4058 0.3206
vn -0.8802 0.4562 0.1311
vn -0.8890 0.4579 -0.0000
vn -0.8577 0.5141 -0.0000
vn -0.8499 0.5118 0.1257
vn -0.9001 0.4134 0.1376
vn -0.9102 0.4142 -0.0000
vn -0.9227 0.3856 -0.0000
vn -0.9115 0.3855 0.1437
vn -0.9109 0.3849 0.1485
vn -0.9231 0.3847 -0.0000
vn -0.8620 0.3803 0.3351
vn -0.8563 0.3825 0.3470
vn -0.7462 0.3599 0.5601
vn -0.7326 0.3653 0.5743
vn -0.6826 0.5741 0.4522
vn -0.6749 0.5956 0.4356
vn -0.7424 0.6183 0.2578
vn -0.7299 0.6377 0.2462
vn -0.6956 0.5461 0.4668
vn -0.7613 0.5900 0.2688
vn -0.7656 0.6339 0.1094
vn -0.7708 0.6370 -0.0000
vn -0.7555 0.6552 -0.0000
vn -0.7508 0.6523 0.1037
vn -0.7872 0.6059 0.1148
vn -0.7931 0.6090 -0.0000
vn -0.8226 0.5687 -0.0000
vn -0.8158 0.5657 0.1201
vn -0.7865 0.5506 0.2798
vn -0.7130 0.5089 0.4824
vn -0.6788 0.6276 0.3813
vn -0.6871 0.6263 0.3683
vn -0.7212 0.6607 0.2083
vn -0.7266 0.6578 0.1984
vn -0.6742 0.6213 0.3993
vn -0.7207 0.6573 0.2204
vn -0.7363 0.6712 0.0856
vn -0.7397 0.6729 -0.0005
vn -0.7431 0.6692 -0.0000
vn -0.7401 0.6676 0.0811
vn -0.7377 0.6690 0.0909
vn -0.7414 0.6711 -0.0005
vn -0.7462 0.6658 -0.0000
vn -0.7420 0.6633 0.0976
vn -0.7230 0.6501 0.2337
vn -0.6724 0.6109 0.4180
vn -0.7430 0.6403 0.1949
vn -0.7736 0.6097 0.1726
vn -0.7593 0.6429 0.1005
vn -0.7864 0.6115 0.0872
vn -0.7187 0.6573 0.2266
vn -0.7404 0.6618 0.1172
vn -0.7653 0.6425 0.0396
vn -0.7665 0.6422 -0.0000
vn -0.7916 0.6111 -0.0000
vn -0.7907 0.6113 0.0346
vn -0.7483 0.6618 0.0462
vn -0.7499 0.6615 -0.0000
vn -0.7398 0.6728 -0.0000
vn -0.7375 0.6731 0.0550
vn -0.7351 0.6750 0.0633
vn -0.7379 0.6749 -0.0000
vn -0.7275 0.6723 0.1374
vn -0.7223 0.6729 0.1597
vn -0.6986 0.6646 0.2649
vn -0.6864 0.6606 0.3041
vn -0.8756 0.4628 0.1385
vn -0.9066 0.4006 0.1323
vn -0.8828 0.4645 0.0693
vn -0.9132 0.4021 0.0660
vn -0.8425 0.5185 0.1460
vn -0.8508 0.5204 0.0737
vn -0.8851 0.4646 0.0274
vn -0.8855 0.4646 -0.0000
vn -0.9156 0.4022 -0.0000
vn -0.9152 0.4022 0.0260
vn -0.8534 0.5204 0.0292
vn -0.8540 0.5203 -0.0000
vn -0.8223 0.5690 -0.0000
vn -0.8216 0.5692 0.0313
vn -0.8183 0.5693 0.0791
vn -0.8081 0.5676 0.1576
vn -0.9691 0.2124 0.1254
vn -0.9789 0.1581 0.1296
vn -0.9744 0.2158 0.0624
vn -0.9845 0.1631 0.0645
vn -0.9541 0.2723 0.1248
vn -0.9596 0.2744 0.0621
vn -0.9759 0.2170 0.0242
vn -0.9761 0.2173 -0.0000
vn -0.9862 0.1654 -0.0000
vn -0.9860 0.1651 0.0253
vn -0.9611 0.2750 0.0244
vn -0.9614 0.2751 -0.0000
vn -0.9414 0.3374 -0.0000
vn -0.9410 0.3374 0.0249
vn -0.9393 0.3371 0.0635
vn -0.9333 0.3357 0.1277
vn -0.9027 0.1842 0.3889
vn -0.9604 0.1771 0.2153
vn -0.8995 0.3867 0.2035
vn -0.8219 0.4433 0.3577
vn -0.9783 0.1748 0.1111
vn -0.9268 0.3603 0.1058
vn -0.9150 0.0212 0.4030
vn -0.9736 0.0511 0.2226
vn -0.9913 0.0659 0.1141
vn -0.9837 0.1742 0.0445
vn -0.9848 0.1739 0.0001
vn -0.9378 0.3471 -0.0000
vn -0.9359 0.3498 0.0425
vn -0.9964 0.0719 0.0451
vn -0.9973 0.0737 -0.0000
vn -0.9978 0.0667 -0.0000
vn -0.9970 0.0648 0.0433
vn -0.9972 0.0637 0.0402
vn -0.9978 0.0659 -0.0000
vn -0.9923 0.0581 0.1097
vn -0.9932 0.0563 0.1016
vn -0.9757 0.0426 0.2151
vn -0.9203 0.0109 0.3910
vn -0.9790 0.0404 0.2000
vn -0.9499 -0.0890 0.2997
vn -0.9387 -0.0841 0.3342
vn -0.9823 -0.0870 0.1661
vn -0.9786 -0.0815 0.1890
vn -0.9576 -0.0916 0.2732
vn -0.9849 -0.0908 0.1472
vn -0.9938 -0.0842 0.0721
vn -0.9966 -0.0827 0.0006
vn -0.9971 -0.0764 -0.0000
vn -0.9934 -0.0779 0.0843
vn -0.9941 -0.0884 0.0627
vn -0.9962 -0.0871 0.0004
vn -0.9961 -0.0883 0.0003
vn -0.9944 -0.0894 0.0559
vn -0.9953 -0.0829 0.0510
vn -0.9967 -0.0814 0.0004
vn -0.9868 -0.0911 0.1341
vn -0.9885 -0.0841 0.1254
vn -0.9631 -0.0911 0.2532
vn -0.9672 -0.0840 0.2396
vn -0.8884 -0.0472 0.4566
vn -0.8719 -0.0279 0.4889
vn -0.9600 -0.0459 0.2760
vn -0.9538 -0.0271 0.2992
vn -0.9064 -0.0630 0.4176
vn -0.9670 -0.0613 0.2473
vn -0.9906 -0.0435 0.1295
vn -0.9991 -0.0428 -0.0000
vn -0.9997 -0.0253 0.0003
vn -0.9897 -0.0258 0.1408
vn -0.9917 -0.0578 0.1150
vn -0.9984 -0.0567 -0.0000
vn -0.9977 -0.0676 0.0009
vn -0.9927 -0.0693 0.0992
vn -0.9733 -0.0730 0.2178
vn -0.9236 -0.0755 0.3758
vn -0.8421 0.0031 0.5393
vn -0.8400 -0.0000 0.5426
vn -0.9436 0.0037 0.3311
vn -0.9433 -0.0000 0.3320
vn -0.8483 -0.0006 0.5295
vn -0.9458 -0.0000 0.3249
vn -0.9882 0.0033 0.1533
vn -1.0000 0.0032 -0.0000
vn -0.9882 -0.0000 0.1532
vn -0.9885 -0.0000 0.1510
vn -1.0000 0.0001 -0.0000
vn -1.0000 -0.0095 -0.0000
vn -0.9890 -0.0095 0.1479
vn -0.9491 -0.0101 0.3149
vn -0.8584 -0.0107 0.5129
vn -0.3581 0.0319 0.9332
vn -0.5417 0.0438 0.8394
vn -0.5395 0.0382 0.8411
vn -0.7672 0.0601 0.6385
vn -0.7593 0.0515 0.6487
vn -0.3570 0.0427 0.9331
vn -0.5464 0.0594 0.8354
vn -0.7782 0.0842 0.6224
vn -0.9442 0.0742 0.3210
vn -0.9969 0.0789 0.0004
vn -0.9978 0.0666 -0.0000
vn -0.9399 0.0629 0.3355
vn -0.9483 0.1048 0.2995
vn -0.9938 0.1115 -0.0003
vn -0.9841 0.1775 -0.0015
vn -0.9424 0.1685 0.2890
vn -0.9034 0.2876 0.3182
vn -0.9524 0.3049 -0.0075
vn -0.7710 0.1320 0.6230
vn -0.7157 0.2074 0.6669
vn -0.5382 0.0868 0.8383
vn -0.3560 0.0617 0.9324
vn -0.3521 0.0819 0.9324
vn -0.4850 0.1258 0.8654
vn -0.3166 0.0948 0.9438
vn -0.4130 0.1660 0.8955
vn -0.6106 0.2958 0.7346
vn -0.2869 0.1081 0.9518
vn -0.3465 0.2033 0.9158
vn -0.4811 0.3757 0.7921
vn -0.8096 0.4442 0.3837
vn -0.8724 0.4879 -0.0290
vn -0.6602 0.6047 0.4454
vn -0.7234 0.6873 -0.0654
vn -0.5099 0.8539 -0.1046
vn -0.4739 0.7484 0.4640
vn -0.3674 0.4614 0.8075
vn -0.3085 0.2526 0.9171
vn -0.3122 0.1324 0.9407
vn 0.7761 -0.1291 0.6173
vn 0.9192 -0.1548 0.3622
vn 0.7778 -0.1405 0.6126
vn 0.9166 -0.1675 0.3631
vn 0.9745 -0.1645 0.1523
vn 0.9860 -0.1665 0.0007
vn 0.9720 -0.1781 0.1533
vn 0.9836 -0.1803 0.0002
vn 0.9822 -0.1880 -0.0000
vn 0.9705 -0.1856 0.1541
vn 0.9709 -0.1829 0.1545
vn 0.9827 -0.1854 -0.0000
vn 0.9152 -0.1745 0.3634
vn 0.9157 -0.1714 0.3634
vn 0.7799 -0.1466 0.6085
vn 0.7833 -0.1434 0.6049
vn 0.7883 -0.2247 0.5729
vn 0.7908 -0.1825 0.5842
vn 0.8973 -0.2820 0.3395
vn 0.9058 -0.2398 0.3493
vn 0.7780 -0.2849 0.5600
vn 0.8796 -0.3442 0.3284
vn 0.9405 -0.3079 0.1434
vn 0.9494 -0.3141 -0.0000
vn 0.9620 -0.2729 -0.0000
vn 0.9524 -0.2665 0.1482
vn 0.9189 -0.3698 0.1375
vn 0.9267 -0.3758 -0.0000
vn 0.8919 -0.4523 -0.0000
vn 0.8850 -0.4464 0.1322
vn 0.8348 -0.5358 0.1267
vn 0.8407 -0.5415 -0.0000
vn 0.8500 -0.4207 0.3172
vn 0.8043 -0.5101 0.3048
vn 0.7574 -0.3591 0.5453
vn 0.7222 -0.4462 0.5285
vn 0.6811 -0.5255 0.5098
vn 0.7528 -0.5902 0.2916
vn 0.6490 -0.5805 0.4918
vn 0.7122 -0.6442 0.2788
vn 0.7789 -0.6153 0.1211
vn 0.7840 -0.6208 -0.0000
vn 0.7348 -0.6684 0.1156
vn 0.7392 -0.6735 -0.0000
vn 0.7073 -0.7069 -0.0000
vn 0.7036 -0.7020 0.1101
vn 0.6842 -0.7218 0.1044
vn 0.6874 -0.7263 -0.0000
vn 0.6839 -0.6791 0.2666
vn 0.6673 -0.7005 0.2528
vn 0.6282 -0.6179 0.4728
vn 0.6179 -0.6425 0.4531
vn 0.6149 -0.6603 0.4313
vn 0.6583 -0.7139 0.2389
vn 0.6138 -0.6748 0.4097
vn 0.6522 -0.7239 0.2249
vn 0.6727 -0.7333 0.0982
vn 0.6754 -0.7374 -0.0000
vn 0.6646 -0.7415 0.0919
vn 0.6669 -0.7452 -0.0000
vn 0.6594 -0.7518 -0.0000
vn 0.6575 -0.7485 0.0863
vn 0.6481 -0.7572 0.0820
vn 0.6498 -0.7601 -0.0000
vn 0.6466 -0.7327 0.2122
vn 0.6391 -0.7423 0.2014
vn 0.6123 -0.6878 0.3898
vn 0.6081 -0.7010 0.3725
vn 0.7074 -0.6551 0.2654
vn 0.6906 -0.6562 0.3041
vn 0.7165 -0.6837 0.1383
vn 0.7049 -0.6909 0.1605
vn 0.7237 -0.6514 0.2278
vn 0.7300 -0.6733 0.1174
vn 0.7177 -0.6942 0.0551
vn 0.7175 -0.6965 -0.0000
vn 0.7088 -0.7054 -0.0000
vn 0.7082 -0.7031 0.0643
vn 0.7305 -0.6813 0.0468
vn 0.7303 -0.6831 -0.0000
vn 0.7482 -0.6635 -0.0000
vn 0.7484 -0.6621 0.0401
vn 0.7740 -0.6322 0.0351
vn 0.7738 -0.6335 0.0003
vn 0.7480 -0.6561 0.1001
vn 0.7734 -0.6277 0.0882
vn 0.7433 -0.6396 0.1958
vn 0.7691 -0.6154 0.1727
vn 0.7998 -0.5794 0.1570
vn 0.8045 -0.5885 0.0797
vn 0.8321 -0.5349 0.1468
vn 0.8372 -0.5418 0.0737
vn 0.8054 -0.5918 0.0316
vn 0.8055 -0.5926 -0.0000
vn 0.8384 -0.5443 0.0292
vn 0.8385 -0.5449 0.0003
vn 0.8721 -0.4893 0.0012
vn 0.8718 -0.4891 0.0274
vn 0.9043 -0.4260 0.0260
vn 0.9046 -0.4264 -0.0000
vn 0.8705 -0.4872 0.0694
vn 0.9030 -0.4246 0.0660
vn 0.8652 -0.4819 0.1388
vn 0.8975 -0.4205 0.1326
vn 0.9262 -0.3547 0.1280
vn 0.9317 -0.3575 0.0636
vn 0.9491 -0.2894 0.1247
vn 0.9548 -0.2907 0.0622
vn 0.9332 -0.3585 0.0250
vn 0.9334 -0.3588 -0.0000
vn 0.9564 -0.2911 0.0244
vn 0.9567 -0.2911 -0.0000
vn 0.9743 -0.2254 -0.0000
vn 0.9740 -0.2253 0.0240
vn 0.9862 -0.1639 0.0252
vn 0.9865 -0.1635 -0.0000
vn 0.9722 -0.2260 0.0619
vn 0.9840 -0.1657 0.0649
vn 0.9659 -0.2269 0.1251
vn 0.9770 -0.1692 0.1298
vn 0.9824 -0.1230 0.1409
vn 0.9907 -0.1164 0.0705
vn 0.9830 -0.0918 0.1588
vn 0.9935 -0.0819 0.0796
vn 0.9932 -0.1134 0.0279
vn 0.9937 -0.1125 -0.0000
vn 0.9965 -0.0776 0.0315
vn 0.9971 -0.0763 -0.0000
vn 0.9986 -0.0521 -0.0000
vn 0.9979 -0.0537 0.0360
vn 0.9981 -0.0452 0.0411
vn 0.9991 -0.0428 -0.0000
vn 0.9941 -0.0594 0.0911
vn 0.9933 -0.0527 0.1033
vn 0.9812 -0.0717 0.1791
vn 0.9772 -0.0679 0.2009
vn 0.9666 0.2513 0.0503
vn 0.9672 0.2483 0.0542
vn 0.9682 0.2501 -0.0000
vn 0.9674 0.2532 -0.0000
vn 0.9648 0.2560 0.0596
vn 0.9661 0.2580 -0.0000
vn 0.9615 0.2445 0.1250
vn 0.9611 0.2415 0.1341
vn 0.9574 0.2485 0.1469
vn 0.9610 0.2684 0.0672
vn 0.9555 0.2849 0.0765
vn 0.9581 0.2866 -0.0003
vn 0.9627 0.2706 -0.0000
vn 0.9516 0.2603 0.1633
vn 0.9431 0.2771 0.1839
vn 0.9099 0.2598 0.3233
vn 0.9244 0.2430 0.2938
vn 0.9342 0.2325 0.2707
vn 0.9411 0.2267 0.2509
vn 0.9435 0.2309 0.2377
vn 0.8964 0.2612 0.3580
vn 0.9367 0.2809 0.2092
vn 0.8856 0.2495 0.3917
vn 0.9343 0.2693 0.2335
vn 0.9528 0.2903 0.0885
vn 0.9562 0.2928 -0.0000
vn 0.9551 0.2790 0.0996
vn 0.9596 0.2814 -0.0000
vn 0.9670 0.2546 -0.0000
vn 0.9615 0.2523 0.1087
vn 0.9712 0.2104 0.1118
vn 0.9773 0.2121 -0.0000
vn 0.9363 0.2435 0.2530
vn 0.9426 0.2033 0.2648
vn 0.8789 0.2243 0.4209
vn 0.8781 0.1870 0.4404
vn 0.8828 0.1435 0.4472
vn 0.9520 0.1558 0.2636
vn 0.8898 0.0986 0.4456
vn 0.9610 0.1065 0.2551
vn 0.9813 0.1602 0.1065
vn 0.9870 0.1608 0.0003
vn 0.9894 0.1087 0.0967
vn 0.9941 0.1086 -0.0000
vn 0.9985 0.0551 -0.0000
vn 0.9947 0.0555 0.0869
vn 0.9966 -0.0000 0.0819
vn 0.9679 0.0549 0.2451
vn 0.9708 -0.0000 0.2397
vn 0.8957 0.0509 0.4417
vn 0.8988 -0.0000 0.4384
vn 0.0280 0.1420 0.9895
vn -0.0687 0.1775 0.9817
vn -0.1823 0.2135 0.9598
vn 0.0163 0.1012 0.9947
vn -0.0804 0.1305 0.9882
vn -0.1929 0.1616 0.9678
vn -0.3304 0.2541 0.9090
vn -0.5337 0.3040 0.7892
vn -0.3399 0.1978 0.9194
vn -0.5432 0.2440 0.8034
vn -0.5491 0.1969 0.8122
vn -0.3482 0.1526 0.9249
vn -0.2037 0.1186 0.9718
vn -0.0932 0.0902 0.9916
vn 0.0012 0.0638 0.9980
vn 0.5974 -0.0733 0.7986
vn 0.3928 0.0021 0.9196
vn 0.2416 0.0592 0.9686
vn 0.5901 -0.0718 0.8041
vn 0.3818 -0.0128 0.9242
vn 0.2291 0.0327 0.9729
vn 0.1259 0.1042 0.9866
vn 0.1129 0.0693 0.9912
vn 0.0964 0.0360 0.9947
vn 0.2136 0.0036 0.9769
vn 0.3668 -0.0356 0.9296
vn 0.5793 -0.0855 0.8106
vn 0.9734 -0.2292 -0.0000
vn 0.9629 -0.2236 0.1511
vn 0.9134 -0.1999 0.3547
vn 0.9823 -0.1875 -0.0000
vn 0.9711 -0.1833 0.1529
vn 0.9183 -0.1665 0.3591
vn 0.7941 -0.1490 0.5893
vn 0.7931 -0.1288 0.5953
vn 0.7883 -0.1329 0.6008
vn 0.9177 -0.1626 0.3625
vn 0.9724 -0.1752 0.1542
vn 0.9840 -0.1780 -0.0000
vn 0.0279 0.1420 -0.9895
vn 0.1260 0.1042 -0.9866
vn 0.2416 0.0592 -0.9686
vn 0.0152 0.1007 -0.9948
vn 0.1129 0.0694 -0.9912
vn 0.2290 0.0327 -0.9729
vn 0.3926 0.0023 -0.9197
vn 0.5986 -0.0741 -0.7976
vn 0.3823 -0.0129 -0.9240
vn 0.5913 -0.0720 -0.8032
vn 0.5805 -0.0859 -0.8097
vn 0.3681 -0.0360 -0.9291
vn 0.2137 0.0034 -0.9769
vn 0.0975 0.0357 -0.9946
vn 0.0008 0.0636 -0.9980
vn -0.5319 0.3034 -0.7906
vn -0.3310 0.2538 -0.9088
vn -0.1834 0.2133 -0.9596
vn -0.5420 0.2436 -0.8043
vn -0.3404 0.1974 -0.9193
vn -0.1937 0.1610 -0.9678
vn -0.0693 0.1770 -0.9818
vn -0.0812 0.1301 -0.9882
vn -0.0935 0.0898 -0.9916
vn -0.2046 0.1184 -0.9717
vn -0.3486 0.1524 -0.9248
vn -0.5485 0.1967 -0.8127
vn -0.9299 0.3678 -0.0000
vn -0.9170 0.3681 -0.1537
vn -0.9109 0.3849 -0.1485
vn -0.8604 0.3631 -0.3577
vn -0.8571 0.3800 -0.3480
vn -0.9496 0.3134 -0.0000
vn -0.9365 0.3129 -0.1581
vn -0.8782 0.3056 -0.3678
vn -0.7319 0.3438 -0.5883
vn -0.7338 0.3614 -0.5752
vn -0.7459 0.2840 -0.6024
vn -0.7533 0.2383 -0.6131
vn -0.7517 0.2193 -0.6219
vn -0.8884 0.2624 -0.3766
vn -0.8898 0.2450 -0.3851
vn -0.9487 0.2712 -0.1625
vn -0.9622 0.2725 -0.0000
vn -0.9523 0.2552 -0.1674
vn -0.6048 0.5505 0.5754
vn -0.4602 0.4247 0.7797
vn -0.3008 0.2812 0.9113
vn -0.5975 0.5693 0.5647
vn -0.4456 0.4516 0.7730
vn -0.2777 0.3118 0.9087
vn -0.1463 0.1370 0.9797
vn -0.0064 -0.0018 1.0000
vn -0.1174 0.1686 0.9787
vn 0.0310 0.0273 0.9991
vn 0.0703 0.0583 0.9958
vn -0.0850 0.2019 0.9757
vn -0.2560 0.3471 0.9022
vn -0.4331 0.4844 0.7601
vn -0.5899 0.5933 0.5477
vn -0.7483 0.6633 -0.0000
vn -0.7455 0.6619 0.0776
vn -0.7324 0.6534 0.1916
vn -0.7477 0.6640 -0.0000
vn -0.7447 0.6632 0.0744
vn -0.7307 0.6571 0.1851
vn -0.6944 0.6250 0.3566
vn -0.6915 0.6344 0.3454
vn -0.6858 0.6492 0.3290
vn -0.7251 0.6659 0.1756
vn -0.7394 0.6696 0.0700
vn -0.7425 0.6699 -0.0000
vn -0.0065 -0.0018 -1.0000
vn -0.1477 0.1375 -0.9794
vn -0.3010 0.2815 -0.9111
vn 0.0305 0.0275 -0.9992
vn -0.1179 0.1688 -0.9786
vn -0.2789 0.3119 -0.9082
vn -0.4601 0.4246 -0.7798
vn -0.6039 0.5499 -0.5770
vn -0.4468 0.4514 -0.7724
vn -0.5964 0.5681 -0.5671
vn -0.5884 0.5924 -0.5503
vn -0.4340 0.4842 -0.7597
vn -0.2573 0.3473 -0.9017
vn -0.0863 0.2024 -0.9755
vn 0.0695 0.0588 -0.9958
vn 0.5360 -0.6109 -0.5827
vn 0.4111 -0.4615 -0.7861
vn 0.2705 -0.2993 -0.9150
vn 0.5743 -0.5894 -0.5681
vn 0.4558 -0.4392 -0.7742
vn 0.3160 -0.2747 -0.9081
vn 0.1302 -0.1446 -0.9809
vn 0.1728 -0.1181 -0.9778
vn 0.2180 -0.0898 -0.9718
vn 0.3660 -0.2513 -0.8960
vn 0.5052 -0.4182 -0.7549
vn 0.6163 -0.5677 -0.5458
vn 0.6495 -0.7604 -0.0000
vn 0.6480 -0.7576 -0.0788
vn 0.6481 -0.7571 -0.0820
vn 0.6393 -0.7439 -0.1948
vn 0.6381 -0.7431 -0.2015
vn 0.6710 -0.7415 -0.0000
vn 0.6701 -0.7384 -0.0754
vn 0.6638 -0.7241 -0.1869
vn 0.6106 -0.7045 -0.3617
vn 0.6063 -0.7017 -0.3741
vn 0.6406 -0.6837 -0.3496
vn 0.6738 -0.6603 -0.3316
vn 0.6930 -0.6539 -0.3035
vn 0.6918 -0.7002 -0.1765
vn 0.7065 -0.6897 -0.1585
vn 0.6958 -0.7147 -0.0706
vn 0.6961 -0.7179 -0.0000
vn 0.7088 -0.7025 -0.0639
vn 0.1302 -0.1445 0.9809
vn 0.2710 -0.2995 0.9148
vn 0.1729 -0.1181 0.9778
vn 0.3167 -0.2760 0.9075
vn 0.4113 -0.4619 0.7858
vn 0.5352 -0.6101 0.5843
vn 0.4555 -0.4400 0.7739
vn 0.5729 -0.5886 0.5704
vn 0.6151 -0.5665 0.5484
vn 0.5051 -0.4190 0.7545
vn 0.3666 -0.2522 0.8956
vn 0.2189 -0.0909 0.9715
vn 0.0795 0.1154 0.9901
vn -0.2147 0.0777 0.9736
vn -0.5151 0.0325 0.8565
vn 0.0617 0.2316 0.9709
vn -0.2240 0.1956 0.9548
vn -0.5185 0.1437 0.8429
vn -0.7582 -0.0108 0.6519
vn -0.9070 -0.0420 0.4191
vn -0.7597 0.0857 0.6446
vn -0.9088 0.0371 0.4156
vn -0.8589 0.3314 0.3904
vn -0.7005 0.4059 0.5870
vn -0.6607 0.5215 0.5400
vn -0.4694 0.4745 0.7447
vn -0.4349 0.5885 0.6816
vn -0.2059 0.5232 0.8269
vn 0.0405 0.5479 0.8356
vn 0.0408 0.6340 0.7722
vn -0.1873 0.6259 0.7570
vn 0.8860 0.2353 0.3995
vn 0.7689 0.2082 0.6045
vn 0.5856 0.1776 0.7909
vn 0.8719 0.2932 0.3921
vn 0.7516 0.2834 0.5956
vn 0.5645 0.2706 0.7798
vn 0.3474 0.1467 0.9262
vn 0.3248 0.2541 0.9110
vn 0.2687 0.5498 0.7909
vn 0.2583 0.6196 0.7412
vn 0.4864 0.5340 0.6916
vn 0.4780 0.5809 0.6588
vn 0.6708 0.5051 0.5431
vn 0.8034 0.4676 0.3687
vn 0.8155 0.4575 0.3545
vn 0.6730 0.5222 0.5238
vn 0.9631 0.2692 -0.0000
vn 0.9622 0.2680 0.0481
vn 0.9572 0.2637 0.1195
vn 0.9526 0.3042 -0.0000
vn 0.9515 0.3040 0.0466
vn 0.9462 0.3019 0.1167
vn 0.9396 0.2535 0.2299
vn 0.9277 0.2991 0.2234
vn 0.8753 0.4333 0.2147
vn 0.8890 0.4084 0.2071
vn 0.9025 0.4156 0.1127
vn 0.9172 0.3831 0.1092
vn 0.9124 0.4068 0.0453
vn 0.9144 0.4049 -0.0000
vn 0.9292 0.3695 -0.0000
vn 0.9269 0.3727 0.0441
vn 0.0790 0.1168 -0.9900
vn 0.3485 0.1482 -0.9255
vn 0.5870 0.1786 -0.7896
vn 0.0611 0.2336 -0.9704
vn 0.3265 0.2554 -0.9100
vn 0.5655 0.2716 -0.7787
vn 0.7698 0.2083 -0.6034
vn 0.8858 0.2349 -0.4002
vn 0.7524 0.2833 -0.5946
vn 0.8719 0.2930 -0.3923
vn 0.8032 0.4680 -0.3685
vn 0.6711 0.5051 -0.5427
vn 0.4864 0.5354 -0.6905
vn 0.2686 0.5501 -0.7907
vn 0.0404 0.5483 -0.8353
vn -0.9076 -0.0417 -0.4178
vn -0.7584 -0.0096 -0.6517
vn -0.5155 0.0338 -0.8562
vn -0.9093 0.0375 -0.4144
vn -0.7596 0.0871 -0.6446
vn -0.5185 0.1454 -0.8426
vn -0.2127 0.0788 -0.9739
vn -0.2244 0.1975 -0.9543
vn -0.2060 0.5240 -0.8264
vn -0.4689 0.4755 -0.7443
vn -0.7001 0.4066 -0.5870
vn -0.8590 0.3313 -0.3903
vn -0.9981 -0.0614 -0.0000
vn -0.9969 -0.0615 -0.0482
vn -0.9953 -0.0820 -0.0506
vn -0.9909 -0.0615 -0.1201
vn -0.9885 -0.0833 -0.1258
vn -1.0000 -0.0058 -0.0000
vn -0.9989 -0.0058 -0.0474
vn -0.9930 -0.0029 -0.1184
vn -0.9709 -0.0575 -0.2323
vn -0.9675 -0.0816 -0.2395
vn -0.9731 0.0079 -0.2302
vn -0.9359 0.2740 -0.2215
vn -0.8995 0.3866 -0.2035
vn -0.9620 0.2476 -0.1148
vn -0.9269 0.3602 -0.1057
vn -0.9704 0.2370 -0.0459
vn -0.9721 0.2347 -0.0000
vn -0.9359 0.3497 -0.0425
vn 0.1599 0.0173 0.9870
vn -0.1227 0.0258 0.9921
vn -0.3009 0.0303 0.9532
vn 0.1677 0.0348 0.9852
vn -0.1137 0.0398 0.9927
vn -0.2944 0.0429 0.9547
vn -0.4313 0.0335 0.9016
vn -0.5470 0.0374 0.8363
vn -0.4287 0.0458 0.9023
vn -0.5497 0.0503 0.8338
vn -0.5515 0.0708 0.8312
vn -0.4326 0.0687 0.8989
vn -0.4686 0.1156 0.8758
vn -0.5479 0.0943 0.8312
vn -0.2874 0.0708 0.9552
vn -0.2778 0.1391 0.9505
vn -0.0963 0.0675 0.9931
vn 0.1686 0.0639 0.9836
vn 0.1616 0.0959 0.9822
vn -0.0276 0.1226 0.9921
vn -0.4115 0.0368 0.9107
vn -0.2952 0.0304 0.9549
vn -0.2500 0.0271 0.9679
vn -0.4170 0.0511 0.9075
vn -0.2931 0.0405 0.9552
vn -0.2477 0.0359 0.9682
vn -0.2613 0.0267 0.9649
vn -0.2595 0.0356 0.9651
vn -0.2686 0.0547 0.9617
vn -0.2535 0.0554 0.9658
vn -0.2955 0.0625 0.9533
vn -0.4248 0.0838 0.9014
vn 0.0713 0.0123 -0.9974
vn 0.3759 -0.0137 -0.9266
vn 0.0542 0.0132 -0.9984
vn 0.3560 -0.0087 -0.9345
vn -0.0814 0.0262 -0.9963
vn -0.0937 0.0243 -0.9953
vn 0.0428 0.0143 -0.9990
vn 0.3405 -0.0042 -0.9403
vn -0.1002 0.0230 -0.9947
vn -0.1590 0.0267 -0.9869
vn -0.1680 0.0267 -0.9854
vn -0.1572 0.0294 -0.9871
vn -0.1708 0.0303 -0.9848
vn -0.1516 0.0331 -0.9879
vn -0.1714 0.0352 -0.9846
vn -0.1781 0.0352 -0.9834
vn -0.1714 0.0295 -0.9848
vn -0.2033 0.0356 -0.9785
vn -0.1915 0.0292 -0.9811
vn -0.1643 0.0254 -0.9861
vn -0.1804 0.0246 -0.9833
vn -0.2266 0.0252 -0.9737
vn -0.3332 0.0295 -0.9424
vn -0.2408 0.0303 -0.9701
vn -0.3482 0.0352 -0.9368
vn -0.2560 0.0375 -0.9659
vn -0.3685 0.0439 -0.9286
vn 0.9608 0.0933 0.2612
vn 0.9822 0.0948 0.1624
vn 0.9923 0.0936 0.0810
vn 0.9646 0.0194 0.2631
vn 0.9875 0.0187 0.1565
vn 0.9972 0.0174 0.0731
vn 0.9958 0.0909 0.0083
vn 0.9939 0.0883 -0.0663
vn 0.9999 0.0157 0.0008
vn 0.9974 0.0139 -0.0700
vn 0.9967 -0.0231 -0.0773
vn 0.9997 -0.0223 -0.0040
vn 0.9971 -0.0218 0.0724
vn 0.9873 -0.0207 0.1577
vn 0.9638 -0.0187 0.2661
vn -0.5566 0.0557 0.8289
vn -0.7677 0.0707 0.6369
vn -0.5444 0.0458 0.8376
vn -0.7584 0.0593 0.6491
vn -0.9407 0.0830 0.3289
vn -0.9962 0.0866 -0.0001
vn -0.9380 0.0708 0.3394
vn -0.9972 0.0743 -0.0001
vn -0.9978 0.0669 -0.0001
vn -0.9377 0.0633 0.3417
vn -0.7559 0.0523 0.6526
vn -0.5397 0.0396 0.8409
vn -0.9586 0.1572 -0.2376
vn -0.9586 0.1849 -0.2165
vn -0.8497 0.1446 -0.5071
vn -0.8642 0.1722 -0.4728
vn -0.9558 0.1344 -0.2615
vn -0.8302 0.1216 -0.5441
vn -0.6709 0.1226 -0.7314
vn -0.6972 0.1479 -0.7015
vn -0.6401 0.1016 -0.7615
vn -0.6060 0.0835 -0.7910
vn -0.5735 0.0682 -0.8164
vn -0.8074 0.1021 -0.5811
vn -0.7845 0.0851 -0.6143
vn -0.9511 0.1151 -0.2866
vn -0.9455 0.0980 -0.3106
vn 0.9838 -0.0920 -0.1539
vn 0.9834 -0.0807 -0.1627
vn 0.9220 -0.0839 -0.3781
vn 0.9190 -0.0729 -0.3874
vn 0.9830 -0.1057 -0.1503
vn 0.9235 -0.0975 -0.3711
vn 0.7454 -0.0630 -0.6636
vn 0.7327 -0.0529 -0.6785
vn 0.7569 -0.0755 -0.6492
vn 0.7657 -0.0908 -0.6368
vn 0.7712 -0.1098 -0.6270
vn 0.9236 -0.1141 -0.3660
vn 0.9215 -0.1348 -0.3643
vn 0.9811 -0.1227 -0.1499
vn 0.9781 -0.1441 -0.1504
vn -0.1379 0.1979 -0.9705
vn -0.0950 0.2257 -0.9696
vn 0.0473 0.2462 -0.9681
vn -0.1602 0.3894 -0.9070
vn -0.0443 0.4381 -0.8978
vn 0.2171 0.4613 -0.8603
vn 0.2804 0.2187 -0.9346
vn 0.4927 0.1468 -0.8577
vn 0.5427 0.3734 -0.7523
vn 0.7698 0.2171 -0.6002
vn 0.9273 0.2565 -0.2725
vn 0.7466 0.5127 -0.4239
vn 0.3973 0.7247 -0.5630
vn 0.0166 0.7734 -0.6337
vn -0.2244 0.7242 -0.6521
vn 0.9787 -0.0488 -0.1995
vn 0.9780 -0.0393 -0.2047
vn 0.9042 -0.0425 -0.4251
vn 0.9014 -0.0343 -0.4316
vn 0.9804 -0.0594 -0.1880
vn 0.9088 -0.0522 -0.4140
vn 0.6942 -0.0274 -0.7193
vn 0.6853 -0.0209 -0.7280
vn 0.7058 -0.0352 -0.7075
vn 0.7193 -0.0439 -0.6933
vn 0.9142 -0.0625 -0.4003
vn 0.9822 -0.0703 -0.1744
vn -0.9537 0.2451 -0.1745
vn -0.8868 0.2339 -0.3985
vn -0.9554 0.2306 -0.1847
vn -0.8821 0.2187 -0.4172
vn -0.7442 0.2073 -0.6350
vn -0.7329 0.1921 -0.6526
vn -0.7175 0.1727 -0.6748
vn -0.8747 0.1987 -0.4420
vn -0.9571 0.2112 -0.1986
vn -0.8800 0.4562 -0.1319
vn -0.8499 0.5118 -0.1257
vn -0.8406 0.4466 -0.3066
vn -0.8156 0.4990 -0.2929
vn -0.9001 0.4134 -0.1376
vn -0.8554 0.4060 -0.3216
vn -0.7453 0.4162 -0.5209
vn -0.7315 0.4626 -0.5009
vn -0.7493 0.3815 -0.5413
vn -0.7458 0.3597 -0.5607
vn -0.8618 0.3798 -0.3363
vn -0.9115 0.3855 -0.1437
vn -0.7656 0.6339 -0.1094
vn -0.7508 0.6523 -0.1037
vn -0.7424 0.6182 -0.2581
vn -0.7298 0.6374 -0.2473
vn -0.7872 0.6059 -0.1148
vn -0.7613 0.5900 -0.2688
vn -0.6826 0.5740 -0.4524
vn -0.6746 0.5952 -0.4366
vn -0.6957 0.5461 -0.4667
vn -0.7127 0.5091 -0.4826
vn -0.7863 0.5507 -0.2802
vn -0.8158 0.5657 -0.1201
vn -0.7363 0.6712 -0.0856
vn -0.7400 0.6678 -0.0809
vn -0.7210 0.6607 -0.2091
vn -0.7257 0.6587 -0.1986
vn -0.7376 0.6691 -0.0913
vn -0.7205 0.6573 -0.2209
vn -0.6786 0.6275 -0.3818
vn -0.6863 0.6281 -0.3668
vn -0.6740 0.6212 -0.3997
vn -0.6723 0.6107 -0.4184
vn -0.7230 0.6501 -0.2337
vn -0.7420 0.6633 -0.0975
vn -0.7652 0.6426 -0.0400
vn -0.7906 0.6113 -0.0351
vn -0.7594 0.6429 -0.1000
vn -0.7862 0.6117 -0.0875
vn -0.7482 0.6618 -0.0468
vn -0.7404 0.6618 -0.1172
vn -0.7426 0.6405 -0.1958
vn -0.7735 0.6100 -0.1721
vn -0.7184 0.6575 -0.2273
vn -0.6984 0.6646 -0.2656
vn -0.6886 0.6582 -0.3043
vn -0.7272 0.6723 -0.1385
vn -0.7236 0.6714 -0.1601
vn -0.7375 0.6731 -0.0550
vn -0.7357 0.6743 -0.0641
vn -0.8851 0.4646 -0.0274
vn -0.9152 0.4022 -0.0260
vn -0.8828 0.4645 -0.0693
vn -0.9132 0.4021 -0.0660
vn -0.8534 0.5204 -0.0292
vn -0.8508 0.5204 -0.0737
vn -0.8756 0.4628 -0.1385
vn -0.9066 0.4006 -0.1323
vn -0.8424 0.5186 -0.1465
vn -0.8082 0.5676 -0.1571
vn -0.8182 0.5694 -0.0792
vn -0.8216 0.5692 -0.0316
vn -0.9759 0.2170 -0.0245
vn -0.9860 0.1649 -0.0256
vn -0.9744 0.2158 -0.0624
vn -0.9845 0.1626 -0.0651
vn -0.9611 0.2750 -0.0244
vn -0.9596 0.2745 -0.0617
vn -0.9691 0.2127 -0.1248
vn -0.9791 0.1565 -0.1298
vn -0.9540 0.2723 -0.1251
vn -0.9333 0.3357 -0.1277
vn -0.9393 0.3371 -0.0634
vn -0.9410 0.3374 -0.0249
vn -0.9839 0.1732 -0.0444
vn -0.9784 0.1743 -0.1109
vn -0.9964 0.0722 -0.0452
vn -0.9914 0.0653 -0.1133
vn -0.9604 0.1770 -0.2153
vn -0.9739 0.0505 -0.2214
vn -0.9759 0.0422 -0.2141
vn -0.9788 0.0453 -0.1998
vn -0.9924 0.0579 -0.1088
vn -0.9931 0.0588 -0.1013
vn -0.9970 0.0648 -0.0433
vn -0.9971 0.0647 -0.0402
vn -0.9939 -0.0839 -0.0710
vn -0.9934 -0.0779 -0.0843
vn -0.9826 -0.0867 -0.1644
vn -0.9789 -0.0810 -0.1878
vn -0.9942 -0.0881 -0.0618
vn -0.9851 -0.0904 -0.1467
vn -0.9501 -0.0883 -0.2991
vn -0.9391 -0.0833 -0.3335
vn -0.9579 -0.0912 -0.2722
vn -0.9632 -0.0906 -0.2532
vn -0.9869 -0.0907 -0.1334
vn -0.9944 -0.0894 -0.0559
vn -0.9907 -0.0439 -0.1285
vn -0.9899 -0.0261 -0.1396
vn -0.9604 -0.0463 -0.2748
vn -0.9541 -0.0279 -0.2982
vn -0.9918 -0.0580 -0.1139
vn -0.9670 -0.0613 -0.2473
vn -0.8890 -0.0476 -0.4553
vn -0.8728 -0.0285 -0.4872
vn -0.9066 -0.0632 -0.4172
vn -0.9239 -0.0754 -0.3752
vn -0.9733 -0.0730 -0.2178
vn -0.9928 -0.0692 -0.0981
vn -0.9883 0.0032 -0.1528
vn -0.9881 -0.0000 -0.1536
vn -0.9440 0.0029 -0.3299
vn -0.9436 -0.0000 -0.3311
vn -0.9885 -0.0000 -0.1510
vn -0.9459 -0.0006 -0.3245
vn -0.8423 0.0022 -0.5390
vn -0.8401 -0.0000 -0.5424
vn -0.8488 -0.0014 -0.5288
vn -0.8589 -0.0115 -0.5121
vn -0.9495 -0.0106 -0.3135
vn -0.9891 -0.0098 -0.1470
vn -0.9416 0.0739 -0.3286
vn -0.9368 0.0625 -0.3441
vn -0.7480 0.0585 -0.6611
vn -0.7413 0.0502 -0.6693
vn -0.9454 0.1048 -0.3085
vn -0.7590 0.0829 -0.6458
vn -0.5053 0.0413 -0.8619
vn -0.5056 0.0365 -0.8620
vn -0.5090 0.0569 -0.8589
vn -0.4989 0.0836 -0.8626
vn -0.4466 0.1191 -0.8868
vn -0.7507 0.1305 -0.6476
vn -0.6896 0.2032 -0.6950
vn -0.9392 0.1686 -0.2992
vn -0.8953 0.2869 -0.3408
vn -0.7868 0.4349 -0.4379
vn -0.5676 0.2840 -0.7728
vn -0.6179 0.5685 -0.5431
vn -0.4068 0.3378 -0.8488
vn -0.3521 0.1568 -0.9227
vn -0.2496 0.1765 -0.9521
vn -0.1776 0.1856 -0.9664
vn -0.2649 0.3649 -0.8925
vn -0.4180 0.6651 -0.6188
vn 0.9747 -0.1645 -0.1515
vn 0.9188 -0.1543 -0.3634
vn 0.9720 -0.1781 -0.1532
vn 0.9165 -0.1674 -0.3633
vn 0.7747 -0.1278 -0.6193
vn 0.7775 -0.1400 -0.6131
vn 0.7798 -0.1465 -0.6086
vn 0.7833 -0.1441 -0.6047
vn 0.9151 -0.1744 -0.3635
vn 0.9157 -0.1713 -0.3635
vn 0.9705 -0.1856 -0.1540
vn 0.9709 -0.1829 -0.1546
vn 0.9407 -0.3080 -0.1424
vn 0.9525 -0.2663 -0.1474
vn 0.8975 -0.2820 -0.3390
vn 0.9063 -0.2381 -0.3491
vn 0.9189 -0.3698 -0.1375
vn 0.8796 -0.3442 -0.3284
vn 0.7887 -0.2249 -0.5722
vn 0.7914 -0.1802 -0.5841
vn 0.7782 -0.2851 -0.5596
vn 0.7575 -0.3591 -0.5453
vn 0.7222 -0.4462 -0.5285
vn 0.8500 -0.4210 -0.3167
vn 0.8043 -0.5101 -0.3048
vn 0.8850 -0.4464 -0.1323
vn 0.8348 -0.5358 -0.1267
vn 0.7789 -0.6153 -0.1211
vn 0.7528 -0.5902 -0.2916
vn 0.7348 -0.6684 -0.1156
vn 0.7122 -0.6442 -0.2788
vn 0.6811 -0.5255 -0.5099
vn 0.6493 -0.5808 -0.4911
vn 0.6284 -0.6181 -0.4722
vn 0.6182 -0.6428 -0.4524
vn 0.6840 -0.6792 -0.2660
vn 0.6673 -0.7005 -0.2528
vn 0.7036 -0.7021 -0.1098
vn 0.6842 -0.7218 -0.1044
vn 0.6727 -0.7334 -0.0978
vn 0.6583 -0.7142 -0.2378
vn 0.6646 -0.7416 -0.0914
vn 0.6522 -0.7240 -0.2246
vn 0.6149 -0.6603 -0.4313
vn 0.6138 -0.6749 -0.4096
vn 0.6126 -0.6883 -0.3884
vn 0.6467 -0.7329 -0.2111
vn 0.6575 -0.7485 -0.0863
vn 0.7177 -0.6942 -0.0551
vn 0.7165 -0.6838 -0.1377
vn 0.7305 -0.6814 -0.0462
vn 0.7298 -0.6737 -0.1161
vn 0.7075 -0.6554 -0.2644
vn 0.7237 -0.6514 -0.2278
vn 0.7432 -0.6394 -0.1970
vn 0.7689 -0.6152 -0.1739
vn 0.7479 -0.6564 -0.0993
vn 0.7734 -0.6278 -0.0878
vn 0.7484 -0.6621 -0.0401
vn 0.7740 -0.6323 -0.0345
vn 0.8054 -0.5918 -0.0316
vn 0.8045 -0.5885 -0.0797
vn 0.8384 -0.5443 -0.0292
vn 0.8372 -0.5418 -0.0737
vn 0.7997 -0.5796 -0.1568
vn 0.8321 -0.5349 -0.1467
vn 0.8652 -0.4819 -0.1387
vn 0.8975 -0.4205 -0.1326
vn 0.8705 -0.4874 -0.0689
vn 0.9030 -0.4246 -0.0660
vn 0.8718 -0.4891 -0.0274
vn 0.9043 -0.4260 -0.0260
vn 0.9332 -0.3585 -0.0250
vn 0.9317 -0.3575 -0.0636
vn 0.9564 -0.2911 -0.0244
vn 0.9548 -0.2908 -0.0617
vn 0.9262 -0.3548 -0.1275
vn 0.9489 -0.2895 -0.1253
vn 0.9658 -0.2273 -0.1251
vn 0.9769 -0.1698 -0.1297
vn 0.9721 -0.2263 -0.0619
vn 0.9840 -0.1658 -0.0652
vn 0.9739 -0.2256 -0.0245
vn 0.9861 -0.1640 -0.0256
vn 0.9932 -0.1134 -0.0279
vn 0.9906 -0.1165 -0.0710
vn 0.9965 -0.0776 -0.0315
vn 0.9934 -0.0822 -0.0795
vn 0.9821 -0.1234 -0.1421
vn 0.9527 -0.1356 -0.2719
vn 0.9830 -0.0918 -0.1588
vn 0.9481 -0.1094 -0.2985
vn 0.9390 -0.0942 -0.3307
vn 0.9812 -0.0717 -0.1792
vn 0.9776 -0.0628 -0.2009
vn 0.9941 -0.0594 -0.0911
vn 0.9934 -0.0496 -0.1032
vn 0.9979 -0.0537 -0.0360
vn 0.9982 -0.0439 -0.0411
vn 0.9672 0.2483 -0.0541
vn 0.9665 0.2516 -0.0505
vn 0.9611 0.2415 -0.1340
vn 0.9615 0.2448 -0.1252
vn 0.9648 0.2560 -0.0596
vn 0.9574 0.2485 -0.1469
vn 0.9408 0.2267 -0.2522
vn 0.9435 0.2309 -0.2376
vn 0.9345 0.2325 -0.2697
vn 0.9245 0.2430 -0.2937
vn 0.9102 0.2564 -0.3252
vn 0.9517 0.2603 -0.1630
vn 0.9436 0.2750 -0.1846
vn 0.9609 0.2686 -0.0670
vn 0.9557 0.2844 -0.0758
vn 0.9528 0.2903 -0.0885
vn 0.9367 0.2809 -0.2092
vn 0.9551 0.2790 -0.0996
vn 0.9340 0.2696 -0.2343
vn 0.8962 0.2612 -0.3587
vn 0.8852 0.2496 -0.3926
vn 0.8786 0.2250 -0.4213
vn 0.8777 0.1880 -0.4408
vn 0.9359 0.2440 -0.2540
vn 0.9423 0.2042 -0.2652
vn 0.9614 0.2527 -0.1091
vn 0.9711 0.2110 -0.1118
vn 0.9814 0.1603 -0.1056
vn 0.9517 0.1563 -0.2641
vn 0.9894 0.1087 -0.0967
vn 0.9610 0.1065 -0.2551
vn 0.8825 0.1442 -0.4476
vn 0.8895 0.0988 -0.4462
vn 0.8956 0.0508 -0.4420
vn 0.8987 -0.0000 -0.4385
vn 0.9680 0.0545 -0.2449
vn 0.9708 -0.0000 -0.2398
vn 0.9947 0.0551 -0.0867
vn 0.9967 -0.0000 -0.0817
vn 0.7883 -0.1330 -0.6008
vn 0.7927 -0.1293 -0.5957
vn 0.9177 -0.1626 -0.3625
vn 0.9183 -0.1665 -0.3591
vn 0.7937 -0.1493 -0.5897
vn 0.9137 -0.1995 -0.3541
vn 0.9629 -0.2235 -0.1510
vn 0.9710 -0.1835 -0.1532
vn 0.9724 -0.1752 -0.1543
vn -0.7533 0.2383 0.6130
vn -0.7458 0.2847 0.6023
vn -0.8885 0.2624 0.3766
vn -0.8782 0.3058 0.3678
vn -0.7319 0.3439 0.5882
vn -0.8604 0.3634 0.3574
vn -0.9169 0.3685 0.1532
vn -0.9365 0.3129 0.1581
vn -0.9487 0.2712 0.1625
vn -0.6858 0.6492 -0.3290
vn -0.6910 0.6344 -0.3465
vn -0.7251 0.6659 -0.1756
vn -0.7307 0.6571 -0.1853
vn -0.6945 0.6250 -0.3565
vn -0.7323 0.6534 -0.1919
vn -0.7455 0.6619 -0.0776
vn -0.7447 0.6632 -0.0744
vn -0.7394 0.6696 -0.0700
vn 0.6738 -0.6604 0.3315
vn 0.6406 -0.6842 0.3485
vn 0.6918 -0.7002 0.1766
vn 0.6639 -0.7240 0.1874
vn 0.6108 -0.7045 0.3613
vn 0.6393 -0.7439 0.1948
vn 0.6480 -0.7576 0.0788
vn 0.6701 -0.7384 0.0754
vn 0.6958 -0.7147 0.0705
vn 0.8891 0.4081 -0.2070
vn 0.8749 0.4342 -0.2144
vn 0.9277 0.2985 -0.2240
vn 0.9170 0.3837 -0.1092
vn 0.9027 0.4152 -0.1127
vn 0.9460 0.3024 -0.1164
vn 0.9398 0.2538 -0.2289
vn 0.9572 0.2638 -0.1192
vn 0.9622 0.2683 -0.0474
vn 0.9515 0.3040 -0.0466
vn 0.9124 0.4068 -0.0453
vn 0.9269 0.3727 -0.0441
vn -0.9356 0.2752 0.2213
vn -0.9732 0.0083 0.2297
vn -0.9620 0.2476 0.1148
vn -0.9930 -0.0029 0.1184
vn -0.9710 -0.0574 0.2322
vn -0.9909 -0.0614 0.1199
vn -0.9969 -0.0618 0.0486
vn -0.9989 -0.0052 0.0471
vn -0.9703 0.2375 0.0459
vn 0.9759 0.0873 -0.2001
vn 0.8786 0.0834 -0.4702
vn 0.9812 0.0124 -0.1927
vn 0.9021 0.0131 -0.4313
vn 0.6305 0.0702 -0.7730
vn 0.6710 0.0184 -0.7412
vn 0.6796 -0.0094 -0.7335
vn 0.9023 -0.0205 -0.4306
vn 0.9795 -0.0234 -0.2001
vn -0.9403 0.0828 -0.3300
vn -0.7643 0.0704 -0.6410
vn -0.9366 0.0705 -0.3433
vn -0.7497 0.0587 -0.6592
vn -0.5464 0.0553 -0.8357
vn -0.5259 0.0451 -0.8493
vn -0.5124 0.0385 -0.8579
vn -0.7418 0.0515 -0.6686
vn -0.9353 0.0630 -0.3483
vn 0.5043 -0.0166 0.8634
vn 0.4984 -0.0081 0.8669
vn 0.7711 -0.0364 0.6356
vn 0.7645 -0.0243 0.6442
vn 0.5144 -0.0259 0.8572
vn 0.7843 -0.0496 0.6184
vn 0.9052 -0.0497 0.4220
vn 0.9036 -0.0349 0.4269
vn 0.9092 -0.0658 0.4111
vn 0.9028 -0.0852 0.4215
vn 0.8270 -0.1291 0.5471
vn 0.7911 -0.0666 0.6080
vn 0.7366 -0.0973 0.6693
vn 0.5180 -0.0384 0.8545
vn 0.4857 -0.0600 0.8721
vn 0.4896 0.0728 0.8689
vn 0.3830 0.1400 0.9131
vn 0.7573 0.0850 0.6475
vn 0.6596 0.2071 0.7225
vn 0.5102 0.0290 0.8596
vn 0.7726 0.0238 0.6344
vn 0.9061 0.0909 0.4131
vn 0.8497 0.2555 0.4612
vn 0.9087 0.0205 0.4169
vn 0.9049 -0.0152 0.4253
vn 0.7661 -0.0076 0.6426
vn 0.5030 0.0043 0.8643
vn -0.5165 0.1880 0.8354
vn -0.5964 0.1224 0.7933
vn -0.5487 0.2920 0.7834
vn -0.6249 0.1586 0.7645
vn -0.2610 0.2689 0.9271
vn -0.1920 0.4848 0.8533
vn -0.5500 0.4095 0.7278
vn -0.5804 0.1865 0.7927
vn -0.0836 0.6929 0.7162
vn 0.5624 0.5605 0.6079
vn 0.3702 0.4036 0.8367
vn 0.1280 0.2313 0.9644
vn -0.6204 0.0414 0.7832
vn -0.6124 0.0338 0.7898
vn -0.6180 0.0438 0.7849
vn -0.6081 0.0348 0.7931
vn -0.6300 0.0563 0.7746
vn -0.6333 0.0609 0.7715
vn -0.5437 0.0427 0.8382
vn -0.5349 0.0340 0.8442
vn -0.5589 0.0604 0.8270
vn -0.5765 0.0989 0.8111
vn -0.6427 0.0931 0.7605
vn -0.6309 0.0817 0.7715
vn -0.6148 0.0143 0.7885
vn -0.6280 -0.0054 0.7782
vn -0.5897 0.0109 0.8076
vn -0.5707 -0.0187 0.8209
vn -0.6082 0.0230 0.7934
vn -0.5951 0.0218 0.8034
vn -0.4865 0.0113 0.8736
vn -0.4017 -0.0239 0.9155
vn -0.5136 0.0218 0.8578
vn -0.5257 0.0285 0.8502
vn -0.5997 0.0290 0.7997
vn -0.6078 0.0288 0.7936
vn -0.1447 -0.0860 0.9857
vn -0.1991 -0.0287 0.9796
vn -0.2433 0.0259 0.9696
vn -0.5117 -0.0915 0.8543
vn -0.4331 -0.0158 0.9012
vn -0.3329 0.0296 0.9425
vn -0.1767 0.0271 0.9839
vn -0.1073 -0.0346 0.9936
vn -0.2035 0.0242 0.9788
vn -0.0302 -0.0656 0.9974
vn 0.0130 -0.0836 0.9964
vn -0.2435 0.0322 0.9694
vn -0.2991 0.0431 0.9532
vn 0.0134 -0.0873 0.9961
vn -0.4362 0.0469 0.8986
vn -0.5289 0.0618 0.8464
vn -0.6057 -0.0049 0.7957
vn -0.7621 -0.1276 0.6348
vn -0.9084 -0.1335 0.3962
vn -0.7285 0.0023 0.6850
vn -0.7758 -0.3084 0.5505
vn -0.9384 -0.3355 0.0822
vn -0.4850 -0.5734 0.6603
vn -0.7804 -0.6235 0.0473
vn -0.3987 -0.2587 0.8798
vn 0.2100 -0.3726 0.9039
vn -0.1062 -0.5401 0.8349
vn -0.0617 -0.2217 0.9732
vn -0.0970 -0.3311 0.9386
vn -0.3095 -0.7915 0.5270
vn 0.2544 -0.2020 0.9458
vn 0.0207 -0.0831 0.9963
vn 0.0783 -0.0404 0.9961
vn 0.3937 -0.1015 0.9136
vn 0.5620 -0.1666 0.8102
vn 0.4325 -0.3088 0.8471
vn -0.6264 -0.0191 0.7793
vn -0.5299 0.0053 0.8480
vn -0.4023 0.0129 0.9154
vn -0.6797 -0.0820 0.7289
vn -0.5945 -0.0102 0.8040
vn -0.4551 0.0135 0.8903
vn -0.2153 0.0008 0.9765
vn -0.2550 -0.0072 0.9669
vn -0.2969 -0.0229 0.9546
vn -0.3423 -0.0104 0.9395
vn -0.5190 0.0265 0.8543
vn -0.5870 0.0577 0.8075
vn -0.6748 -0.0396 0.7370
vn -0.6842 -0.2817 0.6727
vn -0.6777 -0.5062 0.5334
vn -0.7580 -0.0500 0.6504
vn -0.2247 -0.5611 0.7967
vn 0.2324 -0.7966 0.5581
vn 0.1403 -0.4679 0.8726
vn 0.4578 -0.5290 0.7145
vn -0.6126 -0.2140 0.7608
vn -0.2595 -0.2842 0.9230
vn 0.2164 -0.2822 0.9346
vn 0.3188 -0.2989 0.8994
vn 0.0098 -0.2079 0.9781
vn -0.1867 -0.0798 0.9792
vn -0.4920 -0.1093 0.8637
vn -0.6432 -0.0597 0.7634
vn -0.0106 -0.8635 0.5042
vn 0.4565 -0.4055 0.7919
vn 0.1854 0.9823 0.0256
vn 0.9968 -0.0132 -0.0783
vn 0.8656 -0.0036 -0.5007
vn 0.6528 0.0031 -0.7575
vn -0.2587 0.9443 -0.2033
vn -0.7379 -0.6621 0.1307
vn 0.3802 0.0024 -0.9249
vn -0.0197 -0.0074 -0.9998
vn -0.0172 -0.0011 -0.9999
vn 0.3893 -0.0000 -0.9211
vn 0.6718 0.0001 -0.7407
vn 0.8839 -0.0008 -0.4677
vn 0.9992 -0.0019 -0.0406
vn -0.0745 -0.1229 0.9896
vn 0.0838 -0.5454 0.8340
vn -0.0520 -0.8530 0.5193
vn 0.0136 -0.0072 0.9999
vn 0.4292 -0.0151 0.9031
vn 0.7218 -0.0195 0.6919
vn -0.0820 -0.8942 0.4401
vn 0.9256 -0.0193 0.3780
vn 0.9160 -0.0026 0.4012
vn 0.7136 -0.0026 0.7006
vn 0.4269 -0.0020 0.9043
vn 0.0146 -0.0008 0.9999
vn -0.9445 -0.2531 0.2096
vn -0.8345 -0.0247 0.5505
vn -0.6489 0.0418 0.7597
vn -0.9970 -0.0070 0.0774
vn -0.8809 -0.0028 0.4733
vn -0.6779 0.0011 0.7352
vn -0.3974 0.0201 0.9174
vn -0.3959 -0.0002 0.9183
vn -0.4019 0.0001 0.9157
vn -0.6898 0.0003 0.7240
vn -0.8941 -0.0003 0.4479
vn -0.9992 -0.0008 0.0400
vn -0.6141 -0.7618 0.2061
vn -0.9392 -0.0128 -0.3432
vn -0.4348 -0.8734 0.2195
vn -0.7482 -0.0190 -0.6632
vn -0.9241 -0.0015 -0.3822
vn -0.7277 -0.0023 -0.6859
vn -0.4350 -0.0023 -0.9004
vn -0.4468 -0.0178 -0.8945
vn -0.4468 -0.8671 0.2201
vn 0.9080 0.0007 -0.4191
vn 0.9078 0.0003 -0.4195
vn 0.9077 0.0001 -0.4196
vn 0.7073 0.0007 -0.7069
vn 0.7072 0.0003 -0.7070
vn 0.7071 0.0001 -0.7071
vn 0.9078 -0.0000 -0.4195
vn 0.9079 -0.0000 -0.4193
vn 0.7072 -0.0000 -0.7070
vn 0.4193 -0.0000 -0.9078
vn 0.4191 -0.0000 -0.9079
vn 0.4192 0.0001 -0.9079
vn 0.4193 0.0003 -0.9078
vn 0.4192 0.0007 -0.9079
vn -0.4155 0.0015 0.9096
vn -0.4127 0.0004 0.9109
vn 0.0060 0.0004 1.0000
vn 0.0035 0.0016 1.0000
vn -0.4092 -0.0000 0.9125
vn 0.0089 -0.0000 1.0000
vn -0.7044 0.0015 0.7098
vn -0.7019 0.0004 0.7123
vn -0.4057 -0.0002 0.9140
vn -0.4029 -0.0002 0.9152
vn 0.0136 -0.0001 0.9999
vn 0.0116 -0.0002 0.9999
vn -0.6956 -0.0002 0.7184
vn -0.6922 -0.0002 0.7217
vn -0.8966 -0.0002 0.4428
vn -0.8994 -0.0002 0.4371
vn -0.9997 -0.0000 0.0248
vn -0.9995 -0.0001 0.0320
vn -0.9021 -0.0000 0.4316
vn -0.9043 0.0004 0.4269
vn -0.9061 0.0016 0.4231
vn -1.0000 0.0016 0.0053
vn -0.9999 0.0004 0.0102
vn 0.9087 0.0015 0.4174
vn 0.9096 0.0004 0.4154
vn 0.9999 0.0004 -0.0104
vn 1.0000 0.0015 -0.0056
vn 0.7078 0.0015 0.7064
vn 0.7089 0.0004 0.7053
vn 0.7100 -0.0000 0.7042
vn 0.9124 -0.0000 0.4092
vn 0.9141 0.0002 0.4055
vn 0.9995 0.0001 -0.0330
vn 0.9997 -0.0001 -0.0249
vn 0.7113 -0.0001 0.7029
vn 0.7125 0.0002 0.7017
vn 0.4272 0.0001 0.9041
vn 0.4261 -0.0001 0.9047
vn 0.4240 -0.0000 0.9057
vn 0.4224 0.0004 0.9064
vn 0.4208 0.0015 0.9071
vn 0.4137 0.0012 -0.9104
vn 0.4090 0.0002 -0.9125
vn -0.0070 0.0001 -1.0000
vn -0.0040 0.0013 -1.0000
vn 0.4022 -0.0003 -0.9156
vn -0.0104 -0.0002 -0.9999
vn 0.7015 0.0012 -0.7127
vn 0.6960 0.0001 -0.7180
vn 0.6890 -0.0003 -0.7248
vn 0.3967 -0.0004 -0.9180
vn 0.3914 -0.0002 -0.9202
vn -0.0173 -0.0001 -0.9999
vn -0.0139 -0.0003 -0.9999
vn 0.6820 -0.0004 -0.7313
vn 0.6758 -0.0002 -0.7371
vn 0.8878 -0.0001 -0.4602
vn 0.8922 -0.0002 -0.4517
vn 0.8968 -0.0001 -0.4425
vn 0.9010 0.0002 -0.4339
vn 0.9046 0.0014 -0.4263
vn -0.9100 0.0015 -0.4146
vn -0.9122 0.0004 -0.4098
vn -0.9148 -0.0000 -0.4039
vn -0.7098 0.0015 -0.7044
vn -0.7128 0.0003 -0.7013
vn -0.7163 -0.0000 -0.6978
vn -0.9177 -0.0001 -0.3973
vn -0.9209 0.0001 -0.3899
vn -0.7202 -0.0001 -0.6937
vn -0.7242 0.0002 -0.6896
vn -0.4330 0.0001 -0.9014
vn -0.4304 -0.0002 -0.9027
vn -0.4276 -0.0001 -0.9040
vn -0.4243 0.0002 -0.9055
vn -0.4221 0.0014 -0.9065
vn -0.9069 0.0029 0.4214
vn -1.0000 0.0029 0.0022
vn -0.9074 0.0027 0.4202
vn -1.0000 0.0028 0.0006
vn -0.7059 0.0028 0.7083
vn -0.7066 0.0027 0.7076
vn -0.9077 0.0016 0.4196
vn -1.0000 0.0016 0.0002
vn -0.7070 0.0015 0.7072
vn -0.4191 0.0016 0.9079
vn -0.0001 0.0016 1.0000
vn -0.4185 0.0027 0.9082
vn 0.0003 0.0027 1.0000
vn -0.4178 0.0028 0.9086
vn 0.0010 0.0029 1.0000
vn -0.4204 0.0027 -0.9073
vn -0.0013 0.0027 -1.0000
vn -0.4196 0.0026 -0.9077
vn -0.0001 0.0027 -1.0000
vn -0.7082 0.0027 -0.7060
vn -0.7073 0.0026 -0.7069
vn -0.4191 0.0016 -0.9079
vn -0.0005 0.0016 -1.0000
vn -0.7069 0.0015 -0.7073
vn -0.9079 0.0016 -0.4192
vn -0.9081 0.0027 -0.4187
vn -0.9087 0.0028 -0.4174
vn 0.9062 0.0027 -0.4228
vn 1.0000 0.0029 -0.0023
vn 0.9075 0.0026 -0.4201
vn 1.0000 0.0027 -0.0004
vn 0.7048 0.0026 -0.7094
vn 0.7065 0.0026 -0.7077
vn 0.9080 0.0016 -0.4190
vn 1.0000 0.0016 0.0002
vn 0.7071 0.0015 -0.7071
vn 0.4192 0.0015 -0.9079
vn 0.4187 0.0026 -0.9081
vn 0.4168 0.0026 -0.9090
vn 0.4196 0.0028 0.9077
vn 0.4193 0.0027 0.9078
vn 0.7074 0.0028 0.7068
vn 0.7071 0.0026 0.7071
vn 0.4191 0.0016 0.9079
vn 0.7073 0.0015 0.7069
vn 0.9081 0.0016 0.4188
vn 0.9081 0.0027 0.4187
vn 0.9083 0.0028 0.4183
vn -0.1842 -0.0640 0.9808
vn -0.1991 -0.0591 0.9782
vn -0.1526 -0.0497 0.9870
vn -0.1243 -0.0506 0.9910
vn -0.2088 -0.0537 0.9765
vn -0.1746 -0.0474 0.9835
vn -0.2554 -0.0778 0.9637
vn -0.2582 -0.0686 0.9637
vn -0.2556 -0.0600 0.9649
vn -0.2137 -0.0475 0.9757
vn -0.2213 -0.0404 0.9744
vn -0.2118 -0.0256 0.9770
vn -0.1909 -0.0427 0.9807
vn -0.2494 -0.0518 0.9670
vn -0.2433 -0.0435 0.9690
vn -0.2945 -0.0470 0.9545
vn -0.3105 -0.0570 0.9489
vn -0.4288 -0.0673 0.9009
vn -0.4033 -0.0542 0.9134
vn -0.3278 -0.0680 0.9423
vn -0.4563 -0.0817 0.8861
vn -0.3432 -0.0802 0.9358
vn -0.3519 -0.0944 0.9313
vn -0.5053 -0.1194 0.8546
vn -0.4833 -0.0986 0.8699
vn -0.1790 -0.0353 0.9832
vn -0.1620 -0.0376 0.9861
vn -0.1281 -0.0379 0.9910
vn -0.1760 -0.0262 0.9840
vn -0.1071 -0.0240 0.9940
vn -0.0384 -0.0209 0.9990
vn -0.0925 -0.0369 0.9950
vn -0.0539 -0.0341 0.9980
vn 0.0130 -0.0170 0.9998
vn 0.0563 -0.0107 0.9984
vn 0.2340 0.0226 0.9720
vn 0.1958 0.0137 0.9805
vn 0.4917 0.0575 0.8689
vn 0.5089 0.0695 0.8580
vn 0.1437 0.0089 0.9896
vn 0.4769 0.0534 0.8773
vn 0.0666 0.0047 0.9978
vn -0.0724 0.0025 0.9974
vn 0.4900 0.0887 0.8672
vn 0.4745 0.0540 0.8786
vn -0.4346 -0.0281 0.9002
vn -0.4388 -0.0253 0.8982
vn -0.5439 -0.0275 0.8387
vn -0.5439 -0.0312 0.8386
vn -0.4475 -0.0224 0.8940
vn -0.5484 -0.0235 0.8359
vn -0.3082 -0.0249 0.9510
vn -0.3162 -0.0223 0.9484
vn -0.3259 -0.0201 0.9452
vn -0.4611 -0.0194 0.8871
vn -0.4863 -0.0145 0.8737
vn -0.5849 -0.0068 0.8111
vn -0.5608 -0.0179 0.8278
vn -0.3409 -0.0180 0.9399
vn -0.3648 -0.0150 0.9310
vn -0.1842 -0.0064 0.9829
vn -0.1638 -0.0107 0.9864
vn 0.1397 0.0081 0.9902
vn 0.1205 0.0194 0.9925
vn -0.1501 -0.0137 0.9886
vn 0.1461 0.0015 0.9893
vn -0.1403 -0.0165 0.9900
vn -0.1319 -0.0196 0.9911
vn 0.1509 -0.0087 0.9885
vn 0.1477 -0.0037 0.9890
vn -0.3564 -0.1075 0.9281
vn -0.5214 -0.1382 0.8420
vn -0.3563 -0.1173 0.9270
vn -0.5328 -0.1536 0.8322
vn -0.2456 -0.0854 0.9656
vn -0.2342 -0.0906 0.9680
vn -0.3540 -0.1254 0.9268
vn -0.3514 -0.1341 0.9266
vn -0.5475 -0.1769 0.8179
vn -0.5417 -0.1662 0.8240
vn -0.2226 -0.0949 0.9703
vn -0.2121 -0.1012 0.9720
vn -0.1054 -0.0739 0.9917
vn -0.1230 -0.0697 0.9900
vn -0.0359 -0.0459 0.9983
vn -0.0140 -0.0487 0.9987
vn -0.1422 -0.0684 0.9875
vn -0.0632 -0.0475 0.9969
vn -0.1636 -0.0672 0.9842
vn -0.0941 -0.0498 0.9943
vn -0.3355 -0.2692 0.9028
vn -0.3509 -0.2582 0.9001
vn -0.5547 -0.3151 0.7700
vn -0.5382 -0.3228 0.7785
vn -0.3653 -0.2613 0.8935
vn -0.5677 -0.3288 0.7547
vn -0.1857 -0.2244 0.9566
vn -0.1945 -0.2088 0.9584
vn -0.2044 -0.2019 0.9578
vn -0.3781 -0.2719 0.8849
vn -0.3865 -0.2874 0.8764
vn -0.5764 -0.3866 0.7200
vn -0.5758 -0.3533 0.7373
vn -0.2147 -0.1987 0.9563
vn -0.2238 -0.1972 0.9545
vn -0.0919 -0.1197 0.9886
vn -0.0847 -0.1352 0.9872
vn 0.0232 -0.0779 0.9967
vn 0.0165 -0.0515 0.9985
vn -0.0786 -0.1496 0.9856
vn 0.0270 -0.1011 0.9945
vn -0.0732 -0.1647 0.9836
vn -0.0680 -0.1850 0.9804
vn 0.0307 -0.1457 0.9888
vn 0.0290 -0.1224 0.9921
vn -0.3918 -0.3066 0.8675
vn -0.5717 -0.4220 0.7036
vn -0.3944 -0.3267 0.8589
vn -0.5656 -0.4533 0.6889
vn -0.2320 -0.1999 0.9519
vn -0.2378 -0.2077 0.9488
vn -0.3965 -0.3466 0.8501
vn -0.3990 -0.3660 0.8407
vn -0.5594 -0.5014 0.6601
vn -0.5610 -0.4792 0.6751
vn -0.2416 -0.2188 0.9454
vn -0.2454 -0.2331 0.9410
vn -0.1133 -0.1153 0.9868
vn -0.1109 -0.1079 0.9880
vn 0.0001 -0.0099 1.0000
vn 0.0005 -0.0096 1.0000
vn -0.1068 -0.1051 0.9887
vn 0.0028 -0.0156 0.9999
vn -0.1007 -0.1085 0.9890
vn 0.0088 -0.0287 0.9995
vn -0.4066 -0.3849 0.8286
vn -0.5635 -0.5203 0.6417
vn -0.4183 -0.4010 0.8150
vn -0.5713 -0.5349 0.6224
vn -0.2522 -0.2480 0.9353
vn -0.2629 -0.2610 0.9289
vn -0.4328 -0.4135 0.8011
vn -0.4518 -0.4174 0.7884
vn -0.5964 -0.5474 0.5871
vn -0.5819 -0.5453 0.6034
vn -0.2759 -0.2706 0.9223
vn -0.2950 -0.2729 0.9157
vn -0.1460 -0.1311 0.9806
vn -0.1309 -0.1336 0.9824
vn -0.0005 -0.0048 1.0000
vn -0.0093 0.0048 0.9999
vn -0.1223 -0.1299 0.9840
vn 0.0019 -0.0086 1.0000
vn -0.1161 -0.1233 0.9856
vn 0.0019 -0.0102 0.9999
vn -0.4449 -0.5145 0.7331
vn -0.4835 -0.5428 0.6868
vn -0.6243 -0.6297 0.4623
vn -0.5982 -0.6146 0.5143
vn -0.5345 -0.5604 0.6326
vn -0.6590 -0.6325 0.4070
vn -0.2617 -0.3775 0.8883
vn -0.2970 -0.4075 0.8636
vn -0.3491 -0.4315 0.8318
vn -0.5879 -0.5637 0.5803
vn -0.6437 -0.5451 0.5371
vn -0.7362 -0.5950 0.3224
vn -0.6956 -0.6225 0.3587
vn -0.4072 -0.4439 0.7982
vn -0.4694 -0.4352 0.7683
vn -0.2195 -0.2595 0.9405
vn -0.1724 -0.2676 0.9480
vn 0.0640 -0.0731 0.9953
vn 0.0439 -0.0591 0.9973
vn -0.1322 -0.2609 0.9563
vn 0.0781 -0.0792 0.9938
vn -0.0977 -0.2454 0.9645
vn -0.0791 -0.2257 0.9710
vn 0.0871 -0.0743 0.9934
vn 0.0866 -0.0803 0.9930
vn 0.0246 -0.0401 0.9989
vn -0.2604 -0.2380 0.9357
vn -0.5224 -0.4099 0.7477
vn 0.0108 -0.0228 0.9997
vn -0.2924 -0.2102 0.9329
vn -0.5670 -0.3737 0.7340
vn -0.6924 -0.5122 0.5081
vn -0.7760 -0.5553 0.2990
vn -0.7365 -0.4687 0.4877
vn -0.8144 -0.5075 0.2813
vn -0.8502 -0.4529 0.2686
vn -0.7753 -0.4182 0.4734
vn -0.8094 -0.3623 0.4622
vn -0.8828 -0.3922 0.2586
vn -0.6040 -0.3318 0.7246
vn -0.6355 -0.2870 0.7168
vn -0.3167 -0.1811 0.9311
vn 0.0017 -0.0101 0.9999
vn -0.0026 -0.0034 1.0000
vn -0.3357 -0.1538 0.9293
vn -0.0055 0.0038 1.0000
vn -0.3523 -0.1245 0.9276
vn -0.6634 -0.2393 0.7090
vn -0.0088 0.0198 0.9998
vn -0.3678 -0.0876 0.9258
vn -0.6857 -0.1852 0.7039
vn -0.8391 -0.3033 0.4516
vn -0.9106 -0.3283 0.2510
vn -0.8623 -0.2415 0.4451
vn -0.9325 -0.2647 0.2459
vn -0.9478 -0.2029 0.2461
vn -0.8770 -0.1785 0.4460
vn -0.8816 -0.1150 0.4578
vn -0.9563 -0.1439 0.2545
vn -0.6986 -0.1261 0.7043
vn -0.6969 -0.0621 0.7145
vn -0.3754 -0.0420 0.9259
vn -0.0099 0.0452 0.9989
vn -0.0056 0.0799 0.9968
vn -0.3707 0.0116 0.9287
vn 0.0058 0.1133 0.9935
vn -0.3486 0.0620 0.9352
vn -0.6759 -0.0031 0.7370
vn 0.0210 0.1365 0.9904
vn -0.3170 0.0982 0.9433
vn -0.6409 0.0417 0.7665
vn -0.8728 -0.0583 0.4846
vn -0.9575 -0.0936 0.2729
vn -0.8528 -0.0144 0.5221
vn -0.9520 -0.0554 0.3012
vn -0.9418 -0.0271 0.3350
vn -0.8255 0.0185 0.5640
vn -0.7974 0.0392 0.6021
vn -0.9292 -0.0108 0.3695
vn -0.5996 0.0740 0.7969
vn -0.5619 0.0927 0.8220
vn -0.2818 0.1231 0.9515
vn 0.0373 0.1519 0.9877
vn 0.0493 0.1578 0.9862
vn -0.2529 0.1356 0.9579
vn 0.1480 -0.0558 0.9874
vn -0.1520 -0.0165 0.9882
vn -0.1908 -0.0372 0.9809
vn 0.1072 -0.0756 0.9914
vn -0.4668 0.0250 0.8840
vn -0.4975 0.0052 0.8674
vn 0.1899 -0.0573 0.9801
vn -0.1056 -0.0159 0.9943
vn -0.4263 0.0273 0.9042
vn -0.7280 0.0601 0.6829
vn -0.8929 0.0830 0.4426
vn -0.9013 0.0710 0.4274
vn -0.7471 0.0429 0.6633
vn -0.7007 0.0626 0.7107
vn -0.8795 0.0848 0.4684
vn -0.8608 0.0827 0.5022
vn -0.6656 0.0604 0.7439
vn -0.6239 0.0554 0.7796
vn -0.8359 0.0781 0.5433
vn -0.3801 0.0242 0.9246
vn -0.3340 0.0190 0.9424
vn -0.0618 -0.0198 0.9979
vn 0.2243 -0.0635 0.9725
vn 0.2447 -0.0707 0.9670
vn -0.0258 -0.0255 0.9993
vn 0.2498 -0.0742 0.9655
vn -0.0012 -0.0301 0.9995
vn -0.2907 0.0125 0.9567
vn 0.2472 -0.0715 0.9663
vn 0.0149 -0.0316 0.9994
vn -0.2551 0.0059 0.9669
vn -0.5777 0.0476 0.8149
vn -0.8047 0.0698 0.5896
vn -0.5328 0.0368 0.8454
vn -0.7707 0.0572 0.6347
vn -0.7371 0.0419 0.6744
vn -0.4921 0.0250 0.8702
vn -0.4568 0.0127 0.8895
vn -0.7067 0.0243 0.7071
vn -0.2237 -0.0001 0.9747
vn -0.1994 -0.0050 0.9799
vn 0.0261 -0.0307 0.9992
vn 0.2422 -0.0645 0.9681
vn 0.2393 -0.0541 0.9694
vn 0.0350 -0.0277 0.9990
vn 0.2384 -0.0418 0.9703
vn 0.0431 -0.0229 0.9988
vn -0.1777 -0.0077 0.9840
vn 0.2391 -0.0288 0.9706
vn 0.0503 -0.0166 0.9986
vn -0.1621 -0.0074 0.9867
vn -0.4274 0.0031 0.9041
vn -0.6808 0.0093 0.7324
vn -0.4050 -0.0016 0.9143
vn -0.6612 0.0008 0.7502
vn -0.6480 -0.0022 0.7616
vn -0.3908 -0.0023 0.9205
vn -0.1534 -0.0048 0.9882
vn 0.0553 -0.0088 0.9984
vn 0.2402 -0.0149 0.9706
vn -0.2665 -0.0243 0.9635
vn -0.2723 -0.0260 0.9619
vn -0.3656 -0.0302 0.9303
vn -0.3613 -0.0286 0.9320
vn -0.2783 -0.0308 0.9600
vn -0.3729 -0.0357 0.9272
vn -0.2541 -0.0246 0.9669
vn -0.2578 -0.0255 0.9658
vn -0.2560 -0.0288 0.9662
vn -0.2849 -0.0380 0.9578
vn -0.3848 -0.0441 0.9219
vn -0.2471 -0.0351 0.9683
vn -0.2562 -0.0280 0.9662
vn -0.3453 -0.0178 0.9383
vn -0.2852 -0.0265 0.9581
vn -0.3848 -0.0235 0.9227
vn -0.2966 -0.0261 0.9546
vn -0.2966 -0.0268 0.9546
vn -0.4074 -0.0306 0.9127
vn -0.4013 -0.0272 0.9155
vn -0.0150 -0.0296 0.9994
vn 0.0212 -0.0245 0.9995
vn 0.0975 -0.0030 0.9952
vn 0.1363 0.0046 0.9907
vn 0.0540 -0.0206 0.9983
vn 0.0799 -0.0220 0.9966
vn 0.1678 0.0098 0.9858
vn 0.1953 0.0093 0.9807
vn 0.3513 0.0480 0.9350
vn 0.3294 0.0490 0.9429
vn 0.5566 0.0995 0.8248
vn 0.5686 0.0972 0.8168
vn 0.3017 0.0427 0.9524
vn 0.5421 0.0932 0.8351
vn 0.2691 0.0334 0.9625
vn 0.5263 0.0830 0.8462
vn 0.1298 -0.1038 0.9861
vn 0.1302 -0.0775 0.9884
vn 0.1298 -0.0505 0.9903
vn 0.2460 -0.0537 0.9678
vn 0.2480 -0.0242 0.9684
vn 0.2483 0.0095 0.9686
vn 0.1269 -0.0194 0.9917
vn 0.1201 0.0173 0.9926
vn 0.2454 0.0497 0.9681
vn 0.2374 0.0982 0.9664
vn 0.3836 0.2012 0.9013
vn 0.3954 0.1385 0.9080
vn 0.5879 0.2537 0.7681
vn 0.5665 0.3318 0.7543
vn 0.4000 0.0867 0.9124
vn 0.5983 0.1885 0.7788
vn 0.3996 0.0441 0.9156
vn 0.3963 0.0105 0.9180
vn 0.5985 0.0962 0.7953
vn 0.6010 0.1354 0.7877
vn 0.1116 0.0507 0.9925
vn 0.1063 0.0733 0.9916
vn 0.2273 0.1435 0.9632
vn 0.2213 0.1765 0.9591
vn 0.1051 0.0875 0.9906
vn 0.1087 0.0962 0.9894
vn 0.2209 0.2001 0.9545
vn 0.2269 0.2176 0.9493
vn 0.3624 0.3615 0.8591
vn 0.3569 0.3367 0.8714
vn 0.5109 0.4946 0.7031
vn 0.5100 0.5220 0.6837
vn 0.3592 0.3041 0.8823
vn 0.5210 0.4568 0.7210
vn 0.3685 0.2599 0.8925
vn 0.5402 0.4043 0.7380
vn 0.1150 0.1042 0.9879
vn 0.1212 0.1145 0.9860
vn 0.2372 0.2340 0.9429
vn 0.2483 0.2523 0.9352
vn 0.1252 0.1266 0.9840
vn 0.1227 0.1436 0.9820
vn 0.2582 0.2724 0.9269
vn 0.2596 0.2947 0.9196
vn 0.3997 0.4552 0.7957
vn 0.3971 0.4311 0.8102
vn 0.5287 0.5858 0.6142
vn 0.5280 0.6049 0.5960
vn 0.3861 0.4075 0.8276
vn 0.5231 0.5660 0.6373
vn 0.3735 0.3840 0.8444
vn 0.5158 0.5449 0.6611
vn 0.2453 0.0832 0.9659
vn 0.2632 0.0928 0.9603
vn 0.2782 0.1102 0.9542
vn 0.4014 0.2539 0.8800
vn 0.4339 0.2773 0.8572
vn 0.4677 0.3077 0.8286
vn 0.2915 0.1305 0.9476
vn 0.3002 0.1498 0.9420
vn 0.5005 0.3356 0.7980
vn 0.5307 0.3526 0.7707
vn 0.6791 0.4983 0.5390
vn 0.6453 0.4962 0.5808
vn 0.7191 0.5946 0.3597
vn 0.7480 0.5802 0.3224
vn 0.6116 0.4775 0.6308
vn 0.6940 0.5940 0.4068
vn 0.5762 0.4504 0.6820
vn 0.5413 0.4245 0.7258
vn 0.6426 0.5695 0.5126
vn 0.6691 0.5832 0.4606
vn 0.7782 0.5532 0.2972
vn 0.7090 0.4870 0.5101
vn 0.5548 0.3575 0.7513
vn 0.8104 0.5145 0.2804
vn 0.7399 0.4594 0.4914
vn 0.5791 0.3467 0.7378
vn 0.3043 0.1640 0.9383
vn 0.3103 0.1685 0.9356
vn 0.3177 0.1629 0.9341
vn 0.3291 0.1484 0.9326
vn 0.6038 0.3233 0.7286
vn 0.6300 0.2882 0.7211
vn 0.7720 0.4214 0.4758
vn 0.8429 0.4657 0.2695
vn 0.8756 0.4079 0.2589
vn 0.8038 0.3714 0.4646
vn 0.9042 0.3454 0.2511
vn 0.8325 0.3177 0.4540
vn 0.6543 0.2499 0.7138
vn 0.9265 0.2845 0.2463
vn 0.8538 0.2663 0.4473
vn 0.6729 0.2170 0.7072
vn 0.3411 0.1328 0.9306
vn 0.3497 0.1248 0.9285
vn 0.3549 0.1255 0.9265
vn 0.3556 0.1351 0.9248
vn 0.6828 0.1901 0.7055
vn 0.6822 0.1716 0.7108
vn 0.8671 0.2198 0.4470
vn 0.9420 0.2272 0.2472
vn 0.9506 0.1760 0.2557
vn 0.8712 0.1808 0.4565
vn 0.9519 0.1362 0.2744
vn 0.8645 0.1521 0.4791
vn 0.6705 0.1604 0.7244
vn 0.9469 0.1102 0.3019
vn 0.8495 0.1343 0.5101
vn 0.6509 0.1539 0.7434
vn 0.3532 0.1473 0.9239
vn 0.3485 0.1558 0.9243
vn 0.3424 0.1617 0.9255
vn 0.3373 0.1636 0.9271
vn 0.6277 0.1515 0.7636
vn 0.6064 0.1498 0.7809
vn 0.8293 0.1251 0.5446
vn 0.9376 0.0950 0.3344
vn 0.9269 0.0896 0.3644
vn 0.8084 0.1207 0.5761
vn 0.8855 -0.2003 0.4193
vn 0.7756 -0.1647 0.6093
vn 0.7747 -0.1753 0.6075
vn 0.8892 -0.2072 0.4078
vn 0.6143 -0.1281 0.7786
vn 0.6002 -0.1420 0.7871
vn 0.8761 -0.2047 0.4365
vn 0.7701 -0.1684 0.6152
vn 0.6237 -0.1314 0.7706
vn 0.4046 -0.0922 0.9098
vn 0.3723 -0.1091 0.9217
vn 0.4328 -0.0949 0.8965
vn 0.4514 -0.1031 0.8864
vn 0.4559 -0.1122 0.8829
vn 0.6243 -0.1401 0.7685
vn 0.6147 -0.1506 0.7743
vn 0.7586 -0.1772 0.6270
vn 0.8619 -0.2140 0.4598
vn 0.8415 -0.2275 0.4900
vn 0.7402 -0.1884 0.6454
vn 0.8192 -0.2293 0.5257
vn 0.7161 -0.1922 0.6710
vn 0.5952 -0.1544 0.7886
vn 0.7996 -0.2178 0.5597
vn 0.6930 -0.1822 0.6975
vn 0.5737 -0.1464 0.8059
vn 0.4464 -0.1158 0.8873
vn 0.4316 -0.1101 0.8953
vn 0.4176 -0.0982 0.9033
vn 0.4068 -0.0813 0.9099
vn 0.5556 -0.1304 0.8212
vn 0.5414 -0.1077 0.8338
vn 0.6734 -0.1625 0.7212
vn 0.7846 -0.1950 0.5886
vn 0.7761 -0.1620 0.6095
vn 0.6600 -0.1344 0.7391
vn 0.7746 -0.1239 0.6202
vn 0.6540 -0.1023 0.7495
vn 0.5347 -0.0818 0.8411
vn 0.7767 -0.0849 0.6241
vn 0.6523 -0.0698 0.7548
vn 0.5319 -0.0558 0.8450
vn 0.4016 -0.0620 0.9137
vn 0.4002 -0.0422 0.9155
vn 0.3998 -0.0217 0.9163
vn 0.5314 -0.0287 0.8467
vn 0.6525 -0.0359 0.7569
vn 0.7797 -0.0437 0.6246
vn -0.4224 -0.0672 -0.9039
vn -0.2979 -0.0567 -0.9529
vn -0.2762 -0.0466 -0.9600
vn -0.3929 -0.0545 -0.9180
vn -0.2296 -0.0516 -0.9719
vn -0.2162 -0.0434 -0.9754
vn -0.4535 -0.0816 -0.8875
vn -0.3197 -0.0676 -0.9451
vn -0.2413 -0.0600 -0.9686
vn -0.1887 -0.0485 -0.9808
vn -0.1641 -0.0456 -0.9854
vn -0.1695 -0.0407 -0.9847
vn -0.1841 -0.0419 -0.9820
vn -0.1910 -0.0544 -0.9801
vn -0.1544 -0.0491 -0.9868
vn -0.1393 -0.0514 -0.9889
vn -0.1881 -0.0599 -0.9803
vn -0.1786 -0.0648 -0.9818
vn -0.1184 -0.0521 -0.9916
vn -0.2499 -0.0688 -0.9658
vn -0.2511 -0.0780 -0.9648
vn -0.3380 -0.0801 -0.9377
vn -0.4804 -0.0985 -0.8715
vn -0.5049 -0.1187 -0.8550
vn -0.3504 -0.0944 -0.9318
vn 0.4799 0.0488 -0.8760
vn 0.1973 0.0066 -0.9803
vn 0.2342 0.0184 -0.9720
vn 0.5038 0.0649 -0.8614
vn 0.0230 -0.0216 -0.9995
vn 0.0603 -0.0142 -0.9981
vn 0.4536 0.0362 -0.8904
vn 0.1600 -0.0021 -0.9871
vn -0.0112 -0.0261 -0.9996
vn -0.0790 -0.0398 -0.9961
vn -0.0466 -0.0364 -0.9982
vn -0.1054 -0.0408 -0.9936
vn -0.1266 -0.0399 -0.9912
vn -0.1424 -0.0370 -0.9891
vn -0.0412 -0.0282 -0.9988
vn -0.0656 -0.0279 -0.9975
vn 0.1255 -0.0078 -0.9921
vn 0.4259 0.0264 -0.9044
vn 0.3990 0.0193 -0.9167
vn 0.0948 -0.0109 -0.9954
vn 0.3166 -0.0081 -0.9485
vn 0.0267 -0.0212 -0.9994
vn 0.0337 -0.0159 -0.9993
vn 0.3269 0.0001 -0.9450
vn -0.1046 -0.0270 -0.9941
vn -0.1030 -0.0232 -0.9944
vn 0.3063 -0.0283 -0.9515
vn 0.0245 -0.0358 -0.9991
vn -0.1025 -0.0385 -0.9940
vn -0.1556 -0.0287 -0.9874
vn -0.1592 -0.0275 -0.9869
vn -0.1638 -0.0253 -0.9862
vn -0.1582 -0.0258 -0.9871
vn -0.1517 -0.0384 -0.9877
vn -0.1526 -0.0363 -0.9876
vn -0.1465 -0.0557 -0.9876
vn -0.1426 -0.0607 -0.9879
vn -0.1258 -0.1190 -0.9849
vn -0.1405 -0.1032 -0.9847
vn -0.0885 -0.0648 -0.9940
vn -0.0428 -0.1297 -0.9906
vn 0.0382 -0.0652 -0.9971
vn 0.2895 -0.0633 -0.9551
vn 0.2603 -0.1043 -0.9599
vn 0.1139 -0.1233 -0.9858
vn -0.0361 -0.0462 -0.9983
vn -0.1227 -0.0698 -0.9900
vn -0.1056 -0.0753 -0.9916
vn -0.0140 -0.0508 -0.9986
vn -0.2226 -0.0950 -0.9703
vn -0.2122 -0.1019 -0.9719
vn -0.0625 -0.0481 -0.9969
vn -0.1412 -0.0688 -0.9876
vn -0.2335 -0.0908 -0.9681
vn -0.3540 -0.1255 -0.9268
vn -0.5423 -0.1663 -0.8236
vn -0.5474 -0.1772 -0.8179
vn -0.3520 -0.1340 -0.9263
vn -0.3554 -0.1174 -0.9273
vn -0.5339 -0.1538 -0.8315
vn -0.5218 -0.1384 -0.8418
vn -0.3553 -0.1075 -0.9285
vn -0.2435 -0.0857 -0.9661
vn -0.1609 -0.0678 -0.9846
vn -0.0908 -0.0508 -0.9946
vn 0.0232 -0.0779 -0.9967
vn -0.0848 -0.1352 -0.9872
vn -0.0924 -0.1198 -0.9885
vn 0.0165 -0.0515 -0.9985
vn -0.2147 -0.1987 -0.9563
vn -0.2239 -0.1972 -0.9545
vn 0.0274 -0.1013 -0.9945
vn -0.0788 -0.1496 -0.9856
vn -0.2052 -0.2020 -0.9577
vn -0.3778 -0.2715 -0.8852
vn -0.5776 -0.3545 -0.7353
vn -0.5777 -0.3877 -0.7183
vn -0.3868 -0.2870 -0.8763
vn -0.3653 -0.2613 -0.8935
vn -0.5699 -0.3299 -0.7526
vn -0.5574 -0.3160 -0.7677
vn -0.3513 -0.2583 -0.8999
vn -0.3354 -0.2716 -0.9021
vn -0.5388 -0.3225 -0.7782
vn -0.1945 -0.2088 -0.9584
vn -0.1848 -0.2261 -0.9564
vn -0.0732 -0.1647 -0.9836
vn 0.0291 -0.1224 -0.9921
vn 0.0308 -0.1458 -0.9888
vn -0.0686 -0.1847 -0.9804
vn 0.0001 -0.0099 -1.0000
vn -0.1104 -0.1074 -0.9881
vn -0.1128 -0.1149 -0.9869
vn 0.0005 -0.0096 -1.0000
vn -0.2420 -0.2191 -0.9452
vn -0.2460 -0.2336 -0.9407
vn 0.0028 -0.0155 -0.9999
vn -0.1068 -0.1050 -0.9887
vn -0.2377 -0.2077 -0.9489
vn -0.3962 -0.3463 -0.8504
vn -0.5616 -0.4798 -0.6741
vn -0.5604 -0.5021 -0.6587
vn -0.3990 -0.3660 -0.8407
vn -0.3944 -0.3266 -0.8589
vn -0.5663 -0.4538 -0.6881
vn -0.5725 -0.4232 -0.7022
vn -0.3917 -0.3066 -0.8675
vn -0.2320 -0.2000 -0.9519
vn -0.1002 -0.1083 -0.9891
vn 0.0085 -0.0287 -0.9996
vn -0.0004 -0.0047 -1.0000
vn -0.1310 -0.1338 -0.9823
vn -0.1468 -0.1307 -0.9805
vn -0.0101 0.0045 -0.9999
vn -0.2759 -0.2706 -0.9223
vn -0.2964 -0.2720 -0.9155
vn 0.0027 -0.0082 -1.0000
vn -0.1223 -0.1300 -0.9839
vn -0.2629 -0.2610 -0.9289
vn -0.4329 -0.4136 -0.8010
vn -0.5827 -0.5460 -0.6020
vn -0.5965 -0.5474 -0.5870
vn -0.4535 -0.4160 -0.7882
vn -0.4183 -0.4010 -0.8150
vn -0.5721 -0.5356 -0.6212
vn -0.5640 -0.5208 -0.6408
vn -0.4070 -0.3852 -0.8282
vn -0.2526 -0.2483 -0.9352
vn -0.1164 -0.1235 -0.9855
vn 0.0019 -0.0102 -0.9999
vn 0.0641 -0.0730 -0.9953
vn -0.1725 -0.2677 -0.9480
vn -0.2195 -0.2595 -0.9405
vn 0.0442 -0.0590 -0.9973
vn -0.4063 -0.4431 -0.7991
vn -0.4693 -0.4352 -0.7684
vn 0.0780 -0.0793 -0.9938
vn -0.1313 -0.2603 -0.9566
vn -0.3490 -0.4314 -0.8319
vn -0.5879 -0.5637 -0.5802
vn -0.6961 -0.6228 -0.3572
vn -0.7365 -0.5953 -0.3212
vn -0.6437 -0.5451 -0.5371
vn -0.5342 -0.5602 -0.6331
vn -0.6598 -0.6329 -0.4051
vn -0.6254 -0.6303 -0.4601
vn -0.4834 -0.5427 -0.6869
vn -0.4419 -0.5172 -0.7330
vn -0.5979 -0.6147 -0.5145
vn -0.2970 -0.4075 -0.8635
vn -0.2598 -0.3795 -0.8880
vn -0.0977 -0.2454 -0.9645
vn 0.0870 -0.0800 -0.9930
vn 0.0870 -0.0746 -0.9934
vn -0.0785 -0.2269 -0.9707
vn -0.8094 -0.3623 -0.4622
vn -0.7753 -0.4182 -0.4733
vn -0.8502 -0.4529 -0.2685
vn -0.8828 -0.3922 -0.2586
vn -0.7365 -0.4687 -0.4877
vn -0.8146 -0.5078 -0.2802
vn -0.6355 -0.2870 -0.7168
vn -0.6041 -0.3318 -0.7245
vn -0.5671 -0.3738 -0.7340
vn -0.6926 -0.5123 -0.5079
vn -0.7764 -0.5557 -0.2975
vn -0.5225 -0.4099 -0.7477
vn -0.2604 -0.2380 -0.9357
vn 0.0249 -0.0397 -0.9989
vn -0.2925 -0.2103 -0.9329
vn 0.0106 -0.0228 -0.9997
vn -0.3170 -0.1813 -0.9309
vn -0.3352 -0.1536 -0.9295
vn -0.0026 -0.0034 -1.0000
vn 0.0016 -0.0101 -0.9999
vn -0.8816 -0.1150 -0.4579
vn -0.8770 -0.1785 -0.4460
vn -0.9477 -0.2031 -0.2463
vn -0.9562 -0.1442 -0.2548
vn -0.8623 -0.2415 -0.4451
vn -0.9325 -0.2649 -0.2456
vn -0.6969 -0.0621 -0.7145
vn -0.6986 -0.1261 -0.7043
vn -0.6860 -0.1854 -0.7036
vn -0.8391 -0.3034 -0.4515
vn -0.9107 -0.3285 -0.2504
vn -0.6634 -0.2392 -0.7090
vn -0.3523 -0.1244 -0.9276
vn -0.0051 0.0040 -1.0000
vn -0.3673 -0.0874 -0.9260
vn -0.0081 0.0200 -0.9998
vn -0.3755 -0.0420 -0.9259
vn -0.3707 0.0116 -0.9287
vn -0.0056 0.0799 -0.9968
vn -0.0098 0.0452 -0.9989
vn -0.6793 -0.4801 -0.5551
vn -0.7636 -0.1693 -0.6231
vn -0.9049 -0.1649 -0.3924
vn -0.8369 -0.4083 -0.3645
vn -0.7687 0.0255 -0.6391
vn -0.9144 -0.0199 -0.4044
vn -0.4509 -0.5437 -0.7079
vn -0.5279 -0.1712 -0.8319
vn -0.5270 0.0741 -0.8466
vn -0.7783 0.0384 -0.6268
vn -0.7975 0.0355 -0.6022
vn -0.9288 -0.0124 -0.3703
vn -0.9195 -0.0103 -0.3929
vn -0.5379 0.0913 -0.8381
vn -0.5617 0.0898 -0.8225
vn -0.2525 0.1340 -0.9583
vn -0.2355 0.1330 -0.9627
vn 0.0573 0.1555 -0.9862
vn 0.0508 0.1580 -0.9861
vn -0.2280 0.1123 -0.9672
vn 0.0623 0.1335 -0.9891
vn -0.2315 -0.1673 -0.9583
vn -0.1954 -0.5790 -0.7916
vn 0.0434 -0.5863 -0.8090
vn 0.0596 -0.1574 -0.9857
vn -0.6238 0.0554 -0.7796
vn -0.6655 0.0604 -0.7439
vn -0.8591 0.0819 -0.5052
vn -0.8340 0.0772 -0.5464
vn -0.7006 0.0626 -0.7108
vn -0.8779 0.0841 -0.4714
vn -0.3334 0.0191 -0.9426
vn -0.3802 0.0243 -0.9246
vn -0.4261 0.0273 -0.9043
vn -0.7280 0.0601 -0.6830
vn -0.7472 0.0461 -0.6630
vn -0.9013 0.0710 -0.4274
vn -0.8918 0.0823 -0.4449
vn -0.4669 0.0250 -0.8840
vn -0.4977 0.0090 -0.8673
vn -0.1910 -0.0330 -0.9810
vn -0.1520 -0.0165 -0.9882
vn 0.1479 -0.0558 -0.9874
vn 0.1072 -0.0710 -0.9917
vn -0.1056 -0.0159 -0.9943
vn 0.1899 -0.0573 -0.9801
vn -0.0629 -0.0199 -0.9978
vn -0.0259 -0.0255 -0.9993
vn 0.2447 -0.0707 -0.9670
vn 0.2242 -0.0634 -0.9725
vn -0.4568 0.0127 -0.8895
vn -0.4921 0.0250 -0.8702
vn -0.7348 0.0418 -0.6770
vn -0.7046 0.0244 -0.7092
vn -0.5327 0.0368 -0.8455
vn -0.7684 0.0569 -0.6374
vn -0.1995 -0.0050 -0.9799
vn -0.2238 -0.0001 -0.9746
vn -0.2551 0.0059 -0.9669
vn -0.5777 0.0476 -0.8149
vn -0.8024 0.0691 -0.5928
vn -0.2906 0.0125 -0.9568
vn -0.0012 -0.0301 -0.9995
vn 0.2498 -0.0742 -0.9655
vn 0.0150 -0.0316 -0.9994
vn 0.2471 -0.0715 -0.9663
vn 0.0256 -0.0307 -0.9992
vn 0.0354 -0.0278 -0.9990
vn 0.2389 -0.0541 -0.9695
vn 0.2423 -0.0645 -0.9681
vn -0.3906 -0.0022 -0.9206
vn -0.6474 -0.0017 -0.7622
vn -0.4051 -0.0016 -0.9143
vn -0.6599 0.0011 -0.7513
vn -0.1519 -0.0045 -0.9884
vn -0.1622 -0.0074 -0.9867
vn -0.4274 0.0031 -0.9040
vn -0.6793 0.0096 -0.7338
vn -0.1790 -0.0078 -0.9838
vn 0.0436 -0.0229 -0.9988
vn 0.2384 -0.0418 -0.9703
vn 0.0499 -0.0167 -0.9986
vn 0.2392 -0.0288 -0.9705
vn 0.0551 -0.0088 -0.9984
vn 0.2403 -0.0149 -0.9706
vn -0.1504 -0.0255 -0.9883
vn -0.1572 -0.0236 -0.9873
vn -0.1630 -0.0242 -0.9863
vn -0.1713 -0.0226 -0.9850
vn -0.1441 -0.0334 -0.9890
vn -0.1570 -0.0318 -0.9871
vn -0.2071 -0.0247 -0.9780
vn -0.3150 -0.0298 -0.9486
vn -0.3225 -0.0272 -0.9462
vn -0.2155 -0.0230 -0.9762
vn -0.2016 -0.0330 -0.9789
vn -0.3127 -0.0399 -0.9490
vn -0.3104 -0.0583 -0.9488
vn -0.2075 -0.0509 -0.9769
vn -0.2452 -0.0853 -0.9657
vn -0.3074 -0.0753 -0.9486
vn -0.1591 -0.0499 -0.9860
vn -0.1819 -0.0911 -0.9791
vn -0.1404 -0.0517 -0.9887
vn -0.1466 -0.0960 -0.9845
vn 0.5560 0.0989 -0.8253
vn 0.3293 0.0486 -0.9430
vn 0.3518 0.0460 -0.9349
vn 0.5690 0.0967 -0.8166
vn 0.1695 0.0098 -0.9855
vn 0.1956 0.0070 -0.9807
vn 0.5416 0.0921 -0.8356
vn 0.3012 0.0414 -0.9527
vn 0.1373 0.0036 -0.9905
vn 0.0547 -0.0207 -0.9983
vn 0.0803 -0.0244 -0.9965
vn 0.0225 -0.0253 -0.9994
vn -0.0122 -0.0312 -0.9994
vn 0.0996 -0.0050 -0.9950
vn 0.2693 0.0310 -0.9626
vn 0.5242 0.0807 -0.8478
vn 0.5868 0.2527 -0.7693
vn 0.3954 0.1385 -0.9080
vn 0.3837 0.2012 -0.9013
vn 0.5656 0.3307 -0.7555
vn 0.2454 0.0498 -0.9682
vn 0.2373 0.0981 -0.9665
vn 0.5970 0.1876 -0.7800
vn 0.4000 0.0867 -0.9124
vn 0.2483 0.0095 -0.9686
vn 0.1269 -0.0194 -0.9917
vn 0.1201 0.0173 -0.9926
vn 0.1298 -0.0505 -0.9903
vn 0.1303 -0.0776 -0.9884
vn 0.1294 -0.1029 -0.9862
vn 0.2480 -0.0243 -0.9685
vn 0.2454 -0.0524 -0.9680
vn 0.3998 0.0443 -0.9155
vn 0.5994 0.1345 -0.7891
vn 0.5986 0.0960 -0.7953
vn 0.3959 0.0125 -0.9182
vn 0.5103 0.4936 -0.7042
vn 0.3570 0.3368 -0.8713
vn 0.3624 0.3615 -0.8591
vn 0.5094 0.5209 -0.6849
vn 0.2206 0.1997 -0.9547
vn 0.2264 0.2170 -0.9495
vn 0.5206 0.4560 -0.7218
vn 0.3588 0.3034 -0.8827
vn 0.2213 0.1765 -0.9591
vn 0.1050 0.0872 -0.9906
vn 0.1087 0.0962 -0.9894
vn 0.1063 0.0733 -0.9916
vn 0.1116 0.0507 -0.9925
vn 0.2272 0.1435 -0.9632
vn 0.3688 0.2604 -0.8923
vn 0.5394 0.4031 -0.7393
vn 0.5280 0.5851 -0.6156
vn 0.3972 0.4312 -0.8101
vn 0.4014 0.4536 -0.7957
vn 0.5282 0.6049 -0.5959
vn 0.2582 0.2725 -0.9269
vn 0.2608 0.2933 -0.9198
vn 0.5224 0.5651 -0.6386
vn 0.3861 0.4076 -0.8275
vn 0.2483 0.2523 -0.9352
vn 0.1261 0.1272 -0.9838
vn 0.1231 0.1427 -0.9821
vn 0.1215 0.1147 -0.9859
vn 0.1150 0.1042 -0.9879
vn 0.2372 0.2340 -0.9429
vn 0.3739 0.3845 -0.8440
vn 0.5151 0.5437 -0.6626
vn 0.7187 0.5940 -0.3614
vn 0.6454 0.4963 -0.5806
vn 0.6791 0.4983 -0.5390
vn 0.7466 0.5801 -0.3256
vn 0.5005 0.3356 -0.7980
vn 0.5307 0.3526 -0.7707
vn 0.6935 0.5932 -0.4090
vn 0.6116 0.4775 -0.6308
vn 0.4677 0.3076 -0.8287
vn 0.2915 0.1305 -0.9476
vn 0.3002 0.1498 -0.9420
vn 0.2783 0.1104 -0.9541
vn 0.2630 0.0924 -0.9604
vn 0.2441 0.0836 -0.9661
vn 0.4339 0.2773 -0.8572
vn 0.3991 0.2553 -0.8806
vn 0.5762 0.4504 -0.6820
vn 0.6685 0.5822 -0.4628
vn 0.6425 0.5696 -0.5125
vn 0.5384 0.4270 -0.7265
vn 0.3287 0.1482 -0.9327
vn 0.3178 0.1629 -0.9341
vn 0.3098 0.1680 -0.9358
vn 0.6293 0.2886 -0.7216
vn 0.6035 0.3229 -0.7290
vn 0.5791 0.3467 -0.7378
vn 0.3043 0.1640 -0.9384
vn 0.5548 0.3576 -0.7512
vn 0.7090 0.4870 -0.5101
vn 0.7779 0.5531 -0.2981
vn 0.7404 0.4601 -0.4900
vn 0.8101 0.5143 -0.2815
vn 0.7718 0.4210 -0.4765
vn 0.8038 0.3714 -0.4647
vn 0.8754 0.4078 -0.2595
vn 0.8429 0.4657 -0.2695
vn 0.3547 0.1349 -0.9252
vn 0.3548 0.1254 -0.9265
vn 0.3496 0.1248 -0.9286
vn 0.6822 0.1716 -0.7108
vn 0.6828 0.1901 -0.7054
vn 0.6729 0.2170 -0.7072
vn 0.3410 0.1328 -0.9306
vn 0.6545 0.2501 -0.7135
vn 0.8324 0.3176 -0.4541
vn 0.9040 0.3453 -0.2519
vn 0.8533 0.2658 -0.4486
vn 0.9263 0.2845 -0.2469
vn 0.8671 0.2198 -0.4470
vn 0.8711 0.1808 -0.4565
vn 0.9507 0.1762 -0.2553
vn 0.9420 0.2275 -0.2468
vn 0.2713 -0.5707 -0.7750
vn 0.3346 -0.1432 -0.9314
vn 0.3340 0.1398 -0.9321
vn 0.4986 -0.5312 -0.6850
vn 0.5907 -0.1263 -0.7970
vn 0.5879 0.1310 -0.7983
vn 0.3345 0.1614 -0.9285
vn 0.3381 0.1640 -0.9267
vn 0.5931 0.1501 -0.7910
vn 0.6067 0.1516 -0.7803
vn 0.8083 0.1237 -0.5757
vn 0.7936 0.1238 -0.5958
vn 0.9185 0.0915 -0.3847
vn 0.9271 0.0909 -0.3635
vn 0.7874 0.1079 -0.6069
vn 0.9149 0.0785 -0.3959
vn 0.7897 -0.1124 -0.6031
vn 0.6954 -0.4744 -0.5398
vn 0.8352 -0.4134 -0.3626
vn 0.9145 -0.1023 -0.3914
vn 0.4559 -0.1122 -0.8829
vn 0.4514 -0.1031 -0.8863
vn 0.4327 -0.0950 -0.8965
vn 0.6147 -0.1506 -0.7742
vn 0.6244 -0.1401 -0.7684
vn 0.6238 -0.1314 -0.7705
vn 0.4044 -0.0917 -0.9100
vn 0.3729 -0.1053 -0.9219
vn 0.6149 -0.1277 -0.7782
vn 0.6011 -0.1402 -0.7868
vn 0.7750 -0.1759 -0.6070
vn 0.7755 -0.1647 -0.6095
vn 0.8854 -0.2003 -0.4195
vn 0.8884 -0.2091 -0.4087
vn 0.7701 -0.1684 -0.6152
vn 0.8761 -0.2047 -0.4366
vn 0.7587 -0.1772 -0.6269
vn 0.7402 -0.1884 -0.6455
vn 0.8425 -0.2260 -0.4889
vn 0.8619 -0.2140 -0.4597
vn 0.4067 -0.0813 -0.9099
vn 0.4175 -0.0982 -0.9034
vn 0.4314 -0.1101 -0.8954
vn 0.5413 -0.1077 -0.8339
vn 0.5556 -0.1304 -0.8212
vn 0.5737 -0.1464 -0.8059
vn 0.4463 -0.1158 -0.8874
vn 0.5952 -0.1544 -0.7886
vn 0.7162 -0.1922 -0.6709
vn 0.8202 -0.2300 -0.5238
vn 0.6927 -0.1822 -0.6978
vn 0.8007 -0.2186 -0.5577
vn 0.6732 -0.1625 -0.7214
vn 0.6600 -0.1344 -0.7391
vn 0.7766 -0.1628 -0.6086
vn 0.7855 -0.1958 -0.5871
vn 0.3998 -0.0217 -0.9164
vn 0.4002 -0.0422 -0.9155
vn 0.5317 -0.0286 -0.8464
vn 0.5318 -0.0558 -0.8451
vn 0.4018 -0.0620 -0.9136
vn 0.5346 -0.0818 -0.8412
vn 0.6541 -0.1023 -0.7495
vn 0.7748 -0.1244 -0.6198
vn 0.6524 -0.0698 -0.7547
vn 0.7766 -0.0851 -0.6243
vn 0.6525 -0.0359 -0.7570
vn 0.7797 -0.0438 -0.6246
vn -0.9871 -0.1602 -0.0000
vn -0.9584 -0.1573 0.2383
vn -0.9585 -0.1853 0.2165
vn -0.9823 -0.1876 -0.0000
vn -0.8487 -0.1446 0.5087
vn -0.8638 -0.1732 0.4732
vn -0.9905 -0.1377 -0.0000
vn -0.9554 -0.1344 0.2629
vn -0.8283 -0.1213 0.5469
vn -0.6700 -0.1225 0.7322
vn -0.6964 -0.1492 0.7020
vn -0.6386 -0.1011 0.7629
vn -0.6061 -0.0833 0.7910
vn -0.5771 -0.0671 0.8139
vn -0.8056 -0.1018 0.5836
vn -0.7839 -0.0841 0.6152
vn -0.9506 -0.1151 0.2884
vn -0.9929 -0.1186 -0.0001
vn -0.9948 -0.1017 -0.0001
vn -0.9452 -0.0975 0.3116
vn 0.9955 0.0941 -0.0065
vn 0.9877 0.0947 0.1241
vn 0.9914 0.0861 0.0988
vn 0.9964 0.0834 -0.0180
vn 0.9513 0.0945 0.2935
vn 0.9685 0.0903 0.2319
vn 0.9942 0.1076 -0.0004
vn 0.9842 0.1069 0.1415
vn 0.9348 0.1027 0.3400
vn 0.8276 0.0862 0.5547
vn 0.9066 0.0986 0.4102
vn 0.7889 0.0883 0.6082
vn 0.7759 0.0963 0.6235
vn 0.7757 0.1128 0.6209
vn 0.9266 0.1161 0.3576
vn 0.9228 0.1358 0.3605
vn 0.9811 0.1231 0.1490
vn 0.9922 0.1245 0.0014
vn 0.9893 0.1460 0.0011
vn 0.9780 0.1443 0.1509
vn -0.3089 -0.3530 0.8832
vn -0.2613 -0.5743 0.7758
vn -0.4590 -0.4939 0.7385
vn -0.4337 -0.2292 0.8714
vn 0.1712 -0.7861 0.5939
vn 0.0202 -0.7653 0.6434
vn -0.2794 -0.5750 0.7690
vn -0.1007 -0.7486 0.6553
vn 0.3343 -0.8303 0.4459
vn 0.7259 -0.6004 0.3355
vn 0.9426 -0.2692 0.1976
vn 0.9196 -0.2653 0.2899
vn 0.6703 -0.6075 0.4261
vn 0.7848 -0.5815 0.2145
vn 0.9577 -0.2660 0.1097
vn 0.9654 -0.2601 0.0204
vn 0.8239 -0.5631 0.0641
vn 0.8269 -0.5491 -0.1211
vn 0.9635 -0.2557 -0.0791
vn 0.4533 -0.8729 0.1804
vn 0.4847 -0.8599 -0.1599
vn 0.0032 -0.9466 0.3224
vn -0.2831 -0.8592 0.4261
vn -0.2760 -0.9511 -0.1386
vn 0.0430 -0.9858 -0.1621
vn 0.9857 0.0419 0.1634
vn 0.9831 0.0566 0.1743
vn 0.9598 0.0558 0.2750
vn 0.9619 0.0400 0.2705
vn 0.9764 0.0713 0.2038
vn 0.9550 0.0726 0.2875
vn 0.9962 0.0419 0.0760
vn 0.9943 0.0553 0.0912
vn 0.9903 0.0681 0.1213
vn 0.9618 0.0835 0.2607
vn 0.9351 0.0933 0.3418
vn 0.9823 0.0790 0.1701
vn 0.9948 0.0760 0.0671
vn 0.9967 0.0735 -0.0339
vn 0.9972 0.0652 0.0369
vn 0.9967 0.0627 -0.0521
vn 0.9985 0.0534 0.0132
vn 0.9991 0.0413 -0.0007
vn 0.9960 0.0405 -0.0791
vn 0.9963 0.0513 -0.0695
vn -0.7521 -0.2182 0.6219
vn -0.7442 -0.2074 0.6350
vn -0.7330 -0.1921 0.6525
vn -0.8900 -0.2442 0.3851
vn -0.8868 -0.2340 0.3985
vn -0.8820 -0.2188 0.4173
vn -0.7173 -0.1727 0.6750
vn -0.8746 -0.1987 0.4422
vn -0.9572 -0.2112 0.1981
vn -0.9769 -0.2137 -0.0000
vn -0.9553 -0.2306 0.1848
vn -0.9725 -0.2329 -0.0000
vn -0.9537 -0.2451 0.1745
vn -0.9525 -0.2548 0.1669
vn -0.9664 -0.2570 -0.0000
vn -0.9690 -0.2472 -0.0000
vn -0.7319 -0.4624 0.5005
vn -0.7458 -0.4164 0.5200
vn -0.7496 -0.3819 0.5406
vn -0.8161 -0.4987 0.2920
vn -0.8406 -0.4466 0.3065
vn -0.8558 -0.4059 0.3207
vn -0.7462 -0.3599 0.5601
vn -0.7326 -0.3653 0.5743
vn -0.8620 -0.3803 0.3351
vn -0.8563 -0.3825 0.3470
vn -0.9109 -0.3849 0.1485
vn -0.9115 -0.3854 0.1437
vn -0.9227 -0.3856 -0.0000
vn -0.9230 -0.3847 -0.0000
vn -0.9003 -0.4132 0.1372
vn -0.9102 -0.4142 -0.0000
vn -0.8800 -0.4564 0.1315
vn -0.8499 -0.5118 0.1257
vn -0.8577 -0.5141 -0.0000
vn -0.8890 -0.4579 -0.0000
vn -0.6747 -0.5954 0.4362
vn -0.6828 -0.5744 0.4516
vn -0.6956 -0.5461 0.4667
vn -0.7298 -0.6377 0.2465
vn -0.7425 -0.6183 0.2577
vn -0.7613 -0.5900 0.2688
vn -0.7129 -0.5089 0.4824
vn -0.7863 -0.5507 0.2802
vn -0.8158 -0.5657 0.1201
vn -0.8226 -0.5687 -0.0000
vn -0.7872 -0.6059 0.1148
vn -0.7931 -0.6090 -0.0000
vn -0.7656 -0.6339 0.1095
vn -0.7508 -0.6523 0.1038
vn -0.7555 -0.6552 -0.0000
vn -0.7708 -0.6371 -0.0000
vn -0.6877 -0.6265 0.3668
vn -0.6788 -0.6276 0.3813
vn -0.6742 -0.6213 0.3993
vn -0.7266 -0.6578 0.1984
vn -0.7210 -0.6606 0.2091
vn -0.7207 -0.6573 0.2203
vn -0.6724 -0.6109 0.4181
vn -0.7230 -0.6501 0.2337
vn -0.7420 -0.6633 0.0976
vn -0.7462 -0.6657 -0.0005
vn -0.7376 -0.6691 0.0913
vn -0.7413 -0.6712 -0.0000
vn -0.7363 -0.6712 0.0856
vn -0.7403 -0.6675 0.0805
vn -0.7431 -0.6692 -0.0000
vn -0.7396 -0.6730 -0.0000
vn -0.7738 -0.6097 0.1718
vn -0.7430 -0.6403 0.1950
vn -0.7187 -0.6573 0.2266
vn -0.7864 -0.6115 0.0872
vn -0.7593 -0.6429 0.1005
vn -0.7405 -0.6618 0.1169
vn -0.6991 -0.6641 0.2649
vn -0.6865 -0.6606 0.3038
vn -0.7273 -0.6723 0.1377
vn -0.7223 -0.6729 0.1597
vn -0.7351 -0.6750 0.0633
vn -0.7375 -0.6731 0.0550
vn -0.7398 -0.6728 -0.0000
vn -0.7379 -0.6749 -0.0000
vn -0.7482 -0.6618 0.0468
vn -0.7499 -0.6615 -0.0000
vn -0.7653 -0.6425 0.0396
vn -0.7907 -0.6113 0.0346
vn -0.7916 -0.6111 -0.0000
vn -0.7665 -0.6422 -0.0000
vn -0.9066 -0.4006 0.1323
vn -0.8756 -0.4628 0.1385
vn -0.8426 -0.5185 0.1459
vn -0.9132 -0.4021 0.0656
vn -0.8828 -0.4645 0.0693
vn -0.8508 -0.5204 0.0737
vn -0.8081 -0.5676 0.1576
vn -0.8184 -0.5692 0.0787
vn -0.8216 -0.5692 0.0313
vn -0.8223 -0.5690 -0.0000
vn -0.8534 -0.5204 0.0292
vn -0.8540 -0.5203 -0.0000
vn -0.8851 -0.4646 0.0274
vn -0.9152 -0.4022 0.0260
vn -0.9156 -0.4022 -0.0000
vn -0.8855 -0.4646 -0.0000
vn -0.9790 -0.1571 0.1299
vn -0.9692 -0.2124 0.1250
vn -0.9541 -0.2724 0.1248
vn -0.9845 -0.1628 0.0650
vn -0.9745 -0.2158 0.0619
vn -0.9596 -0.2745 0.0621
vn -0.9333 -0.3357 0.1277
vn -0.9393 -0.3372 0.0634
vn -0.9410 -0.3374 0.0249
vn -0.9414 -0.3374 -0.0000
vn -0.9611 -0.2751 0.0244
vn -0.9614 -0.2752 -0.0000
vn -0.9758 -0.2171 0.0245
vn -0.9860 -0.1650 0.0256
vn -0.9862 -0.1657 0.0003
vn -0.9761 -0.2174 -0.0000
vn -0.9109 -0.3574 0.2061
vn -0.9625 -0.1627 0.2169
vn -0.9047 -0.1662 0.3923
vn -0.8369 -0.4085 0.3643
vn -0.9736 -0.0510 0.2224
vn -0.9142 -0.0212 0.4048
vn -0.9367 -0.3333 0.1070
vn -0.9805 -0.1620 0.1116
vn -0.9913 -0.0658 0.1140
vn -0.9758 -0.0426 0.2147
vn -0.9788 -0.0429 0.2001
vn -0.9193 -0.0108 0.3934
vn -0.9924 -0.0580 0.1086
vn -0.9931 -0.0577 0.1018
vn -0.9971 -0.0642 0.0404
vn -0.9969 -0.0650 0.0435
vn -0.9978 -0.0667 -0.0000
vn -0.9978 -0.0659 -0.0000
vn -0.9963 -0.0722 0.0456
vn -0.9973 -0.0737 -0.0000
vn -0.9858 -0.1618 0.0446
vn -0.9451 -0.3239 0.0429
vn -0.9469 -0.3215 -0.0000
vn -0.9868 -0.1620 -0.0000
vn -0.9387 0.0840 0.3343
vn -0.9494 0.0886 0.3012
vn -0.9576 0.0916 0.2732
vn -0.9785 0.0814 0.1897
vn -0.9823 0.0870 0.1661
vn -0.9848 0.0906 0.1479
vn -0.9631 0.0911 0.2531
vn -0.9672 0.0840 0.2396
vn -0.9867 0.0910 0.1347
vn -0.9885 0.0843 0.1253
vn -0.9953 0.0823 0.0513
vn -0.9944 0.0894 0.0559
vn -0.9961 0.0883 0.0003
vn -0.9967 0.0814 0.0004
vn -0.9941 0.0884 0.0627
vn -0.9962 0.0871 0.0004
vn -0.9938 0.0842 0.0721
vn -0.9934 0.0779 0.0843
vn -0.9971 0.0764 -0.0000
vn -0.9966 0.0827 0.0006
vn -0.8719 0.0279 0.4889
vn -0.8884 0.0472 0.4566
vn -0.9064 0.0630 0.4176
vn -0.9538 0.0271 0.2992
vn -0.9600 0.0459 0.2762
vn -0.9668 0.0610 0.2481
vn -0.9238 0.0755 0.3754
vn -0.9733 0.0730 0.2178
vn -0.9927 0.0693 0.0992
vn -0.9977 0.0676 0.0009
vn -0.9917 0.0578 0.1150
vn -0.9984 0.0567 -0.0000
vn -0.9907 0.0439 0.1285
vn -0.9897 0.0258 0.1408
vn -0.9997 0.0253 0.0003
vn -0.9991 0.0428 -0.0000
vn -0.8421 -0.0031 0.5393
vn -0.8483 0.0006 0.5295
vn -0.9438 -0.0035 0.3305
vn -0.8584 0.0107 0.5129
vn -0.9490 0.0101 0.3150
vn -0.9890 0.0095 0.1479
vn -1.0000 0.0095 -0.0000
vn -0.9885 -0.0001 0.1514
vn -1.0000 -0.0001 -0.0000
vn -0.9883 -0.0032 0.1528
vn -1.0000 -0.0032 -0.0000
vn -0.5395 -0.0382 0.8411
vn -0.5424 -0.0438 0.8390
vn -0.3581 -0.0319 0.9332
vn -0.5464 -0.0594 0.8354
vn -0.3570 -0.0427 0.9331
vn -0.7593 -0.0515 0.6486
vn -0.7672 -0.0601 0.6386
vn -0.7782 -0.0842 0.6224
vn -0.5382 -0.0868 0.8384
vn -0.4850 -0.1258 0.8654
vn -0.3521 -0.0819 0.9324
vn -0.3563 -0.0616 0.9323
vn -0.7711 -0.1320 0.6229
vn -0.7157 -0.2074 0.6669
vn -0.9037 -0.2876 0.3173
vn -0.9424 -0.1686 0.2888
vn -0.9841 -0.1775 -0.0003
vn -0.9523 -0.3050 -0.0075
vn -0.9483 -0.1048 0.2997
vn -0.9938 -0.1115 0.0004
vn -0.9441 -0.0742 0.3212
vn -0.9400 -0.0629 0.3354
vn -0.9969 -0.0789 -0.0001
vn -0.4129 -0.1660 0.8955
vn -0.3166 -0.0948 0.9438
vn -0.3465 -0.2033 0.9157
vn -0.2869 -0.1081 0.9518
vn -0.6106 -0.2958 0.7346
vn -0.4811 -0.3757 0.7921
vn -0.3085 -0.2526 0.9171
vn -0.3122 -0.1324 0.9407
vn -0.3675 -0.4614 0.8075
vn -0.4739 -0.7484 0.4640
vn -0.5099 -0.8539 -0.1046
vn -0.6602 -0.6047 0.4454
vn -0.7234 -0.6873 -0.0652
vn -0.8096 -0.4442 0.3837
vn -0.8724 -0.4879 -0.0289
vn 0.7763 0.1291 0.6170
vn 0.7777 0.1405 0.6127
vn 0.9192 0.1548 0.3622
vn 0.9165 0.1674 0.3634
vn 0.7798 0.1466 0.6086
vn 0.7833 0.1434 0.6049
vn 0.9151 0.1745 0.3635
vn 0.9157 0.1714 0.3634
vn 0.9709 0.1829 0.1546
vn 0.9705 0.1856 0.1541
vn 0.9822 0.1880 -0.0000
vn 0.9827 0.1854 -0.0000
vn 0.9720 0.1781 0.1533
vn 0.9836 0.1803 0.0002
vn 0.9745 0.1645 0.1523
vn 0.9860 0.1665 0.0007
vn 0.7910 0.1825 0.5840
vn 0.7887 0.2249 0.5722
vn 0.7782 0.2851 0.5596
vn 0.9058 0.2398 0.3493
vn 0.8973 0.2820 0.3395
vn 0.8796 0.3442 0.3284
vn 0.7574 0.3591 0.5453
vn 0.7222 0.4462 0.5285
vn 0.8500 0.4207 0.3172
vn 0.8043 0.5101 0.3048
vn 0.8348 0.5358 0.1267
vn 0.8850 0.4464 0.1322
vn 0.8919 0.4523 -0.0000
vn 0.8406 0.5416 0.0005
vn 0.9189 0.3698 0.1375
vn 0.9267 0.3758 -0.0000
vn 0.9405 0.3080 0.1435
vn 0.9524 0.2665 0.1481
vn 0.9620 0.2730 0.0003
vn 0.9494 0.3140 -0.0000
vn 0.6809 0.5253 0.5103
vn 0.6491 0.5806 0.4915
vn 0.7528 0.5902 0.2916
vn 0.7121 0.6442 0.2791
vn 0.6283 0.6180 0.4726
vn 0.6180 0.6426 0.4530
vn 0.6839 0.6791 0.2666
vn 0.6673 0.7005 0.2528
vn 0.6842 0.7218 0.1044
vn 0.7036 0.7020 0.1101
vn 0.7072 0.7070 0.0006
vn 0.6874 0.7263 -0.0000
vn 0.7347 0.6684 0.1160
vn 0.7392 0.6735 -0.0000
vn 0.7789 0.6153 0.1211
vn 0.7838 0.6210 0.0006
vn 0.6149 0.6603 0.4313
vn 0.6138 0.6748 0.4097
vn 0.6583 0.7139 0.2389
vn 0.6522 0.7239 0.2249
vn 0.6123 0.6878 0.3898
vn 0.6082 0.7010 0.3724
vn 0.6467 0.7328 0.2117
vn 0.6391 0.7423 0.2014
vn 0.6481 0.7571 0.0820
vn 0.6575 0.7485 0.0863
vn 0.6594 0.7518 -0.0000
vn 0.6498 0.7601 -0.0000
vn 0.6646 0.7415 0.0919
vn 0.6669 0.7452 -0.0000
vn 0.6727 0.7333 0.0982
vn 0.6753 0.7375 0.0003
vn 0.6905 0.6563 0.3041
vn 0.7074 0.6551 0.2654
vn 0.7238 0.6515 0.2273
vn 0.7049 0.6909 0.1605
vn 0.7165 0.6837 0.1386
vn 0.7300 0.6733 0.1174
vn 0.7433 0.6396 0.1960
vn 0.7690 0.6153 0.1733
vn 0.7480 0.6561 0.1002
vn 0.7735 0.6277 0.0879
vn 0.7740 0.6322 0.0351
vn 0.7484 0.6621 0.0401
vn 0.7482 0.6635 -0.0000
vn 0.7740 0.6332 -0.0000
vn 0.7305 0.6813 0.0468
vn 0.7303 0.6831 -0.0000
vn 0.7177 0.6942 0.0551
vn 0.7081 0.7032 0.0645
vn 0.7088 0.7054 -0.0000
vn 0.7175 0.6965 -0.0000
vn 0.7997 0.5793 0.1574
vn 0.8321 0.5349 0.1467
vn 0.8045 0.5885 0.0797
vn 0.8372 0.5418 0.0737
vn 0.8652 0.4819 0.1387
vn 0.8975 0.4205 0.1326
vn 0.8705 0.4872 0.0694
vn 0.9030 0.4246 0.0660
vn 0.9043 0.4260 0.0260
vn 0.8718 0.4891 0.0274
vn 0.8720 0.4895 -0.0000
vn 0.9046 0.4264 -0.0000
vn 0.8384 0.5443 0.0292
vn 0.8385 0.5449 -0.0000
vn 0.8054 0.5918 0.0317
vn 0.8055 0.5926 -0.0000
vn 0.9262 0.3547 0.1280
vn 0.9490 0.2895 0.1249
vn 0.9318 0.3575 0.0632
vn 0.9548 0.2908 0.0622
vn 0.9658 0.2271 0.1255
vn 0.9769 0.1694 0.1301
vn 0.9721 0.2261 0.0620
vn 0.9841 0.1657 0.0645
vn 0.9861 0.1641 0.0256
vn 0.9739 0.2257 0.0245
vn 0.9742 0.2255 -0.0000
vn 0.9865 0.1636 -0.0000
vn 0.9564 0.2911 0.0244
vn 0.9567 0.2912 -0.0000
vn 0.9332 0.3586 0.0250
vn 0.9334 0.3588 -0.0000
vn 0.9822 0.1233 0.1414
vn 0.9832 0.0914 0.1578
vn 0.9907 0.1164 0.0703
vn 0.9935 0.0819 0.0792
vn 0.9812 0.0717 0.1790
vn 0.9775 0.0654 0.2003
vn 0.9941 0.0594 0.0909
vn 0.9934 0.0512 0.1026
vn 0.9982 0.0446 0.0407
vn 0.9979 0.0537 0.0361
vn 0.9986 0.0521 -0.0000
vn 0.9991 0.0428 -0.0000
vn 0.9965 0.0776 0.0315
vn 0.9971 0.0764 -0.0000
vn 0.9932 0.1133 0.0275
vn 0.9936 0.1126 -0.0000
vn 0.9682 -0.2501 -0.0000
vn 0.9672 -0.2483 0.0542
vn 0.9665 -0.2516 0.0505
vn 0.9674 -0.2532 -0.0000
vn 0.9611 -0.2415 0.1338
vn 0.9615 -0.2446 0.1251
vn 0.9661 -0.2580 -0.0000
vn 0.9648 -0.2560 0.0596
vn 0.9574 -0.2485 0.1469
vn 0.9411 -0.2267 0.2508
vn 0.9435 -0.2309 0.2377
vn 0.9346 -0.2325 0.2694
vn 0.9243 -0.2430 0.2942
vn 0.9099 -0.2598 0.3233
vn 0.9516 -0.2602 0.1638
vn 0.9430 -0.2774 0.1838
vn 0.9610 -0.2684 0.0672
vn 0.9627 -0.2706 -0.0000
vn 0.9581 -0.2866 -0.0002
vn 0.9555 -0.2849 0.0766
vn 0.8964 -0.2612 0.3581
vn 0.8856 -0.2495 0.3917
vn 0.9367 -0.2809 0.2091
vn 0.9344 -0.2695 0.2330
vn 0.8789 -0.2243 0.4210
vn 0.8781 -0.1870 0.4404
vn 0.9363 -0.2433 0.2534
vn 0.9426 -0.2033 0.2648
vn 0.9712 -0.2104 0.1118
vn 0.9616 -0.2525 0.1077
vn 0.9670 -0.2546 -0.0000
vn 0.9773 -0.2121 -0.0000
vn 0.9551 -0.2790 0.0996
vn 0.9596 -0.2814 -0.0000
vn 0.9528 -0.2903 0.0885
vn 0.9561 -0.2929 -0.0003
vn 0.8828 -0.1435 0.4472
vn 0.8898 -0.0986 0.4456
vn 0.9519 -0.1557 0.2638
vn 0.9610 -0.1065 0.2551
vn 0.8958 -0.0510 0.4416
vn 0.9679 -0.0549 0.2453
vn 0.9947 -0.0554 0.0871
vn 0.9985 -0.0551 -0.0000
vn 0.9894 -0.1087 0.0967
vn 0.9941 -0.1085 0.0003
vn 0.9813 -0.1602 0.1065
vn 0.9870 -0.1608 0.0003
vn -0.0690 -0.1773 0.9817
vn 0.0284 -0.1423 0.9894
vn -0.0804 -0.1305 0.9882
vn 0.0161 -0.1011 0.9947
vn -0.1823 -0.2135 0.9598
vn -0.1938 -0.1611 0.9677
vn -0.0940 -0.0902 0.9915
vn 0.0016 -0.0638 0.9980
vn -0.2047 -0.1184 0.9716
vn -0.3480 -0.1527 0.9250
vn -0.5492 -0.1970 0.8122
vn -0.3396 -0.1980 0.9195
vn -0.5431 -0.2440 0.8034
vn -0.3302 -0.2542 0.9090
vn -0.5336 -0.3040 0.7892
vn 0.3928 -0.0021 0.9196
vn 0.5974 0.0734 0.7986
vn 0.3818 0.0127 0.9242
vn 0.5902 0.0713 0.8041
vn 0.2416 -0.0592 0.9686
vn 0.2295 -0.0328 0.9727
vn 0.3668 0.0356 0.9296
vn 0.5795 0.0859 0.8104
vn 0.2125 -0.0038 0.9771
vn 0.0971 -0.0360 0.9946
vn 0.1137 -0.0696 0.9911
vn 0.1260 -0.1042 0.9865
vn 0.9629 0.2236 0.1511
vn 0.9734 0.2293 -0.0000
vn 0.9710 0.1836 0.1533
vn 0.9823 0.1874 -0.0000
vn 0.9133 0.1999 0.3547
vn 0.9183 0.1665 0.3591
vn 0.9724 0.1751 0.1544
vn 0.9840 0.1780 -0.0000
vn 0.9179 0.1624 0.3621
vn 0.7883 0.1330 0.6007
vn 0.7928 0.1292 0.5956
vn 0.7937 0.1493 0.5897
vn 0.1260 -0.1042 -0.9865
vn 0.0278 -0.1426 -0.9894
vn 0.1129 -0.0694 -0.9912
vn 0.0152 -0.1007 -0.9948
vn 0.2416 -0.0592 -0.9686
vn 0.2290 -0.0327 -0.9729
vn 0.0977 -0.0356 -0.9946
vn -0.0000 -0.0638 -0.9980
vn 0.2139 -0.0033 -0.9768
vn 0.3681 0.0360 -0.9291
vn 0.5804 0.0859 -0.8098
vn 0.3822 0.0129 -0.9240
vn 0.5913 0.0719 -0.8032
vn 0.3928 -0.0020 -0.9196
vn 0.5987 0.0741 -0.7976
vn -0.3311 -0.2538 -0.9088
vn -0.5318 -0.3028 -0.7909
vn -0.3404 -0.1974 -0.9193
vn -0.5420 -0.2436 -0.8043
vn -0.1831 -0.2130 -0.9597
vn -0.1937 -0.1610 -0.9678
vn -0.3486 -0.1524 -0.9248
vn -0.5485 -0.1967 -0.8127
vn -0.2046 -0.1184 -0.9717
vn -0.0941 -0.0900 -0.9915
vn -0.0812 -0.1301 -0.9882
vn -0.0695 -0.1776 -0.9816
vn -0.9110 -0.3845 -0.1494
vn -0.9170 -0.3680 -0.1539
vn -0.9297 -0.3684 -0.0000
vn -0.9365 -0.3129 -0.1581
vn -0.9497 -0.3131 -0.0000
vn -0.8571 -0.3800 -0.3477
vn -0.8604 -0.3632 -0.3576
vn -0.8781 -0.3062 -0.3676
vn -0.9487 -0.2712 -0.1625
vn -0.9523 -0.2552 -0.1674
vn -0.9622 -0.2725 -0.0000
vn -0.8885 -0.2624 -0.3765
vn -0.8897 -0.2450 -0.3854
vn -0.7518 -0.2193 -0.6219
vn -0.7536 -0.2381 -0.6127
vn -0.7459 -0.2841 -0.6024
vn -0.7319 -0.3439 -0.5882
vn -0.7340 -0.3617 -0.5748
vn -0.4602 -0.4247 0.7797
vn -0.6048 -0.5505 0.5754
vn -0.4456 -0.4516 0.7730
vn -0.5973 -0.5692 0.5650
vn -0.3008 -0.2811 0.9113
vn -0.2777 -0.3118 0.9087
vn -0.4331 -0.4844 0.7601
vn -0.5899 -0.5933 0.5477
vn -0.2560 -0.3471 0.9022
vn -0.0850 -0.2019 0.9757
vn 0.0704 -0.0583 0.9958
vn -0.1179 -0.1688 0.9786
vn 0.0305 -0.0274 0.9992
vn -0.1477 -0.1375 0.9794
vn -0.0064 0.0018 1.0000
vn -0.7455 -0.6619 0.0776
vn -0.7483 -0.6633 -0.0000
vn -0.7447 -0.6632 0.0744
vn -0.7477 -0.6640 -0.0000
vn -0.7323 -0.6534 0.1919
vn -0.7307 -0.6571 0.1853
vn -0.7394 -0.6697 0.0700
vn -0.7425 -0.6699 -0.0000
vn -0.7252 -0.6660 0.1747
vn -0.6851 -0.6488 0.3312
vn -0.6915 -0.6344 0.3454
vn -0.6944 -0.6250 0.3566
vn -0.1477 -0.1375 -0.9794
vn -0.0065 0.0018 -1.0000
vn -0.1179 -0.1688 -0.9786
vn 0.0305 -0.0275 -0.9992
vn -0.3008 -0.2811 -0.9113
vn -0.2788 -0.3118 -0.9083
vn -0.0862 -0.2023 -0.9755
vn 0.0695 -0.0588 -0.9958
vn -0.2573 -0.3473 -0.9018
vn -0.4340 -0.4842 -0.7598
vn -0.5884 -0.5924 -0.5503
vn -0.4469 -0.4515 -0.7723
vn -0.5964 -0.5682 -0.5670
vn -0.4602 -0.4246 -0.7797
vn -0.6040 -0.5500 -0.5768
vn 0.4111 0.4615 -0.7861
vn 0.5364 0.6109 -0.5823
vn 0.4558 0.4393 -0.7741
vn 0.5743 0.5895 -0.5680
vn 0.2706 0.2990 -0.9151
vn 0.3160 0.2747 -0.9081
vn 0.5052 0.4182 -0.7549
vn 0.6163 0.5677 -0.5458
vn 0.3660 0.2514 -0.8960
vn 0.2180 0.0898 -0.9718
vn 0.1725 0.1174 -0.9780
vn 0.1302 0.1446 -0.9809
vn 0.6480 0.7573 -0.0812
vn 0.6480 0.7576 -0.0787
vn 0.6495 0.7604 -0.0000
vn 0.6701 0.7384 -0.0754
vn 0.6710 0.7415 -0.0000
vn 0.6381 0.7432 -0.2013
vn 0.6393 0.7439 -0.1948
vn 0.6639 0.7241 -0.1869
vn 0.6959 0.7147 -0.0706
vn 0.7088 0.7025 -0.0639
vn 0.6961 0.7179 -0.0000
vn 0.6918 0.7002 -0.1766
vn 0.7064 0.6895 -0.1598
vn 0.6930 0.6539 -0.3034
vn 0.6738 0.6604 -0.3316
vn 0.6406 0.6837 -0.3495
vn 0.6106 0.7045 -0.3617
vn 0.6065 0.7020 -0.3735
vn 0.1308 0.1448 0.9808
vn 0.1729 0.1181 0.9778
vn 0.2711 0.2997 0.9147
vn 0.3163 0.2755 0.9078
vn 0.2189 0.0909 0.9715
vn 0.3665 0.2521 0.8956
vn 0.5053 0.4192 0.7543
vn 0.6150 0.5665 0.5484
vn 0.4555 0.4400 0.7739
vn 0.5729 0.5886 0.5704
vn 0.4111 0.4615 0.7861
vn 0.5352 0.6101 0.5843
vn -0.2147 -0.0775 0.9736
vn 0.0796 -0.1152 0.9902
vn -0.2242 -0.1935 0.9551
vn 0.0632 -0.2300 0.9711
vn -0.5152 -0.0324 0.8564
vn -0.5188 -0.1419 0.8430
vn -0.2083 -0.5015 0.8397
vn -0.1949 -0.5796 0.7912
vn 0.0439 -0.5863 0.8089
vn 0.0419 -0.5250 0.8501
vn -0.4751 -0.4531 0.7543
vn -0.4509 -0.5436 0.7080
vn -0.6793 -0.4802 0.5550
vn -0.7075 -0.3845 0.5929
vn -0.8650 -0.3121 0.3928
vn -0.7598 -0.0846 0.6446
vn -0.9090 -0.0367 0.4152
vn -0.7582 0.0108 0.6519
vn -0.9067 0.0418 0.4197
vn 0.7687 -0.2077 0.6049
vn 0.8859 -0.2351 0.3999
vn 0.7522 -0.2809 0.5961
vn 0.8726 -0.2909 0.3923
vn 0.5856 -0.1774 0.7909
vn 0.5649 -0.2682 0.7803
vn 0.6817 -0.4809 0.5514
vn 0.6952 -0.4751 0.5395
vn 0.8353 -0.4131 0.3627
vn 0.8147 -0.4440 0.3731
vn 0.4952 -0.5104 0.7030
vn 0.4987 -0.5312 0.6850
vn 0.2715 -0.5706 0.7750
vn 0.2736 -0.5261 0.8052
vn 0.3250 -0.2517 0.9116
vn 0.3474 -0.1465 0.9262
vn 0.9623 -0.2677 0.0482
vn 0.9632 -0.2689 -0.0000
vn 0.9523 -0.3016 0.0467
vn 0.9532 -0.3023 -0.0000
vn 0.9572 -0.2636 0.1195
vn 0.9469 -0.2996 0.1169
vn 0.9211 -0.3866 0.0456
vn 0.9406 -0.3367 0.0446
vn 0.9426 -0.3338 -0.0000
vn 0.9232 -0.3844 -0.0000
vn 0.9118 -0.3947 0.1137
vn 0.9317 -0.3460 0.1107
vn 0.9056 -0.3683 0.2105
vn 0.8852 -0.4117 0.2166
vn 0.9284 -0.2969 0.2236
vn 0.9398 -0.2537 0.2290
vn 0.3483 -0.1480 -0.9256
vn 0.0791 -0.1166 -0.9900
vn 0.3259 -0.2536 -0.9108
vn 0.0614 -0.2312 -0.9710
vn 0.5870 -0.1781 -0.7898
vn 0.5659 -0.2693 -0.7792
vn 0.2740 -0.5264 -0.8048
vn 0.0412 -0.5263 -0.8493
vn 0.4952 -0.5113 -0.7024
vn 0.6821 -0.4809 -0.5509
vn 0.8146 -0.4442 -0.3730
vn 0.7530 -0.2811 -0.5950
vn 0.8726 -0.2910 -0.3922
vn 0.7698 -0.2079 -0.6034
vn 0.8858 -0.2346 -0.4003
vn -0.7585 0.0097 -0.6516
vn -0.9076 0.0417 -0.4178
vn -0.7597 -0.0859 -0.6446
vn -0.9094 -0.0370 -0.4143
vn -0.5155 -0.0337 -0.8562
vn -0.5186 -0.1436 -0.8429
vn -0.7070 -0.3855 -0.5929
vn -0.8650 -0.3123 -0.3927
vn -0.4751 -0.4531 -0.7543
vn -0.2087 -0.5020 -0.8393
vn -0.2245 -0.1954 -0.9547
vn -0.2151 -0.0790 -0.9734
vn -0.9953 0.0823 -0.0513
vn -0.9969 0.0617 -0.0486
vn -0.9981 0.0609 -0.0000
vn -0.9989 0.0056 -0.0474
vn -1.0000 0.0059 -0.0000
vn -0.9886 0.0832 -0.1255
vn -0.9909 0.0613 -0.1199
vn -0.9930 0.0022 -0.1180
vn -0.9739 -0.2222 -0.0460
vn -0.9451 -0.3239 -0.0429
vn -0.9754 -0.2204 -0.0000
vn -0.9658 -0.2324 -0.1150
vn -0.9366 -0.3337 -0.1068
vn -0.9109 -0.3573 -0.2061
vn -0.9400 -0.2591 -0.2220
vn -0.9732 -0.0083 -0.2297
vn -0.9710 0.0574 -0.2323
vn -0.9675 0.0816 -0.2395
vn -0.1227 -0.0258 0.9921
vn 0.1591 -0.0172 0.9871
vn -0.1128 -0.0400 0.9928
vn 0.1666 -0.0348 0.9854
vn -0.3010 -0.0303 0.9532
vn -0.2943 -0.0429 0.9547
vn -0.0964 -0.0675 0.9931
vn -0.0276 -0.1226 0.9921
vn 0.1616 -0.0959 0.9822
vn 0.1688 -0.0639 0.9836
vn -0.2874 -0.0708 0.9552
vn -0.2779 -0.1391 0.9505
vn -0.4686 -0.1156 0.8758
vn -0.4327 -0.0687 0.8989
vn -0.5513 -0.0708 0.8313
vn -0.5479 -0.0943 0.8312
vn -0.4290 -0.0458 0.9021
vn -0.5500 -0.0502 0.8336
vn -0.4313 -0.0335 0.9016
vn -0.5470 -0.0374 0.8363
vn -0.2952 -0.0304 0.9550
vn -0.4114 -0.0368 0.9107
vn -0.2931 -0.0405 0.9552
vn -0.4171 -0.0511 0.9074
vn -0.2501 -0.0271 0.9679
vn -0.2477 -0.0359 0.9682
vn -0.2954 -0.0625 0.9533
vn -0.4248 -0.0838 0.9014
vn -0.2533 -0.0555 0.9658
vn -0.2686 -0.0547 0.9617
vn -0.2590 -0.0357 0.9652
vn -0.2613 -0.0267 0.9649
vn 0.3758 0.0137 -0.9266
vn 0.0713 -0.0123 -0.9974
vn -0.0828 -0.0262 -0.9962
vn 0.3576 0.0088 -0.9338
vn 0.0543 -0.0132 -0.9984
vn -0.0929 -0.0243 -0.9954
vn -0.1525 -0.0331 -0.9877
vn -0.1718 -0.0352 -0.9845
vn -0.1582 -0.0293 -0.9870
vn -0.1708 -0.0303 -0.9848
vn -0.1680 -0.0267 -0.9854
vn -0.1597 -0.0266 -0.9868
vn -0.1004 -0.0230 -0.9947
vn 0.0423 -0.0142 -0.9990
vn 0.3399 0.0042 -0.9405
vn -0.1781 -0.0352 -0.9834
vn -0.2033 -0.0356 -0.9785
vn -0.1714 -0.0295 -0.9848
vn -0.1916 -0.0292 -0.9810
vn -0.2561 -0.0375 -0.9659
vn -0.3677 -0.0438 -0.9289
vn -0.2408 -0.0303 -0.9701
vn -0.3486 -0.0353 -0.9366
vn -0.3337 -0.0295 -0.9422
vn -0.2266 -0.0252 -0.9737
vn -0.1809 -0.0246 -0.9832
vn -0.1643 -0.0254 -0.9861
vn 0.9822 -0.0948 0.1625
vn 0.9608 -0.0933 0.2612
vn 0.9875 -0.0187 0.1565
vn 0.9646 -0.0194 0.2631
vn 0.9923 -0.0935 0.0813
vn 0.9971 -0.0173 0.0737
vn 0.9873 0.0207 0.1577
vn 0.9634 0.0189 0.2673
vn 0.9972 0.0217 0.0719
vn 0.9997 0.0224 -0.0034
vn 0.9967 0.0231 -0.0774
vn 0.9999 -0.0157 0.0006
vn 0.9975 -0.0137 -0.0696
vn 0.9958 -0.0909 0.0083
vn 0.9939 -0.0883 -0.0655
vn -0.5566 -0.0557 0.8289
vn -0.5444 -0.0458 0.8375
vn -0.7677 -0.0707 0.6369
vn -0.7583 -0.0593 0.6492
vn -0.5392 -0.0396 0.8412
vn -0.7560 -0.0523 0.6525
vn -0.9377 -0.0633 0.3417
vn -0.9978 -0.0669 -0.0001
vn -0.9379 -0.0708 0.3396
vn -0.9972 -0.0743 -0.0001
vn -0.9407 -0.0830 0.3289
vn -0.9962 -0.0866 -0.0001
vn -0.9586 -0.1849 -0.2164
vn -0.9586 -0.1572 -0.2376
vn -0.9559 -0.1345 -0.2612
vn -0.8642 -0.1722 -0.4728
vn -0.8497 -0.1446 -0.5071
vn -0.8301 -0.1215 -0.5442
vn -0.9514 -0.1152 -0.2856
vn -0.9454 -0.0980 -0.3107
vn -0.8074 -0.1021 -0.5811
vn -0.7843 -0.0851 -0.6145
vn -0.5735 -0.0682 -0.8164
vn -0.6061 -0.0835 -0.7910
vn -0.6401 -0.1016 -0.7615
vn -0.6709 -0.1226 -0.7314
vn -0.6968 -0.1479 -0.7018
vn 0.9835 0.0808 -0.1616
vn 0.9838 0.0920 -0.1539
vn 0.9830 0.1057 -0.1501
vn 0.9190 0.0729 -0.3874
vn 0.9221 0.0840 -0.3776
vn 0.9237 0.0976 -0.3704
vn 0.9811 0.1227 -0.1497
vn 0.9781 0.1441 -0.1503
vn 0.9233 0.1140 -0.3667
vn 0.9215 0.1348 -0.3643
vn 0.7712 0.1098 -0.6270
vn 0.7651 0.0907 -0.6375
vn 0.7568 0.0755 -0.6493
vn 0.7454 0.0630 -0.6636
vn 0.7327 0.0529 -0.6785
vn -0.0950 -0.2257 -0.9696
vn -0.1379 -0.1979 -0.9705
vn -0.0441 -0.4381 -0.8979
vn -0.1602 -0.3894 -0.9070
vn 0.0473 -0.2462 -0.9681
vn 0.2171 -0.4613 -0.8603
vn 0.0166 -0.7734 -0.6337
vn -0.2244 -0.7242 -0.6521
vn 0.3974 -0.7246 -0.5630
vn 0.7466 -0.5127 -0.4239
vn 0.9273 -0.2565 -0.2725
vn 0.5427 -0.3734 -0.7523
vn 0.7698 -0.2168 -0.6003
vn 0.2806 -0.2187 -0.9346
vn 0.4927 -0.1468 -0.8577
vn 0.9781 0.0393 -0.2046
vn 0.9787 0.0488 -0.1996
vn 0.9803 0.0594 -0.1881
vn 0.9014 0.0343 -0.4317
vn 0.9041 0.0425 -0.4251
vn 0.9089 0.0522 -0.4137
vn 0.9822 0.0703 -0.1743
vn 0.9142 0.0625 -0.4003
vn 0.7193 0.0439 -0.6934
vn 0.7058 0.0352 -0.7075
vn 0.6945 0.0274 -0.7190
vn 0.6852 0.0209 -0.7280
vn -0.9537 -0.2451 -0.1745
vn -0.9554 -0.2306 -0.1845
vn -0.8868 -0.2339 -0.3985
vn -0.8820 -0.2187 -0.4173
vn -0.9571 -0.2111 -0.1983
vn -0.8744 -0.1987 -0.4427
vn -0.7175 -0.1727 -0.6748
vn -0.7322 -0.1920 -0.6535
vn -0.7441 -0.2073 -0.6351
vn -0.8499 -0.5118 -0.1257
vn -0.8800 -0.4564 -0.1315
vn -0.9001 -0.4134 -0.1376
vn -0.8156 -0.4990 -0.2929
vn -0.8406 -0.4466 -0.3066
vn -0.8555 -0.4060 -0.3215
vn -0.9115 -0.3854 -0.1437
vn -0.8618 -0.3799 -0.3360
vn -0.7458 -0.3597 -0.5608
vn -0.7496 -0.3818 -0.5406
vn -0.7453 -0.4164 -0.5207
vn -0.7316 -0.4626 -0.5008
vn -0.7508 -0.6523 -0.1037
vn -0.7656 -0.6339 -0.1095
vn -0.7872 -0.6059 -0.1148
vn -0.7298 -0.6375 -0.2471
vn -0.7425 -0.6183 -0.2577
vn -0.7613 -0.5898 -0.2693
vn -0.8158 -0.5657 -0.1201
vn -0.7863 -0.5507 -0.2802
vn -0.7127 -0.5091 -0.4826
vn -0.6957 -0.5461 -0.4667
vn -0.6828 -0.5744 -0.4516
vn -0.6746 -0.5952 -0.4366
vn -0.7397 -0.6680 -0.0806
vn -0.7363 -0.6712 -0.0856
vn -0.7376 -0.6691 -0.0913
vn -0.7263 -0.6578 -0.1996
vn -0.7211 -0.6607 -0.2086
vn -0.7205 -0.6573 -0.2209
vn -0.7420 -0.6633 -0.0976
vn -0.7230 -0.6500 -0.2340
vn -0.6723 -0.6107 -0.4184
vn -0.6743 -0.6212 -0.3993
vn -0.6786 -0.6275 -0.3816
vn -0.6862 -0.6281 -0.3668
vn -0.7906 -0.6113 -0.0351
vn -0.7652 -0.6426 -0.0400
vn -0.7482 -0.6618 -0.0468
vn -0.7862 -0.6117 -0.0875
vn -0.7594 -0.6429 -0.1001
vn -0.7404 -0.6619 -0.1169
vn -0.7375 -0.6731 -0.0550
vn -0.7358 -0.6742 -0.0642
vn -0.7272 -0.6723 -0.1382
vn -0.7225 -0.6730 -0.1584
vn -0.6886 -0.6582 -0.3043
vn -0.6984 -0.6646 -0.2658
vn -0.7184 -0.6574 -0.2274
vn -0.7426 -0.6405 -0.1958
vn -0.7735 -0.6100 -0.1723
vn -0.9152 -0.4022 -0.0260
vn -0.8851 -0.4646 -0.0274
vn -0.8534 -0.5204 -0.0292
vn -0.9132 -0.4021 -0.0660
vn -0.8828 -0.4647 -0.0690
vn -0.8508 -0.5204 -0.0737
vn -0.8216 -0.5692 -0.0316
vn -0.8182 -0.5693 -0.0796
vn -0.8081 -0.5676 -0.1576
vn -0.8424 -0.5186 -0.1465
vn -0.8756 -0.4628 -0.1385
vn -0.9066 -0.4006 -0.1323
vn -0.9860 -0.1650 -0.0256
vn -0.9758 -0.2171 -0.0245
vn -0.9611 -0.2751 -0.0244
vn -0.9845 -0.1628 -0.0650
vn -0.9744 -0.2161 -0.0618
vn -0.9596 -0.2747 -0.0615
vn -0.9410 -0.3374 -0.0249
vn -0.9393 -0.3372 -0.0634
vn -0.9333 -0.3357 -0.1277
vn -0.9540 -0.2726 -0.1245
vn -0.9690 -0.2125 -0.1257
vn -0.9790 -0.1577 -0.1295
vn -0.9858 -0.1618 -0.0446
vn -0.9964 -0.0719 -0.0451
vn -0.9806 -0.1612 -0.1114
vn -0.9914 -0.0653 -0.1132
vn -0.9970 -0.0649 -0.0432
vn -0.9971 -0.0641 -0.0399
vn -0.9923 -0.0580 -0.1091
vn -0.9932 -0.0577 -0.1008
vn -0.9790 -0.0429 -0.1992
vn -0.9759 -0.0422 -0.2141
vn -0.9738 -0.0502 -0.2217
vn -0.9628 -0.1615 -0.2167
vn -0.9935 0.0778 -0.0836
vn -0.9938 0.0842 -0.0721
vn -0.9941 0.0884 -0.0628
vn -0.9788 0.0810 -0.1879
vn -0.9826 0.0867 -0.1644
vn -0.9848 0.0906 -0.1479
vn -0.9944 0.0894 -0.0559
vn -0.9869 0.0907 -0.1336
vn -0.9634 0.0905 -0.2525
vn -0.9579 0.0912 -0.2723
vn -0.9501 0.0883 -0.2991
vn -0.9391 0.0833 -0.3334
vn -0.9899 0.0261 -0.1396
vn -0.9907 0.0439 -0.1285
vn -0.9917 0.0581 -0.1143
vn -0.9541 0.0279 -0.2982
vn -0.9604 0.0463 -0.2748
vn -0.9670 0.0613 -0.2473
vn -0.9927 0.0694 -0.0989
vn -0.9733 0.0730 -0.2178
vn -0.9236 0.0755 -0.3759
vn -0.9066 0.0632 -0.4172
vn -0.8887 0.0477 -0.4559
vn -0.8723 0.0287 -0.4881
vn -0.9883 -0.0032 -0.1528
vn -0.9440 -0.0029 -0.3298
vn -0.9460 0.0005 -0.3241
vn -0.9891 0.0098 -0.1470
vn -0.9493 0.0108 -0.3141
vn -0.8588 0.0115 -0.5122
vn -0.8487 0.0014 -0.5289
vn -0.8424 -0.0022 -0.5389
vn -0.9369 -0.0625 -0.3439
vn -0.9410 -0.0737 -0.3303
vn -0.9454 -0.1047 -0.3087
vn -0.7411 -0.0502 -0.6695
vn -0.7480 -0.0585 -0.6611
vn -0.7591 -0.0829 -0.6456
vn -0.9392 -0.1686 -0.2992
vn -0.8953 -0.2869 -0.3408
vn -0.7507 -0.1305 -0.6476
vn -0.6904 -0.2026 -0.6945
vn -0.4480 -0.1212 -0.8858
vn -0.4989 -0.0836 -0.8626
vn -0.5089 -0.0569 -0.8589
vn -0.5053 -0.0413 -0.8620
vn -0.5057 -0.0365 -0.8620
vn -0.7868 -0.4349 -0.4379
vn -0.6173 -0.5683 -0.5440
vn -0.5673 -0.2839 -0.7730
vn -0.4068 -0.3377 -0.8488
vn -0.4180 -0.6651 -0.6189
vn -0.2649 -0.3650 -0.8925
vn -0.1776 -0.1858 -0.9664
vn -0.2496 -0.1766 -0.9521
vn -0.3521 -0.1568 -0.9227
vn 0.9747 0.1645 -0.1515
vn 0.9721 0.1781 -0.1529
vn 0.9188 0.1543 -0.3634
vn 0.9165 0.1674 -0.3633
vn 0.9705 0.1856 -0.1540
vn 0.9709 0.1829 -0.1547
vn 0.9151 0.1744 -0.3635
vn 0.9157 0.1714 -0.3635
vn 0.7833 0.1439 -0.6047
vn 0.7798 0.1465 -0.6087
vn 0.7776 0.1400 -0.6130
vn 0.7748 0.1278 -0.6191
vn 0.9526 0.2663 -0.1473
vn 0.9407 0.3078 -0.1427
vn 0.9188 0.3700 -0.1371
vn 0.9063 0.2381 -0.3491
vn 0.8975 0.2820 -0.3390
vn 0.8796 0.3442 -0.3284
vn 0.8850 0.4464 -0.1323
vn 0.8348 0.5358 -0.1267
vn 0.8500 0.4207 -0.3172
vn 0.8043 0.5102 -0.3045
vn 0.7222 0.4462 -0.5285
vn 0.7575 0.3591 -0.5453
vn 0.7782 0.2851 -0.5596
vn 0.7886 0.2249 -0.5722
vn 0.7914 0.1802 -0.5841
vn 0.7789 0.6153 -0.1211
vn 0.7348 0.6684 -0.1156
vn 0.7528 0.5902 -0.2916
vn 0.7122 0.6442 -0.2788
vn 0.7036 0.7020 -0.1102
vn 0.6842 0.7218 -0.1044
vn 0.6840 0.6792 -0.2660
vn 0.6673 0.7005 -0.2528
vn 0.6182 0.6428 -0.4524
vn 0.6284 0.6181 -0.4722
vn 0.6493 0.5808 -0.4911
vn 0.6811 0.5255 -0.5099
vn 0.6727 0.7333 -0.0982
vn 0.6646 0.7415 -0.0919
vn 0.6583 0.7143 -0.2377
vn 0.6522 0.7239 -0.2249
vn 0.6575 0.7486 -0.0854
vn 0.6467 0.7329 -0.2113
vn 0.6123 0.6878 -0.3898
vn 0.6140 0.6752 -0.4087
vn 0.6149 0.6603 -0.4313
vn 0.7177 0.6942 -0.0551
vn 0.7305 0.6814 -0.0462
vn 0.7165 0.6838 -0.1378
vn 0.7299 0.6736 -0.1165
vn 0.7483 0.6622 -0.0397
vn 0.7740 0.6322 -0.0351
vn 0.7479 0.6563 -0.0997
vn 0.7734 0.6277 -0.0882
vn 0.7689 0.6158 -0.1721
vn 0.7432 0.6394 -0.1970
vn 0.7237 0.6514 -0.2278
vn 0.7074 0.6554 -0.2647
vn 0.8054 0.5919 -0.0312
vn 0.8384 0.5443 -0.0292
vn 0.8045 0.5887 -0.0790
vn 0.8372 0.5418 -0.0737
vn 0.8718 0.4891 -0.0274
vn 0.9043 0.4260 -0.0260
vn 0.8705 0.4872 -0.0694
vn 0.9030 0.4246 -0.0660
vn 0.8975 0.4205 -0.1326
vn 0.8652 0.4819 -0.1387
vn 0.8321 0.5351 -0.1459
vn 0.7997 0.5796 -0.1568
vn 0.9332 0.3586 -0.0250
vn 0.9564 0.2911 -0.0244
vn 0.9317 0.3576 -0.0636
vn 0.9548 0.2908 -0.0622
vn 0.9739 0.2257 -0.0245
vn 0.9861 0.1641 -0.0256
vn 0.9721 0.2263 -0.0625
vn 0.9840 0.1661 -0.0647
vn 0.9768 0.1699 -0.1300
vn 0.9657 0.2273 -0.1256
vn 0.9489 0.2896 -0.1254
vn 0.9262 0.3547 -0.1280
vn 0.9932 0.1135 -0.0279
vn 0.9965 0.0776 -0.0315
vn 0.9906 0.1166 -0.0710
vn 0.9934 0.0821 -0.0798
vn 0.9979 0.0537 -0.0361
vn 0.9982 0.0445 -0.0413
vn 0.9940 0.0595 -0.0922
vn 0.9933 0.0511 -0.1035
vn 0.9774 0.0653 -0.2011
vn 0.9812 0.0718 -0.1793
vn 0.9386 0.0946 -0.3317
vn 0.9831 0.0918 -0.1586
vn 0.9475 0.1100 -0.3003
vn 0.9822 0.1236 -0.1412
vn 0.9522 0.1363 -0.2733
vn 0.9665 -0.2516 -0.0505
vn 0.9672 -0.2483 -0.0541
vn 0.9648 -0.2560 -0.0596
vn 0.9615 -0.2445 -0.1250
vn 0.9611 -0.2415 -0.1339
vn 0.9575 -0.2485 -0.1462
vn 0.9610 -0.2684 -0.0672
vn 0.9558 -0.2838 -0.0770
vn 0.9516 -0.2603 -0.1633
vn 0.9436 -0.2750 -0.1844
vn 0.9107 -0.2564 -0.3239
vn 0.9243 -0.2430 -0.2942
vn 0.9344 -0.2325 -0.2697
vn 0.9410 -0.2267 -0.2511
vn 0.9435 -0.2309 -0.2376
vn 0.9528 -0.2903 -0.0885
vn 0.9551 -0.2790 -0.0996
vn 0.9365 -0.2810 -0.2096
vn 0.9340 -0.2696 -0.2342
vn 0.9614 -0.2527 -0.1090
vn 0.9711 -0.2110 -0.1118
vn 0.9359 -0.2440 -0.2540
vn 0.9423 -0.2042 -0.2653
vn 0.8777 -0.1880 -0.4408
vn 0.8788 -0.2250 -0.4209
vn 0.8852 -0.2496 -0.3926
vn 0.8962 -0.2612 -0.3587
vn 0.9814 -0.1603 -0.1056
vn 0.9894 -0.1087 -0.0967
vn 0.9517 -0.1563 -0.2642
vn 0.9610 -0.1065 -0.2551
vn 0.9947 -0.0551 -0.0865
vn 0.9679 -0.0545 -0.2452
vn 0.8956 -0.0508 -0.4420
vn 0.8895 -0.0988 -0.4462
vn 0.8825 -0.1442 -0.4477
vn 0.7883 0.1330 -0.6008
vn 0.9179 0.1624 -0.3621
vn 0.7929 0.1291 -0.5955
vn 0.9185 0.1661 -0.3588
vn 0.9724 0.1751 -0.1544
vn 0.9711 0.1832 -0.1530
vn 0.9631 0.2232 -0.1506
vn 0.9134 0.1998 -0.3547
vn 0.7941 0.1490 -0.5893
vn -0.7534 -0.2383 0.6129
vn -0.8885 -0.2624 0.3765
vn -0.7459 -0.2843 0.6023
vn -0.8782 -0.3058 0.3678
vn -0.9487 -0.2712 0.1625
vn -0.9366 -0.3125 0.1584
vn -0.9170 -0.3679 0.1539
vn -0.8603 -0.3636 0.3573
vn -0.7319 -0.3435 0.5885
vn -0.6851 -0.6488 -0.3311
vn -0.7250 -0.6659 -0.1757
vn -0.6910 -0.6344 -0.3464
vn -0.7307 -0.6572 -0.1848
vn -0.7394 -0.6697 -0.0700
vn -0.7447 -0.6632 -0.0744
vn -0.7455 -0.6619 -0.0776
vn -0.7323 -0.6534 -0.1919
vn -0.6945 -0.6250 -0.3565
vn 0.6738 0.6603 0.3316
vn 0.6918 0.7001 0.1769
vn 0.6406 0.6836 0.3497
vn 0.6639 0.7240 0.1873
vn 0.6959 0.7147 0.0705
vn 0.6701 0.7384 0.0754
vn 0.6480 0.7576 0.0787
vn 0.6393 0.7439 0.1948
vn 0.6106 0.7045 0.3618
vn 0.8852 -0.4117 -0.2164
vn 0.9057 -0.3680 -0.2106
vn 0.9119 -0.3944 -0.1134
vn 0.9317 -0.3460 -0.1108
vn 0.9284 -0.2964 -0.2241
vn 0.9467 -0.3005 -0.1163
vn 0.9211 -0.3865 -0.0456
vn 0.9404 -0.3372 -0.0446
vn 0.9522 -0.3019 -0.0466
vn 0.9623 -0.2677 -0.0482
vn 0.9572 -0.2631 -0.1202
vn 0.9397 -0.2533 -0.2299
vn -0.9401 -0.2585 0.2220
vn -0.9658 -0.2324 0.1150
vn -0.9732 -0.0082 0.2297
vn -0.9930 0.0023 0.1181
vn -0.9739 -0.2222 0.0460
vn -0.9989 0.0056 0.0474
vn -0.9970 0.0614 0.0482
vn -0.9909 0.0613 0.1199
vn -0.9710 0.0574 0.2323
vn 0.9759 -0.0873 -0.2001
vn 0.9811 -0.0124 -0.1930
vn 0.8786 -0.0834 -0.4702
vn 0.9021 -0.0131 -0.4313
vn 0.9795 0.0234 -0.2002
vn 0.9022 0.0204 -0.4309
vn 0.6795 0.0094 -0.7336
vn 0.6710 -0.0184 -0.7412
vn 0.6305 -0.0702 -0.7730
vn -0.9403 -0.0828 -0.3302
vn -0.9366 -0.0705 -0.3433
vn -0.7643 -0.0704 -0.6410
vn -0.7497 -0.0587 -0.6592
vn -0.9353 -0.0630 -0.3483
vn -0.7418 -0.0515 -0.6687
vn -0.5125 -0.0385 -0.8578
vn -0.5259 -0.0451 -0.8493
vn -0.5464 -0.0553 -0.8357
vn 0.4983 0.0081 0.8670
vn 0.5041 0.0166 0.8635
vn 0.5144 0.0259 0.8572
vn 0.7645 0.0243 0.6442
vn 0.7712 0.0364 0.6356
vn 0.7843 0.0496 0.6184
vn 0.5180 0.0384 0.8545
vn 0.4857 0.0600 0.8721
vn 0.7911 0.0666 0.6081
vn 0.7366 0.0973 0.6693
vn 0.8270 0.1291 0.5471
vn 0.9029 0.0852 0.4214
vn 0.9092 0.0658 0.4111
vn 0.9052 0.0497 0.4220
vn 0.9036 0.0349 0.4270
vn 0.3829 -0.1400 0.9131
vn 0.4897 -0.0728 0.8689
vn 0.5102 -0.0289 0.8596
vn 0.6596 -0.2071 0.7225
vn 0.7576 -0.0857 0.6470
vn 0.7725 -0.0238 0.6345
vn 0.5030 -0.0043 0.8643
vn 0.7661 0.0076 0.6426
vn 0.9048 0.0152 0.4256
vn 0.9087 -0.0205 0.4169
vn 0.9061 -0.0909 0.4132
vn 0.8497 -0.2556 0.4612
vn -0.5965 -0.1225 0.7932
vn -0.5165 -0.1880 0.8354
vn -0.2611 -0.2689 0.9271
vn -0.6249 -0.1586 0.7644
vn -0.5487 -0.2920 0.7834
vn -0.1920 -0.4848 0.8533
vn 0.1279 -0.2312 0.9645
vn 0.3702 -0.4036 0.8367
vn 0.5624 -0.5605 0.6079
vn -0.0837 -0.6929 0.7162
vn -0.5501 -0.4095 0.7278
vn -0.5804 -0.1865 0.7927
vn -0.6125 -0.0338 0.7898
vn -0.6211 -0.0414 0.7826
vn -0.6300 -0.0563 0.7745
vn -0.6083 -0.0348 0.7929
vn -0.6180 -0.0438 0.7849
vn -0.6332 -0.0609 0.7716
vn -0.6309 -0.0817 0.7715
vn -0.6427 -0.0931 0.7605
vn -0.5765 -0.0989 0.8111
vn -0.5589 -0.0604 0.8270
vn -0.5437 -0.0427 0.8382
vn -0.5348 -0.0340 0.8443
vn -0.6280 0.0054 0.7782
vn -0.6148 -0.0143 0.7885
vn -0.6081 -0.0230 0.7935
vn -0.5707 0.0187 0.8209
vn -0.5897 -0.0109 0.8076
vn -0.5950 -0.0218 0.8034
vn -0.6077 -0.0288 0.7936
vn -0.5998 -0.0290 0.7997
vn -0.5257 -0.0285 0.8502
vn -0.5141 -0.0217 0.8574
vn -0.4864 -0.0113 0.8736
vn -0.4017 0.0239 0.9155
vn -0.1991 0.0287 0.9796
vn -0.1447 0.0860 0.9857
vn -0.4331 0.0158 0.9012
vn -0.5117 0.0915 0.8543
vn -0.2433 -0.0259 0.9696
vn -0.3329 -0.0296 0.9425
vn -0.6057 0.0049 0.7957
vn -0.7286 -0.0023 0.6850
vn -0.9084 0.1335 0.3962
vn -0.7621 0.1276 0.6348
vn -0.4362 -0.0469 0.8986
vn -0.5289 -0.0618 0.8464
vn -0.2991 -0.0431 0.9532
vn -0.2435 -0.0322 0.9694
vn 0.0130 0.0836 0.9964
vn 0.0134 0.0873 0.9961
vn -0.2035 -0.0242 0.9788
vn -0.0302 0.0656 0.9974
vn -0.1767 -0.0271 0.9839
vn -0.1073 0.0346 0.9936
vn -0.9385 0.3355 0.0822
vn -0.7758 0.3084 0.5505
vn -0.3987 0.2587 0.8798
vn -0.7804 0.6235 0.0472
vn -0.4850 0.5735 0.6602
vn 0.2099 0.3727 0.9039
vn 0.4325 0.3088 0.8471
vn 0.5620 0.1666 0.8102
vn 0.3937 0.1015 0.9136
vn 0.0783 0.0404 0.9961
vn 0.2544 0.2020 0.9458
vn 0.0207 0.0831 0.9963
vn -0.1062 0.5401 0.8349
vn -0.3095 0.7916 0.5269
vn -0.0970 0.3312 0.9386
vn -0.0617 0.2218 0.9731
vn -0.5299 -0.0053 0.8480
vn -0.6263 0.0191 0.7793
vn -0.5945 0.0102 0.8040
vn -0.6797 0.0820 0.7289
vn -0.4023 -0.0129 0.9154
vn -0.4551 -0.0135 0.8903
vn -0.6747 0.0396 0.7370
vn -0.7580 0.0500 0.6504
vn -0.6775 0.5065 0.5333
vn -0.6842 0.2817 0.6727
vn -0.5190 -0.0265 0.8543
vn -0.5870 -0.0577 0.8075
vn -0.3423 0.0104 0.9395
vn -0.2969 0.0229 0.9546
vn -0.2551 0.0072 0.9669
vn -0.2153 -0.0009 0.9765
vn 0.2327 0.7965 0.5581
vn -0.2247 0.5610 0.7967
vn -0.6127 0.2140 0.7608
vn 0.4579 0.5289 0.7146
vn 0.1403 0.4679 0.8726
vn -0.2595 0.2842 0.9230
vn -0.6432 0.0597 0.7634
vn -0.4920 0.1093 0.8637
vn -0.1867 0.0798 0.9792
vn 0.0098 0.2079 0.9781
vn 0.2164 0.2821 0.9347
vn 0.3188 0.2989 0.8994
vn 0.4565 0.4054 0.7920
vn -0.0105 0.8635 0.5042
vn 0.8656 0.0036 -0.5007
vn 0.9968 0.0132 -0.0783
vn 0.1854 -0.9823 0.0255
vn 0.6528 -0.0031 -0.7575
vn 0.8839 0.0008 -0.4677
vn 0.9992 0.0019 -0.0406
vn 0.6718 -0.0001 -0.7407
vn 0.3877 -0.0001 -0.9218
vn -0.0172 0.0011 -0.9999
vn 0.3801 -0.0024 -0.9249
vn -0.0214 0.0076 -0.9997
vn -0.2587 -0.9443 -0.2032
vn -0.7379 0.6622 0.1307
vn 0.0838 0.5455 0.8339
vn -0.0746 0.1229 0.9896
vn 0.4291 0.0151 0.9031
vn 0.0139 0.0071 0.9999
vn -0.0520 0.8531 0.5192
vn 0.7213 0.0196 0.6923
vn 0.4272 0.0020 0.9042
vn 0.0135 0.0009 0.9999
vn 0.7135 0.0026 0.7006
vn 0.9160 0.0026 0.4011
vn 0.9256 0.0193 0.3780
vn -0.0821 0.8942 0.4401
vn -0.8345 0.0248 0.5505
vn -0.9443 0.2535 0.2097
vn -0.8809 0.0028 0.4733
vn -0.9970 0.0070 0.0774
vn -0.6489 -0.0418 0.7597
vn -0.6778 -0.0011 0.7352
vn -0.8941 0.0003 0.4479
vn -0.9992 0.0008 0.0400
vn -0.6898 -0.0003 0.7240
vn -0.4018 -0.0001 0.9157
vn -0.3959 0.0002 0.9183
vn -0.3974 -0.0201 0.9174
vn -0.4350 0.0023 -0.9004
vn -0.7277 0.0023 -0.6859
vn -0.4468 0.0178 -0.8944
vn -0.7482 0.0190 -0.6632
vn -0.9241 0.0015 -0.3822
vn -0.9392 0.0128 -0.3432
vn -0.6138 0.7620 0.2064
vn -0.4347 0.8734 0.2196
vn -0.4467 0.8672 0.2201
vn -0.9080 -0.0001 0.4190
vn -1.0000 -0.0001 0.0001
vn -0.7069 -0.0001 0.7073
vn -0.9078 -0.0003 0.4194
vn -1.0000 -0.0003 0.0001
vn -0.7071 -0.0003 0.7071
vn -0.4194 -0.0003 0.9078
vn -0.0001 -0.0003 1.0000
vn -0.4191 -0.0001 0.9080
vn -0.0001 -0.0001 1.0000
vn 0.4190 -0.0001 0.9080
vn 0.7071 -0.0001 0.7071
vn 0.4191 -0.0003 0.9079
vn 0.7070 -0.0003 0.7072
vn 0.9078 -0.0003 0.4194
vn 1.0000 -0.0003 0.0001
vn 0.9077 -0.0001 0.4196
vn 1.0000 -0.0001 0.0001
vn 0.9079 -0.0000 0.4192
vn -0.4190 -0.0001 -0.9080
vn -0.0001 -0.0001 -1.0000
vn -0.7070 -0.0001 -0.7072
vn -0.4190 -0.0003 -0.9080
vn -0.0001 -0.0003 -1.0000
vn -0.7072 -0.0003 -0.7070
vn -0.9077 -0.0003 -0.4197
vn -0.9080 -0.0001 -0.4191
vn 0.9079 -0.0001 -0.4192
vn 0.7071 -0.0001 -0.7071
vn 0.9079 -0.0003 -0.4192
vn 0.7071 -0.0003 -0.7071
vn 0.4191 -0.0003 -0.9079
vn 0.4192 -0.0001 -0.9079
vn 0.4188 -0.0000 -0.9081
vn -0.2351 -0.1331 0.9628
vn 0.0586 -0.1556 0.9861
vn -0.2277 -0.1119 0.9673
vn 0.0623 -0.1330 0.9892
vn -0.5375 -0.0914 0.8383
vn -0.5268 -0.0738 0.8468
vn -0.2315 0.2012 0.9518
vn 0.0590 0.1927 0.9795
vn -0.5262 0.2016 0.8261
vn -0.7612 0.1938 0.6188
vn -0.7686 -0.0252 0.6393
vn -0.7780 -0.0385 0.6271
vn 0.7933 -0.1238 0.5961
vn 0.9184 -0.0915 0.3850
vn 0.7874 -0.1076 0.6070
vn 0.9148 -0.0782 0.3962
vn 0.5929 -0.1501 0.7912
vn 0.5879 -0.1306 0.7983
vn 0.7873 0.1404 0.6003
vn 0.9124 0.1266 0.3893
vn 0.5881 0.1591 0.7930
vn 0.3328 0.1781 0.9260
vn 0.3343 -0.1397 0.9321
vn 0.3345 -0.1614 0.9285
vn -0.2827 -0.1229 -0.9513
vn 0.0372 -0.1519 -0.9877
vn -0.3168 -0.0983 -0.9434
vn 0.0210 -0.1366 -0.9904
vn -0.5999 -0.0740 -0.7966
vn -0.6407 -0.0418 -0.7667
vn -0.3491 -0.0623 -0.9350
vn 0.0057 -0.1133 -0.9935
vn -0.6761 0.0025 -0.7368
vn -0.8728 0.0575 -0.4847
vn -0.9571 0.0929 -0.2746
vn -0.8527 0.0138 -0.5223
vn -0.9513 0.0545 -0.3034
vn -0.8254 -0.0188 -0.5642
vn -0.9410 0.0263 -0.3374
vn 0.8291 -0.1250 -0.5450
vn 0.8493 -0.1341 -0.5105
vn 0.6266 -0.1515 -0.7645
vn 0.6500 -0.1540 -0.7441
vn 0.8647 -0.1514 -0.4789
vn 0.6690 -0.1604 -0.7257
vn 0.3525 -0.1472 -0.9242
vn 0.3479 -0.1558 -0.9245
vn 0.3416 -0.1617 -0.9258
vn -0.9968 0.0722 0.0356
vn -0.9952 0.0927 0.0313
vn -0.9956 0.0939 -0.0000
vn -0.9937 0.0665 0.0901
vn -0.9929 0.0882 0.0794
vn -0.9920 0.1228 0.0279
vn -0.9923 0.1237 -0.0000
vn -0.9903 0.1196 0.0703
vn -0.9837 0.1118 0.1408
vn -0.9843 0.0777 0.1584
vn -0.9825 0.0537 0.1785
vn 0.9980 -0.0432 0.0451
vn 0.9991 -0.0414 0.0003
vn 0.9984 -0.0328 0.0469
vn 0.9995 -0.0313 -0.0000
vn 0.9924 -0.0503 0.1123
vn 0.9923 -0.0393 0.1172
vn 0.9920 0.1176 0.0466
vn 0.9931 0.1175 0.0001
vn 0.9862 0.1182 0.1158
vn 0.9678 0.1196 0.2215
vn 0.9729 -0.0536 0.2249
vn 0.9741 -0.0652 0.2165
vn -0.9824 0.0536 -0.1790
vn -0.9844 0.0775 -0.1579
vn -0.9937 0.0665 -0.0901
vn -0.9929 0.0882 -0.0794
vn -0.9837 0.1113 -0.1411
vn -0.9903 0.1194 -0.0708
vn -0.9920 0.1228 -0.0279
vn -0.9952 0.0927 -0.0313
vn -0.9967 0.0722 -0.0361
vn 0.9743 -0.0656 -0.2157
vn 0.9732 -0.0543 -0.2237
vn 0.9925 -0.0506 -0.1110
vn 0.9924 -0.0400 -0.1166
vn 0.9679 0.1188 -0.2215
vn 0.9864 0.1173 -0.1155
vn 0.9920 0.1171 -0.0464
vn 0.9984 -0.0332 -0.0466
vn 0.9981 -0.0434 -0.0443
vn -0.7784 0.0377 0.6266
vn -0.7689 0.0239 0.6389
vn -0.5386 0.0906 0.8377
vn -0.5277 0.0727 0.8463
vn -0.7636 -0.1711 0.6226
vn -0.5281 -0.1730 0.8314
vn -0.2322 -0.1684 0.9580
vn 0.0598 -0.1573 0.9857
vn -0.2286 0.1115 0.9671
vn 0.0618 0.1332 0.9892
vn -0.2364 0.1326 0.9626
vn 0.0580 0.1555 0.9861
vn 0.3346 0.1613 0.9284
vn 0.3334 0.1402 0.9323
vn 0.5921 0.1506 0.7917
vn 0.5870 0.1319 0.7987
vn 0.3346 -0.1431 0.9314
vn 0.5903 -0.1254 0.7974
vn 0.7895 -0.1106 0.6037
vn 0.9146 -0.1010 0.3915
vn 0.7869 0.1093 0.6073
vn 0.9149 0.0797 0.3958
vn 0.7931 0.1245 0.5962
vn 0.9186 0.0921 0.3843
vn -0.8256 0.0185 -0.5640
vn -0.9411 -0.0267 -0.3370
vn -0.8528 -0.0144 -0.5221
vn -0.9515 -0.0552 -0.3028
vn -0.5996 0.0740 -0.7969
vn -0.6410 0.0417 -0.7664
vn -0.8728 -0.0583 -0.4845
vn -0.9572 -0.0937 -0.2740
vn -0.6759 -0.0031 -0.7370
vn -0.3486 0.0620 -0.9352
vn 0.0059 0.1133 -0.9935
vn -0.3171 0.0982 -0.9433
vn 0.0216 0.1367 -0.9904
vn -0.2817 0.1231 -0.9516
vn 0.0366 0.1518 -0.9877
vn 0.3426 0.1617 -0.9255
vn 0.3486 0.1558 -0.9242
vn 0.6279 0.1515 -0.7634
vn 0.6506 0.1540 -0.7436
vn 0.3534 0.1473 -0.9238
vn 0.6705 0.1604 -0.7244
vn 0.8648 0.1521 -0.4786
vn 0.8493 0.1344 -0.5105
vn 0.8293 0.1251 -0.5447
vn -0.9825 -0.0537 0.1782
vn -0.9845 -0.0774 0.1577
vn -0.9937 -0.0666 0.0899
vn -0.9929 -0.0882 0.0793
vn -0.9837 -0.1114 0.1414
vn -0.9903 -0.1195 0.0707
vn -0.9920 -0.1229 0.0279
vn -0.9923 -0.1238 -0.0000
vn -0.9952 -0.0927 0.0313
vn -0.9956 -0.0939 -0.0000
vn -0.9967 -0.0722 0.0359
vn 0.9743 0.0656 0.2154
vn 0.9730 0.0548 0.2242
vn 0.9925 0.0506 0.1110
vn 0.9924 0.0401 0.1165
vn 0.9700 -0.0980 0.2225
vn 0.9884 -0.0985 0.1159
vn 0.9940 -0.0995 0.0465
vn 0.9950 -0.0996 -0.0001
vn 0.9984 0.0334 0.0465
vn 0.9995 0.0315 -0.0000
vn 0.9981 0.0435 0.0443
vn 0.9991 0.0415 -0.0000
vn -0.9968 -0.0722 -0.0356
vn -0.9952 -0.0929 -0.0310
vn -0.9937 -0.0666 -0.0899
vn -0.9930 -0.0883 -0.0790
vn -0.9920 -0.1229 -0.0279
vn -0.9903 -0.1198 -0.0699
vn -0.9837 -0.1118 -0.1409
vn -0.9845 -0.0782 -0.1573
vn -0.9825 -0.0537 -0.1782
vn 0.9980 0.0433 -0.0450
vn 0.9984 0.0334 -0.0465
vn 0.9924 0.0503 -0.1122
vn 0.9923 0.0397 -0.1169
vn 0.9939 -0.0995 -0.0467
vn 0.9883 -0.0988 -0.1161
vn 0.9699 -0.0990 -0.2226
vn 0.9729 0.0540 -0.2247
vn 0.9741 0.0652 -0.2165
vt 0.426000 0.014300
vt 0.448900 0.015000
vt 0.320000 0.015100
vt 0.238600 0.014500
vt 0.466000 0.015700
vt 0.345700 0.015800
vt 0.613400 0.014100
vt 0.618900 0.014800
vt 0.622900 0.015500
vt 0.471400 0.016400
vt 0.471000 0.017200
vt 0.353500 0.017300
vt 0.353900 0.016500
vt 0.624100 0.016200
vt 0.623800 0.017000
vt 0.800000 0.016700
vt 0.800200 0.016000
vt 0.988100 0.015700
vt 0.988100 0.016400
vt 0.800400 0.015300
vt 0.988100 0.015000
vt 0.800600 0.014600
vt 0.800800 0.013900
vt 0.988200 0.013700
vt 0.988200 0.014400
vt 0.319800 0.026100
vt 0.448700 0.025800
vt 0.425800 0.026500
vt 0.238400 0.026900
vt 0.618700 0.025500
vt 0.613200 0.026200
vt 0.345600 0.025300
vt 0.465800 0.025000
vt 0.622800 0.024700
vt 0.800400 0.025100
vt 0.987900 0.024800
vt 0.988000 0.025500
vt 0.800600 0.025800
vt 0.800200 0.024400
vt 0.987900 0.024100
vt 0.987900 0.023400
vt 0.800000 0.023700
vt 0.799900 0.023000
vt 0.987900 0.022700
vt 0.623900 0.024000
vt 0.623700 0.023300
vt 0.471300 0.024300
vt 0.353800 0.024500
vt 0.353400 0.023800
vt 0.470900 0.023600
vt 0.470700 0.017900
vt 0.353100 0.018100
vt 0.470500 0.018700
vt 0.352900 0.018900
vt 0.623600 0.017700
vt 0.623400 0.018500
vt 0.470400 0.019600
vt 0.470300 0.020400
vt 0.352700 0.020600
vt 0.352700 0.019700
vt 0.623300 0.019300
vt 0.623300 0.020100
vt 0.799700 0.019900
vt 0.799700 0.019100
vt 0.987900 0.018800
vt 0.987900 0.019600
vt 0.799800 0.018300
vt 0.988000 0.018000
vt 0.799900 0.017500
vt 0.988000 0.017200
vt 0.179400 0.036800
vt 0.171800 0.037600
vt 0.210600 0.038100
vt 0.236000 0.037500
vt 0.166000 0.038400
vt 0.202000 0.038800
vt 0.122800 0.036200
vt 0.122500 0.037000
vt 0.122100 0.037900
vt 0.163800 0.039200
vt 0.163400 0.040000
vt 0.198400 0.040400
vt 0.198900 0.039600
vt 0.121800 0.038800
vt 0.121500 0.039700
vt 0.079500 0.039300
vt 0.079700 0.038400
vt 0.044700 0.038100
vt 0.044600 0.039000
vt 0.078200 0.037400
vt 0.042100 0.037100
vt 0.073100 0.036500
vt 0.066300 0.035500
vt 0.009700 0.034800
vt 0.034300 0.036000
vt 0.163500 0.047200
vt 0.163900 0.048100
vt 0.199000 0.048000
vt 0.198600 0.047200
vt 0.166100 0.049000
vt 0.202200 0.048800
vt 0.121500 0.047200
vt 0.121800 0.048200
vt 0.122100 0.049100
vt 0.171900 0.049800
vt 0.179500 0.050600
vt 0.236200 0.050400
vt 0.210800 0.049600
vt 0.122400 0.050000
vt 0.122800 0.050900
vt 0.066100 0.051200
vt 0.073000 0.050200
vt 0.034100 0.050400
vt 0.009400 0.051400
vt 0.078100 0.049200
vt 0.042000 0.049300
vt 0.079600 0.048300
vt 0.079500 0.047300
vt 0.044400 0.047300
vt 0.044500 0.048300
vt 0.162900 0.043500
vt 0.163000 0.044400
vt 0.197900 0.044600
vt 0.197800 0.043700
vt 0.163100 0.045400
vt 0.198000 0.045500
vt 0.121100 0.043300
vt 0.121100 0.044200
vt 0.121200 0.045200
vt 0.163300 0.046300
vt 0.198200 0.046300
vt 0.121300 0.046300
vt 0.079400 0.046200
vt 0.044400 0.046200
vt 0.079300 0.045100
vt 0.044400 0.045000
vt 0.079200 0.044100
vt 0.079200 0.043000
vt 0.044400 0.042800
vt 0.044400 0.043900
vt 0.163200 0.040900
vt 0.198100 0.041200
vt 0.163000 0.041700
vt 0.197900 0.042000
vt 0.121300 0.040500
vt 0.121200 0.041400
vt 0.162900 0.042600
vt 0.197800 0.042800
vt 0.121100 0.042300
vt 0.079300 0.042000
vt 0.044400 0.041800
vt 0.079300 0.041100
vt 0.044400 0.040800
vt 0.079400 0.040200
vt 0.044500 0.039900
vt 0.219500 0.040600
vt 0.219900 0.039800
vt 0.222300 0.039100
vt 0.241800 0.040700
vt 0.242200 0.040000
vt 0.241800 0.039300
vt 0.228200 0.038400
vt 0.236000 0.037700
vt 0.239400 0.038600
vt 0.236000 0.037900
vt 0.236000 0.038100
vt 0.258700 0.038800
vt 0.317400 0.039000
vt 0.236000 0.038300
vt 0.275700 0.039500
vt 0.343200 0.039600
vt 0.281000 0.040200
vt 0.280600 0.040900
vt 0.351100 0.041000
vt 0.351500 0.040300
vt 0.218800 0.043800
vt 0.218800 0.043000
vt 0.218900 0.042200
vt 0.241100 0.043900
vt 0.241100 0.043100
vt 0.241200 0.042300
vt 0.219100 0.041400
vt 0.241400 0.041500
vt 0.280200 0.041600
vt 0.350800 0.041800
vt 0.280000 0.042400
vt 0.350700 0.042500
vt 0.280000 0.043200
vt 0.279900 0.044000
vt 0.350600 0.044100
vt 0.350600 0.043300
vt 0.219600 0.047200
vt 0.219300 0.046300
vt 0.219000 0.045500
vt 0.242000 0.047100
vt 0.241600 0.046300
vt 0.241300 0.045500
vt 0.218900 0.044700
vt 0.241200 0.044700
vt 0.280000 0.044800
vt 0.350700 0.044900
vt 0.280200 0.045600
vt 0.350800 0.045700
vt 0.280400 0.046400
vt 0.280800 0.047100
vt 0.351300 0.047200
vt 0.351000 0.046400
vt 0.236200 0.050200
vt 0.228400 0.049500
vt 0.222500 0.048700
vt 0.236200 0.050000
vt 0.239600 0.049300
vt 0.242000 0.048600
vt 0.220100 0.047900
vt 0.242500 0.047900
vt 0.281300 0.047900
vt 0.351800 0.047900
vt 0.276000 0.048600
vt 0.343500 0.048600
vt 0.259000 0.049200
vt 0.236200 0.049800
vt 0.236200 0.049700
vt 0.317600 0.049200
vt 0.157100 0.217300
vt 0.157600 0.220000
vt 0.176900 0.218600
vt 0.176500 0.215800
vt 0.158000 0.222600
vt 0.177300 0.221300
vt 0.137700 0.218600
vt 0.138300 0.221200
vt 0.138900 0.223800
vt 0.158400 0.225100
vt 0.158800 0.227200
vt 0.178000 0.226100
vt 0.177700 0.223800
vt 0.139500 0.226200
vt 0.139900 0.228200
vt 0.121800 0.229200
vt 0.121400 0.227200
vt 0.104700 0.228100
vt 0.105200 0.230000
vt 0.120600 0.224900
vt 0.103800 0.225900
vt 0.119400 0.222300
vt 0.118700 0.219700
vt 0.099000 0.220500
vt 0.102200 0.223400
vt 0.119600 0.217000
vt 0.105400 0.217600
vt 0.120200 0.214500
vt 0.106600 0.215300
vt 0.137600 0.215900
vt 0.137400 0.213400
vt 0.118900 0.212100
vt 0.117300 0.209900
vt 0.097500 0.211200
vt 0.104700 0.213200
vt 0.136900 0.210900
vt 0.136300 0.208600
vt 0.155600 0.207100
vt 0.155900 0.209500
vt 0.175200 0.207800
vt 0.174900 0.205400
vt 0.156300 0.212000
vt 0.175600 0.210400
vt 0.156600 0.214600
vt 0.176000 0.213100
vt 0.060400 0.219800
vt 0.059900 0.218500
vt 0.051100 0.218900
vt 0.051400 0.220200
vt 0.059600 0.217200
vt 0.050800 0.217500
vt 0.069000 0.219300
vt 0.068300 0.218200
vt 0.068000 0.216900
vt 0.059500 0.215900
vt 0.059500 0.214700
vt 0.050400 0.215000
vt 0.050600 0.216200
vt 0.067900 0.215700
vt 0.068200 0.214500
vt 0.075900 0.214500
vt 0.075400 0.215600
vt 0.081300 0.215600
vt 0.081800 0.214600
vt 0.075400 0.216800
vt 0.081100 0.216600
vt 0.075700 0.217900
vt 0.076500 0.219000
vt 0.082300 0.218600
vt 0.081500 0.217700
vt 0.197100 0.224800
vt 0.196700 0.222500
vt 0.196400 0.219800
vt 0.214800 0.223600
vt 0.214400 0.221100
vt 0.214000 0.218300
vt 0.195900 0.217000
vt 0.195500 0.214100
vt 0.213500 0.215400
vt 0.213000 0.212400
vt 0.228200 0.210800
vt 0.228700 0.213900
vt 0.240400 0.212700
vt 0.239800 0.209500
vt 0.229300 0.216900
vt 0.241000 0.215800
vt 0.229700 0.219800
vt 0.230100 0.222500
vt 0.242000 0.221600
vt 0.241600 0.218800
vt 0.262600 0.219600
vt 0.262100 0.216600
vt 0.258200 0.217200
vt 0.258700 0.220100
vt 0.261400 0.213500
vt 0.257500 0.214100
vt 0.267600 0.219000
vt 0.267100 0.216000
vt 0.266500 0.212900
vt 0.260700 0.210300
vt 0.259900 0.207000
vt 0.256000 0.207600
vt 0.256800 0.210800
vt 0.265800 0.209700
vt 0.265000 0.206400
vt 0.271200 0.205800
vt 0.271900 0.209100
vt 0.278700 0.208600
vt 0.278100 0.205300
vt 0.272500 0.212300
vt 0.279300 0.211800
vt 0.273100 0.215400
vt 0.273600 0.218400
vt 0.280200 0.217900
vt 0.279800 0.214900
vt 0.287300 0.217500
vt 0.287000 0.214500
vt 0.286600 0.211400
vt 0.295000 0.217300
vt 0.294800 0.214300
vt 0.294600 0.211300
vt 0.286200 0.208300
vt 0.285700 0.205000
vt 0.294300 0.208200
vt 0.293900 0.205000
vt 0.303000 0.205100
vt 0.303200 0.208200
vt 0.313200 0.208300
vt 0.313100 0.205300
vt 0.303400 0.211200
vt 0.313200 0.211200
vt 0.303500 0.214200
vt 0.303600 0.217100
vt 0.313100 0.216900
vt 0.313200 0.214100
vt 0.323900 0.216800
vt 0.324000 0.214000
vt 0.324100 0.211200
vt 0.335400 0.216600
vt 0.335600 0.213900
vt 0.335900 0.211200
vt 0.324200 0.208400
vt 0.324400 0.205500
vt 0.336200 0.208500
vt 0.336400 0.205900
vt 0.349100 0.206200
vt 0.348700 0.208700
vt 0.361500 0.208900
vt 0.362000 0.206600
vt 0.348200 0.211300
vt 0.360900 0.211300
vt 0.347800 0.213800
vt 0.347500 0.216400
vt 0.359800 0.216000
vt 0.360300 0.213600
vt 0.041500 0.108100
vt 0.041800 0.105400
vt 0.026100 0.106700
vt 0.025700 0.109200
vt 0.042200 0.103000
vt 0.026500 0.104300
vt 0.061700 0.106700
vt 0.062000 0.103900
vt 0.062300 0.101500
vt 0.042600 0.100800
vt 0.043000 0.098600
vt 0.027300 0.099700
vt 0.026900 0.101900
vt 0.062600 0.099300
vt 0.062900 0.097200
vt 0.085300 0.095800
vt 0.085100 0.097800
vt 0.108100 0.096600
vt 0.108300 0.094700
vt 0.084800 0.099900
vt 0.107900 0.098600
vt 0.084500 0.102400
vt 0.084300 0.105300
vt 0.107500 0.104000
vt 0.107700 0.101000
vt 0.129800 0.095800
vt 0.129900 0.094000
vt 0.150500 0.095400
vt 0.150500 0.093700
vt 0.129700 0.097800
vt 0.150400 0.097300
vt 0.170100 0.095300
vt 0.189100 0.095400
vt 0.189100 0.093800
vt 0.170200 0.093700
vt 0.170100 0.097100
vt 0.189100 0.097200
vt 0.189100 0.099500
vt 0.170000 0.099500
vt 0.170000 0.102600
vt 0.189000 0.102600
vt 0.150300 0.099700
vt 0.150200 0.102800
vt 0.129500 0.100200
vt 0.129400 0.103200
vt 0.207400 0.095600
vt 0.207400 0.094100
vt 0.225300 0.096000
vt 0.225200 0.094600
vt 0.207400 0.097400
vt 0.225400 0.097700
vt 0.242900 0.096600
vt 0.260200 0.097300
vt 0.260100 0.095900
vt 0.242700 0.095200
vt 0.243000 0.098300
vt 0.260400 0.099000
vt 0.260500 0.101100
vt 0.243100 0.100400
vt 0.243200 0.103300
vt 0.260700 0.104000
vt 0.225400 0.099900
vt 0.225500 0.102900
vt 0.207500 0.099600
vt 0.207500 0.102600
vt 0.277600 0.098200
vt 0.277400 0.096700
vt 0.293800 0.099200
vt 0.293600 0.097600
vt 0.277700 0.100000
vt 0.294000 0.101100
vt 0.307900 0.100200
vt 0.318800 0.100900
vt 0.318600 0.099000
vt 0.307700 0.098400
vt 0.308100 0.102100
vt 0.318900 0.103000
vt 0.319100 0.105300
vt 0.308200 0.104400
vt 0.308400 0.107100
vt 0.319300 0.108000
vt 0.294200 0.103300
vt 0.294300 0.106100
vt 0.277900 0.102200
vt 0.278000 0.105000
vt 0.338300 0.101000
vt 0.344500 0.100300
vt 0.344400 0.098100
vt 0.338200 0.098900
vt 0.352800 0.099500
vt 0.352700 0.097100
vt 0.338300 0.103200
vt 0.344600 0.102600
vt 0.352900 0.102000
vt 0.363000 0.098500
vt 0.374900 0.097400
vt 0.374700 0.094500
vt 0.362800 0.095900
vt 0.363100 0.101200
vt 0.375000 0.100300
vt 0.375100 0.103300
vt 0.363200 0.104000
vt 0.363300 0.107100
vt 0.375200 0.106600
vt 0.353000 0.104600
vt 0.353000 0.107500
vt 0.344600 0.105100
vt 0.338400 0.105600
vt 0.338500 0.108300
vt 0.344700 0.108000
vt 0.388300 0.096200
vt 0.388100 0.093000
vt 0.402900 0.094900
vt 0.402700 0.091400
vt 0.388500 0.099300
vt 0.403100 0.098400
vt 0.418300 0.093700
vt 0.434000 0.092500
vt 0.433800 0.088300
vt 0.418000 0.089800
vt 0.418400 0.097500
vt 0.434200 0.096700
vt 0.434300 0.100800
vt 0.418500 0.101400
vt 0.418500 0.105400
vt 0.434200 0.105100
vt 0.403200 0.102000
vt 0.403200 0.105700
vt 0.388600 0.102600
vt 0.388600 0.106100
vt 0.449900 0.091600
vt 0.449700 0.087100
vt 0.465700 0.090800
vt 0.465600 0.086100
vt 0.450000 0.096000
vt 0.465800 0.095500
vt 0.481600 0.090300
vt 0.497300 0.090200
vt 0.497300 0.085200
vt 0.481400 0.085400
vt 0.481600 0.095200
vt 0.497300 0.095100
vt 0.497300 0.099900
vt 0.481600 0.100000
vt 0.481500 0.104700
vt 0.497200 0.104700
vt 0.465800 0.100100
vt 0.465700 0.104800
vt 0.450000 0.100400
vt 0.450000 0.104900
vt 0.065800 0.231900
vt 0.065400 0.230300
vt 0.054900 0.230700
vt 0.055300 0.232300
vt 0.064900 0.228400
vt 0.054300 0.229000
vt 0.077400 0.231400
vt 0.077000 0.229700
vt 0.076400 0.227700
vt 0.064200 0.226500
vt 0.063400 0.224800
vt 0.053100 0.225400
vt 0.053700 0.227100
vt 0.075500 0.225700
vt 0.074300 0.223900
vt 0.085800 0.222600
vt 0.087900 0.224600
vt 0.089200 0.226800
vt 0.090000 0.228900
vt 0.090500 0.230700
vt 0.195000 0.211300
vt 0.194500 0.208500
vt 0.212500 0.209400
vt 0.212000 0.206600
vt 0.194100 0.205800
vt 0.193700 0.203300
vt 0.211500 0.203800
vt 0.211000 0.201200
vt 0.225900 0.199200
vt 0.226400 0.201900
vt 0.237900 0.200400
vt 0.237300 0.197700
vt 0.227000 0.204800
vt 0.238500 0.203300
vt 0.227600 0.207700
vt 0.239200 0.206400
vt 0.259100 0.203700
vt 0.255200 0.204300
vt 0.258400 0.200500
vt 0.254500 0.201100
vt 0.264300 0.203000
vt 0.263600 0.199700
vt 0.257700 0.197400
vt 0.257100 0.194400
vt 0.253200 0.195200
vt 0.253800 0.198100
vt 0.262900 0.196500
vt 0.262300 0.193500
vt 0.268600 0.192700
vt 0.269100 0.195800
vt 0.276300 0.195200
vt 0.275800 0.192000
vt 0.269800 0.199000
vt 0.276900 0.198500
vt 0.270500 0.202400
vt 0.277500 0.201900
vt 0.285100 0.201700
vt 0.284600 0.198300
vt 0.293500 0.201700
vt 0.293100 0.198400
vt 0.284100 0.195000
vt 0.283700 0.191800
vt 0.292800 0.195200
vt 0.292500 0.192000
vt 0.302200 0.192400
vt 0.302400 0.195500
vt 0.312900 0.196100
vt 0.312900 0.193100
vt 0.302600 0.198700
vt 0.313000 0.199200
vt 0.302800 0.201900
vt 0.313100 0.202200
vt 0.324500 0.202700
vt 0.324500 0.199700
vt 0.336700 0.203100
vt 0.336900 0.200400
vt 0.324600 0.196800
vt 0.324700 0.193900
vt 0.337200 0.197600
vt 0.337400 0.194800
vt 0.350700 0.195800
vt 0.350300 0.198500
vt 0.363700 0.199400
vt 0.364200 0.197000
vt 0.349900 0.201100
vt 0.363100 0.201800
vt 0.349500 0.203600
vt 0.362600 0.204200
vt 0.043300 0.096400
vt 0.027800 0.097400
vt 0.043700 0.094100
vt 0.028100 0.095100
vt 0.063200 0.095100
vt 0.063500 0.092900
vt 0.043900 0.091700
vt 0.044000 0.088900
vt 0.028600 0.090100
vt 0.028400 0.092700
vt 0.063600 0.090400
vt 0.063700 0.087600
vt 0.085800 0.086200
vt 0.085800 0.089200
vt 0.108600 0.088200
vt 0.108600 0.085100
vt 0.085700 0.091700
vt 0.108500 0.090700
vt 0.085500 0.093900
vt 0.108400 0.092800
vt 0.130200 0.087700
vt 0.130100 0.084500
vt 0.150700 0.087500
vt 0.150600 0.084300
vt 0.130100 0.090200
vt 0.150600 0.090000
vt 0.170300 0.087700
vt 0.189100 0.088000
vt 0.189100 0.084800
vt 0.170300 0.084500
vt 0.170200 0.090100
vt 0.189100 0.090400
vt 0.189100 0.092300
vt 0.170200 0.092000
vt 0.150600 0.092000
vt 0.130100 0.092200
vt 0.207300 0.088500
vt 0.207400 0.085300
vt 0.225100 0.089100
vt 0.225200 0.086000
vt 0.207300 0.090800
vt 0.225100 0.091400
vt 0.242600 0.089700
vt 0.259900 0.090400
vt 0.260000 0.087500
vt 0.242700 0.086700
vt 0.242600 0.092000
vt 0.259900 0.092600
vt 0.260000 0.094400
vt 0.242600 0.093700
vt 0.225200 0.093100
vt 0.207300 0.092600
vt 0.277100 0.091100
vt 0.277200 0.088300
vt 0.293300 0.091800
vt 0.293300 0.089000
vt 0.277200 0.093300
vt 0.293400 0.094000
vt 0.307400 0.092300
vt 0.318200 0.092800
vt 0.318200 0.090200
vt 0.307400 0.089700
vt 0.307400 0.094600
vt 0.318300 0.095000
vt 0.318400 0.097100
vt 0.307600 0.096500
vt 0.293500 0.095900
vt 0.277300 0.095100
vt 0.337800 0.092200
vt 0.343900 0.091000
vt 0.343700 0.088400
vt 0.337600 0.089600
vt 0.352100 0.089500
vt 0.351900 0.086700
vt 0.337900 0.094500
vt 0.344100 0.093500
vt 0.352300 0.092100
vt 0.362200 0.087600
vt 0.373900 0.085400
vt 0.373600 0.082300
vt 0.361900 0.084700
vt 0.362400 0.090400
vt 0.374200 0.088400
vt 0.374500 0.091500
vt 0.362700 0.093200
vt 0.352500 0.094700
vt 0.344300 0.095900
vt 0.338100 0.096700
vt 0.387200 0.082900
vt 0.386800 0.079600
vt 0.401700 0.080300
vt 0.401300 0.076800
vt 0.387500 0.086200
vt 0.402000 0.083900
vt 0.416900 0.077700
vt 0.432700 0.075400
vt 0.432300 0.071500
vt 0.416600 0.074000
vt 0.417300 0.081700
vt 0.433100 0.079600
vt 0.433500 0.084000
vt 0.417700 0.085700
vt 0.402400 0.087700
vt 0.387800 0.089600
vt 0.448700 0.073500
vt 0.448300 0.069500
vt 0.464700 0.072000
vt 0.464400 0.067900
vt 0.449000 0.077800
vt 0.465000 0.076500
vt 0.480700 0.071000
vt 0.496800 0.070800
vt 0.496700 0.066700
vt 0.480500 0.066900
vt 0.481000 0.075600
vt 0.497000 0.075300
vt 0.497100 0.080200
vt 0.481200 0.080500
vt 0.465300 0.081200
vt 0.449400 0.082400
vt 0.105300 0.240500
vt 0.122000 0.240400
vt 0.122200 0.238500
vt 0.105500 0.238700
vt 0.140100 0.240300
vt 0.140200 0.238300
vt 0.105100 0.242700
vt 0.121800 0.242700
vt 0.139900 0.242700
vt 0.159000 0.240300
vt 0.178200 0.240500
vt 0.178400 0.238200
vt 0.159100 0.238200
vt 0.158800 0.242800
vt 0.178000 0.243000
vt 0.177800 0.245700
vt 0.158600 0.245400
vt 0.158400 0.248100
vt 0.177500 0.248500
vt 0.139700 0.245200
vt 0.139500 0.247800
vt 0.121600 0.245100
vt 0.104900 0.245100
vt 0.104600 0.247600
vt 0.121400 0.247700
vt 0.176800 0.256600
vt 0.157700 0.255900
vt 0.157500 0.258300
vt 0.176600 0.259100
vt 0.138800 0.255500
vt 0.138600 0.257800
vt 0.177100 0.254000
vt 0.157900 0.253400
vt 0.139000 0.253000
vt 0.120700 0.255100
vt 0.103900 0.254900
vt 0.103700 0.257100
vt 0.120500 0.257400
vt 0.120900 0.252700
vt 0.104100 0.252600
vt 0.104400 0.250100
vt 0.121200 0.250200
vt 0.139300 0.250400
vt 0.158100 0.250800
vt 0.177300 0.251300
vt 0.052400 0.253900
vt 0.042200 0.253400
vt 0.041900 0.255300
vt 0.052100 0.255900
vt 0.033400 0.252800
vt 0.033100 0.254600
vt 0.052800 0.251700
vt 0.042600 0.251300
vt 0.033600 0.250800
vt 0.026300 0.252100
vt 0.021100 0.251400
vt 0.022500 0.252800
vt 0.026400 0.253700
vt 0.026000 0.250100
vt 0.020100 0.249300
vt 0.020200 0.247000
vt 0.026200 0.247800
vt 0.026900 0.245500
vt 0.020800 0.244600
vt 0.034000 0.248500
vt 0.034500 0.246200
vt 0.043000 0.249000
vt 0.053200 0.249400
vt 0.053600 0.247100
vt 0.043500 0.246700
vt 0.241400 0.248200
vt 0.229600 0.247700
vt 0.229200 0.250800
vt 0.241000 0.251500
vt 0.214400 0.247000
vt 0.214100 0.250000
vt 0.241800 0.245100
vt 0.230000 0.244600
vt 0.214700 0.244000
vt 0.196700 0.246300
vt 0.196500 0.249200
vt 0.197000 0.243500
vt 0.197200 0.240800
vt 0.197400 0.238400
vt 0.214900 0.241200
vt 0.215200 0.238700
vt 0.230300 0.241700
vt 0.242200 0.242100
vt 0.242400 0.239300
vt 0.230500 0.239000
vt 0.279900 0.250300
vt 0.273000 0.250200
vt 0.272500 0.253500
vt 0.279500 0.253600
vt 0.266900 0.249900
vt 0.266300 0.253300
vt 0.280300 0.247000
vt 0.273500 0.246900
vt 0.267400 0.246600
vt 0.261800 0.249600
vt 0.257800 0.249200
vt 0.257300 0.252600
vt 0.261200 0.252900
vt 0.262300 0.246300
vt 0.258400 0.246000
vt 0.258900 0.242800
vt 0.262800 0.243100
vt 0.263200 0.240100
vt 0.259300 0.239900
vt 0.267900 0.243500
vt 0.268200 0.240400
vt 0.273900 0.243700
vt 0.280600 0.243900
vt 0.280800 0.240800
vt 0.274200 0.240700
vt 0.314200 0.248400
vt 0.304300 0.249100
vt 0.304300 0.252200
vt 0.314400 0.251400
vt 0.295400 0.249700
vt 0.295200 0.252900
vt 0.314100 0.245500
vt 0.304300 0.246100
vt 0.295500 0.246600
vt 0.287300 0.250100
vt 0.287000 0.253400
vt 0.287600 0.246900
vt 0.287800 0.243800
vt 0.287900 0.240800
vt 0.295600 0.243500
vt 0.295700 0.240500
vt 0.304300 0.243100
vt 0.313900 0.242700
vt 0.313800 0.239800
vt 0.304200 0.240200
vt 0.362400 0.245100
vt 0.349700 0.246000
vt 0.350200 0.248500
vt 0.363100 0.247400
vt 0.337200 0.246900
vt 0.337600 0.249500
vt 0.361800 0.242800
vt 0.349100 0.243500
vt 0.336800 0.244200
vt 0.325300 0.247700
vt 0.325600 0.250500
vt 0.325000 0.244900
vt 0.324700 0.242100
vt 0.324500 0.239400
vt 0.336400 0.241600
vt 0.336000 0.238900
vt 0.348600 0.241000
vt 0.361100 0.240500
vt 0.360400 0.238200
vt 0.348100 0.238500
vt 0.107800 0.147000
vt 0.084800 0.145500
vt 0.085000 0.147500
vt 0.108000 0.148900
vt 0.062400 0.143700
vt 0.062700 0.145800
vt 0.107700 0.145000
vt 0.084600 0.143400
vt 0.062100 0.141500
vt 0.042400 0.142000
vt 0.026700 0.140600
vt 0.027100 0.142900
vt 0.042800 0.144200
vt 0.042000 0.139800
vt 0.026300 0.138300
vt 0.025900 0.135900
vt 0.041700 0.137300
vt 0.041400 0.134700
vt 0.025600 0.133300
vt 0.061800 0.139100
vt 0.061600 0.136300
vt 0.084400 0.140900
vt 0.107500 0.142600
vt 0.107300 0.139600
vt 0.084200 0.138000
vt 0.169800 0.141800
vt 0.169800 0.144900
vt 0.188800 0.145100
vt 0.188800 0.142000
vt 0.169800 0.147200
vt 0.188800 0.147400
vt 0.150000 0.141400
vt 0.150000 0.144500
vt 0.150100 0.146800
vt 0.169900 0.149100
vt 0.169900 0.150800
vt 0.188800 0.150800
vt 0.188800 0.149200
vt 0.150200 0.148800
vt 0.150200 0.150500
vt 0.129700 0.149900
vt 0.129600 0.148100
vt 0.129400 0.146100
vt 0.129300 0.143700
vt 0.129200 0.140600
vt 0.243000 0.141600
vt 0.242900 0.144500
vt 0.260300 0.143900
vt 0.260500 0.141000
vt 0.242700 0.146700
vt 0.260100 0.146000
vt 0.225300 0.142000
vt 0.225200 0.144900
vt 0.225100 0.147100
vt 0.242600 0.148300
vt 0.242400 0.149700
vt 0.259800 0.149100
vt 0.260000 0.147700
vt 0.225000 0.148800
vt 0.224900 0.150300
vt 0.207100 0.150600
vt 0.207100 0.149100
vt 0.207200 0.147300
vt 0.207200 0.145100
vt 0.207300 0.142100
vt 0.330500 0.136300
vt 0.330300 0.139000
vt 0.330600 0.139000
vt 0.330800 0.136300
vt 0.330100 0.141300
vt 0.330400 0.141300
vt 0.329200 0.136400
vt 0.329000 0.139000
vt 0.328800 0.141400
vt 0.329900 0.143500
vt 0.329700 0.145500
vt 0.330100 0.145500
vt 0.330200 0.143500
vt 0.328500 0.143500
vt 0.328300 0.145600
vt 0.324900 0.145800
vt 0.325100 0.143800
vt 0.318500 0.144200
vt 0.318300 0.146100
vt 0.325300 0.141700
vt 0.318700 0.142200
vt 0.325500 0.139300
vt 0.325700 0.136700
vt 0.319100 0.137200
vt 0.318900 0.139900
vt 0.363000 0.138500
vt 0.362900 0.141600
vt 0.374700 0.142400
vt 0.374800 0.139100
vt 0.362800 0.144400
vt 0.374600 0.145500
vt 0.352800 0.137900
vt 0.352700 0.140800
vt 0.352600 0.143400
vt 0.362600 0.147000
vt 0.362500 0.149600
vt 0.374200 0.151200
vt 0.374400 0.148300
vt 0.352500 0.145900
vt 0.352400 0.148300
vt 0.344100 0.147200
vt 0.344200 0.145000
vt 0.338000 0.144300
vt 0.337900 0.146400
vt 0.344300 0.142700
vt 0.338100 0.142100
vt 0.344400 0.140200
vt 0.344500 0.137300
vt 0.338300 0.136900
vt 0.338200 0.139700
vt 0.417600 0.141200
vt 0.417500 0.145300
vt 0.433100 0.146100
vt 0.433200 0.141800
vt 0.417300 0.149200
vt 0.432900 0.150300
vt 0.402500 0.140600
vt 0.402300 0.144400
vt 0.402200 0.147900
vt 0.417200 0.152900
vt 0.417000 0.156700
vt 0.432600 0.158500
vt 0.432800 0.154400
vt 0.402000 0.151400
vt 0.401800 0.154900
vt 0.387400 0.153000
vt 0.387700 0.149800
vt 0.387800 0.146700
vt 0.388000 0.143400
vt 0.388100 0.139800
vt 0.480300 0.142900
vt 0.480300 0.147700
vt 0.496100 0.147900
vt 0.496100 0.143000
vt 0.480200 0.152500
vt 0.496100 0.152800
vt 0.464500 0.142600
vt 0.464500 0.147400
vt 0.464400 0.152000
vt 0.480100 0.157300
vt 0.480100 0.162200
vt 0.496000 0.162500
vt 0.496000 0.157600
vt 0.464300 0.156700
vt 0.464200 0.161300
vt 0.448300 0.160100
vt 0.448500 0.155700
vt 0.448600 0.151300
vt 0.448700 0.146800
vt 0.448800 0.142300
vt 0.054100 0.244800
vt 0.044200 0.244400
vt 0.035300 0.244000
vt 0.054600 0.242600
vt 0.044800 0.242300
vt 0.036100 0.241900
vt 0.027700 0.243300
vt 0.021800 0.242400
vt 0.028900 0.241300
vt 0.023300 0.240600
vt 0.025300 0.239300
vt 0.030300 0.239700
vt 0.031200 0.238500
vt 0.027400 0.238500
vt 0.037000 0.240100
vt 0.037600 0.238600
vt 0.045400 0.240400
vt 0.055100 0.240600
vt 0.055500 0.238900
vt 0.045800 0.238800
vt 0.239700 0.260700
vt 0.228100 0.259800
vt 0.227800 0.262500
vt 0.239400 0.263400
vt 0.213100 0.258700
vt 0.212800 0.261300
vt 0.240100 0.257800
vt 0.228500 0.256900
vt 0.213400 0.255900
vt 0.195600 0.257600
vt 0.195400 0.260100
vt 0.195900 0.254900
vt 0.196200 0.252100
vt 0.213700 0.253000
vt 0.228900 0.253900
vt 0.240500 0.254600
vt 0.278200 0.263800
vt 0.271100 0.263700
vt 0.270700 0.266900
vt 0.277900 0.267000
vt 0.264800 0.263300
vt 0.264400 0.266400
vt 0.278600 0.260500
vt 0.271500 0.260400
vt 0.265300 0.260000
vt 0.259700 0.262800
vt 0.255700 0.262200
vt 0.255300 0.265100
vt 0.259200 0.265700
vt 0.260100 0.259600
vt 0.256200 0.259100
vt 0.256700 0.255900
vt 0.260600 0.256300
vt 0.265800 0.256700
vt 0.272000 0.257000
vt 0.279000 0.257000
vt 0.314700 0.260500
vt 0.304200 0.261700
vt 0.304200 0.264800
vt 0.314800 0.263500
vt 0.294700 0.262700
vt 0.294500 0.265900
vt 0.314600 0.257500
vt 0.304200 0.258600
vt 0.294800 0.259500
vt 0.286000 0.263500
vt 0.285800 0.266700
vt 0.286300 0.260100
vt 0.286600 0.256700
vt 0.295000 0.256200
vt 0.304300 0.255400
vt 0.314500 0.254400
vt 0.365200 0.254500
vt 0.351900 0.256100
vt 0.352400 0.258700
vt 0.365900 0.256800
vt 0.338800 0.257700
vt 0.339200 0.260400
vt 0.364500 0.252100
vt 0.351300 0.253500
vt 0.338400 0.254900
vt 0.326300 0.259100
vt 0.326600 0.262000
vt 0.326100 0.256200
vt 0.325800 0.253300
vt 0.338000 0.252200
vt 0.350800 0.251000
vt 0.363800 0.249800
vt 0.108200 0.155400
vt 0.085500 0.154100
vt 0.085500 0.157100
vt 0.108200 0.158500
vt 0.063300 0.152600
vt 0.063400 0.155500
vt 0.108200 0.152900
vt 0.085400 0.151600
vt 0.063200 0.150100
vt 0.043600 0.151100
vt 0.028100 0.149900
vt 0.028300 0.152500
vt 0.043700 0.153900
vt 0.043400 0.148700
vt 0.027900 0.147500
vt 0.027500 0.145200
vt 0.043100 0.146400
vt 0.063000 0.147900
vt 0.085200 0.149500
vt 0.108100 0.150800
vt 0.169900 0.152400
vt 0.188800 0.152400
vt 0.169900 0.154400
vt 0.188700 0.154300
vt 0.150300 0.152200
vt 0.150300 0.154200
vt 0.169900 0.156800
vt 0.169900 0.160000
vt 0.188700 0.159900
vt 0.188700 0.156700
vt 0.150300 0.156700
vt 0.150300 0.159900
vt 0.129700 0.159400
vt 0.129800 0.156200
vt 0.129800 0.153700
vt 0.129700 0.151700
vt 0.242300 0.151200
vt 0.259700 0.150600
vt 0.242200 0.152900
vt 0.259600 0.152300
vt 0.224800 0.151700
vt 0.224800 0.153500
vt 0.242200 0.155100
vt 0.242300 0.158100
vt 0.259600 0.157400
vt 0.259500 0.154400
vt 0.224800 0.155800
vt 0.224800 0.158800
vt 0.207000 0.159400
vt 0.207000 0.156300
vt 0.207000 0.153900
vt 0.207000 0.152100
vt 0.329500 0.147600
vt 0.329900 0.147600
vt 0.329300 0.149700
vt 0.329700 0.149700
vt 0.328200 0.147600
vt 0.328000 0.149700
vt 0.329200 0.152000
vt 0.329100 0.154500
vt 0.329500 0.154500
vt 0.329600 0.152000
vt 0.327900 0.152000
vt 0.327800 0.154500
vt 0.324400 0.154700
vt 0.324400 0.152100
vt 0.317900 0.152400
vt 0.317800 0.154900
vt 0.324600 0.149900
vt 0.318000 0.150100
vt 0.324700 0.147800
vt 0.318100 0.148100
vt 0.362300 0.152300
vt 0.374000 0.154100
vt 0.362000 0.155000
vt 0.373700 0.157200
vt 0.352200 0.150700
vt 0.352000 0.153200
vt 0.361700 0.157900
vt 0.361400 0.160700
vt 0.373100 0.163200
vt 0.373400 0.160200
vt 0.351700 0.155900
vt 0.351400 0.158600
vt 0.343300 0.156900
vt 0.343600 0.154300
vt 0.337400 0.153100
vt 0.337200 0.155700
vt 0.343800 0.151800
vt 0.337600 0.150700
vt 0.344000 0.149400
vt 0.337800 0.148500
vt 0.416700 0.160600
vt 0.432400 0.162700
vt 0.416500 0.164500
vt 0.432200 0.166800
vt 0.401600 0.158400
vt 0.401300 0.162000
vt 0.416200 0.168300
vt 0.415900 0.171800
vt 0.431700 0.174500
vt 0.431900 0.170800
vt 0.401000 0.165600
vt 0.400700 0.168900
vt 0.386300 0.166000
vt 0.386600 0.162800
vt 0.386900 0.159500
vt 0.387200 0.156200
vt 0.480000 0.167000
vt 0.496000 0.167400
vt 0.479900 0.171700
vt 0.496000 0.172100
vt 0.464100 0.166000
vt 0.463900 0.170500
vt 0.479800 0.176000
vt 0.479800 0.180000
vt 0.495900 0.180500
vt 0.496000 0.176500
vt 0.463800 0.174800
vt 0.463600 0.178700
vt 0.447600 0.176900
vt 0.447800 0.173100
vt 0.448000 0.168900
vt 0.448200 0.164500
vt 0.178500 0.230900
vt 0.159300 0.231600
vt 0.159300 0.232700
vt 0.178600 0.232100
vt 0.140400 0.232300
vt 0.140400 0.233300
vt 0.178400 0.229500
vt 0.159200 0.230400
vt 0.140300 0.231200
vt 0.122400 0.232900
vt 0.105700 0.233500
vt 0.105800 0.234400
vt 0.122400 0.233800
vt 0.122300 0.231900
vt 0.105700 0.232600
vt 0.105500 0.231500
vt 0.122100 0.230700
vt 0.140100 0.229900
vt 0.159000 0.228900
vt 0.178300 0.227900
vt 0.100200 0.204900
vt 0.117500 0.203900
vt 0.116700 0.202300
vt 0.097300 0.203700
vt 0.136300 0.202600
vt 0.136200 0.200800
vt 0.100700 0.206600
vt 0.117800 0.205700
vt 0.136300 0.204500
vt 0.155400 0.201100
vt 0.174500 0.199300
vt 0.175000 0.197900
vt 0.155600 0.199400
vt 0.155400 0.202900
vt 0.174500 0.201100
vt 0.174600 0.203100
vt 0.155500 0.204900
vt 0.136200 0.206500
vt 0.117400 0.207700
vt 0.100000 0.208600
vt 0.014900 0.223600
vt 0.013400 0.224700
vt 0.015000 0.227300
vt 0.018300 0.225800
vt 0.012000 0.226200
vt 0.013100 0.229100
vt 0.013900 0.221300
vt 0.012800 0.222000
vt 0.011800 0.222800
vt 0.011100 0.228000
vt 0.010400 0.230100
vt 0.012100 0.235400
vt 0.012200 0.231400
vt 0.010700 0.223700
vt 0.009200 0.224700
vt 0.009400 0.219200
vt 0.011300 0.219300
vt 0.014300 0.215300
vt 0.009600 0.213700
vt 0.013000 0.219300
vt 0.016200 0.216000
vt 0.014100 0.219100
vt 0.014900 0.218900
vt 0.018100 0.216700
vt 0.017400 0.216500
vt 0.060800 0.210400
vt 0.060900 0.209100
vt 0.050100 0.209700
vt 0.050200 0.210900
vt 0.060900 0.207500
vt 0.049800 0.208200
vt 0.072000 0.210300
vt 0.072600 0.208800
vt 0.072900 0.207200
vt 0.060600 0.205700
vt 0.060100 0.203800
vt 0.047700 0.203800
vt 0.049200 0.206400
vt 0.072800 0.205500
vt 0.072500 0.203800
vt 0.084900 0.203700
vt 0.085600 0.205300
vt 0.085900 0.207000
vt 0.085400 0.208800
vt 0.083800 0.210400
vt 0.230400 0.224800
vt 0.242300 0.224100
vt 0.230600 0.226900
vt 0.242500 0.226300
vt 0.215000 0.225800
vt 0.215200 0.227700
vt 0.230700 0.228900
vt 0.230800 0.230700
vt 0.242700 0.230400
vt 0.242600 0.228400
vt 0.215300 0.229500
vt 0.215400 0.231100
vt 0.197600 0.231600
vt 0.197600 0.230100
vt 0.197500 0.228600
vt 0.197300 0.226800
vt 0.273900 0.221300
vt 0.280500 0.220900
vt 0.274100 0.224100
vt 0.280600 0.223700
vt 0.268000 0.221800
vt 0.268200 0.224500
vt 0.274200 0.226800
vt 0.274300 0.229500
vt 0.280800 0.229300
vt 0.280700 0.226500
vt 0.268400 0.227100
vt 0.268500 0.229700
vt 0.263500 0.229800
vt 0.263400 0.227400
vt 0.259600 0.227600
vt 0.259600 0.230000
vt 0.263300 0.224900
vt 0.259400 0.225300
vt 0.263000 0.222300
vt 0.259100 0.222800
vt 0.303700 0.220000
vt 0.313100 0.219800
vt 0.303700 0.222900
vt 0.313100 0.222700
vt 0.295200 0.220200
vt 0.295300 0.223100
vt 0.303800 0.225800
vt 0.303800 0.228700
vt 0.313200 0.228400
vt 0.313200 0.225500
vt 0.295300 0.226000
vt 0.295400 0.228900
vt 0.287800 0.229100
vt 0.287700 0.226300
vt 0.287600 0.223400
vt 0.287500 0.220500
vt 0.347300 0.219100
vt 0.359600 0.218800
vt 0.347200 0.221800
vt 0.359500 0.221500
vt 0.335300 0.219300
vt 0.335200 0.222100
vt 0.347200 0.224600
vt 0.347200 0.227400
vt 0.359300 0.227100
vt 0.359400 0.224300
vt 0.335200 0.225000
vt 0.335200 0.227800
vt 0.323800 0.228100
vt 0.323700 0.225300
vt 0.323700 0.222400
vt 0.323800 0.219600
vt 0.084100 0.108800
vt 0.107400 0.107800
vt 0.084000 0.112800
vt 0.107200 0.112100
vt 0.061500 0.110000
vt 0.061300 0.113600
vt 0.083900 0.117100
vt 0.083800 0.121600
vt 0.107100 0.121800
vt 0.107200 0.116900
vt 0.061200 0.117500
vt 0.061200 0.121500
vt 0.040900 0.121400
vt 0.041000 0.117800
vt 0.025100 0.118100
vt 0.025100 0.121300
vt 0.041100 0.114400
vt 0.025300 0.115000
vt 0.041300 0.111100
vt 0.025400 0.112100
vt 0.169900 0.106600
vt 0.189000 0.106600
vt 0.169900 0.111400
vt 0.189000 0.111400
vt 0.150100 0.106800
vt 0.150000 0.111500
vt 0.169900 0.116700
vt 0.169800 0.122200
vt 0.189000 0.122300
vt 0.189000 0.116700
vt 0.150000 0.116600
vt 0.149900 0.122100
vt 0.129100 0.121900
vt 0.129100 0.116700
vt 0.129200 0.111700
vt 0.129300 0.107100
vt 0.243300 0.107200
vt 0.260800 0.107800
vt 0.243400 0.111900
vt 0.260900 0.112300
vt 0.225600 0.106900
vt 0.225600 0.111600
vt 0.243400 0.117100
vt 0.243400 0.122500
vt 0.260900 0.122500
vt 0.260900 0.117300
vt 0.225600 0.116900
vt 0.225600 0.122400
vt 0.207500 0.122400
vt 0.207500 0.116800
vt 0.207500 0.111500
vt 0.207500 0.106700
vt 0.330600 0.108900
vt 0.330800 0.111900
vt 0.331100 0.111900
vt 0.330900 0.108800
vt 0.330900 0.115300
vt 0.331200 0.115300
vt 0.329300 0.108800
vt 0.329400 0.111900
vt 0.329600 0.115300
vt 0.330900 0.118900
vt 0.330900 0.122600
vt 0.331200 0.122600
vt 0.331200 0.118900
vt 0.329600 0.118900
vt 0.329600 0.122600
vt 0.326200 0.122600
vt 0.326200 0.118800
vt 0.319600 0.118600
vt 0.319600 0.122600
vt 0.326100 0.115100
vt 0.319500 0.114800
vt 0.326000 0.111600
vt 0.325900 0.108500
vt 0.319400 0.111200
vt 0.363300 0.110600
vt 0.375200 0.110300
vt 0.363300 0.114500
vt 0.375200 0.114300
vt 0.353100 0.110900
vt 0.353100 0.114700
vt 0.363300 0.118600
vt 0.363300 0.122800
vt 0.375100 0.122800
vt 0.375200 0.118500
vt 0.353100 0.118600
vt 0.353100 0.122700
vt 0.344800 0.122700
vt 0.344800 0.118700
vt 0.338500 0.118800
vt 0.338500 0.122600
vt 0.344800 0.114900
vt 0.338500 0.115000
vt 0.344700 0.111200
vt 0.338500 0.111500
vt 0.418400 0.109600
vt 0.434100 0.109500
vt 0.418300 0.114000
vt 0.433900 0.113900
vt 0.403100 0.109800
vt 0.403100 0.114000
vt 0.418100 0.118500
vt 0.418000 0.123100
vt 0.433500 0.123200
vt 0.433700 0.118500
vt 0.402900 0.118500
vt 0.402800 0.123000
vt 0.388400 0.122900
vt 0.388500 0.118500
vt 0.388600 0.114100
vt 0.388600 0.110000
vt 0.481300 0.109400
vt 0.497000 0.109400
vt 0.481100 0.114100
vt 0.496800 0.114100
vt 0.465600 0.109400
vt 0.465300 0.114000
vt 0.480800 0.118800
vt 0.480600 0.123500
vt 0.496300 0.123600
vt 0.496500 0.118800
vt 0.465100 0.118700
vt 0.464900 0.123400
vt 0.449200 0.123300
vt 0.449400 0.118600
vt 0.449600 0.114000
vt 0.449800 0.109400
vt 0.045700 0.232500
vt 0.046000 0.233600
vt 0.055600 0.233400
vt 0.046100 0.234500
vt 0.055800 0.234300
vt 0.037400 0.232600
vt 0.037600 0.233700
vt 0.037600 0.234500
vt 0.046100 0.235100
vt 0.046100 0.235600
vt 0.055800 0.235600
vt 0.055800 0.235000
vt 0.037500 0.235100
vt 0.037500 0.235600
vt 0.030000 0.235500
vt 0.030100 0.234900
vt 0.024000 0.234700
vt 0.023900 0.235400
vt 0.030300 0.234300
vt 0.024500 0.234000
vt 0.030900 0.233600
vt 0.031000 0.232600
vt 0.027100 0.232500
vt 0.025700 0.233200
vt 0.025000 0.231700
vt 0.021800 0.232400
vt 0.020100 0.233400
vt 0.022600 0.230300
vt 0.019000 0.231200
vt 0.017000 0.232400
vt 0.019400 0.234400
vt 0.019200 0.235400
vt 0.016000 0.233900
vt 0.015900 0.235400
vt 0.013600 0.235400
vt 0.013800 0.233100
vt 0.014700 0.231100
vt 0.016800 0.229500
vt 0.020600 0.228400
vt 0.193300 0.201000
vt 0.193100 0.198900
vt 0.210600 0.198800
vt 0.210300 0.196600
vt 0.192900 0.197000
vt 0.192800 0.195200
vt 0.210400 0.194500
vt 0.210600 0.192400
vt 0.228500 0.189700
vt 0.226700 0.192100
vt 0.239100 0.190200
vt 0.246300 0.187000
vt 0.225500 0.194500
vt 0.237100 0.192800
vt 0.225400 0.196800
vt 0.236800 0.195200
vt 0.256600 0.191700
vt 0.252600 0.192600
vt 0.255900 0.189300
vt 0.251900 0.190200
vt 0.261800 0.190700
vt 0.261300 0.188100
vt 0.254900 0.187000
vt 0.253800 0.184900
vt 0.247600 0.186700
vt 0.250600 0.188200
vt 0.260700 0.185600
vt 0.260000 0.183100
vt 0.266200 0.181300
vt 0.266900 0.184100
vt 0.274100 0.183100
vt 0.272400 0.179500
vt 0.267600 0.187000
vt 0.274900 0.186200
vt 0.268100 0.189800
vt 0.275400 0.189100
vt 0.283400 0.188800
vt 0.283000 0.185900
vt 0.292300 0.189000
vt 0.292100 0.186000
vt 0.282500 0.182900
vt 0.281900 0.179900
vt 0.291800 0.183100
vt 0.291500 0.180200
vt 0.301000 0.180600
vt 0.301500 0.183500
vt 0.312300 0.184200
vt 0.310500 0.181000
vt 0.301900 0.186500
vt 0.312800 0.187200
vt 0.302100 0.189400
vt 0.312900 0.190100
vt 0.324900 0.190900
vt 0.324900 0.188000
vt 0.337600 0.191900
vt 0.337800 0.189000
vt 0.324600 0.185100
vt 0.324300 0.182100
vt 0.337900 0.186100
vt 0.338000 0.183200
vt 0.351800 0.184300
vt 0.351500 0.187200
vt 0.365200 0.188300
vt 0.365600 0.185400
vt 0.351200 0.190100
vt 0.364900 0.191200
vt 0.351000 0.193000
vt 0.364600 0.194100
vt 0.044000 0.085900
vt 0.028700 0.087200
vt 0.043200 0.082700
vt 0.027500 0.084400
vt 0.063700 0.084200
vt 0.063300 0.080500
vt 0.040700 0.079500
vt 0.037500 0.076500
vt 0.013200 0.080500
vt 0.023900 0.081900
vt 0.062600 0.076500
vt 0.061800 0.072400
vt 0.086000 0.068400
vt 0.085800 0.073500
vt 0.108800 0.071200
vt 0.110300 0.064400
vt 0.085700 0.078300
vt 0.108500 0.076600
vt 0.085700 0.082600
vt 0.108500 0.081300
vt 0.130000 0.080500
vt 0.130000 0.075600
vt 0.150600 0.080200
vt 0.150500 0.075300
vt 0.130200 0.070100
vt 0.130500 0.064200
vt 0.150600 0.069800
vt 0.150700 0.064000
vt 0.170800 0.063800
vt 0.170500 0.069700
vt 0.189800 0.069900
vt 0.191000 0.063600
vt 0.170300 0.075300
vt 0.189400 0.075600
vt 0.170300 0.080300
vt 0.189200 0.080600
vt 0.207500 0.081100
vt 0.207700 0.076100
vt 0.225400 0.081800
vt 0.225600 0.076900
vt 0.208200 0.070500
vt 0.208700 0.064600
vt 0.225900 0.071300
vt 0.226300 0.065500
vt 0.244000 0.066400
vt 0.243500 0.072300
vt 0.260900 0.073500
vt 0.261600 0.067400
vt 0.243100 0.077800
vt 0.260500 0.078900
vt 0.242900 0.082700
vt 0.260100 0.083600
vt 0.277400 0.084600
vt 0.277700 0.080200
vt 0.293500 0.085600
vt 0.293800 0.081600
vt 0.278000 0.075300
vt 0.278500 0.070100
vt 0.294500 0.077300
vt 0.295300 0.072900
vt 0.312200 0.075600
vt 0.309900 0.079300
vt 0.321600 0.080800
vt 0.329000 0.078400
vt 0.308100 0.082900
vt 0.319100 0.084000
vt 0.307400 0.086500
vt 0.318200 0.087200
vt 0.335200 0.080800
vt 0.341700 0.079600
vt 0.340200 0.076700
vt 0.331000 0.078300
vt 0.350400 0.078000
vt 0.349500 0.075100
vt 0.336700 0.083800
vt 0.342900 0.082600
vt 0.351100 0.081000
vt 0.360000 0.076200
vt 0.371200 0.073900
vt 0.368000 0.071900
vt 0.358800 0.073500
vt 0.360900 0.079000
vt 0.372500 0.076500
vt 0.373200 0.079300
vt 0.361500 0.081800
vt 0.351500 0.083900
vt 0.343400 0.085500
vt 0.337400 0.086800
vt 0.386400 0.076500
vt 0.385900 0.073700
vt 0.400900 0.073600
vt 0.400400 0.070600
vt 0.384900 0.071000
vt 0.383700 0.068500
vt 0.399900 0.067800
vt 0.399300 0.065000
vt 0.414900 0.061500
vt 0.415400 0.064600
vt 0.431200 0.061800
vt 0.430600 0.058100
vt 0.415800 0.067600
vt 0.431700 0.065000
vt 0.416200 0.070700
vt 0.432000 0.068100
vt 0.448000 0.066000
vt 0.447700 0.062900
vt 0.464200 0.064400
vt 0.464000 0.061400
vt 0.447400 0.059900
vt 0.447100 0.057000
vt 0.463800 0.058600
vt 0.463600 0.055900
vt 0.480200 0.054800
vt 0.480200 0.057600
vt 0.496700 0.057200
vt 0.496700 0.053700
vt 0.480300 0.060400
vt 0.496600 0.060200
vt 0.480400 0.063500
vt 0.496600 0.063200
vt 0.253500 0.207900
vt 0.254300 0.211200
vt 0.255000 0.214400
vt 0.251000 0.208200
vt 0.251700 0.211500
vt 0.252400 0.214700
vt 0.255700 0.217500
vt 0.256200 0.220400
vt 0.253000 0.217800
vt 0.253600 0.220700
vt 0.249300 0.221000
vt 0.248800 0.218200
vt 0.248200 0.215100
vt 0.247600 0.212000
vt 0.246900 0.208700
vt 0.250700 0.195700
vt 0.251400 0.198500
vt 0.252000 0.201500
vt 0.248200 0.196100
vt 0.248900 0.198900
vt 0.249500 0.201900
vt 0.252800 0.204700
vt 0.250300 0.205000
vt 0.246200 0.205500
vt 0.245500 0.202400
vt 0.244900 0.199500
vt 0.244300 0.196700
vt 0.247300 0.186800
vt 0.248500 0.188700
vt 0.249500 0.190800
vt 0.246900 0.186800
vt 0.247000 0.189000
vt 0.247300 0.191200
vt 0.250200 0.193100
vt 0.247700 0.193600
vt 0.243700 0.194200
vt 0.243700 0.191800
vt 0.244900 0.189400
vt 0.246600 0.186900
vt 0.254800 0.252300
vt 0.254200 0.255600
vt 0.253700 0.258900
vt 0.252200 0.252100
vt 0.251700 0.255400
vt 0.251200 0.258600
vt 0.253300 0.261900
vt 0.252900 0.264700
vt 0.250800 0.261600
vt 0.250400 0.264400
vt 0.246400 0.264000
vt 0.246800 0.261300
vt 0.247200 0.258300
vt 0.247600 0.255100
vt 0.248100 0.251900
vt 0.256700 0.239700
vt 0.256300 0.242600
vt 0.255900 0.245800
vt 0.254100 0.239600
vt 0.253700 0.242500
vt 0.253200 0.245600
vt 0.255300 0.249000
vt 0.252700 0.248800
vt 0.248600 0.248600
vt 0.249100 0.245400
vt 0.249500 0.242300
vt 0.249800 0.239400
vt 0.257100 0.230000
vt 0.257100 0.232300
vt 0.259700 0.232300
vt 0.257100 0.234600
vt 0.259600 0.234600
vt 0.254400 0.230100
vt 0.254400 0.232300
vt 0.254400 0.234500
vt 0.257000 0.237000
vt 0.259500 0.237200
vt 0.254300 0.236900
vt 0.250000 0.236900
vt 0.242600 0.236800
vt 0.250100 0.234500
vt 0.242700 0.234500
vt 0.250100 0.232300
vt 0.250100 0.230200
vt 0.242700 0.232400
vt 0.009300 0.110100
vt 0.009700 0.107700
vt 0.009400 0.107500
vt 0.008900 0.109800
vt 0.010200 0.105300
vt 0.009900 0.105200
vt 0.011200 0.110200
vt 0.011600 0.107700
vt 0.012000 0.105300
vt 0.010700 0.103000
vt 0.011200 0.100700
vt 0.010900 0.100600
vt 0.010400 0.102900
vt 0.012500 0.102900
vt 0.013000 0.100600
vt 0.017800 0.100300
vt 0.017400 0.102600
vt 0.016900 0.105000
vt 0.016500 0.107400
vt 0.016100 0.109900
vt 0.008700 0.121200
vt 0.008800 0.118400
vt 0.008500 0.118300
vt 0.008400 0.121200
vt 0.008900 0.115600
vt 0.008700 0.115500
vt 0.010600 0.121200
vt 0.010600 0.118400
vt 0.010700 0.115600
vt 0.009100 0.112800
vt 0.008800 0.112600
vt 0.010900 0.112800
vt 0.015800 0.112600
vt 0.015700 0.115400
vt 0.015500 0.118300
vt 0.015500 0.121200
vt 0.011000 0.141700
vt 0.010500 0.139400
vt 0.010300 0.139500
vt 0.010700 0.141800
vt 0.010100 0.137100
vt 0.009800 0.137200
vt 0.012800 0.141800
vt 0.012300 0.139500
vt 0.011900 0.137100
vt 0.009600 0.134700
vt 0.009200 0.132200
vt 0.008800 0.132600
vt 0.009300 0.134900
vt 0.011500 0.134700
vt 0.011100 0.132200
vt 0.016000 0.132500
vt 0.016400 0.135100
vt 0.016800 0.137500
vt 0.017200 0.139800
vt 0.017600 0.142100
vt 0.012500 0.151100
vt 0.012300 0.148600
vt 0.012100 0.148500
vt 0.012600 0.150800
vt 0.011900 0.146300
vt 0.011600 0.146300
vt 0.014200 0.151300
vt 0.014000 0.148800
vt 0.013600 0.146400
vt 0.011400 0.144000
vt 0.011200 0.144000
vt 0.013200 0.144100
vt 0.018100 0.144400
vt 0.018500 0.146800
vt 0.018800 0.149200
vt 0.019000 0.151700
vt 0.012100 0.162000
vt 0.012300 0.159200
vt 0.012100 0.159200
vt 0.011900 0.162000
vt 0.012500 0.156400
vt 0.012200 0.156400
vt 0.012400 0.162000
vt 0.013300 0.159300
vt 0.014000 0.156600
vt 0.012600 0.153700
vt 0.012400 0.153600
vt 0.014200 0.153900
vt 0.019000 0.154400
vt 0.028300 0.155400
vt 0.018200 0.157100
vt 0.027100 0.158200
vt 0.015800 0.159600
vt 0.012600 0.161900
vt 0.012800 0.161900
vt 0.023500 0.160700
vt 0.011700 0.098400
vt 0.011400 0.098400
vt 0.012100 0.096100
vt 0.011900 0.096100
vt 0.013500 0.098300
vt 0.013900 0.096000
vt 0.012500 0.093800
vt 0.012800 0.091300
vt 0.012900 0.091600
vt 0.012400 0.093800
vt 0.014300 0.093600
vt 0.014500 0.091100
vt 0.019300 0.090800
vt 0.019100 0.093300
vt 0.018700 0.095700
vt 0.018300 0.098100
vt 0.334200 0.099300
vt 0.334300 0.101400
vt 0.334400 0.103500
vt 0.331900 0.099600
vt 0.332000 0.101600
vt 0.332100 0.103700
vt 0.334500 0.105900
vt 0.334500 0.108600
vt 0.332200 0.106000
vt 0.332300 0.108700
vt 0.331300 0.108800
vt 0.331200 0.106100
vt 0.330800 0.106200
vt 0.331100 0.103800
vt 0.330600 0.103800
vt 0.330900 0.101700
vt 0.330800 0.099700
vt 0.330300 0.099700
vt 0.330500 0.101700
vt 0.333700 0.090300
vt 0.333800 0.092800
vt 0.334000 0.095100
vt 0.331400 0.090600
vt 0.331500 0.093200
vt 0.331700 0.095400
vt 0.334100 0.097300
vt 0.331800 0.097500
vt 0.330700 0.097600
vt 0.330200 0.097600
vt 0.330500 0.095500
vt 0.330000 0.095500
vt 0.330400 0.093200
vt 0.330300 0.090700
vt 0.329900 0.090700
vt 0.329900 0.093200
vt 0.330700 0.078300
vt 0.332000 0.081400
vt 0.333000 0.084500
vt 0.330400 0.078400
vt 0.330800 0.081600
vt 0.331100 0.084800
vt 0.333500 0.087500
vt 0.331300 0.087800
vt 0.330300 0.087900
vt 0.329800 0.087900
vt 0.330200 0.084900
vt 0.329800 0.084900
vt 0.330200 0.081700
vt 0.330100 0.078500
vt 0.329800 0.078500
vt 0.329800 0.081700
vt 0.333900 0.145900
vt 0.333800 0.147900
vt 0.333600 0.150100
vt 0.331600 0.145600
vt 0.331500 0.147700
vt 0.331300 0.149800
vt 0.333500 0.152400
vt 0.333300 0.154900
vt 0.331200 0.152000
vt 0.331000 0.154500
vt 0.330000 0.154400
vt 0.330100 0.151900
vt 0.330200 0.149700
vt 0.330400 0.147600
vt 0.330500 0.145500
vt 0.334400 0.136700
vt 0.334300 0.139300
vt 0.334200 0.141700
vt 0.332200 0.136500
vt 0.332000 0.139100
vt 0.331900 0.141500
vt 0.334000 0.143800
vt 0.331800 0.143600
vt 0.330700 0.143500
vt 0.330900 0.141400
vt 0.331000 0.139000
vt 0.331200 0.136400
vt 0.334600 0.122600
vt 0.334600 0.126400
vt 0.338500 0.126500
vt 0.334500 0.130100
vt 0.338400 0.130200
vt 0.332500 0.122600
vt 0.332500 0.126300
vt 0.332400 0.130000
vt 0.334500 0.133500
vt 0.338400 0.133700
vt 0.332300 0.133400
vt 0.331300 0.133300
vt 0.330900 0.133300
vt 0.331400 0.129900
vt 0.331100 0.129900
vt 0.331500 0.126300
vt 0.331600 0.122600
vt 0.331200 0.126300
vt 0.041500 0.215600
vt 0.041800 0.216700
vt 0.042100 0.218000
vt 0.033500 0.216300
vt 0.033800 0.217300
vt 0.034000 0.218500
vt 0.042300 0.219300
vt 0.042500 0.220600
vt 0.034400 0.219800
vt 0.034600 0.221000
vt 0.028300 0.221200
vt 0.027900 0.220200
vt 0.022900 0.220500
vt 0.024500 0.221200
vt 0.027200 0.219100
vt 0.021900 0.219500
vt 0.027300 0.218000
vt 0.027300 0.217000
vt 0.023600 0.217600
vt 0.022400 0.218400
vt 0.043300 0.225800
vt 0.043900 0.227500
vt 0.044500 0.229300
vt 0.034200 0.226000
vt 0.034800 0.227800
vt 0.035800 0.229600
vt 0.045200 0.231000
vt 0.036700 0.231200
vt 0.029900 0.231400
vt 0.028300 0.229800
vt 0.026800 0.227900
vt 0.025900 0.226100
vt 0.088900 0.254700
vt 0.088700 0.256900
vt 0.075500 0.254500
vt 0.075300 0.256600
vt 0.089200 0.252400
vt 0.075800 0.252300
vt 0.063500 0.254300
vt 0.063200 0.256300
vt 0.063800 0.252100
vt 0.064100 0.249700
vt 0.064500 0.247300
vt 0.076100 0.249900
vt 0.076500 0.247500
vt 0.089500 0.250000
vt 0.089800 0.247600
vt 0.090000 0.245100
vt 0.076800 0.245100
vt 0.090300 0.242700
vt 0.077100 0.242800
vt 0.064900 0.244900
vt 0.065300 0.242700
vt 0.065700 0.240700
vt 0.066000 0.239000
vt 0.077400 0.240700
vt 0.077700 0.238900
vt 0.090600 0.240600
vt 0.090800 0.238800
vt 0.023700 0.214800
vt 0.023100 0.214100
vt 0.022200 0.213400
vt 0.031200 0.213100
vt 0.030700 0.212200
vt 0.030200 0.211200
vt 0.020800 0.212400
vt 0.019100 0.211300
vt 0.029400 0.210000
vt 0.028600 0.208800
vt 0.038200 0.206300
vt 0.038900 0.207900
vt 0.039400 0.209500
vt 0.039900 0.210700
vt 0.040200 0.211800
vt 0.090800 0.232100
vt 0.090900 0.233200
vt 0.077700 0.232700
vt 0.077900 0.233700
vt 0.091000 0.234000
vt 0.091100 0.234800
vt 0.078000 0.234500
vt 0.078000 0.235100
vt 0.066300 0.235400
vt 0.066300 0.234800
vt 0.066300 0.234000
vt 0.066100 0.233100
vt 0.159300 0.233800
vt 0.178600 0.233400
vt 0.159300 0.235100
vt 0.178500 0.234800
vt 0.140400 0.234300
vt 0.140400 0.235400
vt 0.159200 0.236500
vt 0.178500 0.236400
vt 0.140300 0.236700
vt 0.122300 0.237000
vt 0.105600 0.237200
vt 0.122400 0.235700
vt 0.105700 0.236100
vt 0.122400 0.234700
vt 0.105800 0.235200
vt 0.118100 0.264700
vt 0.119200 0.263000
vt 0.101900 0.262500
vt 0.098600 0.264000
vt 0.120000 0.261300
vt 0.103000 0.260900
vt 0.137600 0.265300
vt 0.138000 0.263600
vt 0.138300 0.261800
vt 0.120400 0.259400
vt 0.103500 0.259100
vt 0.138500 0.259900
vt 0.157300 0.260500
vt 0.176400 0.261300
vt 0.157200 0.262400
vt 0.176300 0.263300
vt 0.157200 0.264300
vt 0.157200 0.266000
vt 0.176700 0.266600
vt 0.176300 0.265200
vt 0.016700 0.243400
vt 0.016000 0.245900
vt 0.016100 0.248600
vt 0.014000 0.241700
vt 0.013300 0.244500
vt 0.013400 0.247800
vt 0.017500 0.251100
vt 0.020500 0.253200
vt 0.014900 0.250900
vt 0.018200 0.253700
vt 0.015600 0.254500
vt 0.012500 0.251000
vt 0.010200 0.251100
vt 0.010700 0.256300
vt 0.011600 0.246900
vt 0.009800 0.245900
vt 0.011700 0.242700
vt 0.012600 0.239400
vt 0.010700 0.240700
vt 0.061500 0.262900
vt 0.062100 0.261300
vt 0.050600 0.260700
vt 0.049100 0.262500
vt 0.062600 0.259700
vt 0.051300 0.259200
vt 0.073900 0.263300
vt 0.074300 0.261700
vt 0.074800 0.260200
vt 0.062900 0.258100
vt 0.051800 0.257600
vt 0.075000 0.258500
vt 0.088500 0.258800
vt 0.088100 0.260500
vt 0.087300 0.262100
vt 0.086200 0.263600
vt 0.230800 0.232600
vt 0.230800 0.234500
vt 0.215400 0.232800
vt 0.215400 0.234600
vt 0.230700 0.236600
vt 0.215300 0.236500
vt 0.197500 0.236400
vt 0.197600 0.234600
vt 0.197600 0.233100
vt 0.274400 0.232200
vt 0.280900 0.232200
vt 0.274400 0.235000
vt 0.280900 0.235000
vt 0.268500 0.232300
vt 0.268500 0.234900
vt 0.274300 0.237800
vt 0.280900 0.237900
vt 0.268400 0.237600
vt 0.263400 0.237400
vt 0.263500 0.234800
vt 0.263500 0.232300
vt 0.303900 0.231500
vt 0.313300 0.231200
vt 0.304000 0.234400
vt 0.313400 0.234100
vt 0.295500 0.231800
vt 0.295600 0.234700
vt 0.304100 0.237300
vt 0.313600 0.237000
vt 0.295600 0.237600
vt 0.288000 0.237800
vt 0.287900 0.234900
vt 0.287900 0.232000
vt 0.347300 0.230200
vt 0.359600 0.229900
vt 0.347500 0.233000
vt 0.359800 0.232600
vt 0.335300 0.230600
vt 0.335500 0.233400
vt 0.347800 0.235800
vt 0.360100 0.235400
vt 0.335700 0.236200
vt 0.324200 0.236600
vt 0.324000 0.233800
vt 0.323900 0.230900
vt 0.083800 0.126100
vt 0.107100 0.126700
vt 0.083900 0.130500
vt 0.107100 0.131400
vt 0.061200 0.125500
vt 0.061200 0.129400
vt 0.084000 0.134500
vt 0.107200 0.135800
vt 0.061400 0.133000
vt 0.041200 0.131600
vt 0.025400 0.130500
vt 0.041000 0.128400
vt 0.025200 0.127500
vt 0.041000 0.124900
vt 0.025100 0.124400
vt 0.169800 0.127700
vt 0.188900 0.127800
vt 0.169800 0.133000
vt 0.188900 0.133100
vt 0.149900 0.127500
vt 0.149900 0.132600
vt 0.169800 0.137700
vt 0.188900 0.137900
vt 0.149900 0.137400
vt 0.129100 0.136700
vt 0.129100 0.132200
vt 0.129100 0.127100
vt 0.243300 0.127900
vt 0.260900 0.127700
vt 0.243300 0.133100
vt 0.260800 0.132700
vt 0.225600 0.127900
vt 0.225500 0.133200
vt 0.243100 0.137700
vt 0.260600 0.137200
vt 0.225400 0.138000
vt 0.207400 0.138000
vt 0.207400 0.133200
vt 0.207500 0.127900
vt 0.330900 0.126300
vt 0.330800 0.129900
vt 0.329600 0.126300
vt 0.329500 0.129900
vt 0.330600 0.133200
vt 0.329300 0.133300
vt 0.325900 0.133500
vt 0.319300 0.134000
vt 0.326100 0.130100
vt 0.319400 0.130400
vt 0.326200 0.126400
vt 0.319600 0.126600
vt 0.363200 0.126900
vt 0.375100 0.127200
vt 0.363200 0.131000
vt 0.375000 0.131400
vt 0.353000 0.126800
vt 0.353000 0.130700
vt 0.363100 0.134900
vt 0.374900 0.135400
vt 0.352900 0.134500
vt 0.344600 0.134100
vt 0.344700 0.130400
vt 0.344700 0.126600
vt 0.417900 0.127800
vt 0.433400 0.128000
vt 0.417800 0.132400
vt 0.433300 0.132700
vt 0.402700 0.127600
vt 0.402700 0.132100
vt 0.417700 0.136900
vt 0.433200 0.137300
vt 0.402600 0.136400
vt 0.388200 0.135900
vt 0.388300 0.131700
vt 0.388400 0.127400
vt 0.480500 0.128300
vt 0.496200 0.128400
vt 0.480400 0.133200
vt 0.496200 0.133200
vt 0.464800 0.128200
vt 0.464700 0.133000
vt 0.480400 0.138000
vt 0.496100 0.138100
vt 0.464600 0.137900
vt 0.448900 0.137600
vt 0.449000 0.132900
vt 0.449100 0.128100
vt 0.046200 0.236100
vt 0.055800 0.236100
vt 0.046200 0.236700
vt 0.055800 0.236800
vt 0.037500 0.236100
vt 0.037600 0.236700
vt 0.046100 0.237600
vt 0.055700 0.237700
vt 0.037700 0.237500
vt 0.031000 0.237500
vt 0.025900 0.237700
vt 0.030400 0.236700
vt 0.024600 0.236900
vt 0.030100 0.236000
vt 0.024000 0.236100
vt 0.019500 0.236400
vt 0.020400 0.237400
vt 0.016200 0.236900
vt 0.017300 0.238400
vt 0.022200 0.238400
vt 0.019600 0.239600
vt 0.017800 0.241200
vt 0.015300 0.239700
vt 0.014000 0.237700
vt 0.194900 0.268300
vt 0.194900 0.266500
vt 0.195000 0.264500
vt 0.213100 0.270000
vt 0.212700 0.268000
vt 0.212500 0.265900
vt 0.195200 0.262400
vt 0.212600 0.263700
vt 0.227500 0.264900
vt 0.239100 0.265900
vt 0.227800 0.267200
vt 0.239600 0.268300
vt 0.229300 0.269500
vt 0.231300 0.271700
vt 0.249500 0.273400
vt 0.241900 0.270600
vt 0.256500 0.275200
vt 0.257600 0.273100
vt 0.253200 0.272100
vt 0.250300 0.273500
vt 0.258400 0.270900
vt 0.254400 0.270000
vt 0.262800 0.276800
vt 0.263300 0.274300
vt 0.263700 0.271800
vt 0.258900 0.268400
vt 0.255000 0.267700
vt 0.264100 0.269200
vt 0.270400 0.269800
vt 0.277700 0.270000
vt 0.270100 0.272600
vt 0.277400 0.273000
vt 0.269600 0.275500
vt 0.269000 0.278400
vt 0.275300 0.280000
vt 0.276800 0.276100
vt 0.284800 0.278800
vt 0.285200 0.275700
vt 0.285500 0.272700
vt 0.294300 0.277700
vt 0.294400 0.274800
vt 0.294500 0.271900
vt 0.285700 0.269700
vt 0.294500 0.268900
vt 0.304300 0.267800
vt 0.315000 0.266400
vt 0.304300 0.270700
vt 0.315100 0.269400
vt 0.304100 0.273700
vt 0.303700 0.276600
vt 0.313200 0.275400
vt 0.314800 0.272300
vt 0.326900 0.273600
vt 0.327000 0.270700
vt 0.327100 0.267800
vt 0.340500 0.271900
vt 0.340300 0.269000
vt 0.340000 0.266100
vt 0.326900 0.264900
vt 0.339600 0.263300
vt 0.352900 0.261500
vt 0.366400 0.259700
vt 0.353300 0.264400
vt 0.366900 0.262600
vt 0.353700 0.267200
vt 0.354200 0.270100
vt 0.367900 0.268300
vt 0.367400 0.265400
vt 0.037000 0.166300
vt 0.040300 0.163200
vt 0.042800 0.160100
vt 0.061200 0.170600
vt 0.062200 0.166500
vt 0.062900 0.162500
vt 0.043700 0.156900
vt 0.063300 0.158800
vt 0.085300 0.160700
vt 0.108000 0.162400
vt 0.085200 0.165000
vt 0.108000 0.167100
vt 0.085300 0.169800
vt 0.085400 0.174900
vt 0.109700 0.179200
vt 0.108200 0.172500
vt 0.129900 0.179800
vt 0.129700 0.173900
vt 0.129500 0.168400
vt 0.150100 0.180300
vt 0.150100 0.174500
vt 0.150100 0.169000
vt 0.129600 0.163500
vt 0.150200 0.164100
vt 0.169800 0.164300
vt 0.188800 0.164100
vt 0.169900 0.169300
vt 0.188900 0.169200
vt 0.170100 0.174900
vt 0.170300 0.180900
vt 0.190500 0.181400
vt 0.189400 0.174900
vt 0.208200 0.180400
vt 0.207700 0.174400
vt 0.207300 0.168700
vt 0.225900 0.179300
vt 0.225500 0.173500
vt 0.225200 0.167900
vt 0.207100 0.163600
vt 0.224900 0.163000
vt 0.242500 0.162200
vt 0.259800 0.161200
vt 0.242700 0.167000
vt 0.260100 0.165900
vt 0.243100 0.172500
vt 0.243600 0.178300
vt 0.261200 0.177200
vt 0.260500 0.171200
vt 0.278100 0.174600
vt 0.277600 0.169500
vt 0.277300 0.164600
vt 0.294900 0.172000
vt 0.294100 0.167600
vt 0.293400 0.163300
vt 0.277000 0.160300
vt 0.276800 0.156600
vt 0.293100 0.159400
vt 0.293000 0.156000
vt 0.307000 0.155400
vt 0.307100 0.158600
vt 0.317800 0.157900
vt 0.307700 0.162100
vt 0.318700 0.161100
vt 0.309500 0.165700
vt 0.311800 0.169400
vt 0.328600 0.166800
vt 0.321200 0.164300
vt 0.339800 0.168600
vt 0.341200 0.165600
vt 0.334700 0.164400
vt 0.330500 0.166900
vt 0.342400 0.162700
vt 0.336300 0.161400
vt 0.349000 0.170200
vt 0.349900 0.167300
vt 0.350600 0.164400
vt 0.343000 0.159700
vt 0.337000 0.158500
vt 0.351100 0.161500
vt 0.361100 0.163600
vt 0.372700 0.166100
vt 0.360500 0.166500
vt 0.372000 0.168900
vt 0.359500 0.169200
vt 0.358200 0.171900
vt 0.367500 0.173500
vt 0.370700 0.171500
vt 0.383100 0.177000
vt 0.384300 0.174500
vt 0.385300 0.171800
vt 0.398700 0.180500
vt 0.399300 0.177800
vt 0.399900 0.175000
vt 0.385900 0.169000
vt 0.400300 0.172000
vt 0.415600 0.175000
vt 0.431400 0.177800
vt 0.415200 0.178000
vt 0.431000 0.180900
vt 0.414800 0.181000
vt 0.414300 0.184000
vt 0.429900 0.187500
vt 0.430600 0.183900
vt 0.446400 0.189000
vt 0.446800 0.186100
vt 0.447100 0.183200
vt 0.462900 0.190500
vt 0.463100 0.187800
vt 0.463300 0.185100
vt 0.447400 0.180200
vt 0.463500 0.182100
vt 0.479700 0.183300
vt 0.495900 0.183900
vt 0.479600 0.186400
vt 0.495900 0.186900
vt 0.479500 0.189200
vt 0.479400 0.192100
vt 0.495900 0.193600
vt 0.495900 0.189900
vt 0.246100 0.266500
vt 0.250100 0.266900
vt 0.246300 0.268900
vt 0.249800 0.269200
vt 0.252500 0.267300
vt 0.252000 0.269600
vt 0.251100 0.271600
vt 0.250100 0.273500
vt 0.249800 0.271400
vt 0.249900 0.273500
vt 0.247700 0.271200
vt 0.249700 0.273400
vt 0.249700 0.223600
vt 0.253900 0.223300
vt 0.249900 0.225900
vt 0.254200 0.225700
vt 0.256600 0.223000
vt 0.256900 0.225500
vt 0.257000 0.227800
vt 0.254300 0.227900
vt 0.250000 0.228100
vt 0.015800 0.129900
vt 0.010900 0.129600
vt 0.015600 0.127000
vt 0.010700 0.126800
vt 0.009000 0.129600
vt 0.008700 0.129700
vt 0.008900 0.126800
vt 0.008600 0.126900
vt 0.008500 0.124000
vt 0.008800 0.124000
vt 0.010600 0.124000
vt 0.015500 0.124200
vt 0.019300 0.088100
vt 0.014600 0.088500
vt 0.018500 0.085400
vt 0.014400 0.085800
vt 0.012900 0.088700
vt 0.012700 0.088800
vt 0.012800 0.086000
vt 0.012600 0.086000
vt 0.012500 0.083200
vt 0.012700 0.083200
vt 0.012600 0.080400
vt 0.012400 0.080400
vt 0.013700 0.083100
vt 0.012800 0.080400
vt 0.016200 0.082900
vt 0.013000 0.080500
vt 0.329400 0.157300
vt 0.329900 0.157200
vt 0.330900 0.157400
vt 0.329400 0.160300
vt 0.329800 0.160300
vt 0.330700 0.160400
vt 0.333100 0.157700
vt 0.332600 0.160700
vt 0.331600 0.163800
vt 0.330200 0.166900
vt 0.330400 0.163600
vt 0.330000 0.166800
vt 0.329700 0.163500
vt 0.329400 0.163400
vt 0.329400 0.166700
vt 0.329700 0.166700
vt 0.331400 0.111900
vt 0.332400 0.111800
vt 0.331500 0.115300
vt 0.332500 0.115200
vt 0.334600 0.111700
vt 0.334600 0.115100
vt 0.334600 0.118800
vt 0.332500 0.118900
vt 0.331500 0.118900
vt 0.020300 0.257800
vt 0.022200 0.256800
vt 0.024000 0.255700
vt 0.029900 0.259400
vt 0.030900 0.258300
vt 0.031800 0.257200
vt 0.025500 0.254800
vt 0.032500 0.256000
vt 0.041500 0.256900
vt 0.041000 0.258300
vt 0.040300 0.259600
vt 0.039500 0.260900
vt 0.091000 0.235500
vt 0.091000 0.236400
vt 0.078000 0.235800
vt 0.077900 0.236600
vt 0.090900 0.237400
vt 0.077800 0.237600
vt 0.066200 0.237700
vt 0.066300 0.236800
vt 0.066300 0.236000
vt 0.059800 0.213600
vt 0.050300 0.214000
vt 0.060100 0.212600
vt 0.050300 0.213000
vt 0.068800 0.213500
vt 0.069700 0.212500
vt 0.060500 0.211600
vt 0.050300 0.212000
vt 0.070900 0.211500
vt 0.081100 0.211600
vt 0.088700 0.212100
vt 0.078300 0.212600
vt 0.084900 0.212900
vt 0.076700 0.213500
vt 0.082900 0.213700
vt 0.026400 0.216300
vt 0.021700 0.217400
vt 0.025200 0.215800
vt 0.019900 0.217200
vt 0.032900 0.215400
vt 0.032300 0.214600
vt 0.024300 0.215300
vt 0.018800 0.216900
vt 0.031700 0.213900
vt 0.040500 0.212800
vt 0.040800 0.213700
vt 0.041100 0.214600
vt 0.019700 0.221100
vt 0.022800 0.221900
vt 0.017600 0.221700
vt 0.021100 0.222800
vt 0.018400 0.219900
vt 0.016200 0.220300
vt 0.016200 0.222600
vt 0.019800 0.223900
vt 0.014900 0.220700
vt 0.015700 0.218800
vt 0.017000 0.218700
vt 0.019100 0.218600
vt 0.042600 0.221800
vt 0.051700 0.221400
vt 0.042800 0.223100
vt 0.052100 0.222600
vt 0.034400 0.222100
vt 0.034200 0.223300
vt 0.043000 0.224400
vt 0.052600 0.223900
vt 0.034000 0.224600
vt 0.026000 0.224500
vt 0.026800 0.223300
vt 0.027700 0.222200
vt 0.077700 0.219900
vt 0.083600 0.219300
vt 0.079600 0.220700
vt 0.086000 0.219900
vt 0.069900 0.220400
vt 0.071200 0.221400
vt 0.082700 0.221500
vt 0.089900 0.220400
vt 0.072800 0.222500
vt 0.062600 0.223300
vt 0.061800 0.222100
vt 0.061000 0.220900
vt 0.094400 0.213000
vt 0.097100 0.214100
vt 0.098500 0.215700
vt 0.092500 0.213900
vt 0.093600 0.214800
vt 0.094200 0.216000
vt 0.097700 0.217600
vt 0.095300 0.219000
vt 0.094000 0.217200
vt 0.093100 0.218200
vt 0.091500 0.217700
vt 0.091800 0.217000
vt 0.090400 0.216800
vt 0.090400 0.217400
vt 0.091800 0.216100
vt 0.090400 0.216100
vt 0.091600 0.215200
vt 0.091200 0.214500
vt 0.090300 0.214800
vt 0.090300 0.215400
vt 0.090400 0.214300
vt 0.089700 0.214900
vt 0.089600 0.214400
vt 0.089100 0.215000
vt 0.091000 0.213700
vt 0.089500 0.213900
vt 0.088700 0.214700
vt 0.088100 0.215100
vt 0.088000 0.215100
vt 0.088500 0.215000
vt 0.088200 0.214300
vt 0.087400 0.214900
vt 0.085500 0.214800
vt 0.086500 0.214000
vt 0.088300 0.213400
vt 0.091200 0.212900
vt 0.085900 0.218200
vt 0.085100 0.217400
vt 0.084800 0.216600
vt 0.087700 0.218000
vt 0.087100 0.217300
vt 0.086800 0.216500
vt 0.084900 0.215600
vt 0.086900 0.215700
vt 0.087800 0.215700
vt 0.088000 0.215800
vt 0.087700 0.216500
vt 0.088100 0.216500
vt 0.087900 0.217200
vt 0.088400 0.217700
vt 0.088300 0.217800
vt 0.088200 0.217100
vt 0.089100 0.218000
vt 0.088900 0.217700
vt 0.090000 0.218100
vt 0.089400 0.217600
vt 0.088700 0.218400
vt 0.090100 0.218600
vt 0.090800 0.218000
vt 0.089900 0.217500
vt 0.091600 0.218600
vt 0.092100 0.219400
vt 0.089100 0.219300
vt 0.087100 0.218900
vt 0.009300 0.047300
vt 0.009300 0.046100
vt 0.009300 0.046200
vt 0.009200 0.047400
vt 0.009300 0.044900
vt 0.012900 0.047300
vt 0.012900 0.046100
vt 0.012900 0.044900
vt 0.009400 0.043700
vt 0.009400 0.042500
vt 0.009300 0.042400
vt 0.009300 0.043600
vt 0.012900 0.043700
vt 0.012900 0.042600
vt 0.023400 0.042700
vt 0.023400 0.043800
vt 0.023400 0.045000
vt 0.023400 0.046100
vt 0.023400 0.047300
vt 0.009300 0.051400
vt 0.009300 0.050400
vt 0.009200 0.050400
vt 0.009200 0.051400
vt 0.009300 0.049400
vt 0.009200 0.049400
vt 0.011100 0.050400
vt 0.012400 0.049400
vt 0.009300 0.048400
vt 0.009200 0.048400
vt 0.012900 0.048400
vt 0.023400 0.048300
vt 0.021700 0.049400
vt 0.016400 0.050400
vt 0.009500 0.038700
vt 0.009500 0.037700
vt 0.009400 0.038700
vt 0.009500 0.036700
vt 0.013000 0.038700
vt 0.013100 0.037700
vt 0.012700 0.036700
vt 0.009600 0.035700
vt 0.009600 0.034700
vt 0.009500 0.034600
vt 0.009500 0.035600
vt 0.011400 0.035700
vt 0.016700 0.035800
vt 0.021900 0.036900
vt 0.023600 0.037800
vt 0.023600 0.038800
vt 0.009400 0.039600
vt 0.009500 0.039600
vt 0.013000 0.039600
vt 0.009400 0.040500
vt 0.009400 0.040600
vt 0.013000 0.040600
vt 0.023500 0.039700
vt 0.023500 0.040700
vt 0.023400 0.041700
vt 0.012900 0.041600
vt 0.009400 0.041500
vt 0.009300 0.041500
vt 0.353100 0.023000
vt 0.470600 0.022800
vt 0.623500 0.022500
vt 0.352800 0.022200
vt 0.470500 0.022000
vt 0.623300 0.021700
vt 0.799800 0.022200
vt 0.987900 0.021900
vt 0.799700 0.021400
vt 0.987900 0.021100
vt 0.987900 0.020300
vt 0.799700 0.020600
vt 0.623300 0.020900
vt 0.470400 0.021200
vt 0.352700 0.021400
vt 0.212800 0.014200
vt 0.173500 0.013400
vt 0.181300 0.012600
vt 0.238600 0.013700
vt 0.123400 0.012500
vt 0.123900 0.011500
vt 0.204100 0.014900
vt 0.167600 0.014200
vt 0.123000 0.013400
vt 0.073400 0.011500
vt 0.034100 0.010800
vt 0.009100 0.009300
vt 0.066500 0.010400
vt 0.078500 0.012600
vt 0.042000 0.012000
vt 0.044500 0.013100
vt 0.080100 0.013700
vt 0.079900 0.014600
vt 0.044400 0.014100
vt 0.122700 0.014400
vt 0.122300 0.015300
vt 0.165300 0.015100
vt 0.200800 0.015800
vt 0.200300 0.016700
vt 0.164800 0.016100
vt 0.200700 0.024800
vt 0.165200 0.024500
vt 0.164800 0.023600
vt 0.200200 0.023900
vt 0.122600 0.024200
vt 0.122300 0.023200
vt 0.204000 0.025700
vt 0.167400 0.025500
vt 0.122900 0.025200
vt 0.080000 0.023900
vt 0.044500 0.023600
vt 0.044400 0.022600
vt 0.079800 0.022900
vt 0.078400 0.024900
vt 0.041900 0.024600
vt 0.034000 0.025600
vt 0.073300 0.025900
vt 0.066400 0.026800
vt 0.009100 0.026500
vt 0.123300 0.026100
vt 0.123800 0.027100
vt 0.173400 0.026400
vt 0.212600 0.026600
vt 0.238400 0.027700
vt 0.181100 0.027400
vt 0.199500 0.021200
vt 0.164200 0.020700
vt 0.164200 0.019800
vt 0.199500 0.020300
vt 0.121900 0.020200
vt 0.121900 0.019200
vt 0.199600 0.022100
vt 0.164300 0.021700
vt 0.121900 0.021200
vt 0.079500 0.019700
vt 0.044300 0.019300
vt 0.044300 0.018200
vt 0.079500 0.018700
vt 0.079600 0.020800
vt 0.044300 0.020400
vt 0.044300 0.021500
vt 0.079700 0.021800
vt 0.122100 0.022200
vt 0.164500 0.022600
vt 0.199900 0.023000
vt 0.199900 0.017600
vt 0.164500 0.017000
vt 0.122100 0.016300
vt 0.199700 0.018500
vt 0.164300 0.017900
vt 0.122000 0.017300
vt 0.079700 0.015600
vt 0.044400 0.015100
vt 0.079600 0.016600
vt 0.044300 0.016100
vt 0.044300 0.017100
vt 0.079600 0.017600
vt 0.121900 0.018200
vt 0.164200 0.018800
vt 0.199500 0.019400
vt 0.222100 0.016200
vt 0.221600 0.017100
vt 0.244600 0.016500
vt 0.244000 0.017300
vt 0.224600 0.015400
vt 0.244200 0.015700
vt 0.283400 0.016600
vt 0.282900 0.017400
vt 0.278200 0.015800
vt 0.261300 0.015000
vt 0.238600 0.014300
vt 0.241900 0.014900
vt 0.238600 0.014100
vt 0.230700 0.014600
vt 0.238600 0.013900
vt 0.220700 0.019700
vt 0.220700 0.020500
vt 0.243200 0.019800
vt 0.243100 0.020700
vt 0.220900 0.018800
vt 0.243300 0.019000
vt 0.282100 0.019800
vt 0.282000 0.020700
vt 0.282200 0.019000
vt 0.282500 0.018200
vt 0.243600 0.018100
vt 0.221200 0.017900
vt 0.221100 0.023200
vt 0.221500 0.024000
vt 0.243600 0.023200
vt 0.244000 0.024000
vt 0.220900 0.022300
vt 0.243300 0.022400
vt 0.282500 0.023100
vt 0.282800 0.023900
vt 0.282200 0.022300
vt 0.282100 0.021500
vt 0.243200 0.021500
vt 0.220700 0.021400
vt 0.230500 0.026600
vt 0.238400 0.027500
vt 0.241700 0.026500
vt 0.238400 0.027300
vt 0.224400 0.025700
vt 0.244100 0.025600
vt 0.261100 0.026300
vt 0.238400 0.027100
vt 0.278100 0.025500
vt 0.283300 0.024700
vt 0.244500 0.024800
vt 0.222000 0.024900
vt 0.823200 0.221200
vt 0.842600 0.222000
vt 0.843000 0.219300
vt 0.823600 0.218400
vt 0.861900 0.222700
vt 0.862400 0.220000
vt 0.822900 0.223900
vt 0.842200 0.224700
vt 0.861300 0.225300
vt 0.880800 0.223200
vt 0.898100 0.223700
vt 0.901200 0.220700
vt 0.881400 0.220500
vt 0.879700 0.225800
vt 0.896600 0.226200
vt 0.895700 0.228500
vt 0.879000 0.228100
vt 0.878600 0.230100
vt 0.895300 0.230400
vt 0.860900 0.227700
vt 0.860600 0.229700
vt 0.841900 0.227100
vt 0.822600 0.226500
vt 0.822300 0.228700
vt 0.841600 0.229300
vt 0.894500 0.218100
vt 0.880400 0.217900
vt 0.862400 0.217400
vt 0.893200 0.215800
vt 0.879600 0.215500
vt 0.862400 0.214900
vt 0.843300 0.216700
vt 0.824000 0.215700
vt 0.843600 0.214100
vt 0.824300 0.213000
vt 0.824600 0.210400
vt 0.843900 0.211600
vt 0.844100 0.209200
vt 0.824900 0.208000
vt 0.862900 0.212500
vt 0.863400 0.210200
vt 0.880900 0.213200
vt 0.895000 0.213700
vt 0.902200 0.211600
vt 0.882300 0.211000
vt 0.949200 0.217700
vt 0.940400 0.217500
vt 0.939900 0.218800
vt 0.948900 0.219000
vt 0.932000 0.217300
vt 0.931300 0.218500
vt 0.949500 0.216300
vt 0.940700 0.216200
vt 0.932300 0.216100
vt 0.924600 0.217100
vt 0.918700 0.217000
vt 0.917800 0.218000
vt 0.923800 0.218300
vt 0.925000 0.216000
vt 0.919100 0.215900
vt 0.919000 0.214900
vt 0.924900 0.214900
vt 0.924400 0.213800
vt 0.918400 0.214000
vt 0.932300 0.214800
vt 0.932000 0.213700
vt 0.940800 0.214900
vt 0.949700 0.215000
vt 0.949800 0.213800
vt 0.940700 0.213700
vt 0.803500 0.225600
vt 0.803300 0.228000
vt 0.785800 0.224800
vt 0.785500 0.227300
vt 0.803800 0.223000
vt 0.786200 0.222000
vt 0.770500 0.224000
vt 0.758600 0.223300
vt 0.758300 0.226100
vt 0.770100 0.226600
vt 0.770900 0.221100
vt 0.759100 0.220300
vt 0.759700 0.217200
vt 0.771400 0.218000
vt 0.771900 0.214900
vt 0.760300 0.214000
vt 0.786600 0.219100
vt 0.787000 0.216100
vt 0.804200 0.220200
vt 0.804600 0.217300
vt 0.741900 0.222100
vt 0.738000 0.221700
vt 0.737500 0.224700
vt 0.741400 0.225100
vt 0.732900 0.221300
vt 0.732500 0.224300
vt 0.742500 0.219000
vt 0.738500 0.218600
vt 0.733400 0.218100
vt 0.726900 0.220800
vt 0.720200 0.220500
vt 0.719900 0.223600
vt 0.726500 0.223900
vt 0.727400 0.217700
vt 0.720600 0.217400
vt 0.721000 0.214200
vt 0.727900 0.214500
vt 0.728500 0.211100
vt 0.721600 0.210900
vt 0.734100 0.214900
vt 0.734700 0.211500
vt 0.739200 0.215300
vt 0.743200 0.215800
vt 0.743900 0.212400
vt 0.739900 0.212000
vt 0.713000 0.220400
vt 0.712800 0.223400
vt 0.705100 0.220400
vt 0.705000 0.223400
vt 0.713300 0.217300
vt 0.705300 0.217400
vt 0.696500 0.220600
vt 0.686800 0.220800
vt 0.686900 0.223600
vt 0.696500 0.223500
vt 0.696500 0.217600
vt 0.686700 0.217900
vt 0.686600 0.215000
vt 0.696600 0.214600
vt 0.696700 0.211500
vt 0.686600 0.212000
vt 0.705500 0.214300
vt 0.705800 0.211100
vt 0.713600 0.214100
vt 0.714000 0.210900
vt 0.676000 0.221000
vt 0.676200 0.223800
vt 0.664300 0.221300
vt 0.664600 0.224000
vt 0.675800 0.218300
vt 0.664000 0.218600
vt 0.652100 0.221600
vt 0.639600 0.221800
vt 0.640300 0.224200
vt 0.652500 0.224100
vt 0.651600 0.219100
vt 0.639000 0.219500
vt 0.638400 0.217200
vt 0.651100 0.216600
vt 0.650600 0.214100
vt 0.637700 0.214800
vt 0.663600 0.216000
vt 0.663300 0.213300
vt 0.675600 0.215500
vt 0.675300 0.212600
vt 0.963300 0.111600
vt 0.947600 0.110200
vt 0.947800 0.112800
vt 0.963600 0.114200
vt 0.927500 0.108400
vt 0.927800 0.111200
vt 0.962900 0.109300
vt 0.947200 0.107800
vt 0.927200 0.106000
vt 0.905100 0.106600
vt 0.882000 0.105000
vt 0.882200 0.108000
vt 0.905300 0.109500
vt 0.904800 0.104200
vt 0.881900 0.102600
vt 0.881700 0.100600
vt 0.904600 0.102100
vt 0.904400 0.100100
vt 0.881500 0.098700
vt 0.926900 0.103900
vt 0.926600 0.101800
vt 0.946800 0.105600
vt 0.962500 0.107000
vt 0.962000 0.104800
vt 0.946500 0.103400
vt 0.860000 0.097800
vt 0.860100 0.099500
vt 0.860200 0.101500
vt 0.839500 0.097200
vt 0.839600 0.098900
vt 0.839600 0.100800
vt 0.860300 0.103900
vt 0.860400 0.107000
vt 0.839700 0.103200
vt 0.839800 0.106300
vt 0.820100 0.105800
vt 0.820000 0.102800
vt 0.801200 0.102600
vt 0.801200 0.105600
vt 0.820000 0.100400
vt 0.801200 0.100300
vt 0.820000 0.098600
vt 0.820000 0.097000
vt 0.801200 0.096900
vt 0.801200 0.098500
vt 0.783000 0.097100
vt 0.783000 0.098600
vt 0.782900 0.100300
vt 0.765300 0.097300
vt 0.765300 0.098800
vt 0.765200 0.100500
vt 0.782900 0.102500
vt 0.782800 0.105500
vt 0.765100 0.102600
vt 0.765000 0.105600
vt 0.747400 0.105900
vt 0.747600 0.103000
vt 0.730300 0.103500
vt 0.730100 0.106400
vt 0.747700 0.100800
vt 0.730400 0.101400
vt 0.747800 0.099200
vt 0.748000 0.097800
vt 0.730800 0.098300
vt 0.730600 0.099800
vt 0.713600 0.099000
vt 0.713400 0.100600
vt 0.713200 0.102300
vt 0.697500 0.099800
vt 0.697300 0.101500
vt 0.697100 0.103300
vt 0.713100 0.104400
vt 0.712900 0.107200
vt 0.697000 0.105500
vt 0.696800 0.108200
vt 0.682800 0.109200
vt 0.683000 0.106500
vt 0.672200 0.107300
vt 0.672000 0.110000
vt 0.683200 0.104300
vt 0.672400 0.105100
vt 0.683400 0.102300
vt 0.683600 0.100500
vt 0.672800 0.101100
vt 0.672600 0.103000
vt 0.647600 0.100000
vt 0.647500 0.102200
vt 0.653600 0.102900
vt 0.653700 0.100800
vt 0.647400 0.104400
vt 0.653500 0.105100
vt 0.639500 0.098800
vt 0.639300 0.101200
vt 0.639200 0.103600
vt 0.647300 0.106900
vt 0.647200 0.109700
vt 0.653300 0.110100
vt 0.653400 0.107400
vt 0.639100 0.106200
vt 0.639000 0.109100
vt 0.628900 0.108500
vt 0.629000 0.105400
vt 0.617300 0.104500
vt 0.617200 0.107800
vt 0.629200 0.102600
vt 0.617500 0.101500
vt 0.629300 0.100000
vt 0.629500 0.097500
vt 0.617800 0.095800
vt 0.617600 0.098700
vt 0.604700 0.094000
vt 0.604500 0.097100
vt 0.604300 0.100300
vt 0.590400 0.092100
vt 0.590200 0.095600
vt 0.590000 0.099000
vt 0.604100 0.103600
vt 0.604000 0.107100
vt 0.589900 0.102600
vt 0.589700 0.106400
vt 0.574700 0.105700
vt 0.574800 0.101700
vt 0.559400 0.101000
vt 0.559300 0.105200
vt 0.575000 0.097800
vt 0.559600 0.096800
vt 0.575200 0.094100
vt 0.575400 0.090300
vt 0.559900 0.088600
vt 0.559700 0.092700
vt 0.544400 0.087200
vt 0.544200 0.091600
vt 0.544100 0.096000
vt 0.528700 0.086100
vt 0.528700 0.090800
vt 0.528600 0.095500
vt 0.544000 0.100400
vt 0.543800 0.104900
vt 0.528500 0.100100
vt 0.528300 0.104700
vt 0.512800 0.104700
vt 0.512900 0.099900
vt 0.513000 0.095100
vt 0.513000 0.090300
vt 0.513000 0.085500
vt 0.945700 0.229600
vt 0.935100 0.229500
vt 0.934700 0.231100
vt 0.945200 0.231200
vt 0.923500 0.229200
vt 0.923100 0.231000
vt 0.946200 0.227900
vt 0.935600 0.227600
vt 0.924100 0.227300
vt 0.910500 0.228900
vt 0.910100 0.230700
vt 0.911200 0.226800
vt 0.912500 0.224500
vt 0.914500 0.222400
vt 0.924900 0.225200
vt 0.926000 0.223400
vt 0.936200 0.225700
vt 0.946700 0.226000
vt 0.947300 0.224300
vt 0.937000 0.223900
vt 0.805000 0.214400
vt 0.787500 0.213100
vt 0.805400 0.211700
vt 0.788100 0.210200
vt 0.772500 0.211800
vt 0.761000 0.210800
vt 0.773100 0.208900
vt 0.761700 0.207700
vt 0.762300 0.204800
vt 0.773700 0.206000
vt 0.774300 0.203300
vt 0.762900 0.202100
vt 0.788600 0.207500
vt 0.789000 0.204900
vt 0.805800 0.209000
vt 0.806200 0.206500
vt 0.744700 0.209100
vt 0.740700 0.208700
vt 0.735400 0.208200
vt 0.745400 0.205900
vt 0.741400 0.205400
vt 0.736100 0.204800
vt 0.729200 0.207700
vt 0.722100 0.207500
vt 0.729800 0.204300
vt 0.722600 0.204100
vt 0.723100 0.200700
vt 0.730400 0.201000
vt 0.730900 0.197900
vt 0.723600 0.197500
vt 0.736800 0.201600
vt 0.737300 0.198500
vt 0.742100 0.202200
vt 0.746100 0.202800
vt 0.746800 0.199900
vt 0.742700 0.199300
vt 0.714400 0.207500
vt 0.706000 0.207800
vt 0.714900 0.204100
vt 0.706300 0.204500
vt 0.696800 0.208300
vt 0.686500 0.209000
vt 0.696900 0.205100
vt 0.686500 0.205900
vt 0.686500 0.202900
vt 0.697000 0.202000
vt 0.697100 0.198800
vt 0.686400 0.199800
vt 0.706600 0.201300
vt 0.706800 0.198100
vt 0.715200 0.200800
vt 0.715600 0.197600
vt 0.675100 0.209700
vt 0.662900 0.210600
vt 0.675000 0.206800
vt 0.662600 0.207800
vt 0.650100 0.211500
vt 0.637100 0.212500
vt 0.649700 0.208900
vt 0.636500 0.210100
vt 0.635800 0.207700
vt 0.649200 0.206400
vt 0.648700 0.203700
vt 0.635200 0.205300
vt 0.662300 0.205100
vt 0.661900 0.202300
vt 0.674800 0.203900
vt 0.674600 0.201000
vt 0.961600 0.102600
vt 0.946100 0.101300
vt 0.926400 0.099700
vt 0.961300 0.100300
vt 0.945800 0.099000
vt 0.926100 0.097500
vt 0.904200 0.098200
vt 0.881400 0.096800
vt 0.904000 0.096000
vt 0.881300 0.094700
vt 0.881300 0.092300
vt 0.903900 0.093500
vt 0.903900 0.090600
vt 0.881300 0.089200
vt 0.926000 0.095100
vt 0.925900 0.092200
vt 0.945600 0.096600
vt 0.961000 0.097900
vt 0.960800 0.095300
vt 0.945500 0.093900
vt 0.859900 0.088300
vt 0.859800 0.091400
vt 0.859800 0.093900
vt 0.839500 0.087800
vt 0.839400 0.091000
vt 0.839400 0.093500
vt 0.859900 0.096000
vt 0.839400 0.095500
vt 0.820000 0.095300
vt 0.801200 0.095400
vt 0.819900 0.093400
vt 0.801200 0.093500
vt 0.820000 0.091000
vt 0.820000 0.087800
vt 0.801200 0.087900
vt 0.801200 0.091100
vt 0.783100 0.088300
vt 0.783100 0.091400
vt 0.783100 0.093800
vt 0.765500 0.088800
vt 0.765500 0.091900
vt 0.765500 0.094100
vt 0.783100 0.095600
vt 0.765400 0.095900
vt 0.748100 0.096300
vt 0.730900 0.096900
vt 0.748200 0.094600
vt 0.731000 0.095200
vt 0.748200 0.092400
vt 0.748100 0.089400
vt 0.731000 0.090000
vt 0.731100 0.093000
vt 0.714000 0.090700
vt 0.714000 0.093500
vt 0.713900 0.095700
vt 0.698000 0.091300
vt 0.698000 0.094100
vt 0.697900 0.096300
vt 0.713800 0.097500
vt 0.697700 0.098100
vt 0.683800 0.098700
vt 0.673000 0.099200
vt 0.683900 0.096800
vt 0.673200 0.097200
vt 0.684100 0.094600
vt 0.684200 0.091900
vt 0.673500 0.092400
vt 0.673400 0.094900
vt 0.648500 0.090300
vt 0.648200 0.093000
vt 0.654300 0.094200
vt 0.654500 0.091600
vt 0.648000 0.095400
vt 0.654100 0.096500
vt 0.640400 0.088600
vt 0.640100 0.091300
vt 0.639900 0.093900
vt 0.647800 0.097700
vt 0.653900 0.098700
vt 0.639700 0.096400
vt 0.629700 0.094800
vt 0.618100 0.092900
vt 0.629900 0.092000
vt 0.618300 0.089900
vt 0.630200 0.089200
vt 0.630600 0.086400
vt 0.619000 0.083900
vt 0.618600 0.086900
vt 0.605900 0.081100
vt 0.605500 0.084200
vt 0.605200 0.087500
vt 0.591600 0.078100
vt 0.591200 0.081500
vt 0.590900 0.085000
vt 0.604900 0.090800
vt 0.590700 0.088600
vt 0.575600 0.086400
vt 0.560100 0.084400
vt 0.575800 0.082500
vt 0.560300 0.080200
vt 0.576100 0.078800
vt 0.576400 0.075200
vt 0.560700 0.072500
vt 0.560500 0.076200
vt 0.544900 0.070200
vt 0.544700 0.074100
vt 0.544600 0.078300
vt 0.528900 0.068400
vt 0.528900 0.072400
vt 0.528800 0.076800
vt 0.544500 0.082700
vt 0.528800 0.081400
vt 0.513000 0.080500
vt 0.512900 0.075700
vt 0.512900 0.071200
vt 0.512800 0.067200
vt 0.878600 0.239400
vt 0.878800 0.241400
vt 0.895500 0.241000
vt 0.895200 0.239100
vt 0.879000 0.243600
vt 0.895700 0.243100
vt 0.860500 0.239900
vt 0.860700 0.241900
vt 0.861000 0.244200
vt 0.879300 0.246100
vt 0.879600 0.248600
vt 0.896400 0.248000
vt 0.896000 0.245500
vt 0.861200 0.246700
vt 0.861500 0.249300
vt 0.842700 0.250200
vt 0.842400 0.247500
vt 0.823200 0.248400
vt 0.823500 0.251200
vt 0.842100 0.244900
vt 0.822900 0.245700
vt 0.841800 0.242500
vt 0.841600 0.240300
vt 0.822400 0.240900
vt 0.822600 0.243200
vt 0.843900 0.260400
vt 0.843600 0.258000
vt 0.824600 0.259300
vt 0.824900 0.261800
vt 0.843300 0.255500
vt 0.824200 0.256700
vt 0.862700 0.259300
vt 0.862400 0.257000
vt 0.862100 0.254500
vt 0.843000 0.252900
vt 0.823900 0.254000
vt 0.861800 0.252000
vt 0.879900 0.251200
vt 0.896700 0.250500
vt 0.880200 0.253700
vt 0.897000 0.253000
vt 0.880500 0.256100
vt 0.880700 0.258300
vt 0.897600 0.257500
vt 0.897300 0.255300
vt 0.959300 0.253700
vt 0.958900 0.251800
vt 0.948700 0.252600
vt 0.949100 0.254600
vt 0.958500 0.249700
vt 0.948300 0.250500
vt 0.968100 0.252700
vt 0.967800 0.251000
vt 0.967500 0.248900
vt 0.958000 0.247500
vt 0.957400 0.245200
vt 0.947300 0.245900
vt 0.947800 0.248200
vt 0.967000 0.246700
vt 0.966400 0.244500
vt 0.974100 0.243500
vt 0.974700 0.245800
vt 0.980800 0.244800
vt 0.980100 0.242400
vt 0.975000 0.248100
vt 0.980900 0.247200
vt 0.974800 0.250000
vt 0.974700 0.251700
vt 0.978600 0.250700
vt 0.980000 0.249300
vt 0.772000 0.255000
vt 0.771400 0.251800
vt 0.759700 0.252700
vt 0.760300 0.255900
vt 0.771000 0.248800
vt 0.759100 0.249600
vt 0.787100 0.253700
vt 0.786600 0.250700
vt 0.786200 0.247800
vt 0.770500 0.245900
vt 0.770200 0.243200
vt 0.758300 0.243800
vt 0.758700 0.246600
vt 0.785900 0.245000
vt 0.785600 0.242400
vt 0.803300 0.241700
vt 0.803600 0.244100
vt 0.803900 0.246700
vt 0.804300 0.249500
vt 0.804600 0.252400
vt 0.728700 0.258900
vt 0.728100 0.255600
vt 0.721200 0.255900
vt 0.721700 0.259200
vt 0.727500 0.252300
vt 0.720700 0.252700
vt 0.734900 0.258500
vt 0.734200 0.255100
vt 0.733500 0.251900
vt 0.727000 0.249200
vt 0.726600 0.246100
vt 0.720000 0.246500
vt 0.720300 0.249500
vt 0.733000 0.248700
vt 0.732500 0.245700
vt 0.737600 0.245300
vt 0.738100 0.248200
vt 0.742000 0.247800
vt 0.741500 0.244900
vt 0.738600 0.251400
vt 0.742600 0.250900
vt 0.739300 0.254600
vt 0.740100 0.258000
vt 0.744000 0.257500
vt 0.743300 0.254200
vt 0.696800 0.258600
vt 0.696700 0.255500
vt 0.686800 0.255100
vt 0.686700 0.258100
vt 0.696600 0.252500
vt 0.686800 0.252200
vt 0.705900 0.259000
vt 0.705700 0.255800
vt 0.705400 0.252700
vt 0.696600 0.249500
vt 0.696500 0.246600
vt 0.687000 0.246500
vt 0.686900 0.249300
vt 0.705200 0.249600
vt 0.705100 0.246700
vt 0.712800 0.246600
vt 0.713100 0.249700
vt 0.713400 0.252800
vt 0.713800 0.255900
vt 0.714200 0.259200
vt 0.650800 0.256200
vt 0.651300 0.253700
vt 0.638500 0.253200
vt 0.637800 0.255500
vt 0.651700 0.251200
vt 0.639100 0.250900
vt 0.663400 0.256900
vt 0.663800 0.254200
vt 0.664100 0.251600
vt 0.652200 0.248700
vt 0.652600 0.246200
vt 0.640400 0.246200
vt 0.639700 0.248600
vt 0.664400 0.248900
vt 0.664700 0.246200
vt 0.676300 0.246400
vt 0.676100 0.249100
vt 0.675900 0.251900
vt 0.675700 0.254700
vt 0.675500 0.257500
vt 0.904100 0.151400
vt 0.904400 0.149500
vt 0.881400 0.150800
vt 0.881300 0.152700
vt 0.904600 0.147400
vt 0.881600 0.148800
vt 0.926400 0.150000
vt 0.926700 0.147900
vt 0.927100 0.145700
vt 0.904900 0.145000
vt 0.905100 0.142100
vt 0.882000 0.143400
vt 0.881800 0.146300
vt 0.927400 0.143300
vt 0.927600 0.140600
vt 0.947700 0.139100
vt 0.947400 0.141800
vt 0.963100 0.140500
vt 0.963500 0.137900
vt 0.947000 0.144200
vt 0.962700 0.142800
vt 0.946600 0.146400
vt 0.946300 0.148500
vt 0.961800 0.147300
vt 0.962300 0.145100
vt 0.800900 0.148000
vt 0.819800 0.148000
vt 0.819900 0.144900
vt 0.801000 0.144900
vt 0.839500 0.147800
vt 0.839600 0.144700
vt 0.800900 0.150300
vt 0.819800 0.150300
vt 0.839400 0.150100
vt 0.860100 0.147300
vt 0.860200 0.144200
vt 0.859900 0.149700
vt 0.859800 0.151600
vt 0.859700 0.153400
vt 0.839300 0.152100
vt 0.839200 0.153800
vt 0.819700 0.152200
vt 0.800900 0.152000
vt 0.800900 0.153600
vt 0.819700 0.153800
vt 0.730100 0.146100
vt 0.747300 0.146900
vt 0.747200 0.144000
vt 0.729900 0.143300
vt 0.764800 0.147500
vt 0.764800 0.144500
vt 0.730200 0.148300
vt 0.747500 0.149100
vt 0.764900 0.149700
vt 0.782700 0.147800
vt 0.782600 0.144800
vt 0.782700 0.150000
vt 0.782700 0.151800
vt 0.782800 0.153300
vt 0.765000 0.151400
vt 0.765100 0.152800
vt 0.747600 0.150700
vt 0.730400 0.149900
vt 0.730500 0.151400
vt 0.747700 0.152200
vt 0.660500 0.140500
vt 0.660800 0.140500
vt 0.660600 0.137900
vt 0.660300 0.137900
vt 0.662100 0.140600
vt 0.661900 0.138000
vt 0.660600 0.142800
vt 0.661000 0.142800
vt 0.662300 0.142900
vt 0.665500 0.140900
vt 0.672000 0.141500
vt 0.671900 0.138900
vt 0.665300 0.138300
vt 0.665700 0.143200
vt 0.672300 0.143800
vt 0.672500 0.145800
vt 0.666000 0.145200
vt 0.666300 0.147100
vt 0.672800 0.147600
vt 0.662500 0.145000
vt 0.662900 0.146800
vt 0.661200 0.144900
vt 0.660900 0.144900
vt 0.661100 0.146700
vt 0.661500 0.146700
vt 0.617100 0.143700
vt 0.628900 0.142900
vt 0.628800 0.139800
vt 0.617000 0.140400
vt 0.638900 0.142200
vt 0.638900 0.139300
vt 0.617200 0.146700
vt 0.629000 0.145700
vt 0.639000 0.144800
vt 0.647100 0.141600
vt 0.653300 0.141200
vt 0.653200 0.138500
vt 0.647100 0.138800
vt 0.647200 0.144100
vt 0.653300 0.143600
vt 0.653400 0.145700
vt 0.647300 0.146400
vt 0.647400 0.148600
vt 0.653500 0.147700
vt 0.639100 0.147200
vt 0.639200 0.149600
vt 0.629100 0.148300
vt 0.617400 0.149500
vt 0.617500 0.152400
vt 0.629200 0.150900
vt 0.559000 0.146800
vt 0.574500 0.146100
vt 0.574500 0.142100
vt 0.558900 0.142500
vt 0.589600 0.145300
vt 0.589500 0.141600
vt 0.559100 0.151000
vt 0.574700 0.150000
vt 0.589800 0.148900
vt 0.603900 0.144500
vt 0.603800 0.141000
vt 0.604100 0.147800
vt 0.604200 0.150900
vt 0.604400 0.154100
vt 0.589900 0.152400
vt 0.590100 0.155800
vt 0.574800 0.153800
vt 0.559200 0.155100
vt 0.559400 0.159200
vt 0.575000 0.157600
vt 0.511900 0.147900
vt 0.511900 0.143000
vt 0.527700 0.147700
vt 0.527600 0.143000
vt 0.511900 0.152700
vt 0.527700 0.152400
vt 0.543400 0.147300
vt 0.543300 0.142800
vt 0.543500 0.151800
vt 0.543600 0.156200
vt 0.543700 0.160600
vt 0.527800 0.157000
vt 0.527800 0.161700
vt 0.511900 0.157500
vt 0.511900 0.162300
vt 0.956700 0.242900
vt 0.946800 0.243500
vt 0.956000 0.240800
vt 0.946200 0.241400
vt 0.965600 0.242200
vt 0.964700 0.240200
vt 0.955400 0.238900
vt 0.954900 0.237300
vt 0.945300 0.237800
vt 0.945700 0.239400
vt 0.963800 0.238400
vt 0.963100 0.236900
vt 0.969500 0.236600
vt 0.970500 0.237900
vt 0.975400 0.237300
vt 0.973400 0.236500
vt 0.971900 0.239400
vt 0.977500 0.238500
vt 0.973100 0.241400
vt 0.979000 0.240300
vt 0.774300 0.266700
vt 0.773800 0.264000
vt 0.762300 0.265200
vt 0.763000 0.268000
vt 0.773200 0.261100
vt 0.761600 0.262200
vt 0.789100 0.265100
vt 0.788600 0.262500
vt 0.788100 0.259700
vt 0.772600 0.258100
vt 0.761000 0.259100
vt 0.787600 0.256700
vt 0.805100 0.255300
vt 0.805500 0.258200
vt 0.805900 0.260900
vt 0.806300 0.263400
vt 0.731100 0.272200
vt 0.730600 0.269100
vt 0.723400 0.269400
vt 0.723800 0.272600
vt 0.730000 0.265800
vt 0.722800 0.266000
vt 0.737600 0.271600
vt 0.737000 0.268500
vt 0.736300 0.265200
vt 0.729400 0.262400
vt 0.722300 0.262600
vt 0.735600 0.261900
vt 0.740800 0.261300
vt 0.744800 0.260800
vt 0.741600 0.264600
vt 0.745500 0.264100
vt 0.742300 0.267800
vt 0.742900 0.270800
vt 0.746900 0.270100
vt 0.746300 0.267200
vt 0.697300 0.271200
vt 0.697200 0.268100
vt 0.686700 0.267100
vt 0.686600 0.270200
vt 0.697100 0.264900
vt 0.686700 0.264100
vt 0.707000 0.272000
vt 0.706800 0.268800
vt 0.706500 0.265500
vt 0.697000 0.261700
vt 0.686700 0.261100
vt 0.706200 0.262200
vt 0.714600 0.262600
vt 0.715100 0.265900
vt 0.715500 0.269300
vt 0.715800 0.272500
vt 0.648900 0.266600
vt 0.649400 0.263900
vt 0.636000 0.262700
vt 0.635400 0.265100
vt 0.649800 0.261300
vt 0.636600 0.260300
vt 0.662200 0.267900
vt 0.662500 0.265100
vt 0.662800 0.262300
vt 0.650300 0.258800
vt 0.637200 0.257900
vt 0.663100 0.259600
vt 0.675300 0.260400
vt 0.675200 0.263200
vt 0.675000 0.266100
vt 0.674800 0.269100
vt 0.903600 0.161000
vt 0.903600 0.158000
vt 0.880900 0.159100
vt 0.881000 0.162200
vt 0.903700 0.155500
vt 0.881000 0.156600
vt 0.925600 0.159500
vt 0.925700 0.156700
vt 0.925800 0.154200
vt 0.903900 0.153400
vt 0.881100 0.154500
vt 0.926100 0.152000
vt 0.945900 0.150700
vt 0.961400 0.149500
vt 0.945600 0.152900
vt 0.961000 0.151800
vt 0.945300 0.155400
vt 0.945200 0.158100
vt 0.960500 0.156800
vt 0.960700 0.154200
vt 0.800900 0.155200
vt 0.819700 0.155400
vt 0.839100 0.155500
vt 0.800900 0.157000
vt 0.819600 0.157400
vt 0.839100 0.157400
vt 0.859600 0.155200
vt 0.859500 0.157200
vt 0.859500 0.159700
vt 0.859500 0.162900
vt 0.839100 0.159900
vt 0.839100 0.163100
vt 0.819600 0.159800
vt 0.800900 0.159400
vt 0.800900 0.162600
vt 0.819600 0.163000
vt 0.730700 0.152800
vt 0.747800 0.153600
vt 0.765100 0.154300
vt 0.730900 0.154500
vt 0.747900 0.155300
vt 0.765200 0.156000
vt 0.782800 0.154800
vt 0.782800 0.156600
vt 0.782800 0.158900
vt 0.782700 0.162000
vt 0.765200 0.158300
vt 0.765100 0.161300
vt 0.747900 0.157500
vt 0.730900 0.156700
vt 0.730900 0.159700
vt 0.747900 0.160500
vt 0.661500 0.148500
vt 0.661900 0.148500
vt 0.663300 0.148600
vt 0.661900 0.150300
vt 0.662300 0.150300
vt 0.663700 0.150500
vt 0.666700 0.148900
vt 0.673200 0.149400
vt 0.667100 0.150800
vt 0.673600 0.151300
vt 0.674000 0.153500
vt 0.667500 0.152900
vt 0.667800 0.155400
vt 0.674300 0.156100
vt 0.664100 0.152500
vt 0.664400 0.154900
vt 0.662700 0.152300
vt 0.662200 0.152200
vt 0.662500 0.154500
vt 0.663000 0.154600
vt 0.617700 0.155300
vt 0.629400 0.153600
vt 0.639400 0.152000
vt 0.618000 0.158300
vt 0.629600 0.156300
vt 0.639600 0.154500
vt 0.647600 0.150800
vt 0.653700 0.149800
vt 0.647700 0.153100
vt 0.653900 0.151900
vt 0.654100 0.154200
vt 0.648000 0.155500
vt 0.648200 0.158100
vt 0.654300 0.156700
vt 0.639800 0.157100
vt 0.640100 0.159900
vt 0.629900 0.159100
vt 0.618300 0.161400
vt 0.618600 0.164400
vt 0.630200 0.162000
vt 0.559600 0.163400
vt 0.575200 0.161500
vt 0.590300 0.159400
vt 0.559700 0.167500
vt 0.575400 0.165400
vt 0.590500 0.163000
vt 0.604600 0.157300
vt 0.604800 0.160600
vt 0.605100 0.163900
vt 0.605400 0.167100
vt 0.590800 0.166500
vt 0.591100 0.169900
vt 0.575600 0.169100
vt 0.559900 0.171500
vt 0.560200 0.175200
vt 0.575900 0.172700
vt 0.512000 0.167200
vt 0.527900 0.166300
vt 0.512000 0.171800
vt 0.528000 0.170900
vt 0.543800 0.165000
vt 0.543900 0.169400
vt 0.544100 0.173600
vt 0.544300 0.177400
vt 0.528100 0.175200
vt 0.528200 0.179100
vt 0.512100 0.176200
vt 0.512100 0.180200
vt 0.841200 0.234800
vt 0.841200 0.233700
vt 0.822000 0.233500
vt 0.822000 0.234800
vt 0.841300 0.232400
vt 0.822000 0.232200
vt 0.860200 0.234800
vt 0.860200 0.233800
vt 0.860200 0.232700
vt 0.841400 0.231000
vt 0.822100 0.230600
vt 0.860300 0.231400
vt 0.878400 0.231700
vt 0.895100 0.231900
vt 0.878300 0.232900
vt 0.894900 0.233000
vt 0.878200 0.233900
vt 0.878200 0.234800
vt 0.894900 0.234800
vt 0.894900 0.234000
vt 0.882800 0.203400
vt 0.882100 0.205000
vt 0.899400 0.205500
vt 0.902200 0.204300
vt 0.881800 0.206800
vt 0.898900 0.207200
vt 0.863300 0.202400
vt 0.863200 0.204200
vt 0.863200 0.206100
vt 0.882200 0.208800
vt 0.899600 0.209200
vt 0.863400 0.208100
vt 0.844200 0.207000
vt 0.825100 0.205700
vt 0.844200 0.205000
vt 0.825200 0.203700
vt 0.844100 0.203200
vt 0.843900 0.201400
vt 0.824400 0.200500
vt 0.825100 0.201900
vt 0.985600 0.224900
vt 0.987000 0.222300
vt 0.985500 0.221200
vt 0.982200 0.223600
vt 0.987500 0.219500
vt 0.986400 0.218800
vt 0.987400 0.226600
vt 0.988500 0.223700
vt 0.988700 0.220300
vt 0.986200 0.216700
vt 0.982800 0.214200
vt 0.982000 0.214400
vt 0.985300 0.216500
vt 0.987400 0.216900
vt 0.984000 0.213800
vt 0.986100 0.213100
vt 0.989100 0.216900
vt 0.991200 0.216800
vt 0.991000 0.211500
vt 0.989900 0.221200
vt 0.991400 0.222200
vt 0.989500 0.225500
vt 0.988400 0.228900
vt 0.988600 0.232900
vt 0.990200 0.227500
vt 0.949800 0.208600
vt 0.938900 0.208400
vt 0.939100 0.209700
vt 0.949700 0.209900
vt 0.927100 0.208600
vt 0.927900 0.209900
vt 0.950000 0.207200
vt 0.938900 0.206900
vt 0.926800 0.207000
vt 0.914300 0.208900
vt 0.916000 0.210500
vt 0.913700 0.207200
vt 0.913900 0.205500
vt 0.914600 0.203900
vt 0.926800 0.205300
vt 0.927100 0.203600
vt 0.939100 0.205100
vt 0.950600 0.205400
vt 0.951900 0.202800
vt 0.939500 0.203200
vt 0.758000 0.228600
vt 0.769900 0.229000
vt 0.785300 0.229500
vt 0.757900 0.230800
vt 0.769800 0.231100
vt 0.785200 0.231400
vt 0.803100 0.230100
vt 0.803000 0.231800
vt 0.802900 0.233400
vt 0.802900 0.234900
vt 0.785100 0.233200
vt 0.785100 0.234900
vt 0.769700 0.233000
vt 0.757800 0.232900
vt 0.757800 0.234900
vt 0.769700 0.234900
vt 0.719700 0.226500
vt 0.726300 0.226800
vt 0.732200 0.227100
vt 0.719600 0.229400
vt 0.726200 0.229600
vt 0.732000 0.229800
vt 0.737200 0.227500
vt 0.741100 0.227800
vt 0.737000 0.230100
vt 0.740900 0.230300
vt 0.740800 0.232700
vt 0.737000 0.232500
vt 0.737000 0.235000
vt 0.740800 0.235000
vt 0.732000 0.232400
vt 0.732000 0.235000
vt 0.726100 0.232300
vt 0.719600 0.232200
vt 0.719600 0.235000
vt 0.726100 0.235000
vt 0.687000 0.226500
vt 0.696500 0.226400
vt 0.705000 0.226400
vt 0.687100 0.229400
vt 0.696500 0.229300
vt 0.705000 0.229300
vt 0.712600 0.226400
vt 0.712600 0.229300
vt 0.712600 0.232200
vt 0.712600 0.235000
vt 0.705000 0.232200
vt 0.705000 0.235000
vt 0.696600 0.232200
vt 0.687200 0.232200
vt 0.687200 0.235100
vt 0.696600 0.235000
vt 0.640500 0.226900
vt 0.652800 0.226800
vt 0.664900 0.226700
vt 0.640700 0.229700
vt 0.653000 0.229600
vt 0.665000 0.229500
vt 0.676400 0.226600
vt 0.676500 0.229400
vt 0.676600 0.232300
vt 0.676600 0.235100
vt 0.665100 0.232300
vt 0.665200 0.235100
vt 0.653100 0.232400
vt 0.640900 0.232400
vt 0.641100 0.235200
vt 0.653200 0.235200
vt 0.882300 0.111800
vt 0.905400 0.113000
vt 0.928000 0.114500
vt 0.882400 0.116100
vt 0.905500 0.117000
vt 0.928100 0.118100
vt 0.948100 0.115800
vt 0.963800 0.116900
vt 0.948200 0.119100
vt 0.964000 0.119900
vt 0.964100 0.122900
vt 0.948300 0.122500
vt 0.948300 0.126000
vt 0.964100 0.126100
vt 0.928200 0.121900
vt 0.928200 0.125900
vt 0.905600 0.121300
vt 0.882400 0.120800
vt 0.882400 0.125700
vt 0.905600 0.125800
vt 0.801100 0.109700
vt 0.820100 0.109900
vt 0.839800 0.110300
vt 0.801100 0.114500
vt 0.820100 0.114600
vt 0.839800 0.114900
vt 0.860500 0.110900
vt 0.860500 0.115400
vt 0.860500 0.120400
vt 0.860500 0.125600
vt 0.839800 0.120100
vt 0.839800 0.125500
vt 0.820100 0.119900
vt 0.801100 0.119700
vt 0.801000 0.125300
vt 0.820000 0.125400
vt 0.730000 0.110200
vt 0.747300 0.109800
vt 0.764900 0.109600
vt 0.729800 0.114700
vt 0.747200 0.114400
vt 0.764800 0.114300
vt 0.782800 0.109500
vt 0.782700 0.114300
vt 0.782600 0.119600
vt 0.782600 0.125200
vt 0.764700 0.119600
vt 0.764600 0.125100
vt 0.747100 0.119500
vt 0.729700 0.119600
vt 0.729700 0.124800
vt 0.747000 0.124900
vt 0.660300 0.113800
vt 0.660600 0.113800
vt 0.660700 0.110800
vt 0.660400 0.110800
vt 0.661900 0.113800
vt 0.662000 0.110700
vt 0.660200 0.117100
vt 0.660400 0.117200
vt 0.661700 0.117100
vt 0.665300 0.113500
vt 0.671800 0.113100
vt 0.665500 0.110500
vt 0.665100 0.117000
vt 0.671700 0.116700
vt 0.671600 0.120500
vt 0.665000 0.120600
vt 0.665000 0.124400
vt 0.671500 0.124400
vt 0.661600 0.120700
vt 0.661600 0.124400
vt 0.660300 0.120700
vt 0.660100 0.120700
vt 0.660000 0.124300
vt 0.660300 0.124400
vt 0.617100 0.111500
vt 0.628800 0.112000
vt 0.638900 0.112500
vt 0.617000 0.115500
vt 0.628800 0.115900
vt 0.638900 0.116200
vt 0.647100 0.112900
vt 0.653200 0.113300
vt 0.647100 0.116500
vt 0.653200 0.116800
vt 0.653100 0.120500
vt 0.647000 0.120300
vt 0.647000 0.124300
vt 0.653100 0.124300
vt 0.638800 0.120200
vt 0.638800 0.124200
vt 0.628700 0.120000
vt 0.617000 0.119800
vt 0.616900 0.124100
vt 0.628700 0.124200
vt 0.559200 0.109700
vt 0.574600 0.110000
vt 0.589600 0.110500
vt 0.559100 0.114300
vt 0.574500 0.114500
vt 0.589500 0.114800
vt 0.603900 0.111000
vt 0.603800 0.115200
vt 0.603800 0.119600
vt 0.603700 0.124000
vt 0.589500 0.119300
vt 0.589500 0.124000
vt 0.574400 0.119200
vt 0.559000 0.119000
vt 0.558900 0.123800
vt 0.574400 0.123900
vt 0.512600 0.109400
vt 0.528200 0.109400
vt 0.512400 0.114100
vt 0.528000 0.114200
vt 0.543700 0.109500
vt 0.543600 0.114200
vt 0.543500 0.119000
vt 0.543400 0.123800
vt 0.527900 0.118900
vt 0.527700 0.123700
vt 0.512200 0.118900
vt 0.512100 0.123700
vt 0.945000 0.232300
vt 0.954600 0.232300
vt 0.954900 0.231200
vt 0.963000 0.232100
vt 0.963200 0.231000
vt 0.944900 0.233200
vt 0.954500 0.233100
vt 0.963100 0.232800
vt 0.969700 0.231700
vt 0.975000 0.231100
vt 0.973500 0.230500
vt 0.969600 0.230800
vt 0.970300 0.232400
vt 0.976100 0.231900
vt 0.976700 0.232600
vt 0.970600 0.233100
vt 0.970700 0.233600
vt 0.976800 0.233400
vt 0.963100 0.233400
vt 0.963200 0.233900
vt 0.954500 0.233700
vt 0.944800 0.233900
vt 0.944900 0.234400
vt 0.954500 0.234200
vt 0.978800 0.230300
vt 0.975600 0.229700
vt 0.981600 0.229000
vt 0.977900 0.228200
vt 0.980500 0.231200
vt 0.983600 0.230100
vt 0.983800 0.227200
vt 0.980000 0.226200
vt 0.985900 0.228700
vt 0.986900 0.230700
vt 0.987000 0.233000
vt 0.984600 0.231500
vt 0.984700 0.233100
vt 0.981300 0.232100
vt 0.981400 0.233200
vt 0.806500 0.204200
vt 0.789400 0.202500
vt 0.806700 0.202100
vt 0.789600 0.200300
vt 0.774800 0.200900
vt 0.763500 0.199600
vt 0.774700 0.198600
vt 0.763200 0.197200
vt 0.761200 0.194700
vt 0.773500 0.196200
vt 0.771700 0.193900
vt 0.754200 0.191700
vt 0.789500 0.198200
vt 0.789300 0.196100
vt 0.806800 0.200100
vt 0.806800 0.198300
vt 0.747300 0.197300
vt 0.743200 0.196500
vt 0.737800 0.195700
vt 0.748100 0.194900
vt 0.743900 0.194100
vt 0.738300 0.193100
vt 0.731300 0.195000
vt 0.723900 0.194600
vt 0.731700 0.192200
vt 0.724300 0.191600
vt 0.724900 0.188600
vt 0.732300 0.189400
vt 0.732900 0.186500
vt 0.726400 0.184900
vt 0.738900 0.190600
vt 0.739500 0.188100
vt 0.744900 0.191800
vt 0.749400 0.192900
vt 0.752600 0.191300
vt 0.746000 0.189700
vt 0.715800 0.194600
vt 0.706900 0.195100
vt 0.716100 0.191700
vt 0.707000 0.192100
vt 0.697100 0.195800
vt 0.686300 0.196900
vt 0.697200 0.192900
vt 0.686300 0.193900
vt 0.686700 0.190900
vt 0.697500 0.190000
vt 0.697900 0.187000
vt 0.688400 0.187700
vt 0.707200 0.189200
vt 0.707400 0.186300
vt 0.716400 0.188600
vt 0.716900 0.185600
vt 0.674400 0.198100
vt 0.661600 0.199400
vt 0.674300 0.195200
vt 0.661400 0.196500
vt 0.648300 0.200900
vt 0.634800 0.202400
vt 0.648000 0.198000
vt 0.634300 0.199500
vt 0.633900 0.196700
vt 0.647600 0.195100
vt 0.647200 0.192300
vt 0.633500 0.193800
vt 0.661100 0.193700
vt 0.660900 0.190800
vt 0.674400 0.192200
vt 0.674700 0.189200
vt 0.960800 0.092500
vt 0.945600 0.090800
vt 0.926000 0.088900
vt 0.962100 0.089700
vt 0.946500 0.087700
vt 0.926400 0.085200
vt 0.904100 0.086900
vt 0.881500 0.085300
vt 0.904200 0.082700
vt 0.881500 0.080600
vt 0.881300 0.075200
vt 0.904100 0.077900
vt 0.904000 0.072700
vt 0.879800 0.068300
vt 0.927100 0.081200
vt 0.928100 0.077200
vt 0.948900 0.084600
vt 0.965600 0.087200
vt 0.976300 0.086000
vt 0.952200 0.081600
vt 0.860000 0.084200
vt 0.839600 0.083700
vt 0.860100 0.079400
vt 0.839700 0.078800
vt 0.820000 0.083600
vt 0.801200 0.083700
vt 0.820000 0.078600
vt 0.801100 0.078700
vt 0.800700 0.073000
vt 0.819900 0.073000
vt 0.819600 0.067100
vt 0.799500 0.066700
vt 0.839700 0.073300
vt 0.839700 0.067500
vt 0.860000 0.073800
vt 0.859800 0.067900
vt 0.783000 0.084100
vt 0.765300 0.084600
vt 0.782800 0.079100
vt 0.765100 0.079700
vt 0.748000 0.085300
vt 0.730900 0.086100
vt 0.747800 0.080500
vt 0.730700 0.081400
vt 0.730200 0.076100
vt 0.747400 0.075000
vt 0.746900 0.069100
vt 0.729400 0.070000
vt 0.764800 0.074200
vt 0.764500 0.068300
vt 0.782500 0.073400
vt 0.782000 0.067500
vt 0.713900 0.087000
vt 0.698100 0.087900
vt 0.713800 0.082600
vt 0.697900 0.083900
vt 0.684300 0.088700
vt 0.673700 0.089300
vt 0.683900 0.085100
vt 0.673100 0.086100
vt 0.671000 0.082900
vt 0.682500 0.081500
vt 0.680600 0.077700
vt 0.664300 0.080300
vt 0.697500 0.079600
vt 0.696900 0.075100
vt 0.713500 0.077700
vt 0.713100 0.072500
vt 0.652100 0.078700
vt 0.650600 0.081600
vt 0.657000 0.082900
vt 0.661200 0.080400
vt 0.649400 0.084600
vt 0.655400 0.085900
vt 0.642900 0.077000
vt 0.642100 0.079900
vt 0.641300 0.082800
vt 0.648800 0.087500
vt 0.654700 0.088800
vt 0.640800 0.085700
vt 0.630900 0.083500
vt 0.619400 0.081000
vt 0.631500 0.080700
vt 0.620100 0.078200
vt 0.632600 0.078000
vt 0.633800 0.075300
vt 0.624700 0.073600
vt 0.621400 0.075600
vt 0.606300 0.078100
vt 0.591900 0.075000
vt 0.606900 0.075200
vt 0.592400 0.072100
vt 0.576700 0.072000
vt 0.561000 0.069300
vt 0.577100 0.069000
vt 0.561400 0.066200
vt 0.561800 0.063200
vt 0.577600 0.066100
vt 0.578100 0.063100
vt 0.562500 0.059600
vt 0.593000 0.069300
vt 0.593600 0.066600
vt 0.607900 0.072600
vt 0.609100 0.070100
vt 0.545100 0.066900
vt 0.529000 0.065100
vt 0.545400 0.063900
vt 0.529200 0.062100
vt 0.512900 0.063800
vt 0.512900 0.060800
vt 0.513000 0.057900
vt 0.513200 0.055200
vt 0.529400 0.059300
vt 0.529600 0.056700
vt 0.545700 0.061000
vt 0.546100 0.058200
vt 0.745700 0.216000
vt 0.746400 0.212700
vt 0.748300 0.216300
vt 0.749000 0.213000
vt 0.745000 0.219300
vt 0.747700 0.219500
vt 0.752500 0.216600
vt 0.753200 0.213400
vt 0.751900 0.219800
vt 0.751300 0.222900
vt 0.750900 0.225700
vt 0.747100 0.222600
vt 0.746600 0.225500
vt 0.744400 0.222400
vt 0.744000 0.225300
vt 0.748700 0.203200
vt 0.749400 0.200400
vt 0.751300 0.203600
vt 0.752000 0.200800
vt 0.748000 0.206300
vt 0.750500 0.206600
vt 0.755300 0.204100
vt 0.756000 0.201300
vt 0.754600 0.207000
vt 0.753900 0.210200
vt 0.749800 0.209700
vt 0.747200 0.209500
vt 0.751700 0.193400
vt 0.753000 0.191400
vt 0.753200 0.193700
vt 0.753400 0.191500
vt 0.750700 0.195500
vt 0.753000 0.195900
vt 0.755400 0.194000
vt 0.753800 0.191600
vt 0.756600 0.196400
vt 0.756600 0.198800
vt 0.752600 0.198200
vt 0.750000 0.197800
vt 0.747300 0.260500
vt 0.746500 0.257200
vt 0.749800 0.260200
vt 0.749100 0.256900
vt 0.748100 0.263700
vt 0.750600 0.263400
vt 0.753900 0.259800
vt 0.753200 0.256600
vt 0.754600 0.263000
vt 0.755300 0.266000
vt 0.756000 0.268700
vt 0.751300 0.266400
vt 0.752000 0.269200
vt 0.748800 0.266800
vt 0.749500 0.269600
vt 0.744500 0.247500
vt 0.744000 0.244600
vt 0.747200 0.247300
vt 0.746700 0.244400
vt 0.745100 0.250700
vt 0.747700 0.250400
vt 0.751400 0.247000
vt 0.751000 0.244200
vt 0.751900 0.250100
vt 0.752500 0.253300
vt 0.748400 0.253600
vt 0.745800 0.253900
vt 0.740900 0.237300
vt 0.743400 0.237200
vt 0.743400 0.235000
vt 0.746100 0.237100
vt 0.746100 0.235000
vt 0.741000 0.239700
vt 0.743500 0.239500
vt 0.746200 0.239400
vt 0.750400 0.237100
vt 0.757800 0.236900
vt 0.750400 0.234900
vt 0.750500 0.239300
vt 0.757900 0.239000
vt 0.758100 0.241300
vt 0.750700 0.241600
vt 0.746400 0.241800
vt 0.743700 0.242000
vt 0.741200 0.242200
vt 0.979700 0.112700
vt 0.979500 0.112800
vt 0.979800 0.115200
vt 0.980200 0.114900
vt 0.977700 0.112800
vt 0.978000 0.115300
vt 0.979200 0.110400
vt 0.979000 0.110500
vt 0.977200 0.110500
vt 0.972800 0.112500
vt 0.973100 0.114900
vt 0.972400 0.110100
vt 0.971900 0.107800
vt 0.971500 0.105600
vt 0.976800 0.108200
vt 0.976300 0.105900
vt 0.978500 0.108200
vt 0.978800 0.108200
vt 0.978300 0.105900
vt 0.978000 0.106000
vt 0.980500 0.123300
vt 0.980300 0.123400
vt 0.980300 0.126100
vt 0.980600 0.126100
vt 0.978500 0.123300
vt 0.978600 0.126100
vt 0.980400 0.120500
vt 0.980200 0.120600
vt 0.978400 0.120600
vt 0.973600 0.123200
vt 0.973700 0.126100
vt 0.973600 0.120400
vt 0.973400 0.117600
vt 0.978300 0.117900
vt 0.980100 0.117900
vt 0.980300 0.117700
vt 0.978600 0.144100
vt 0.978400 0.144000
vt 0.977800 0.146300
vt 0.978100 0.146300
vt 0.976600 0.144100
vt 0.976100 0.146300
vt 0.979100 0.141800
vt 0.978900 0.141700
vt 0.977100 0.141800
vt 0.971700 0.144400
vt 0.971300 0.146600
vt 0.972200 0.142100
vt 0.972700 0.139700
vt 0.973000 0.137300
vt 0.977500 0.139400
vt 0.977900 0.137000
vt 0.979400 0.139400
vt 0.979600 0.139600
vt 0.980100 0.137400
vt 0.979800 0.137000
vt 0.976600 0.153000
vt 0.976500 0.153000
vt 0.976200 0.155500
vt 0.976100 0.155200
vt 0.974800 0.153200
vt 0.974500 0.155700
vt 0.977100 0.150800
vt 0.976900 0.150800
vt 0.975200 0.150900
vt 0.970000 0.153600
vt 0.969800 0.156100
vt 0.970400 0.151200
vt 0.970800 0.148900
vt 0.975600 0.148600
vt 0.977300 0.148500
vt 0.977600 0.148600
vt 0.976500 0.163500
vt 0.976400 0.163500
vt 0.976500 0.166300
vt 0.976700 0.166300
vt 0.975400 0.163600
vt 0.976300 0.166300
vt 0.976400 0.160800
vt 0.976200 0.160800
vt 0.974700 0.160900
vt 0.973000 0.163900
vt 0.965300 0.164900
vt 0.976000 0.166200
vt 0.976100 0.166300
vt 0.970600 0.161400
vt 0.961700 0.162400
vt 0.960500 0.159600
vt 0.969800 0.158700
vt 0.974500 0.158300
vt 0.976100 0.158100
vt 0.976300 0.158000
vt 0.977800 0.103700
vt 0.977600 0.103700
vt 0.975800 0.103600
vt 0.977300 0.101500
vt 0.977100 0.101500
vt 0.975400 0.101400
vt 0.971000 0.103300
vt 0.970600 0.101000
vt 0.970300 0.098600
vt 0.970100 0.096100
vt 0.975100 0.099000
vt 0.974800 0.096500
vt 0.976700 0.099200
vt 0.976900 0.099200
vt 0.976400 0.097000
vt 0.976500 0.096800
vt 0.657500 0.103300
vt 0.657600 0.101300
vt 0.659600 0.103600
vt 0.659800 0.101600
vt 0.657300 0.105500
vt 0.659500 0.105700
vt 0.660600 0.103700
vt 0.661000 0.103700
vt 0.661200 0.101700
vt 0.660800 0.101700
vt 0.660400 0.105800
vt 0.660800 0.105800
vt 0.660600 0.108200
vt 0.660300 0.108100
vt 0.660100 0.110700
vt 0.659300 0.108000
vt 0.659200 0.110600
vt 0.657200 0.107800
vt 0.657100 0.110400
vt 0.658100 0.094900
vt 0.658300 0.092400
vt 0.660300 0.095300
vt 0.660500 0.092800
vt 0.657900 0.097200
vt 0.660100 0.097500
vt 0.661400 0.095400
vt 0.661800 0.095300
vt 0.662000 0.092900
vt 0.661500 0.092900
vt 0.661200 0.097600
vt 0.661600 0.097600
vt 0.661400 0.099700
vt 0.661000 0.099700
vt 0.660000 0.099600
vt 0.657800 0.099300
vt 0.660000 0.083600
vt 0.661300 0.080500
vt 0.661100 0.083800
vt 0.661500 0.080600
vt 0.659000 0.086600
vt 0.660800 0.086900
vt 0.661700 0.083900
vt 0.662000 0.083900
vt 0.661800 0.080700
vt 0.661600 0.080600
vt 0.661700 0.087100
vt 0.662100 0.087000
vt 0.662000 0.090100
vt 0.661600 0.090100
vt 0.660600 0.090000
vt 0.658500 0.089600
vt 0.657600 0.149100
vt 0.657400 0.147200
vt 0.659900 0.148700
vt 0.659600 0.146900
vt 0.657800 0.151100
vt 0.660100 0.150600
vt 0.661000 0.148500
vt 0.660700 0.146800
vt 0.661300 0.150400
vt 0.661600 0.152300
vt 0.661900 0.154600
vt 0.660400 0.152700
vt 0.660700 0.155000
vt 0.658100 0.153300
vt 0.658300 0.155700
vt 0.657100 0.140900
vt 0.657000 0.138200
vt 0.659200 0.140700
vt 0.659100 0.138100
vt 0.657200 0.143200
vt 0.659300 0.143000
vt 0.660100 0.140600
vt 0.660000 0.138000
vt 0.660300 0.142900
vt 0.660500 0.144900
vt 0.659500 0.145000
vt 0.657300 0.145300
vt 0.653100 0.128100
vt 0.656900 0.128100
vt 0.656900 0.124300
vt 0.658900 0.128000
vt 0.658900 0.124300
vt 0.653100 0.131800
vt 0.656900 0.131700
vt 0.658900 0.131600
vt 0.659800 0.128000
vt 0.660000 0.128000
vt 0.659800 0.124300
vt 0.659800 0.131600
vt 0.660100 0.131600
vt 0.660200 0.134900
vt 0.659900 0.134900
vt 0.659000 0.135000
vt 0.656900 0.135100
vt 0.653100 0.135300
vt 0.958400 0.215300
vt 0.958700 0.214100
vt 0.966400 0.215600
vt 0.966600 0.214500
vt 0.958200 0.216600
vt 0.966200 0.216800
vt 0.972800 0.216000
vt 0.977800 0.216300
vt 0.976500 0.215500
vt 0.972800 0.215000
vt 0.973000 0.217100
vt 0.978300 0.217400
vt 0.977400 0.218500
vt 0.972400 0.218200
vt 0.972000 0.219300
vt 0.975800 0.219200
vt 0.965900 0.218100
vt 0.965700 0.219300
vt 0.958000 0.217900
vt 0.957800 0.219200
vt 0.956600 0.226100
vt 0.957200 0.224400
vt 0.965700 0.226100
vt 0.966300 0.224300
vt 0.956000 0.227900
vt 0.964800 0.227900
vt 0.973700 0.226000
vt 0.974600 0.224100
vt 0.972200 0.227900
vt 0.970600 0.229500
vt 0.963900 0.229600
vt 0.955400 0.229600
vt 0.912500 0.256700
vt 0.912300 0.254600
vt 0.911900 0.252300
vt 0.926000 0.256000
vt 0.925600 0.254000
vt 0.925300 0.251700
vt 0.911600 0.249900
vt 0.911200 0.247500
vt 0.924900 0.249400
vt 0.924500 0.246900
vt 0.936500 0.246400
vt 0.936900 0.248800
vt 0.937300 0.251100
vt 0.937700 0.253300
vt 0.938100 0.255300
vt 0.910900 0.245000
vt 0.910500 0.242700
vt 0.924100 0.244600
vt 0.923700 0.242300
vt 0.910200 0.240600
vt 0.910000 0.238800
vt 0.923400 0.240200
vt 0.923100 0.238500
vt 0.934800 0.238100
vt 0.935100 0.239800
vt 0.935500 0.241800
vt 0.936000 0.244100
vt 0.977000 0.212100
vt 0.976400 0.212700
vt 0.969300 0.210500
vt 0.968800 0.211300
vt 0.977900 0.211300
vt 0.969900 0.209500
vt 0.960000 0.209300
vt 0.959700 0.210400
vt 0.960400 0.208100
vt 0.961000 0.206600
vt 0.961700 0.204900
vt 0.970600 0.208300
vt 0.971500 0.207100
vt 0.979400 0.210400
vt 0.981300 0.209300
vt 0.909800 0.232100
vt 0.922800 0.232300
vt 0.909600 0.233200
vt 0.922700 0.233200
vt 0.934500 0.232300
vt 0.934400 0.233300
vt 0.934300 0.234000
vt 0.934300 0.234600
vt 0.922600 0.234000
vt 0.922600 0.234700
vt 0.909600 0.234000
vt 0.909600 0.234800
vt 0.822000 0.236100
vt 0.841300 0.236000
vt 0.860200 0.235800
vt 0.822100 0.237500
vt 0.841300 0.237200
vt 0.860300 0.236900
vt 0.878200 0.235700
vt 0.894900 0.235600
vt 0.878300 0.236700
vt 0.895000 0.236500
vt 0.895100 0.237600
vt 0.878400 0.237900
vt 0.860400 0.238200
vt 0.841500 0.238600
vt 0.822200 0.239100
vt 0.899600 0.262800
vt 0.882300 0.263900
vt 0.883400 0.265500
vt 0.902900 0.264200
vt 0.863500 0.265100
vt 0.863900 0.266800
vt 0.898400 0.261200
vt 0.881400 0.262200
vt 0.863200 0.263300
vt 0.844400 0.266400
vt 0.825400 0.267900
vt 0.824900 0.269500
vt 0.844400 0.268100
vt 0.844300 0.264600
vt 0.825400 0.266100
vt 0.825200 0.264000
vt 0.844100 0.262600
vt 0.862900 0.261400
vt 0.881000 0.260300
vt 0.897800 0.259400
vt 0.984900 0.243600
vt 0.984200 0.241100
vt 0.987600 0.242100
vt 0.986700 0.239300
vt 0.984900 0.246300
vt 0.987500 0.245400
vt 0.989100 0.240300
vt 0.990000 0.238200
vt 0.988100 0.236900
vt 0.989300 0.244400
vt 0.991000 0.243400
vt 0.990600 0.248700
vt 0.988400 0.248700
vt 0.985400 0.252300
vt 0.990200 0.254100
vt 0.986100 0.248600
vt 0.982900 0.251500
vt 0.983600 0.248800
vt 0.980600 0.251000
vt 0.950700 0.259300
vt 0.939300 0.260300
vt 0.939900 0.261800
vt 0.952200 0.261000
vt 0.927000 0.261100
vt 0.927600 0.262600
vt 0.949900 0.257800
vt 0.938800 0.258700
vt 0.926600 0.259500
vt 0.914100 0.261900
vt 0.915200 0.263400
vt 0.913300 0.260300
vt 0.912800 0.258600
vt 0.926200 0.257900
vt 0.938400 0.257100
vt 0.949500 0.256300
vt 0.769800 0.236800
vt 0.785200 0.236600
vt 0.769800 0.238700
vt 0.785200 0.238300
vt 0.803000 0.236300
vt 0.803000 0.237900
vt 0.803200 0.239700
vt 0.785400 0.240300
vt 0.770000 0.240800
vt 0.719600 0.237800
vt 0.726200 0.237700
vt 0.732000 0.237600
vt 0.719700 0.240600
vt 0.726200 0.240400
vt 0.732100 0.240200
vt 0.737000 0.237400
vt 0.737100 0.239900
vt 0.737300 0.242500
vt 0.732300 0.242900
vt 0.726300 0.243200
vt 0.719800 0.243500
vt 0.687200 0.237900
vt 0.696600 0.237900
vt 0.705000 0.237900
vt 0.687100 0.240800
vt 0.696600 0.240800
vt 0.705000 0.240800
vt 0.712600 0.237900
vt 0.712700 0.240800
vt 0.712700 0.243700
vt 0.705000 0.243700
vt 0.696500 0.243700
vt 0.687100 0.243600
vt 0.640900 0.238000
vt 0.653200 0.237900
vt 0.665200 0.237900
vt 0.640700 0.240700
vt 0.653000 0.240700
vt 0.665100 0.240700
vt 0.676600 0.237900
vt 0.676500 0.240700
vt 0.676400 0.243600
vt 0.664900 0.243500
vt 0.652900 0.243500
vt 0.640500 0.243500
vt 0.882400 0.130600
vt 0.905500 0.130300
vt 0.928100 0.129900
vt 0.882300 0.135300
vt 0.905400 0.134600
vt 0.928000 0.133700
vt 0.948300 0.129500
vt 0.964100 0.129200
vt 0.948200 0.132900
vt 0.963900 0.132200
vt 0.963800 0.135200
vt 0.948000 0.136100
vt 0.927900 0.137300
vt 0.905300 0.138600
vt 0.882100 0.139600
vt 0.801000 0.130800
vt 0.820000 0.130900
vt 0.839800 0.130900
vt 0.801000 0.136100
vt 0.820000 0.136100
vt 0.839700 0.136000
vt 0.860500 0.130800
vt 0.860400 0.135800
vt 0.860300 0.140300
vt 0.839600 0.140700
vt 0.819900 0.140900
vt 0.801000 0.140900
vt 0.729700 0.130000
vt 0.747000 0.130300
vt 0.764600 0.130600
vt 0.729700 0.135000
vt 0.747100 0.135500
vt 0.764700 0.135800
vt 0.782600 0.130700
vt 0.782600 0.136000
vt 0.782600 0.140800
vt 0.764700 0.140600
vt 0.747100 0.140100
vt 0.729800 0.139500
vt 0.660300 0.128000
vt 0.661600 0.128000
vt 0.660400 0.131500
vt 0.661700 0.131600
vt 0.665000 0.128100
vt 0.671600 0.128400
vt 0.665100 0.131800
vt 0.671600 0.132200
vt 0.671700 0.135700
vt 0.665200 0.135200
vt 0.661800 0.135000
vt 0.660500 0.134900
vt 0.616900 0.128400
vt 0.628700 0.128400
vt 0.638800 0.128300
vt 0.616900 0.132700
vt 0.628700 0.132400
vt 0.638800 0.132200
vt 0.647000 0.128200
vt 0.647000 0.132000
vt 0.647000 0.135600
vt 0.638800 0.135900
vt 0.628700 0.136300
vt 0.617000 0.136700
vt 0.558900 0.128600
vt 0.574400 0.128600
vt 0.589400 0.128600
vt 0.558900 0.133400
vt 0.574400 0.133200
vt 0.589400 0.133100
vt 0.603700 0.128500
vt 0.603700 0.132900
vt 0.603800 0.137100
vt 0.589500 0.137400
vt 0.574400 0.137800
vt 0.558900 0.138000
vt 0.512000 0.128500
vt 0.527700 0.128500
vt 0.511900 0.133300
vt 0.527600 0.133400
vt 0.543300 0.128600
vt 0.543300 0.133400
vt 0.543300 0.138100
vt 0.527600 0.138200
vt 0.511900 0.138200
vt 0.944900 0.235000
vt 0.954500 0.234700
vt 0.963100 0.234400
vt 0.944900 0.235700
vt 0.954500 0.235300
vt 0.963100 0.235000
vt 0.970600 0.234200
vt 0.976600 0.234100
vt 0.970300 0.234800
vt 0.976100 0.234900
vt 0.974800 0.235800
vt 0.969700 0.235600
vt 0.963000 0.235800
vt 0.954600 0.236200
vt 0.945000 0.236600
vt 0.981200 0.234200
vt 0.984500 0.234600
vt 0.980300 0.235300
vt 0.983400 0.236100
vt 0.986700 0.235300
vt 0.985400 0.237400
vt 0.983000 0.239000
vt 0.981200 0.237400
vt 0.978600 0.236300
vt 0.807200 0.269800
vt 0.807300 0.271600
vt 0.789800 0.271800
vt 0.789700 0.273800
vt 0.807000 0.267800
vt 0.789900 0.269700
vt 0.773700 0.273700
vt 0.761400 0.275200
vt 0.754400 0.278200
vt 0.772000 0.276000
vt 0.774900 0.271400
vt 0.763300 0.272800
vt 0.763600 0.270400
vt 0.774900 0.269100
vt 0.789600 0.267500
vt 0.806700 0.265700
vt 0.749700 0.277100
vt 0.745100 0.278200
vt 0.746300 0.280300
vt 0.752800 0.278600
vt 0.739100 0.279600
vt 0.739700 0.282000
vt 0.748300 0.275100
vt 0.744100 0.276000
vt 0.738500 0.277000
vt 0.732500 0.280900
vt 0.725100 0.281600
vt 0.726600 0.285500
vt 0.733200 0.283700
vt 0.732000 0.278000
vt 0.724500 0.278600
vt 0.724100 0.275600
vt 0.731500 0.275200
vt 0.738000 0.274400
vt 0.743400 0.273500
vt 0.747500 0.272700
vt 0.716700 0.281500
vt 0.717100 0.284600
vt 0.707400 0.280800
vt 0.707600 0.283700
vt 0.716300 0.278500
vt 0.707200 0.277900
vt 0.697700 0.280000
vt 0.687000 0.278900
vt 0.688600 0.282000
vt 0.698100 0.282900
vt 0.697400 0.277100
vt 0.686500 0.276000
vt 0.686500 0.273100
vt 0.697300 0.274100
vt 0.707100 0.275000
vt 0.716000 0.275500
vt 0.674600 0.277700
vt 0.674900 0.280600
vt 0.661400 0.276400
vt 0.661200 0.279300
vt 0.674500 0.274800
vt 0.661600 0.273500
vt 0.647800 0.275100
vt 0.634200 0.273700
vt 0.633800 0.276600
vt 0.647500 0.278000
vt 0.648200 0.272200
vt 0.634600 0.270800
vt 0.635000 0.268000
vt 0.648500 0.269300
vt 0.661800 0.270700
vt 0.674600 0.271900
vt 0.948500 0.167400
vt 0.951800 0.170400
vt 0.926700 0.170600
vt 0.927600 0.174600
vt 0.946100 0.164300
vt 0.926000 0.166600
vt 0.903700 0.173700
vt 0.880800 0.176200
vt 0.879300 0.183000
vt 0.903400 0.178800
vt 0.903800 0.168900
vt 0.881100 0.170800
vt 0.881100 0.166100
vt 0.903700 0.164600
vt 0.925700 0.162900
vt 0.945200 0.161100
vt 0.859500 0.177300
vt 0.859200 0.183200
vt 0.839200 0.177700
vt 0.839100 0.183400
vt 0.859700 0.171800
vt 0.839200 0.172200
vt 0.819300 0.177700
vt 0.800200 0.177500
vt 0.799000 0.183800
vt 0.819000 0.183600
vt 0.819600 0.172200
vt 0.800600 0.171800
vt 0.800800 0.166800
vt 0.819600 0.167200
vt 0.839200 0.167200
vt 0.859600 0.166900
vt 0.782000 0.176900
vt 0.781400 0.182800
vt 0.764300 0.176000
vt 0.763900 0.181800
vt 0.782400 0.171300
vt 0.764700 0.170400
vt 0.746900 0.175000
vt 0.729800 0.173700
vt 0.728800 0.179800
vt 0.746400 0.180800
vt 0.747400 0.169500
vt 0.730400 0.168300
vt 0.730700 0.163600
vt 0.747700 0.164600
vt 0.765000 0.165500
vt 0.782600 0.166200
vt 0.713200 0.171900
vt 0.712600 0.177100
vt 0.697300 0.169800
vt 0.696400 0.174500
vt 0.713600 0.166900
vt 0.698000 0.165400
vt 0.682400 0.167800
vt 0.671200 0.166000
vt 0.664000 0.169100
vt 0.680200 0.171800
vt 0.684100 0.163900
vt 0.673500 0.162500
vt 0.674300 0.159100
vt 0.684800 0.160100
vt 0.684800 0.156900
vt 0.698300 0.161300
vt 0.698400 0.157800
vt 0.713900 0.162400
vt 0.714100 0.158700
vt 0.656700 0.165400
vt 0.650200 0.166900
vt 0.651600 0.169900
vt 0.660800 0.168300
vt 0.641600 0.168500
vt 0.642500 0.171500
vt 0.655300 0.162400
vt 0.649100 0.163900
vt 0.640900 0.165600
vt 0.632100 0.170400
vt 0.620900 0.172700
vt 0.624200 0.174700
vt 0.633300 0.173100
vt 0.631100 0.167700
vt 0.619600 0.170100
vt 0.618900 0.167300
vt 0.630500 0.164800
vt 0.640400 0.162700
vt 0.648500 0.160900
vt 0.654600 0.159500
vt 0.607400 0.175500
vt 0.608600 0.178100
vt 0.592400 0.178700
vt 0.593000 0.181400
vt 0.606400 0.172900
vt 0.591900 0.175900
vt 0.577000 0.181900
vt 0.561200 0.184600
vt 0.561900 0.188200
vt 0.577500 0.184800
vt 0.576600 0.178900
vt 0.560800 0.181600
vt 0.560400 0.178500
vt 0.576200 0.175900
vt 0.591400 0.173000
vt 0.605800 0.170100
vt 0.545000 0.186700
vt 0.545400 0.189500
vt 0.528700 0.188200
vt 0.528900 0.190900
vt 0.544700 0.183800
vt 0.528500 0.185400
vt 0.512300 0.189400
vt 0.512400 0.192200
vt 0.512200 0.186500
vt 0.512200 0.183500
vt 0.528400 0.182500
vt 0.544500 0.180700
vt 0.756700 0.271300
vt 0.756700 0.273600
vt 0.752700 0.271800
vt 0.753200 0.274100
vt 0.755600 0.276000
vt 0.754000 0.278300
vt 0.753400 0.276300
vt 0.753600 0.278400
vt 0.753200 0.278500
vt 0.752000 0.276600
vt 0.750900 0.274500
vt 0.750100 0.272200
vt 0.750600 0.228300
vt 0.750500 0.230600
vt 0.746300 0.228100
vt 0.746200 0.230500
vt 0.750400 0.232800
vt 0.746100 0.232800
vt 0.743400 0.232700
vt 0.743500 0.230400
vt 0.743700 0.228000
vt 0.973300 0.134600
vt 0.973500 0.131900
vt 0.978200 0.134400
vt 0.978400 0.131700
vt 0.973600 0.129000
vt 0.978500 0.128900
vt 0.980300 0.128900
vt 0.980500 0.128900
vt 0.980200 0.131700
vt 0.980400 0.131700
vt 0.980000 0.134400
vt 0.980300 0.134600
vt 0.970100 0.093400
vt 0.970900 0.090800
vt 0.974800 0.093900
vt 0.975100 0.091300
vt 0.973300 0.088300
vt 0.976500 0.086000
vt 0.975800 0.088600
vt 0.976700 0.085900
vt 0.976900 0.085900
vt 0.976700 0.088700
vt 0.976900 0.088700
vt 0.977100 0.085900
vt 0.976600 0.091400
vt 0.976700 0.091500
vt 0.976400 0.094200
vt 0.976600 0.094200
vt 0.662100 0.157200
vt 0.662700 0.157100
vt 0.662300 0.160100
vt 0.662900 0.160000
vt 0.660900 0.157700
vt 0.661200 0.160600
vt 0.662500 0.163100
vt 0.662700 0.166200
vt 0.663300 0.165500
vt 0.663000 0.162900
vt 0.661600 0.163700
vt 0.662000 0.166900
vt 0.661400 0.167600
vt 0.660100 0.164400
vt 0.659100 0.161400
vt 0.658500 0.158400
vt 0.660000 0.113800
vt 0.659900 0.117100
vt 0.659100 0.113700
vt 0.659000 0.117100
vt 0.659800 0.120700
vt 0.658900 0.120600
vt 0.656900 0.120600
vt 0.657000 0.116900
vt 0.657000 0.113500
vt 0.978900 0.254700
vt 0.980700 0.255800
vt 0.970300 0.256400
vt 0.971200 0.257500
vt 0.977200 0.253700
vt 0.969400 0.255300
vt 0.961000 0.258000
vt 0.961700 0.259200
vt 0.960300 0.256700
vt 0.959800 0.255300
vt 0.968700 0.254200
vt 0.975700 0.252800
vt 0.909600 0.235500
vt 0.922700 0.235400
vt 0.909700 0.236300
vt 0.922700 0.236200
vt 0.934300 0.235200
vt 0.934400 0.235900
vt 0.934500 0.236900
vt 0.922900 0.237200
vt 0.909800 0.237400
vt 0.949800 0.212800
vt 0.940400 0.212700
vt 0.931400 0.212800
vt 0.949700 0.211900
vt 0.939900 0.211800
vt 0.930400 0.211900
vt 0.923400 0.213000
vt 0.917300 0.213200
vt 0.921700 0.212200
vt 0.915000 0.212600
vt 0.911100 0.212100
vt 0.918800 0.211500
vt 0.929100 0.211000
vt 0.939500 0.210800
vt 0.949700 0.210900
vt 0.978400 0.215200
vt 0.973700 0.214300
vt 0.967100 0.213600
vt 0.980100 0.214900
vt 0.974800 0.213800
vt 0.967700 0.212900
vt 0.958900 0.213100
vt 0.959200 0.212200
vt 0.959500 0.211300
vt 0.968300 0.212100
vt 0.975700 0.213200
vt 0.981200 0.214700
vt 0.977600 0.219800
vt 0.980600 0.218800
vt 0.981800 0.217600
vt 0.979300 0.220600
vt 0.982700 0.219400
vt 0.984000 0.217900
vt 0.981100 0.216400
vt 0.983200 0.216400
vt 0.984400 0.216400
vt 0.985400 0.218300
vt 0.984200 0.220200
vt 0.980600 0.221800
vt 0.948600 0.220200
vt 0.957700 0.220400
vt 0.965900 0.220500
vt 0.948200 0.221500
vt 0.957600 0.221600
vt 0.966200 0.221600
vt 0.972600 0.220300
vt 0.973600 0.221300
vt 0.974400 0.222500
vt 0.966400 0.222900
vt 0.957500 0.222900
vt 0.947800 0.222800
vt 0.916500 0.218800
vt 0.922600 0.219200
vt 0.930400 0.219600
vt 0.914100 0.219600
vt 0.920600 0.220200
vt 0.929100 0.220700
vt 0.939300 0.220000
vt 0.938500 0.221100
vt 0.937700 0.222400
vt 0.927600 0.221900
vt 0.917600 0.221100
vt 0.910200 0.220200
vt 0.902500 0.214300
vt 0.905200 0.213200
vt 0.905800 0.214800
vt 0.907000 0.213900
vt 0.901100 0.216000
vt 0.905300 0.215900
vt 0.907700 0.214900
vt 0.908800 0.215000
vt 0.908900 0.214200
vt 0.908200 0.214200
vt 0.907500 0.215800
vt 0.908700 0.215700
vt 0.908500 0.216400
vt 0.907400 0.216700
vt 0.907700 0.217400
vt 0.908400 0.217100
vt 0.905500 0.217100
vt 0.906500 0.218100
vt 0.902100 0.217700
vt 0.904500 0.219000
vt 0.909600 0.214300
vt 0.909000 0.214000
vt 0.908600 0.213500
vt 0.910300 0.214400
vt 0.910000 0.214000
vt 0.910300 0.213600
vt 0.908500 0.212900
vt 0.911600 0.213100
vt 0.913500 0.213600
vt 0.914600 0.214200
vt 0.911600 0.213900
vt 0.912600 0.214400
vt 0.911000 0.214200
vt 0.910900 0.214500
vt 0.911600 0.214600
vt 0.911700 0.214600
vt 0.915000 0.216900
vt 0.914100 0.217700
vt 0.912800 0.216700
vt 0.912100 0.217500
vt 0.915300 0.215900
vt 0.913100 0.215900
vt 0.911700 0.216700
vt 0.911200 0.216700
vt 0.911100 0.217300
vt 0.911200 0.217300
vt 0.912000 0.215900
vt 0.911300 0.216000
vt 0.911500 0.215300
vt 0.912000 0.215200
vt 0.913100 0.215100
vt 0.915200 0.215000
vt 0.910400 0.217300
vt 0.910400 0.217600
vt 0.911000 0.218000
vt 0.909700 0.217200
vt 0.909400 0.217800
vt 0.909600 0.218300
vt 0.912900 0.218400
vt 0.910800 0.218900
vt 0.907800 0.219300
vt 0.908000 0.218400
vt 0.908500 0.217700
vt 0.909100 0.217200
vt 0.008800 0.021200
vt 0.008900 0.021200
vt 0.008900 0.022300
vt 0.008800 0.022400
vt 0.012400 0.021200
vt 0.012500 0.022300
vt 0.008800 0.020000
vt 0.008900 0.020000
vt 0.012400 0.020000
vt 0.023100 0.021300
vt 0.023100 0.022400
vt 0.023100 0.020100
vt 0.023100 0.019000
vt 0.023100 0.017900
vt 0.012400 0.018900
vt 0.012500 0.017800
vt 0.008900 0.018800
vt 0.008800 0.018800
vt 0.008800 0.017700
vt 0.008900 0.017700
vt 0.008800 0.025500
vt 0.008900 0.025500
vt 0.008900 0.026500
vt 0.008800 0.026500
vt 0.010700 0.025500
vt 0.009000 0.026500
vt 0.008800 0.024500
vt 0.008900 0.024400
vt 0.012000 0.024500
vt 0.016100 0.025500
vt 0.021400 0.024500
vt 0.023200 0.023500
vt 0.012500 0.023400
vt 0.008900 0.023400
vt 0.008800 0.023400
vt 0.008900 0.012400
vt 0.008900 0.013500
vt 0.012500 0.012500
vt 0.012500 0.013500
vt 0.008900 0.011400
vt 0.012100 0.011500
vt 0.023200 0.012700
vt 0.023200 0.013700
vt 0.021500 0.011600
vt 0.016200 0.010500
vt 0.010800 0.010400
vt 0.009000 0.009300
vt 0.008900 0.010300
vt 0.008900 0.009300
vt 0.023100 0.016800
vt 0.023100 0.015800
vt 0.012500 0.016700
vt 0.012500 0.015600
vt 0.023100 0.014800
vt 0.012500 0.014600
vt 0.008900 0.014500
vt 0.008900 0.015600
vt 0.008800 0.015600
vt 0.008900 0.016600
vt 0.008800 0.016600
vt 0.985600 0.041200
vt 0.797800 0.041000
vt 0.797700 0.041700
vt 0.985700 0.041900
vt 0.621600 0.040800
vt 0.621400 0.041500
vt 0.985600 0.040600
vt 0.797900 0.040300
vt 0.620400 0.040100
vt 0.469000 0.040500
vt 0.468700 0.041200
vt 0.463500 0.039800
vt 0.446300 0.039200
vt 0.423300 0.038500
vt 0.616300 0.039400
vt 0.610700 0.038800
vt 0.798000 0.039700
vt 0.985600 0.039900
vt 0.985500 0.039200
vt 0.798100 0.039000
vt 0.985800 0.050300
vt 0.798200 0.050000
vt 0.798400 0.050700
vt 0.985800 0.051000
vt 0.616500 0.049700
vt 0.611000 0.050300
vt 0.985800 0.049600
vt 0.798100 0.049300
vt 0.620600 0.049000
vt 0.446600 0.049400
vt 0.423600 0.050000
vt 0.463700 0.048800
vt 0.469200 0.048100
vt 0.468900 0.047400
vt 0.621900 0.048300
vt 0.621600 0.047600
vt 0.798000 0.048600
vt 0.985800 0.049000
vt 0.985900 0.048300
vt 0.797900 0.047900
vt 0.985800 0.044300
vt 0.797600 0.044000
vt 0.797600 0.044800
vt 0.985900 0.045100
vt 0.621200 0.043700
vt 0.621200 0.044500
vt 0.985800 0.043500
vt 0.797600 0.043200
vt 0.621200 0.043000
vt 0.468300 0.043500
vt 0.468300 0.044300
vt 0.468300 0.042700
vt 0.468400 0.042000
vt 0.621300 0.042200
vt 0.797600 0.042400
vt 0.985700 0.042700
vt 0.985900 0.047500
vt 0.797800 0.047200
vt 0.621500 0.046900
vt 0.985900 0.046700
vt 0.797700 0.046400
vt 0.621300 0.046100
vt 0.468600 0.046600
vt 0.468400 0.045900
vt 0.468300 0.045100
vt 0.621200 0.045300
vt 0.797700 0.045600
vt 0.985900 0.045900
vt 0.325400 0.101400
vt 0.325200 0.099400
vt 0.328800 0.101600
vt 0.328600 0.099600
vt 0.325500 0.103500
vt 0.329000 0.103800
vt 0.330100 0.101700
vt 0.330000 0.099700
vt 0.330300 0.103900
vt 0.330500 0.106200
vt 0.329100 0.106100
vt 0.325700 0.105800
vt 0.324800 0.093000
vt 0.324700 0.090500
vt 0.328200 0.093200
vt 0.328100 0.090700
vt 0.324900 0.095300
vt 0.328300 0.095400
vt 0.329600 0.093200
vt 0.329500 0.090700
vt 0.329700 0.095500
vt 0.329800 0.097600
vt 0.328400 0.097600
vt 0.325000 0.097400
vt 0.307600 0.144900
vt 0.307400 0.146700
vt 0.293500 0.145800
vt 0.293400 0.147500
vt 0.307800 0.143000
vt 0.293800 0.144000
vt 0.277300 0.146800
vt 0.277100 0.148300
vt 0.277500 0.145100
vt 0.277700 0.142900
vt 0.277900 0.140100
vt 0.294000 0.141800
vt 0.294100 0.139100
vt 0.308000 0.140700
vt 0.308200 0.138000
vt 0.307000 0.152700
vt 0.293000 0.153200
vt 0.307100 0.150500
vt 0.293000 0.151000
vt 0.276800 0.153800
vt 0.276800 0.151600
vt 0.277000 0.149900
vt 0.293200 0.149200
vt 0.307300 0.148600
vt 0.308700 0.118300
vt 0.308700 0.122600
vt 0.294600 0.118000
vt 0.294600 0.122600
vt 0.308700 0.114200
vt 0.294600 0.113600
vt 0.278300 0.117600
vt 0.278400 0.122500
vt 0.278300 0.112900
vt 0.278200 0.108600
vt 0.294500 0.109500
vt 0.308600 0.110400
vt 0.327000 0.081500
vt 0.329200 0.078400
vt 0.328800 0.081700
vt 0.329400 0.078500
vt 0.325400 0.084600
vt 0.328300 0.084800
vt 0.329600 0.081700
vt 0.329600 0.078500
vt 0.329500 0.084900
vt 0.329500 0.087900
vt 0.328200 0.087800
vt 0.324800 0.087600
vt 0.308400 0.134700
vt 0.294300 0.135600
vt 0.308600 0.130900
vt 0.294500 0.131500
vt 0.278000 0.136500
vt 0.278200 0.132200
vt 0.278300 0.127500
vt 0.294600 0.127100
vt 0.308700 0.126800
vt 0.324400 0.157500
vt 0.327800 0.157300
vt 0.325000 0.160600
vt 0.327900 0.160400
vt 0.329100 0.157300
vt 0.329100 0.160300
vt 0.329200 0.163400
vt 0.329200 0.166700
vt 0.328400 0.163500
vt 0.329000 0.166700
vt 0.326600 0.163700
vt 0.328800 0.166700
vt 0.665600 0.107800
vt 0.662200 0.108100
vt 0.665800 0.105500
vt 0.662400 0.105800
vt 0.660900 0.108200
vt 0.661100 0.105900
vt 0.661300 0.103800
vt 0.661500 0.101700
vt 0.662700 0.103700
vt 0.662900 0.101700
vt 0.666100 0.103500
vt 0.666300 0.101500
vt 0.666500 0.099500
vt 0.663100 0.099700
vt 0.666700 0.097400
vt 0.663300 0.097600
vt 0.661800 0.099700
vt 0.662000 0.097600
vt 0.662200 0.095300
vt 0.662300 0.092800
vt 0.663500 0.095300
vt 0.663700 0.092800
vt 0.666900 0.095200
vt 0.667100 0.092600
vt 0.682800 0.142500
vt 0.682600 0.139800
vt 0.696800 0.143700
vt 0.696600 0.141000
vt 0.683000 0.144800
vt 0.697000 0.145900
vt 0.712900 0.145000
vt 0.712700 0.142200
vt 0.713000 0.147100
vt 0.713200 0.148900
vt 0.713400 0.150400
vt 0.697200 0.147700
vt 0.697400 0.149400
vt 0.683300 0.146700
vt 0.683600 0.148400
vt 0.683900 0.150100
vt 0.697700 0.151000
vt 0.684300 0.152000
vt 0.698000 0.152800
vt 0.713700 0.151900
vt 0.713900 0.153700
vt 0.714000 0.155900
vt 0.698300 0.155000
vt 0.684600 0.154200
vt 0.682600 0.112500
vt 0.696600 0.111700
vt 0.682500 0.116200
vt 0.696400 0.115700
vt 0.712700 0.110800
vt 0.712600 0.115100
vt 0.712500 0.119800
vt 0.712400 0.124700
vt 0.696300 0.120000
vt 0.696300 0.124600
vt 0.682400 0.120300
vt 0.682300 0.124500
vt 0.667200 0.089700
vt 0.663800 0.089900
vt 0.666900 0.086600
vt 0.663800 0.086900
vt 0.662400 0.090000
vt 0.662500 0.087000
vt 0.662500 0.083800
vt 0.662400 0.080600
vt 0.663500 0.083700
vt 0.663000 0.080500
vt 0.665500 0.083500
vt 0.663700 0.080400
vt 0.682300 0.128700
vt 0.696300 0.129200
vt 0.682400 0.132800
vt 0.696300 0.133500
vt 0.712400 0.129600
vt 0.712500 0.134300
vt 0.712600 0.138600
vt 0.696500 0.137500
vt 0.682500 0.136500
vt 0.665900 0.164800
vt 0.663800 0.168200
vt 0.664200 0.164000
vt 0.663600 0.167300
vt 0.667500 0.161500
vt 0.664500 0.160700
vt 0.663400 0.163300
vt 0.663500 0.166400
vt 0.663300 0.160200
vt 0.663200 0.157300
vt 0.664600 0.157700
vt 0.668000 0.158300
s 1
usemtl Bow_Texture
f 4/1/1 3/2/2 2/3/3 1/4/4
f 3/2/2 6/5/5 5/6/6 2/3/3
f 8/7/7 7/8/8 3/2/2 4/1/1
f 7/8/8 9/9/9 6/5/5 3/2/2
f 13/10/10 12/11/11 11/12/12 10/13/13
f 15/14/14 14/15/15 12/11/11 13/10/10
f 6/5/5 13/10/10 10/13/13 5/6/6
f 9/9/9 15/14/14 13/10/10 6/5/5
f 19/16/16 18/17/17 17/18/18 16/19/19
f 18/17/17 21/20/20 20/21/20 17/18/18
f 14/15/15 15/14/14 18/17/17 19/16/16
f 15/14/14 9/9/9 21/20/20 18/17/17
f 25/22/21 24/23/22 23/24/22 22/25/23
f 7/8/8 8/7/7 24/23/22 25/22/21
f 21/20/20 25/22/21 22/25/23 20/21/20
f 9/9/9 7/8/8 25/22/21 21/20/20
f 27/26/24 26/27/25 4/28/1 1/29/4
f 26/27/25 28/30/26 8/31/7 4/28/1
f 30/32/27 29/33/28 26/27/25 27/26/24
f 29/33/28 31/34/29 28/30/26 26/27/25
f 33/35/30 32/36/31 23/37/22 24/38/22
f 35/39/32 34/40/33 32/36/31 33/35/30
f 28/30/26 33/35/30 24/38/22 8/31/7
f 31/34/29 35/39/32 33/35/30 28/30/26
f 39/41/34 38/42/35 37/43/36 36/44/37
f 38/42/35 41/45/38 40/46/39 37/43/36
f 34/40/33 35/39/32 38/42/35 39/41/34
f 35/39/32 31/34/29 41/45/38 38/42/35
f 45/47/40 44/48/41 43/49/42 42/50/43
f 29/33/28 30/32/27 44/48/41 45/47/40
f 41/45/38 45/47/40 42/50/43 40/46/39
f 31/34/29 29/33/28 45/47/40 41/45/38
f 12/11/11 47/51/44 46/52/45 11/12/12
f 47/51/44 49/53/46 48/54/47 46/52/45
f 14/15/15 50/55/48 47/51/44 12/11/11
f 50/55/48 51/56/49 49/53/46 47/51/44
f 55/57/50 54/58/51 53/59/52 52/60/53
f 57/61/54 56/62/55 54/58/51 55/57/50
f 49/53/46 55/57/50 52/60/53 48/54/47
f 51/56/49 57/61/54 55/57/50 49/53/46
f 61/63/56 60/64/57 59/65/58 58/66/56
f 60/64/57 63/67/59 62/68/60 59/65/58
f 56/62/55 57/61/54 60/64/57 61/63/56
f 57/61/54 51/56/49 63/67/59 60/64/57
f 65/69/61 19/16/16 16/19/19 64/70/62
f 50/55/48 14/15/15 19/16/16 65/69/61
f 63/67/59 65/69/61 64/70/62 62/68/60
f 51/56/49 50/55/48 65/69/61 63/67/59
f 69/71/63 68/72/64 67/73/65 66/74/66
f 68/72/64 71/75/67 70/76/68 67/73/65
f 73/77/69 72/78/70 68/72/64 69/71/63
f 72/78/70 74/79/71 71/75/67 68/72/64
f 78/80/72 77/81/73 76/82/74 75/83/75
f 80/84/76 79/85/77 77/81/73 78/80/72
f 71/75/67 78/80/72 75/83/75 70/76/68
f 74/79/71 80/84/76 78/80/72 71/75/67
f 84/86/78 83/87/79 82/88/80 81/89/81
f 83/87/79 86/90/82 85/91/83 82/88/80
f 79/85/77 80/84/76 83/87/79 84/86/78
f 80/84/76 74/79/71 86/90/82 83/87/79
f 90/92/84 89/93/85 88/94/86 87/95/87
f 72/78/70 73/77/69 89/93/85 90/92/84
f 86/90/82 90/92/84 87/95/87 85/91/83
f 74/79/71 72/78/70 90/92/84 86/90/82
f 94/96/88 93/97/89 92/98/90 91/99/91
f 93/97/89 96/100/92 95/101/93 92/98/90
f 98/102/94 97/103/95 93/97/89 94/96/88
f 97/103/95 99/104/96 96/100/92 93/97/89
f 101/105/97 69/106/63 66/107/66 100/108/98
f 102/109/99 73/110/69 69/106/63 101/105/97
f 96/100/92 101/105/97 100/108/98 95/101/93
f 99/104/96 102/109/99 101/105/97 96/100/92
f 89/111/85 104/112/100 103/113/101 88/114/86
f 104/112/100 106/115/102 105/116/103 103/113/101
f 73/110/69 102/109/99 104/112/100 89/111/85
f 102/109/99 99/104/96 106/115/102 104/112/100
f 110/117/104 109/118/105 108/119/106 107/120/107
f 97/103/95 98/102/94 109/118/105 110/117/104
f 106/115/102 110/117/104 107/120/107 105/116/103
f 99/104/96 97/103/95 110/117/104 106/115/102
f 114/121/108 113/122/109 112/123/110 111/124/111
f 113/122/109 116/125/112 115/126/113 112/123/110
f 118/127/114 117/128/115 113/122/109 114/121/108
f 117/128/115 119/129/116 116/125/112 113/122/109
f 121/130/117 94/96/88 91/99/91 120/131/118
f 122/132/119 98/102/94 94/96/88 121/130/117
f 116/125/112 121/130/117 120/131/118 115/126/113
f 119/129/116 122/132/119 121/130/117 116/125/112
f 109/118/105 124/133/120 123/134/121 108/119/106
f 124/133/120 126/135/122 125/136/123 123/134/121
f 98/102/94 122/132/119 124/133/120 109/118/105
f 122/132/119 119/129/116 126/135/122 124/133/120
f 130/137/124 129/138/125 128/139/126 127/140/127
f 117/128/115 118/127/114 129/138/125 130/137/124
f 126/135/122 130/137/124 127/140/127 125/136/123
f 119/129/116 117/128/115 130/137/124 126/135/122
f 77/81/73 132/141/128 131/142/129 76/82/74
f 132/141/128 134/143/130 133/144/131 131/142/129
f 79/85/77 135/145/132 132/141/128 77/81/73
f 135/145/132 136/146/133 134/143/130 132/141/128
f 138/147/134 114/121/108 111/124/111 137/148/135
f 139/149/136 118/127/114 114/121/108 138/147/134
f 134/143/130 138/147/134 137/148/135 133/144/131
f 136/146/133 139/149/136 138/147/134 134/143/130
f 129/138/125 141/150/137 140/151/138 128/139/126
f 141/150/137 143/152/139 142/153/140 140/151/138
f 118/127/114 139/149/136 141/150/137 129/138/125
f 139/149/136 136/146/133 143/152/139 141/150/137
f 145/154/141 84/86/78 81/89/81 144/155/142
f 135/145/132 79/85/77 84/86/78 145/154/141
f 143/152/139 145/154/141 144/155/142 142/153/140
f 136/146/133 135/145/132 145/154/141 143/152/139
f 147/156/143 146/157/144 75/83/75 76/82/74
f 146/157/144 148/158/145 70/76/68 75/83/75
f 150/159/146 149/160/147 146/157/144 147/156/143
f 149/160/147 151/161/148 148/158/145 146/157/144
f 153/162/149 152/163/150 66/74/66 67/73/65
f 155/164/151 154/165/152 152/163/150 153/162/149
f 148/158/145 153/162/149 67/73/65 70/76/68
f 151/161/148 155/164/151 153/162/149 148/158/145
f 159/166/153 158/167/154 157/168/155 156/169/156
f 158/167/154 161/170/157 160/171/158 157/168/155
f 154/165/152 155/164/151 158/167/154 159/166/153
f 155/164/151 151/161/148 161/170/157 158/167/154
f 165/172/159 164/173/160 163/174/161 162/175/162
f 149/160/147 150/159/146 164/173/160 165/172/159
f 161/170/157 165/172/159 162/175/162 160/171/158
f 151/161/148 149/160/147 165/172/159 161/170/157
f 167/176/163 166/177/164 137/148/135 111/124/111
f 166/177/164 168/178/165 133/144/131 137/148/135
f 170/179/166 169/180/167 166/177/164 167/176/163
f 169/180/167 171/181/168 168/178/165 166/177/164
f 172/182/169 147/156/143 76/82/74 131/142/129
f 173/183/170 150/159/146 147/156/143 172/182/169
f 168/178/165 172/182/169 131/142/129 133/144/131
f 171/181/168 173/183/170 172/182/169 168/178/165
f 164/173/160 175/184/171 174/185/172 163/174/161
f 175/184/171 177/186/173 176/187/174 174/185/172
f 150/159/146 173/183/170 175/184/171 164/173/160
f 173/183/170 171/181/168 177/186/173 175/184/171
f 181/188/175 180/189/176 179/190/177 178/191/178
f 169/180/167 170/179/166 180/189/176 181/188/175
f 177/186/173 181/188/175 178/191/178 176/187/174
f 171/181/168 169/180/167 181/188/175 177/186/173
f 183/192/179 182/193/180 120/131/118 91/99/91
f 182/193/180 184/194/181 115/126/113 120/131/118
f 186/195/182 185/196/183 182/193/180 183/192/179
f 185/196/183 187/197/184 184/194/181 182/193/180
f 188/198/185 167/176/163 111/124/111 112/123/110
f 189/199/186 170/179/166 167/176/163 188/198/185
f 184/194/181 188/198/185 112/123/110 115/126/113
f 187/197/184 189/199/186 188/198/185 184/194/181
f 180/189/176 191/200/187 190/201/188 179/190/177
f 191/200/187 193/202/189 192/203/190 190/201/188
f 170/179/166 189/199/186 191/200/187 180/189/176
f 189/199/186 187/197/184 193/202/189 191/200/187
f 197/204/191 196/205/192 195/206/193 194/207/194
f 185/196/183 186/195/182 196/205/192 197/204/191
f 193/202/189 197/204/191 194/207/194 192/203/190
f 187/197/184 185/196/183 197/204/191 193/202/189
f 152/208/150 198/209/195 100/108/98 66/107/66
f 198/209/195 199/210/196 95/101/93 100/108/98
f 154/211/152 200/212/197 198/209/195 152/208/150
f 200/212/197 201/213/198 199/210/196 198/209/195
f 202/214/199 183/192/179 91/99/91 92/98/90
f 203/215/200 186/195/182 183/192/179 202/214/199
f 199/210/196 202/214/199 92/98/90 95/101/93
f 201/213/198 203/215/200 202/214/199 199/210/196
f 196/205/192 205/216/201 204/217/202 195/206/193
f 205/216/201 207/218/203 206/219/204 204/217/202
f 186/195/182 203/215/200 205/216/201 196/205/192
f 203/215/200 201/213/198 207/218/203 205/216/201
f 209/220/205 159/221/153 156/222/156 208/223/206
f 200/212/197 154/211/152 159/221/153 209/220/205
f 207/218/203 209/220/205 208/223/206 206/219/204
f 201/213/198 200/212/197 209/220/205 207/218/203
f 213/224/207 212/225/208 211/226/209 210/227/210
f 212/225/208 215/228/211 214/229/212 211/226/209
f 217/230/213 216/231/214 212/225/208 213/224/207
f 216/231/214 218/232/215 215/228/211 212/225/208
f 222/233/216 221/234/217 220/235/218 219/236/219
f 224/237/220 223/238/221 221/234/217 222/233/216
f 215/228/211 222/233/216 219/236/219 214/229/212
f 218/232/215 224/237/220 222/233/216 215/228/211
f 228/239/222 227/240/223 226/241/224 225/242/225
f 227/240/223 230/243/226 229/244/227 226/241/224
f 223/238/221 224/237/220 227/240/223 228/239/222
f 224/237/220 218/232/215 230/243/226 227/240/223
f 234/245/228 233/246/229 232/247/230 231/248/231
f 216/231/214 217/230/213 233/246/229 234/245/228
f 230/243/226 234/245/228 231/248/231 229/244/227
f 218/232/215 216/231/214 234/245/228 230/243/226
f 233/246/229 236/249/232 235/250/233 232/247/230
f 236/249/232 238/251/234 237/252/235 235/250/233
f 217/230/213 239/253/236 236/249/232 233/246/229
f 239/253/236 240/254/237 238/251/234 236/249/232
f 244/255/238 243/256/239 242/257/240 241/258/241
f 246/259/242 245/260/243 243/256/239 244/255/238
f 238/251/234 244/255/238 241/258/241 237/252/235
f 240/254/237 246/259/242 244/255/238 238/251/234
f 250/261/244 249/262/245 248/263/246 247/264/247
f 249/262/245 252/265/248 251/266/249 248/263/246
f 245/260/243 246/259/242 249/262/245 250/261/244
f 246/259/242 240/254/237 252/265/248 249/262/245
f 254/267/250 213/224/207 210/227/210 253/268/251
f 239/253/236 217/230/213 213/224/207 254/267/250
f 252/265/248 254/267/250 253/268/251 251/266/249
f 240/254/237 239/253/236 254/267/250 252/265/248
f 258/269/252 257/270/253 256/271/254 255/272/255
f 257/270/253 260/273/256 259/274/257 256/271/254
f 262/275/258 261/276/259 257/270/253 258/269/252
f 261/276/259 263/277/260 260/273/256 257/270/253
f 267/278/261 266/279/262 265/280/263 264/281/264
f 269/282/265 268/283/266 266/279/262 267/278/261
f 260/273/256 267/278/261 264/281/264 259/274/257
f 263/277/260 269/282/265 267/278/261 260/273/256
f 273/284/267 272/285/268 271/286/269 270/287/270
f 272/285/268 275/288/271 274/289/272 271/286/269
f 268/283/266 269/282/265 272/285/268 273/284/267
f 269/282/265 263/277/260 275/288/271 272/285/268
f 279/290/273 278/291/274 277/292/275 276/293/276
f 261/276/259 262/275/258 278/291/274 279/290/273
f 275/288/271 279/290/273 276/293/276 274/289/272
f 263/277/260 261/276/259 279/290/273 275/288/271
f 281/294/277 280/295/278 219/236/219 220/235/218
f 280/295/278 282/296/279 214/229/212 219/236/219
f 284/297/280 283/298/281 280/295/278 281/294/277
f 283/298/281 285/299/282 282/296/279 280/295/278
f 287/300/283 286/301/284 210/227/210 211/226/209
f 289/302/285 288/303/286 286/301/284 287/300/283
f 282/296/279 287/300/283 211/226/209 214/229/212
f 285/299/282 289/302/285 287/300/283 282/296/279
f 293/304/287 292/305/288 291/306/289 290/307/290
f 292/305/288 295/308/291 294/309/292 291/306/289
f 288/303/286 289/302/285 292/305/288 293/304/287
f 289/302/285 285/299/282 295/308/291 292/305/288
f 299/310/293 298/311/294 297/312/295 296/313/296
f 283/298/281 284/297/280 298/311/294 299/310/293
f 295/308/291 299/310/293 296/313/296 294/309/292
f 285/299/282 283/298/281 299/310/293 295/308/291
f 303/314/297 302/315/298 301/316/299 300/317/300
f 302/315/298 305/318/301 304/319/302 301/316/299
f 307/320/303 306/321/304 302/315/298 303/314/297
f 306/321/304 308/322/305 305/318/301 302/315/298
f 312/323/306 311/324/307 310/325/308 309/326/309
f 314/327/310 313/328/311 311/324/307 312/323/306
f 305/318/301 312/323/306 309/326/309 304/319/302
f 308/322/305 314/327/310 312/323/306 305/318/301
f 318/329/312 317/330/313 316/331/314 315/332/315
f 317/330/313 320/333/316 319/334/317 316/331/314
f 313/328/311 314/327/310 317/330/313 318/329/312
f 314/327/310 308/322/305 320/333/316 317/330/313
f 324/335/318 323/336/319 322/337/320 321/338/321
f 306/321/304 307/320/303 323/336/319 324/335/318
f 320/333/316 324/335/318 321/338/321 319/334/317
f 308/322/305 306/321/304 324/335/318 320/333/316
f 326/339/322 325/340/323 321/338/321 322/337/320
f 325/340/323 327/341/324 319/334/317 321/338/321
f 329/342/325 328/343/326 325/340/323 326/339/322
f 328/343/326 330/344/327 327/341/324 325/340/323
f 332/345/328 331/346/329 315/332/315 316/331/314
f 334/347/330 333/348/331 331/346/329 332/345/328
f 327/341/324 332/345/328 316/331/314 319/334/317
f 330/344/327 334/347/330 332/345/328 327/341/324
f 338/349/332 337/350/333 336/351/334 335/352/335
f 337/350/333 340/353/336 339/354/337 336/351/334
f 333/348/331 334/347/330 337/350/333 338/349/332
f 334/347/330 330/344/327 340/353/336 337/350/333
f 344/355/338 343/356/339 342/357/340 341/358/341
f 328/343/326 329/342/325 343/356/339 344/355/338
f 340/353/336 344/355/338 341/358/341 339/354/337
f 330/344/327 328/343/326 344/355/338 340/353/336
f 346/359/342 345/360/343 341/358/341 342/357/340
f 345/360/343 347/361/344 339/354/337 341/358/341
f 349/362/345 348/363/346 345/360/343 346/359/342
f 348/363/346 350/364/347 347/361/344 345/360/343
f 352/365/348 351/366/349 335/352/335 336/351/334
f 354/367/350 353/368/351 351/366/349 352/365/348
f 347/361/344 352/365/348 336/351/334 339/354/337
f 350/364/347 354/367/350 352/365/348 347/361/344
f 358/369/352 357/370/353 356/371/354 355/372/355
f 357/370/353 360/373/356 359/374/357 356/371/354
f 353/368/351 354/367/350 357/370/353 358/369/352
f 354/367/350 350/364/347 360/373/356 357/370/353
f 364/375/358 363/376/359 362/377/360 361/378/361
f 348/363/346 349/362/345 363/376/359 364/375/358
f 360/373/356 364/375/358 361/378/361 359/374/357
f 350/364/347 348/363/346 364/375/358 360/373/356
f 368/379/362 367/380/363 366/381/364 365/382/365
f 367/380/363 370/383/366 369/384/367 366/381/364
f 372/385/368 371/386/369 367/380/363 368/379/362
f 371/386/369 373/387/370 370/383/366 367/380/363
f 377/388/371 376/389/372 375/390/373 374/391/374
f 379/392/375 378/393/376 376/389/372 377/388/371
f 370/383/366 377/388/371 374/391/374 369/384/367
f 373/387/370 379/392/375 377/388/371 370/383/366
f 383/394/377 382/395/378 381/396/379 380/397/380
f 382/395/378 385/398/381 384/399/382 381/396/379
f 378/393/376 379/392/375 382/395/378 383/394/377
f 379/392/375 373/387/370 385/398/381 382/395/378
f 389/400/383 388/401/384 387/402/385 386/403/386
f 371/386/369 372/385/368 388/401/384 389/400/383
f 385/398/381 389/400/383 386/403/386 384/399/382
f 373/387/370 371/386/369 389/400/383 385/398/381
f 381/396/379 391/404/387 390/405/388 380/397/380
f 391/404/387 393/406/389 392/407/390 390/405/388
f 384/399/382 394/408/391 391/404/387 381/396/379
f 394/408/391 395/409/392 393/406/389 391/404/387
f 399/410/393 398/411/394 397/412/395 396/413/396
f 401/414/397 400/415/398 398/411/394 399/410/393
f 393/406/389 399/410/393 396/413/396 392/407/390
f 395/409/392 401/414/397 399/410/393 393/406/389
f 405/416/399 404/417/400 403/418/401 402/419/402
f 404/417/400 407/420/403 406/421/404 403/418/401
f 400/415/398 401/414/397 404/417/400 405/416/399
f 401/414/397 395/409/392 407/420/403 404/417/400
f 409/422/405 386/403/386 387/402/385 408/423/406
f 394/408/391 384/399/382 386/403/386 409/422/405
f 407/420/403 409/422/405 408/423/406 406/421/404
f 395/409/392 394/408/391 409/422/405 407/420/403
f 398/411/394 411/424/407 410/425/408 397/412/395
f 411/424/407 413/426/409 412/427/410 410/425/408
f 400/415/398 414/428/411 411/424/407 398/411/394
f 414/428/411 415/429/412 413/426/409 411/424/407
f 419/430/413 418/431/414 417/432/415 416/433/416
f 421/434/417 420/435/418 418/431/414 419/430/413
f 413/426/409 419/430/413 416/433/416 412/427/410
f 415/429/412 421/434/417 419/430/413 413/426/409
f 425/436/419 424/437/420 423/438/421 422/439/422
f 424/437/420 427/440/423 426/441/424 423/438/421
f 420/435/418 421/434/417 424/437/420 425/436/419
f 421/434/417 415/429/412 427/440/423 424/437/420
f 429/442/425 405/416/399 402/419/402 428/443/426
f 414/428/411 400/415/398 405/416/399 429/442/425
f 427/440/423 429/442/425 428/443/426 426/441/424
f 415/429/412 414/428/411 429/442/425 427/440/423
f 418/431/414 431/444/427 430/445/428 417/432/415
f 431/444/427 433/446/429 432/447/430 430/445/428
f 420/435/418 434/448/431 431/444/427 418/431/414
f 434/448/431 435/449/432 433/446/429 431/444/427
f 439/450/433 438/451/434 437/452/435 436/453/436
f 441/454/437 440/455/438 438/451/434 439/450/433
f 433/446/429 439/450/433 436/453/436 432/447/430
f 435/449/432 441/454/437 439/450/433 433/446/429
f 445/456/439 444/457/440 443/458/441 442/459/442
f 444/457/440 447/460/443 446/461/444 443/458/441
f 440/455/438 441/454/437 444/457/440 445/456/439
f 441/454/437 435/449/432 447/460/443 444/457/440
f 449/462/445 425/436/419 422/439/422 448/463/446
f 434/448/431 420/435/418 425/436/419 449/462/445
f 447/460/443 449/462/445 448/463/446 446/461/444
f 435/449/432 434/448/431 449/462/445 447/460/443
f 453/464/447 452/465/448 451/466/449 450/467/450
f 452/465/448 455/468/451 454/469/452 451/466/449
f 457/470/453 456/471/454 452/465/448 453/464/447
f 456/471/454 458/472/455 455/468/451 452/465/448
f 462/473/456 461/474/457 460/475/458 459/476/459
f 464/477/460 463/478/461 461/474/457 462/473/456
f 455/468/451 462/473/456 459/476/459 454/469/452
f 458/472/455 464/477/460 462/473/456 455/468/451
f 468/479/462 467/480/463 466/481/464 465/482/465
f 467/480/463 470/483/466 469/484/467 466/481/464
f 463/478/461 464/477/460 467/480/463 468/479/462
f 464/477/460 458/472/455 470/483/466 467/480/463
f 474/485/468 473/486/469 472/487/470 471/488/471
f 456/471/454 457/470/453 473/486/469 474/485/468
f 470/483/466 474/485/468 471/488/471 469/484/467
f 458/472/455 456/471/454 474/485/468 470/483/466
f 461/474/457 476/489/472 475/490/473 460/475/458
f 476/489/472 478/491/474 477/492/475 475/490/473
f 463/478/461 479/493/476 476/489/472 461/474/457
f 479/493/476 480/494/477 478/491/474 476/489/472
f 484/495/478 483/496/479 482/497/480 481/498/481
f 486/499/482 485/500/483 483/496/479 484/495/478
f 478/491/474 484/495/478 481/498/481 477/492/475
f 480/494/477 486/499/482 484/495/478 478/491/474
f 490/501/484 489/502/485 488/503/486 487/504/487
f 489/502/485 492/505/488 491/506/489 488/503/486
f 485/500/483 486/499/482 489/502/485 490/501/484
f 486/499/482 480/494/477 492/505/488 489/502/485
f 494/507/490 468/479/462 465/482/465 493/508/491
f 479/493/476 463/478/461 468/479/462 494/507/490
f 492/505/488 494/507/490 493/508/491 491/506/489
f 480/494/477 479/493/476 494/507/490 492/505/488
f 483/496/479 496/509/492 495/510/493 482/497/480
f 496/509/492 498/511/494 497/512/495 495/510/493
f 485/500/483 499/513/496 496/509/492 483/496/479
f 499/513/496 500/514/497 498/511/494 496/509/492
f 504/515/498 503/516/499 502/517/500 501/518/501
f 506/519/502 505/520/503 503/516/499 504/515/498
f 498/511/494 504/515/498 501/518/501 497/512/495
f 500/514/497 506/519/502 504/515/498 498/511/494
f 510/521/504 509/522/505 508/523/506 507/524/507
f 509/522/505 512/525/508 511/526/509 508/523/506
f 505/520/503 506/519/502 509/522/505 510/521/504
f 506/519/502 500/514/497 512/525/508 509/522/505
f 514/527/510 490/501/484 487/504/487 513/528/511
f 499/513/496 485/500/483 490/501/484 514/527/510
f 512/525/508 514/527/510 513/528/511 511/526/509
f 500/514/497 499/513/496 514/527/510 512/525/508
f 518/529/512 517/530/513 516/531/514 515/532/515
f 517/530/513 520/533/516 519/534/517 516/531/514
f 522/535/518 521/536/519 517/530/513 518/529/512
f 521/536/519 523/537/520 520/533/516 517/530/513
f 527/538/521 526/539/522 525/540/523 524/541/524
f 529/542/525 528/543/526 526/539/522 527/538/521
f 520/533/516 527/538/521 524/541/524 519/534/517
f 523/537/520 529/542/525 527/538/521 520/533/516
f 531/544/527 530/545/528 231/248/231 232/247/230
f 530/545/528 532/546/529 229/244/227 231/248/231
f 528/543/526 529/542/525 530/545/528 531/544/527
f 529/542/525 523/537/520 532/546/529 530/545/528
f 534/547/530 533/548/531 225/242/225 226/241/224
f 521/536/519 522/535/518 533/548/531 534/547/530
f 532/546/529 534/547/530 226/241/224 229/244/227
f 523/537/520 521/536/519 534/547/530 532/546/529
f 286/301/284 535/549/532 253/268/251 210/227/210
f 535/549/532 536/550/533 251/266/249 253/268/251
f 288/303/286 537/551/534 535/549/532 286/301/284
f 537/551/534 538/552/535 536/550/533 535/549/532
f 540/553/536 539/554/537 247/264/247 248/263/246
f 542/555/538 541/556/539 539/554/537 540/553/536
f 536/550/533 540/553/536 248/263/246 251/266/249
f 538/552/535 542/555/538 540/553/536 536/550/533
f 546/557/540 545/558/541 544/559/542 543/560/543
f 545/558/541 548/561/544 547/562/545 544/559/542
f 541/556/539 542/555/538 545/558/541 546/557/540
f 542/555/538 538/552/535 548/561/544 545/558/541
f 550/563/546 293/304/287 290/307/290 549/564/547
f 537/551/534 288/303/286 293/304/287 550/563/546
f 548/561/544 550/563/546 549/564/547 547/562/545
f 538/552/535 537/551/534 550/563/546 548/561/544
f 311/324/307 552/565/548 551/566/549 310/325/308
f 552/565/548 554/567/550 553/568/551 551/566/549
f 313/328/311 555/569/552 552/565/548 311/324/307
f 555/569/552 556/570/553 554/567/550 552/565/548
f 560/571/554 559/572/555 558/573/556 557/574/557
f 562/575/558 561/576/559 559/572/555 560/571/554
f 554/567/550 560/571/554 557/574/557 553/568/551
f 556/570/553 562/575/558 560/571/554 554/567/550
f 566/577/560 565/578/561 564/579/562 563/580/563
f 565/578/561 568/581/564 567/582/565 564/579/562
f 561/576/559 562/575/558 565/578/561 566/577/560
f 562/575/558 556/570/553 568/581/564 565/578/561
f 570/583/566 318/329/312 315/332/315 569/584/567
f 555/569/552 313/328/311 318/329/312 570/583/566
f 568/581/564 570/583/566 569/584/567 567/582/565
f 556/570/553 555/569/552 570/583/566 568/581/564
f 331/346/329 571/585/568 569/584/567 315/332/315
f 571/585/568 572/586/569 567/582/565 569/584/567
f 333/348/331 573/587/570 571/585/568 331/346/329
f 573/587/570 574/588/571 572/586/569 571/585/568
f 576/589/572 575/590/573 563/580/563 564/579/562
f 578/591/574 577/592/575 575/590/573 576/589/572
f 572/586/569 576/589/572 564/579/562 567/582/565
f 574/588/571 578/591/574 576/589/572 572/586/569
f 582/593/576 581/594/577 580/595/578 579/596/579
f 581/594/577 584/597/580 583/598/581 580/595/578
f 577/592/575 578/591/574 581/594/577 582/593/576
f 578/591/574 574/588/571 584/597/580 581/594/577
f 586/599/582 338/349/332 335/352/335 585/600/583
f 573/587/570 333/348/331 338/349/332 586/599/582
f 584/597/580 586/599/582 585/600/583 583/598/581
f 574/588/571 573/587/570 586/599/582 584/597/580
f 351/366/349 587/601/584 585/600/583 335/352/335
f 587/601/584 588/602/585 583/598/581 585/600/583
f 353/368/351 589/603/586 587/601/584 351/366/349
f 589/603/586 590/604/587 588/602/585 587/601/584
f 592/605/588 591/606/589 579/596/579 580/595/578
f 594/607/590 593/608/591 591/606/589 592/605/588
f 588/602/585 592/605/588 580/595/578 583/598/581
f 590/604/587 594/607/590 592/605/588 588/602/585
f 598/609/592 597/610/593 596/611/594 595/612/595
f 597/610/593 600/613/596 599/614/597 596/611/594
f 593/608/591 594/607/590 597/610/593 598/609/592
f 594/607/590 590/604/587 600/613/596 597/610/593
f 602/615/598 358/369/352 355/372/355 601/616/599
f 589/603/586 353/368/351 358/369/352 602/615/598
f 600/613/596 602/615/598 601/616/599 599/614/597
f 590/604/587 589/603/586 602/615/598 600/613/596
f 376/389/372 604/617/600 603/618/601 375/390/373
f 604/617/600 606/619/602 605/620/603 603/618/601
f 378/393/376 607/621/604 604/617/600 376/389/372
f 607/621/604 608/622/605 606/619/602 604/617/600
f 612/623/606 611/624/607 610/625/608 609/626/609
f 614/627/610 613/628/611 611/624/607 612/623/606
f 606/619/602 612/623/606 609/626/609 605/620/603
f 608/622/605 614/627/610 612/623/606 606/619/602
f 618/629/612 617/630/613 616/631/614 615/632/615
f 617/630/613 620/633/616 619/634/617 616/631/614
f 613/628/611 614/627/610 617/630/613 618/629/612
f 614/627/610 608/622/605 620/633/616 617/630/613
f 622/635/618 383/394/377 380/397/380 621/636/619
f 607/621/604 378/393/376 383/394/377 622/635/618
f 620/633/616 622/635/618 621/636/619 619/634/617
f 608/622/605 607/621/604 622/635/618 620/633/616
f 616/631/614 624/637/620 623/638/621 615/632/615
f 624/637/620 626/639/622 625/640/623 623/638/621
f 619/634/617 627/641/624 624/637/620 616/631/614
f 627/641/624 628/642/625 626/639/622 624/637/620
f 632/643/626 631/644/627 630/645/628 629/646/629
f 634/647/630 633/648/631 631/644/627 632/643/626
f 626/639/622 632/643/626 629/646/629 625/640/623
f 628/642/625 634/647/630 632/643/626 626/639/622
f 636/649/632 635/650/633 396/413/396 397/412/395
f 635/650/633 637/651/634 392/407/390 396/413/396
f 633/648/631 634/647/630 635/650/633 636/649/632
f 634/647/630 628/642/625 637/651/634 635/650/633
f 638/652/635 621/636/619 380/397/380 390/405/388
f 627/641/624 619/634/617 621/636/619 638/652/635
f 637/651/634 638/652/635 390/405/388 392/407/390
f 628/642/625 627/641/624 638/652/635 637/651/634
f 631/644/627 640/653/636 639/654/637 630/645/628
f 640/653/636 642/655/638 641/656/639 639/654/637
f 633/648/631 643/657/640 640/653/636 631/644/627
f 643/657/640 644/658/641 642/655/638 640/653/636
f 648/659/642 647/660/643 646/661/644 645/662/645
f 650/663/646 649/664/647 647/660/643 648/659/642
f 642/655/638 648/659/642 645/662/645 641/656/639
f 644/658/641 650/663/646 648/659/642 642/655/638
f 652/665/648 651/666/649 416/433/416 417/432/415
f 651/666/649 653/667/650 412/427/410 416/433/416
f 649/664/647 650/663/646 651/666/649 652/665/648
f 650/663/646 644/658/641 653/667/650 651/666/649
f 654/668/651 636/649/632 397/412/395 410/425/408
f 643/657/640 633/648/631 636/649/632 654/668/651
f 653/667/650 654/668/651 410/425/408 412/427/410
f 644/658/641 643/657/640 654/668/651 653/667/650
f 647/660/643 656/669/652 655/670/653 646/661/644
f 656/669/652 658/671/654 657/672/655 655/670/653
f 649/664/647 659/673/656 656/669/652 647/660/643
f 659/673/656 660/674/657 658/671/654 656/669/652
f 664/675/658 663/676/659 662/677/660 661/678/661
f 666/679/662 665/680/663 663/676/659 664/675/658
f 658/671/654 664/675/658 661/678/661 657/672/655
f 660/674/657 666/679/662 664/675/658 658/671/654
f 668/681/664 667/682/665 436/453/436 437/452/435
f 667/682/665 669/683/666 432/447/430 436/453/436
f 665/680/663 666/679/662 667/682/665 668/681/664
f 666/679/662 660/674/657 669/683/666 667/682/665
f 670/684/667 652/665/648 417/432/415 430/445/428
f 659/673/656 649/664/647 652/665/648 670/684/667
f 669/683/666 670/684/667 430/445/428 432/447/430
f 660/674/657 659/673/656 670/684/667 669/683/666
f 674/685/668 673/686/669 672/687/670 671/688/671
f 673/686/669 676/689/672 675/690/673 672/687/670
f 678/691/674 677/692/675 673/686/669 674/685/668
f 677/692/675 679/693/676 676/689/672 673/686/669
f 683/694/677 682/695/678 681/696/679 680/697/680
f 685/698/681 684/699/682 682/695/678 683/694/677
f 676/689/672 683/694/677 680/697/680 675/690/673
f 679/693/676 685/698/681 683/694/677 676/689/672
f 687/700/683 686/701/684 459/476/459 460/475/458
f 686/701/684 688/702/685 454/469/452 459/476/459
f 684/699/682 685/698/681 686/701/684 687/700/683
f 685/698/681 679/693/676 688/702/685 686/701/684
f 690/703/686 689/704/687 450/467/450 451/466/449
f 677/692/675 678/691/674 689/704/687 690/703/686
f 688/702/685 690/703/686 451/466/449 454/469/452
f 679/693/676 677/692/675 690/703/686 688/702/685
f 682/695/678 692/705/688 691/706/689 681/696/679
f 692/705/688 694/707/690 693/708/691 691/706/689
f 684/699/682 695/709/692 692/705/688 682/695/678
f 695/709/692 696/710/693 694/707/690 692/705/688
f 700/711/694 699/712/695 698/713/696 697/714/697
f 702/715/698 701/716/699 699/712/695 700/711/694
f 694/707/690 700/711/694 697/714/697 693/708/691
f 696/710/693 702/715/698 700/711/694 694/707/690
f 704/717/700 703/718/701 481/498/481 482/497/480
f 703/718/701 705/719/702 477/492/475 481/498/481
f 701/716/699 702/715/698 703/718/701 704/717/700
f 702/715/698 696/710/693 705/719/702 703/718/701
f 706/720/703 687/700/683 460/475/458 475/490/473
f 695/709/692 684/699/682 687/700/683 706/720/703
f 705/719/702 706/720/703 475/490/473 477/492/475
f 696/710/693 695/709/692 706/720/703 705/719/702
f 699/712/695 708/721/704 707/722/705 698/713/696
f 708/721/704 710/723/706 709/724/707 707/722/705
f 701/716/699 711/725/708 708/721/704 699/712/695
f 711/725/708 712/726/709 710/723/706 708/721/704
f 716/727/710 715/728/711 714/729/712 713/730/713
f 718/731/714 717/732/715 715/728/711 716/727/710
f 710/723/706 716/727/710 713/730/713 709/724/707
f 712/726/709 718/731/714 716/727/710 710/723/706
f 720/733/716 719/734/717 501/518/501 502/517/500
f 719/734/717 721/735/718 497/512/495 501/518/501
f 717/732/715 718/731/714 719/734/717 720/733/716
f 718/731/714 712/726/709 721/735/718 719/734/717
f 722/736/719 704/717/700 482/497/480 495/510/493
f 711/725/708 701/716/699 704/717/700 722/736/719
f 721/735/718 722/736/719 495/510/493 497/512/495
f 712/726/709 711/725/708 722/736/719 721/735/718
f 726/737/720 725/738/721 724/739/722 723/740/723
f 725/738/721 728/741/724 727/742/725 724/739/722
f 730/743/726 729/744/727 725/738/721 726/737/720
f 729/744/727 731/745/728 728/741/724 725/738/721
f 735/746/729 734/747/730 733/748/731 732/749/732
f 737/750/733 736/751/734 734/747/730 735/746/729
f 728/741/724 735/746/729 732/749/732 727/742/725
f 731/745/728 737/750/733 735/746/729 728/741/724
f 741/752/735 740/753/736 739/754/737 738/755/738
f 740/753/736 743/756/739 742/757/740 739/754/737
f 736/751/734 737/750/733 740/753/736 741/752/735
f 737/750/733 731/745/728 743/756/739 740/753/736
f 747/758/741 746/759/742 745/760/743 744/761/744
f 729/744/727 730/743/726 746/759/742 747/758/741
f 743/756/739 747/758/741 744/761/744 742/757/740
f 731/745/728 729/744/727 747/758/741 743/756/739
f 751/762/745 750/763/746 749/764/747 748/765/748
f 750/763/746 753/766/749 752/767/750 749/764/747
f 755/768/751 754/769/752 750/763/746 751/762/745
f 754/769/752 756/770/753 753/766/749 750/763/746
f 760/771/754 759/772/755 758/773/756 757/774/757
f 762/775/758 761/776/759 759/772/755 760/771/754
f 753/766/749 760/771/754 757/774/757 752/767/750
f 756/770/753 762/775/758 760/771/754 753/766/749
f 764/777/760 763/778/761 744/761/744 745/760/743
f 763/778/761 765/779/762 742/757/740 744/761/744
f 761/776/759 762/775/758 763/778/761 764/777/760
f 762/775/758 756/770/753 765/779/762 763/778/761
f 767/780/763 766/781/764 738/755/738 739/754/737
f 754/769/752 755/768/751 766/781/764 767/780/763
f 765/779/762 767/780/763 739/754/737 742/757/740
f 756/770/753 754/769/752 767/780/763 765/779/762
f 771/782/765 770/783/766 769/784/767 768/785/768
f 770/783/766 773/786/769 772/787/770 769/784/767
f 775/788/771 774/789/772 770/783/766 771/782/765
f 774/789/772 776/790/773 773/786/769 770/783/766
f 780/791/774 779/792/775 778/793/776 777/794/777
f 782/795/778 781/796/779 779/792/775 780/791/774
f 773/786/769 780/791/774 777/794/777 772/787/770
f 776/790/773 782/795/778 780/791/774 773/786/769
f 786/797/780 785/798/781 784/799/782 783/800/783
f 785/798/781 788/801/784 787/802/785 784/799/782
f 781/796/779 782/795/778 785/798/781 786/797/780
f 782/795/778 776/790/773 788/801/784 785/798/781
f 792/803/786 791/804/787 790/805/788 789/806/789
f 774/789/772 775/788/771 791/804/787 792/803/786
f 788/801/784 792/803/786 789/806/789 787/802/785
f 776/790/773 774/789/772 792/803/786 788/801/784
f 796/807/790 795/808/791 794/809/792 793/810/793
f 795/808/791 798/811/794 797/812/795 794/809/792
f 800/813/796 799/814/797 795/808/791 796/807/790
f 799/814/797 801/815/798 798/811/794 795/808/791
f 803/816/799 741/752/735 738/755/738 802/817/800
f 804/818/801 736/751/734 741/752/735 803/816/799
f 798/811/794 803/816/799 802/817/800 797/812/795
f 801/815/798 804/818/801 803/816/799 798/811/794
f 734/747/730 806/819/802 805/820/803 733/748/731
f 806/819/802 808/821/804 807/822/805 805/820/803
f 736/751/734 804/818/801 806/819/802 734/747/730
f 804/818/801 801/815/798 808/821/804 806/819/802
f 812/823/806 811/824/807 810/825/808 809/826/809
f 799/814/797 800/813/796 811/824/807 812/823/806
f 808/821/804 812/823/806 809/826/809 807/822/805
f 801/815/798 799/814/797 812/823/806 808/821/804
f 816/827/810 815/828/811 814/829/812 813/830/813
f 815/828/811 818/831/814 817/832/815 814/829/812
f 820/833/816 819/834/817 815/828/811 816/827/810
f 819/834/817 821/835/818 818/831/814 815/828/811
f 825/836/819 824/837/820 823/838/821 822/839/822
f 827/840/823 826/841/824 824/837/820 825/836/819
f 818/831/814 825/836/819 822/839/822 817/832/815
f 821/835/818 827/840/823 825/836/819 818/831/814
f 831/842/825 830/843/826 829/844/827 828/845/828
f 830/843/826 833/846/829 832/847/830 829/844/827
f 826/841/824 827/840/823 830/843/826 831/842/825
f 827/840/823 821/835/818 833/846/829 830/843/826
f 837/848/831 836/849/832 835/850/833 834/851/834
f 819/834/817 820/833/816 836/849/832 837/848/831
f 833/846/829 837/848/831 834/851/834 832/847/830
f 821/835/818 819/834/817 837/848/831 833/846/829
f 841/852/835 840/853/836 839/854/837 838/855/838
f 840/853/836 843/856/839 842/857/840 839/854/837
f 845/858/841 844/859/842 840/853/836 841/852/835
f 844/859/842 846/860/843 843/856/839 840/853/836
f 848/861/844 816/827/810 813/830/813 847/862/845
f 849/863/846 820/833/816 816/827/810 848/861/844
f 843/856/839 848/861/844 847/862/845 842/857/840
f 846/860/843 849/863/846 848/861/844 843/856/839
f 836/849/832 851/864/847 850/865/848 835/850/833
f 851/864/847 853/866/849 852/867/850 850/865/848
f 820/833/816 849/863/846 851/864/847 836/849/832
f 849/863/846 846/860/843 853/866/849 851/864/847
f 857/868/851 856/869/852 855/870/853 854/871/854
f 844/859/842 845/858/841 856/869/852 857/868/851
f 853/866/849 857/868/851 854/871/854 852/867/850
f 846/860/843 844/859/842 857/868/851 853/866/849
f 861/872/855 860/873/856 859/874/857 858/875/858
f 860/873/856 863/876/859 862/877/860 859/874/857
f 865/878/861 864/879/862 860/873/856 861/872/855
f 864/879/862 866/880/863 863/876/859 860/873/856
f 868/881/864 841/852/835 838/855/838 867/882/865
f 869/883/866 845/858/841 841/852/835 868/881/864
f 863/876/859 868/881/864 867/882/865 862/877/860
f 866/880/863 869/883/866 868/881/864 863/876/859
f 856/869/852 871/884/867 870/885/868 855/870/853
f 871/884/867 873/886/869 872/887/870 870/885/868
f 845/858/841 869/883/866 871/884/867 856/869/852
f 869/883/866 866/880/863 873/886/869 871/884/867
f 877/888/871 876/889/872 875/890/873 874/891/874
f 864/879/862 865/878/861 876/889/872 877/888/871
f 873/886/869 877/888/871 874/891/874 872/887/870
f 866/880/863 864/879/862 877/888/871 873/886/869
f 881/892/875 880/893/876 879/894/877 878/895/878
f 880/893/876 883/896/879 882/897/880 879/894/877
f 885/898/881 884/899/882 880/893/876 881/892/875
f 884/899/882 886/900/883 883/896/879 880/893/876
f 890/901/884 889/902/885 888/903/886 887/904/887
f 892/905/888 891/906/889 889/902/885 890/901/884
f 883/896/879 890/901/884 887/904/887 882/897/880
f 886/900/883 892/905/888 890/901/884 883/896/879
f 896/907/890 895/908/891 894/909/892 893/910/893
f 895/908/891 898/911/894 897/912/895 894/909/892
f 891/906/889 892/905/888 895/908/891 896/907/890
f 892/905/888 886/900/883 898/911/894 895/908/891
f 902/913/896 901/914/897 900/915/898 899/916/899
f 884/899/882 885/898/881 901/914/897 902/913/896
f 898/911/894 902/913/896 899/916/899 897/912/895
f 886/900/883 884/899/882 902/913/896 898/911/894
f 906/917/900 905/918/901 904/919/902 903/920/903
f 905/918/901 908/921/904 907/922/905 904/919/902
f 910/923/906 909/924/907 905/918/901 906/917/900
f 909/924/907 911/925/908 908/921/904 905/918/901
f 915/926/909 914/927/910 913/928/911 912/929/912
f 917/930/913 916/931/914 914/927/910 915/926/909
f 908/921/904 915/926/909 912/929/912 907/922/905
f 911/925/908 917/930/913 915/926/909 908/921/904
f 919/932/915 918/933/916 881/892/875 878/895/878
f 918/933/916 920/934/917 885/898/881 881/892/875
f 916/931/914 917/930/913 918/933/916 919/932/915
f 917/930/913 911/925/908 920/934/917 918/933/916
f 922/935/918 921/936/919 900/915/898 901/914/897
f 909/924/907 910/923/906 921/936/919 922/935/918
f 920/934/917 922/935/918 901/914/897 885/898/881
f 911/925/908 909/924/907 922/935/918 920/934/917
f 926/937/920 925/938/921 924/939/922 923/940/923
f 925/938/921 928/941/924 927/942/925 924/939/922
f 930/943/926 929/944/927 925/938/921 926/937/920
f 929/944/927 931/945/928 928/941/924 925/938/921
f 935/946/929 934/947/930 933/948/931 932/949/932
f 937/950/933 936/951/934 934/947/930 935/946/929
f 928/941/924 935/946/929 932/949/932 927/942/925
f 931/945/928 937/950/933 935/946/929 928/941/924
f 939/952/935 938/953/936 912/929/912 913/928/911
f 938/953/936 940/954/937 907/922/905 912/929/912
f 936/951/934 937/950/933 938/953/936 939/952/935
f 937/950/933 931/945/928 940/954/937 938/953/936
f 942/955/938 941/956/939 903/920/903 904/919/902
f 929/944/927 930/943/926 941/956/939 942/955/938
f 940/954/937 942/955/938 904/919/902 907/922/905
f 931/945/928 929/944/927 942/955/938 940/954/937
f 946/957/940 945/958/941 944/959/942 943/960/943
f 945/958/941 948/961/944 947/962/945 944/959/942
f 950/963/946 949/964/947 945/958/941 946/957/940
f 949/964/947 951/965/948 948/961/944 945/958/941
f 955/966/949 954/967/950 953/968/951 952/969/952
f 957/970/953 956/971/954 954/967/950 955/966/949
f 948/961/944 955/966/949 952/969/952 947/962/945
f 951/965/948 957/970/953 955/966/949 948/961/944
f 961/972/955 960/973/956 959/974/957 958/975/958
f 960/973/956 963/976/959 962/977/960 959/974/957
f 956/971/954 957/970/953 960/973/956 961/972/955
f 957/970/953 951/965/948 963/976/959 960/973/956
f 967/978/961 966/979/962 965/980/963 964/981/964
f 949/964/947 950/963/946 966/979/962 967/978/961
f 963/976/959 967/978/961 964/981/964 962/977/960
f 951/965/948 949/964/947 967/978/961 963/976/959
f 971/982/965 970/983/966 969/984/967 968/985/968
f 970/983/966 973/986/969 972/987/970 969/984/967
f 975/988/971 974/989/972 970/983/966 971/982/965
f 974/989/972 976/990/973 973/986/969 970/983/966
f 980/991/974 979/992/975 978/993/976 977/994/977
f 982/995/978 981/996/979 979/992/975 980/991/974
f 973/986/969 980/991/974 977/994/977 972/987/970
f 976/990/973 982/995/978 980/991/974 973/986/969
f 986/997/980 985/998/981 984/999/982 983/1000/983
f 985/998/981 988/1001/984 987/1002/985 984/999/982
f 981/996/979 982/995/978 985/998/981 986/997/980
f 982/995/978 976/990/973 988/1001/984 985/998/981
f 992/1003/986 991/1004/987 990/1005/988 989/1006/989
f 974/989/972 975/988/971 991/1004/987 992/1003/986
f 988/1001/984 992/1003/986 989/1006/989 987/1002/985
f 976/990/973 974/989/972 992/1003/986 988/1001/984
f 996/1007/990 995/1008/991 994/1009/992 993/1010/993
f 995/1008/991 998/1011/994 997/1012/995 994/1009/992
f 1000/1013/996 999/1014/997 995/1008/991 996/1007/990
f 999/1014/997 1001/1015/998 998/1011/994 995/1008/991
f 1005/1016/999 1004/1017/1000 1003/1018/1001 1002/1019/1002
f 1007/1020/1003 1006/1021/1004 1004/1017/1000 1005/1016/999
f 998/1011/994 1005/1016/999 1002/1019/1002 997/1012/995
f 1001/1015/998 1007/1020/1003 1005/1016/999 998/1011/994
f 1009/1022/1005 1008/1023/1006 977/994/977 978/993/976
f 1008/1023/1006 1010/1024/1007 972/987/970 977/994/977
f 1006/1021/1004 1007/1020/1003 1008/1023/1006 1009/1022/1005
f 1007/1020/1003 1001/1015/998 1010/1024/1007 1008/1023/1006
f 1012/1025/1008 1011/1026/1009 968/985/968 969/984/967
f 999/1014/997 1000/1013/996 1011/1026/1009 1012/1025/1008
f 1010/1024/1007 1012/1025/1008 969/984/967 972/987/970
f 1001/1015/998 999/1014/997 1012/1025/1008 1010/1024/1007
f 1016/1027/1010 1015/1028/1011 1014/1029/1012 1013/1030/1013
f 1015/1028/1011 1018/1031/1014 1017/1032/1015 1014/1029/1012
f 1020/1033/1016 1019/1034/1017 1015/1028/1011 1016/1027/1010
f 1019/1034/1017 1021/1035/1018 1018/1031/1014 1015/1028/1011
f 1025/1036/1019 1024/1037/1020 1023/1038/1021 1022/1039/1022
f 1027/1040/1023 1026/1041/1024 1024/1037/1020 1025/1036/1019
f 1018/1031/1014 1025/1036/1019 1022/1039/1022 1017/1032/1015
f 1021/1035/1018 1027/1040/1023 1025/1036/1019 1018/1031/1014
f 1029/1042/1025 1028/1043/1026 1002/1019/1002 1003/1018/1001
f 1028/1043/1026 1030/1044/1027 997/1012/995 1002/1019/1002
f 1026/1041/1024 1027/1040/1023 1028/1043/1026 1029/1042/1025
f 1027/1040/1023 1021/1035/1018 1030/1044/1027 1028/1043/1026
f 1032/1045/1028 1031/1046/1029 993/1010/993 994/1009/992
f 1019/1034/1017 1020/1033/1016 1031/1046/1029 1032/1045/1028
f 1030/1044/1027 1032/1045/1028 994/1009/992 997/1012/995
f 1021/1035/1018 1019/1034/1017 1032/1045/1028 1030/1044/1027
f 1034/1047/1030 1033/1048/1031 789/806/789 790/805/788
f 1033/1048/1031 1035/1049/1032 787/802/785 789/806/789
f 1037/1050/1033 1036/1051/1034 1033/1048/1031 1034/1047/1030
f 1036/1051/1034 1038/1052/1035 1035/1049/1032 1033/1048/1031
f 1040/1053/1036 1039/1054/1037 783/800/783 784/799/782
f 1042/1055/1038 1041/1056/1039 1039/1054/1037 1040/1053/1036
f 1035/1049/1032 1040/1053/1036 784/799/782 787/802/785
f 1038/1052/1035 1042/1055/1038 1040/1053/1036 1035/1049/1032
f 1046/1057/1040 1045/1058/1041 1044/1059/1042 1043/1060/1043
f 1045/1058/1041 1048/1061/1044 1047/1062/1045 1044/1059/1042
f 1041/1056/1039 1042/1055/1038 1045/1058/1041 1046/1057/1040
f 1042/1055/1038 1038/1052/1035 1048/1061/1044 1045/1058/1041
f 1052/1063/1046 1051/1064/1047 1050/1065/1048 1049/1066/1049
f 1036/1051/1034 1037/1050/1033 1051/1064/1047 1052/1063/1046
f 1048/1061/1044 1052/1063/1046 1049/1066/1049 1047/1062/1045
f 1038/1052/1035 1036/1051/1034 1052/1063/1046 1048/1061/1044
f 1056/1067/1050 1055/1068/1051 1054/1069/1052 1053/1070/1053
f 1055/1068/1051 1058/1071/1054 1057/1072/1055 1054/1069/1052
f 1060/1073/1056 1059/1074/1057 1055/1068/1051 1056/1067/1050
f 1059/1074/1057 1061/1075/1058 1058/1071/1054 1055/1068/1051
f 1063/1076/1059 751/762/745 748/765/748 1062/1077/1060
f 1064/1078/1061 755/768/751 751/762/745 1063/1076/1059
f 1058/1071/1054 1063/1076/1059 1062/1077/1060 1057/1072/1055
f 1061/1075/1058 1064/1078/1061 1063/1076/1059 1058/1071/1054
f 766/781/764 1065/1079/1062 802/817/800 738/755/738
f 1065/1079/1062 1066/1080/1063 797/812/795 802/817/800
f 755/768/751 1064/1078/1061 1065/1079/1062 766/781/764
f 1064/1078/1061 1061/1075/1058 1066/1080/1063 1065/1079/1062
f 1068/1081/1064 1067/1082/1065 793/810/793 794/809/792
f 1059/1074/1057 1060/1073/1056 1067/1082/1065 1068/1081/1064
f 1066/1080/1063 1068/1081/1064 794/809/792 797/812/795
f 1061/1075/1058 1059/1074/1057 1068/1081/1064 1066/1080/1063
f 1072/1083/1066 1071/1084/1067 1070/1085/1068 1069/1086/1069
f 1071/1084/1067 1074/1087/1070 1073/1088/1071 1070/1085/1068
f 1076/1089/1072 1075/1090/1073 1071/1084/1067 1072/1083/1066
f 1075/1090/1073 1077/1091/1074 1074/1087/1070 1071/1084/1067
f 1081/1092/1075 1080/1093/1076 1079/1094/1077 1078/1095/1078
f 1083/1096/1079 1082/1097/1080 1080/1093/1076 1081/1092/1075
f 1074/1087/1070 1081/1092/1075 1078/1095/1078 1073/1088/1071
f 1077/1091/1074 1083/1096/1079 1081/1092/1075 1074/1087/1070
f 1085/1098/1081 1084/1099/1082 822/839/822 823/838/821
f 1084/1099/1082 1086/1100/1083 817/832/815 822/839/822
f 1082/1097/1080 1083/1096/1079 1084/1099/1082 1085/1098/1081
f 1083/1096/1079 1077/1091/1074 1086/1100/1083 1084/1099/1082
f 1088/1101/1084 1087/1102/1085 813/830/813 814/829/812
f 1075/1090/1073 1076/1089/1072 1087/1102/1085 1088/1101/1084
f 1086/1100/1083 1088/1101/1084 814/829/812 817/832/815
f 1077/1091/1074 1075/1090/1073 1088/1101/1084 1086/1100/1083
f 1092/1103/1086 1091/1104/1087 1090/1105/1088 1089/1106/1089
f 1091/1104/1087 1094/1107/1090 1093/1108/1091 1090/1105/1088
f 1096/1109/1092 1095/1110/1093 1091/1104/1087 1092/1103/1086
f 1095/1110/1093 1097/1111/1094 1094/1107/1090 1091/1104/1087
f 1099/1112/1095 1072/1083/1066 1069/1086/1069 1098/1113/1096
f 1100/1114/1097 1076/1089/1072 1072/1083/1066 1099/1112/1095
f 1094/1107/1090 1099/1112/1095 1098/1113/1096 1093/1108/1091
f 1097/1111/1094 1100/1114/1097 1099/1112/1095 1094/1107/1090
f 1087/1102/1085 1101/1115/1098 847/862/845 813/830/813
f 1101/1115/1098 1102/1116/1099 842/857/840 847/862/845
f 1076/1089/1072 1100/1114/1097 1101/1115/1098 1087/1102/1085
f 1100/1114/1097 1097/1111/1094 1102/1116/1099 1101/1115/1098
f 1104/1117/1100 1103/1118/1101 838/855/838 839/854/837
f 1095/1110/1093 1096/1109/1092 1103/1118/1101 1104/1117/1100
f 1102/1116/1099 1104/1117/1100 839/854/837 842/857/840
f 1097/1111/1094 1095/1110/1093 1104/1117/1100 1102/1116/1099
f 1108/1119/1102 1107/1120/1103 1106/1121/1104 1105/1122/1105
f 1107/1120/1103 1110/1123/1106 1109/1124/1107 1106/1121/1104
f 1112/1125/1108 1111/1126/1109 1107/1120/1103 1108/1119/1102
f 1111/1126/1109 1113/1127/1110 1110/1123/1106 1107/1120/1103
f 1115/1128/1111 1092/1103/1086 1089/1106/1089 1114/1129/1112
f 1116/1130/1113 1096/1109/1092 1092/1103/1086 1115/1128/1111
f 1110/1123/1106 1115/1128/1111 1114/1129/1112 1109/1124/1107
f 1113/1127/1110 1116/1130/1113 1115/1128/1111 1110/1123/1106
f 1103/1118/1101 1117/1131/1114 867/882/865 838/855/838
f 1117/1131/1114 1118/1132/1115 862/877/860 867/882/865
f 1096/1109/1092 1116/1130/1113 1117/1131/1114 1103/1118/1101
f 1116/1130/1113 1113/1127/1110 1118/1132/1115 1117/1131/1114
f 1120/1133/1116 1119/1134/1117 858/875/858 859/874/857
f 1111/1126/1109 1112/1125/1108 1119/1134/1117 1120/1133/1116
f 1118/1132/1115 1120/1133/1116 859/874/857 862/877/860
f 1113/1127/1110 1111/1126/1109 1120/1133/1116 1118/1132/1115
f 1124/1135/1118 1123/1136/1119 1122/1137/1120 1121/1138/1121
f 1123/1136/1119 1126/1139/1122 1125/1140/1123 1122/1137/1120
f 1128/1141/1124 1127/1142/1125 1123/1136/1119 1124/1135/1118
f 1127/1142/1125 1129/1143/1126 1126/1139/1122 1123/1136/1119
f 1133/1144/1127 1132/1145/1128 1131/1146/1129 1130/1147/1130
f 1135/1148/1131 1134/1149/1132 1132/1145/1128 1133/1144/1127
f 1126/1139/1122 1133/1144/1127 1130/1147/1130 1125/1140/1123
f 1129/1143/1126 1135/1148/1131 1133/1144/1127 1126/1139/1122
f 1137/1150/1133 1136/1151/1134 887/904/887 888/903/886
f 1136/1151/1134 1138/1152/1135 882/897/880 887/904/887
f 1134/1149/1132 1135/1148/1131 1136/1151/1134 1137/1150/1133
f 1135/1148/1131 1129/1143/1126 1138/1152/1135 1136/1151/1134
f 1140/1153/1136 1139/1154/1137 878/895/878 879/894/877
f 1127/1142/1125 1128/1141/1124 1139/1154/1137 1140/1153/1136
f 1138/1152/1135 1140/1153/1136 879/894/877 882/897/880
f 1129/1143/1126 1127/1142/1125 1140/1153/1136 1138/1152/1135
f 914/927/910 1142/1155/1138 1141/1156/1139 913/928/911
f 1142/1155/1138 1144/1157/1140 1143/1158/1141 1141/1156/1139
f 916/931/914 1145/1159/1142 1142/1155/1138 914/927/910
f 1145/1159/1142 1146/1160/1143 1144/1157/1140 1142/1155/1138
f 1150/1161/1144 1149/1162/1145 1148/1163/1146 1147/1164/1147
f 1152/1165/1148 1151/1166/1149 1149/1162/1145 1150/1161/1144
f 1144/1157/1140 1150/1161/1144 1147/1164/1147 1143/1158/1141
f 1146/1160/1143 1152/1165/1148 1150/1161/1144 1144/1157/1140
f 1154/1167/1150 1153/1168/1151 1124/1135/1118 1121/1138/1121
f 1153/1168/1151 1155/1169/1152 1128/1141/1124 1124/1135/1118
f 1151/1166/1149 1152/1165/1148 1153/1168/1151 1154/1167/1150
f 1152/1165/1148 1146/1160/1143 1155/1169/1152 1153/1168/1151
f 1156/1170/1153 919/932/915 878/895/878 1139/1154/1137
f 1145/1159/1142 916/931/914 919/932/915 1156/1170/1153
f 1155/1169/1152 1156/1170/1153 1139/1154/1137 1128/1141/1124
f 1146/1160/1143 1145/1159/1142 1156/1170/1153 1155/1169/1152
f 934/947/930 1158/1171/1154 1157/1172/1155 933/948/931
f 1158/1171/1154 1160/1173/1156 1159/1174/1157 1157/1172/1155
f 936/951/934 1161/1175/1158 1158/1171/1154 934/947/930
f 1161/1175/1158 1162/1176/1159 1160/1173/1156 1158/1171/1154
f 1166/1177/1160 1165/1178/1161 1164/1179/1162 1163/1180/1163
f 1168/1181/1164 1167/1182/1165 1165/1178/1161 1166/1177/1160
f 1160/1173/1156 1166/1177/1160 1163/1180/1163 1159/1174/1157
f 1162/1176/1159 1168/1181/1164 1166/1177/1160 1160/1173/1156
f 1170/1183/1166 1169/1184/1167 1147/1164/1147 1148/1163/1146
f 1169/1184/1167 1171/1185/1168 1143/1158/1141 1147/1164/1147
f 1167/1182/1165 1168/1181/1164 1169/1184/1167 1170/1183/1166
f 1168/1181/1164 1162/1176/1159 1171/1185/1168 1169/1184/1167
f 1172/1186/1169 939/952/935 913/928/911 1141/1156/1139
f 1161/1175/1158 936/951/934 939/952/935 1172/1186/1169
f 1171/1185/1168 1172/1186/1169 1141/1156/1139 1143/1158/1141
f 1162/1176/1159 1161/1175/1158 1172/1186/1169 1171/1185/1168
f 954/967/950 1174/1187/1170 1173/1188/1171 953/968/951
f 1174/1187/1170 1176/1189/1172 1175/1190/1173 1173/1188/1171
f 956/971/954 1177/1191/1174 1174/1187/1170 954/967/950
f 1177/1191/1174 1178/1192/1175 1176/1189/1172 1174/1187/1170
f 1182/1193/1176 1181/1194/1177 1180/1195/1178 1179/1196/1179
f 1184/1197/1180 1183/1198/1181 1181/1194/1177 1182/1193/1176
f 1176/1189/1172 1182/1193/1176 1179/1196/1179 1175/1190/1173
f 1178/1192/1175 1184/1197/1180 1182/1193/1176 1176/1189/1172
f 1188/1199/1182 1187/1200/1183 1186/1201/1184 1185/1202/1185
f 1187/1200/1183 1190/1203/1186 1189/1204/1187 1186/1201/1184
f 1183/1198/1181 1184/1197/1180 1187/1200/1183 1188/1199/1182
f 1184/1197/1180 1178/1192/1175 1190/1203/1186 1187/1200/1183
f 1192/1205/1188 961/972/955 958/975/958 1191/1206/1189
f 1177/1191/1174 956/971/954 961/972/955 1192/1205/1188
f 1190/1203/1186 1192/1205/1188 1191/1206/1189 1189/1204/1187
f 1178/1192/1175 1177/1191/1174 1192/1205/1188 1190/1203/1186
f 979/992/975 1194/1207/1190 1193/1208/1191 978/993/976
f 1194/1207/1190 1196/1209/1192 1195/1210/1193 1193/1208/1191
f 981/996/979 1197/1211/1194 1194/1207/1190 979/992/975
f 1197/1211/1194 1198/1212/1195 1196/1209/1192 1194/1207/1190
f 1202/1213/1196 1201/1214/1197 1200/1215/1198 1199/1216/1199
f 1204/1217/1200 1203/1218/1201 1201/1214/1197 1202/1213/1196
f 1196/1209/1192 1202/1213/1196 1199/1216/1199 1195/1210/1193
f 1198/1212/1195 1204/1217/1200 1202/1213/1196 1196/1209/1192
f 1208/1219/1202 1207/1220/1203 1206/1221/1204 1205/1222/1205
f 1207/1220/1203 1210/1223/1206 1209/1224/1207 1206/1221/1204
f 1203/1218/1201 1204/1217/1200 1207/1220/1203 1208/1219/1202
f 1204/1217/1200 1198/1212/1195 1210/1223/1206 1207/1220/1203
f 1212/1225/1208 986/997/980 983/1000/983 1211/1226/1209
f 1197/1211/1194 981/996/979 986/997/980 1212/1225/1208
f 1210/1223/1206 1212/1225/1208 1211/1226/1209 1209/1224/1207
f 1198/1212/1195 1197/1211/1194 1212/1225/1208 1210/1223/1206
f 1004/1017/1000 1214/1227/1210 1213/1228/1211 1003/1018/1001
f 1214/1227/1210 1216/1229/1212 1215/1230/1213 1213/1228/1211
f 1006/1021/1004 1217/1231/1214 1214/1227/1210 1004/1017/1000
f 1217/1231/1214 1218/1232/1215 1216/1229/1212 1214/1227/1210
f 1222/1233/1216 1221/1234/1217 1220/1235/1218 1219/1236/1219
f 1224/1237/1220 1223/1238/1221 1221/1234/1217 1222/1233/1216
f 1216/1229/1212 1222/1233/1216 1219/1236/1219 1215/1230/1213
f 1218/1232/1215 1224/1237/1220 1222/1233/1216 1216/1229/1212
f 1226/1239/1222 1225/1240/1223 1199/1216/1199 1200/1215/1198
f 1225/1240/1223 1227/1241/1224 1195/1210/1193 1199/1216/1199
f 1223/1238/1221 1224/1237/1220 1225/1240/1223 1226/1239/1222
f 1224/1237/1220 1218/1232/1215 1227/1241/1224 1225/1240/1223
f 1228/1242/1225 1009/1022/1005 978/993/976 1193/1208/1191
f 1217/1231/1214 1006/1021/1004 1009/1022/1005 1228/1242/1225
f 1227/1241/1224 1228/1242/1225 1193/1208/1191 1195/1210/1193
f 1218/1232/1215 1217/1231/1214 1228/1242/1225 1227/1241/1224
f 1024/1037/1020 1230/1243/1226 1229/1244/1227 1023/1038/1021
f 1230/1243/1226 1232/1245/1228 1231/1246/1229 1229/1244/1227
f 1026/1041/1024 1233/1247/1230 1230/1243/1226 1024/1037/1020
f 1233/1247/1230 1234/1248/1231 1232/1245/1228 1230/1243/1226
f 1238/1249/1232 1237/1250/1233 1236/1251/1234 1235/1252/1235
f 1240/1253/1236 1239/1254/1237 1237/1250/1233 1238/1249/1232
f 1232/1245/1228 1238/1249/1232 1235/1252/1235 1231/1246/1229
f 1234/1248/1231 1240/1253/1236 1238/1249/1232 1232/1245/1228
f 1242/1255/1238 1241/1256/1239 1219/1236/1219 1220/1235/1218
f 1241/1256/1239 1243/1257/1240 1215/1230/1213 1219/1236/1219
f 1239/1254/1237 1240/1253/1236 1241/1256/1239 1242/1255/1238
f 1240/1253/1236 1234/1248/1231 1243/1257/1240 1241/1256/1239
f 1244/1258/1241 1029/1042/1025 1003/1018/1001 1213/1228/1211
f 1233/1247/1230 1026/1041/1024 1029/1042/1025 1244/1258/1241
f 1243/1257/1240 1244/1258/1241 1213/1228/1211 1215/1230/1213
f 1234/1248/1231 1233/1247/1230 1244/1258/1241 1243/1257/1240
f 1248/1259/1242 1247/1260/1243 1246/1261/1244 1245/1262/1245
f 1247/1260/1243 1250/1263/1246 1249/1264/1247 1246/1261/1244
f 1252/1265/1248 1251/1266/1249 1247/1260/1243 1248/1259/1242
f 1251/1266/1249 1253/1267/1250 1250/1263/1246 1247/1260/1243
f 1257/1268/1251 1256/1269/1252 1255/1270/1253 1254/1271/1254
f 1259/1272/1255 1258/1273/1256 1256/1269/1252 1257/1268/1251
f 1250/1263/1246 1257/1268/1251 1254/1271/1254 1249/1264/1247
f 1253/1267/1250 1259/1272/1255 1257/1268/1251 1250/1263/1246
f 1261/1274/1257 1260/1275/1258 228/239/222 225/242/225
f 1260/1275/1258 1262/1276/1259 223/238/221 228/239/222
f 1258/1273/1256 1259/1272/1255 1260/1275/1258 1261/1274/1257
f 1259/1272/1255 1253/1267/1250 1262/1276/1259 1260/1275/1258
f 1264/1277/1260 1263/1278/1261 220/235/218 221/234/217
f 1251/1266/1249 1252/1265/1248 1263/1278/1261 1264/1277/1260
f 1262/1276/1259 1264/1277/1260 221/234/217 223/238/221
f 1253/1267/1250 1251/1266/1249 1264/1277/1260 1262/1276/1259
f 1268/1279/1262 1267/1280/1263 1266/1281/1264 1265/1282/1265
f 1267/1280/1263 1270/1283/1266 1269/1284/1267 1266/1281/1264
f 1272/1285/1268 1271/1286/1269 1267/1280/1263 1268/1279/1262
f 1271/1286/1269 1273/1287/1270 1270/1283/1266 1267/1280/1263
f 1277/1288/1271 1276/1289/1272 1275/1290/1273 1274/1291/1274
f 1279/1292/1275 1278/1293/1276 1276/1289/1272 1277/1288/1271
f 1270/1283/1266 1277/1288/1271 1274/1291/1274 1269/1284/1267
f 1273/1287/1270 1279/1292/1275 1277/1288/1271 1270/1283/1266
f 1281/1294/1277 1280/1295/1278 250/261/244 247/264/247
f 1280/1295/1278 1282/1296/1279 245/260/243 250/261/244
f 1278/1293/1276 1279/1292/1275 1280/1295/1278 1281/1294/1277
f 1279/1292/1275 1273/1287/1270 1282/1296/1279 1280/1295/1278
f 1284/1297/1280 1283/1298/1281 242/257/240 243/256/239
f 1271/1286/1269 1272/1285/1268 1283/1298/1281 1284/1297/1280
f 1282/1296/1279 1284/1297/1280 243/256/239 245/260/243
f 1273/1287/1270 1271/1286/1269 1284/1297/1280 1282/1296/1279
f 1288/1299/1282 1287/1300/1283 1286/1301/1284 1285/1302/1285
f 1287/1300/1283 1290/1303/1286 1289/1304/1287 1286/1301/1284
f 1292/1305/1288 1291/1306/1289 1287/1300/1283 1288/1299/1282
f 1291/1306/1289 1293/1307/1290 1290/1303/1286 1287/1300/1283
f 1297/1308/1291 1296/1309/1292 1295/1310/1293 1294/1311/1294
f 1299/1312/1295 1298/1313/1296 1296/1309/1292 1297/1308/1291
f 1290/1303/1286 1297/1308/1291 1294/1311/1294 1289/1304/1287
f 1293/1307/1290 1299/1312/1295 1297/1308/1291 1290/1303/1286
f 1303/1314/1297 1302/1315/1298 1301/1316/1299 1300/1317/1300
f 1302/1315/1298 1305/1318/1301 1304/1319/1302 1301/1316/1299
f 1298/1313/1296 1299/1312/1295 1302/1315/1298 1303/1314/1297
f 1299/1312/1295 1293/1307/1290 1305/1318/1301 1302/1315/1298
f 1309/1320/1303 1308/1321/1304 1307/1322/1305 1306/1323/1306
f 1291/1306/1289 1292/1305/1288 1308/1321/1304 1309/1320/1303
f 1305/1318/1301 1309/1320/1303 1306/1323/1306 1304/1319/1302
f 1293/1307/1290 1291/1306/1289 1309/1320/1303 1305/1318/1301
f 1313/1324/1307 1312/1325/1308 1311/1326/1309 1310/1327/1310
f 1312/1325/1308 1315/1328/1311 1314/1329/1312 1311/1326/1309
f 1317/1330/1313 1316/1331/1314 1312/1325/1308 1313/1324/1307
f 1316/1331/1314 1318/1332/1315 1315/1328/1311 1312/1325/1308
f 1322/1333/1316 1321/1334/1317 1320/1335/1318 1319/1336/1319
f 1324/1337/1320 1323/1338/1321 1321/1334/1317 1322/1333/1316
f 1315/1328/1311 1322/1333/1316 1319/1336/1319 1314/1329/1312
f 1318/1332/1315 1324/1337/1320 1322/1333/1316 1315/1328/1311
f 1326/1339/1322 1325/1340/1323 1268/1279/1262 1265/1282/1265
f 1325/1340/1323 1327/1341/1324 1272/1285/1268 1268/1279/1262
f 1323/1338/1321 1324/1337/1320 1325/1340/1323 1326/1339/1322
f 1324/1337/1320 1318/1332/1315 1327/1341/1324 1325/1340/1323
f 1329/1342/1325 1328/1343/1326 242/257/240 1283/1298/1281
f 1316/1331/1314 1317/1330/1313 1328/1343/1326 1329/1342/1325
f 1327/1341/1324 1329/1342/1325 1283/1298/1281 1272/1285/1268
f 1318/1332/1315 1316/1331/1314 1329/1342/1325 1327/1341/1324
f 298/311/294 1331/1344/1327 1330/1345/1328 297/312/295
f 1331/1344/1327 1333/1346/1329 1332/1347/1330 1330/1345/1328
f 284/297/280 1334/1348/1331 1331/1344/1327 298/311/294
f 1334/1348/1331 1335/1349/1332 1333/1346/1329 1331/1344/1327
f 1339/1350/1333 1338/1351/1334 1337/1352/1335 1336/1353/1336
f 1341/1354/1337 1340/1355/1338 1338/1351/1334 1339/1350/1333
f 1333/1346/1329 1339/1350/1333 1336/1353/1336 1332/1347/1330
f 1335/1349/1332 1341/1354/1337 1339/1350/1333 1333/1346/1329
f 1343/1356/1339 1342/1357/1340 1248/1259/1242 1245/1262/1245
f 1342/1357/1340 1344/1358/1341 1252/1265/1248 1248/1259/1242
f 1340/1355/1338 1341/1354/1337 1342/1357/1340 1343/1356/1339
f 1341/1354/1337 1335/1349/1332 1344/1358/1341 1342/1357/1340
f 1345/1359/1342 281/294/277 220/235/218 1263/1278/1261
f 1334/1348/1331 284/297/280 281/294/277 1345/1359/1342
f 1344/1358/1341 1345/1359/1342 1263/1278/1261 1252/1265/1248
f 1335/1349/1332 1334/1348/1331 1345/1359/1342 1344/1358/1341
f 323/336/319 1347/1360/1343 1346/1361/1344 322/337/320
f 1347/1360/1343 1349/1362/1345 1348/1363/1346 1346/1361/1344
f 307/320/303 1350/1364/1347 1347/1360/1343 323/336/319
f 1350/1364/1347 1351/1365/1348 1349/1362/1345 1347/1360/1343
f 1355/1366/1349 1354/1367/1350 1353/1368/1351 1352/1369/1352
f 1357/1370/1353 1356/1371/1354 1354/1367/1350 1355/1366/1349
f 1349/1362/1345 1355/1366/1349 1352/1369/1352 1348/1363/1346
f 1351/1365/1348 1357/1370/1353 1355/1366/1349 1349/1362/1345
f 1361/1372/1355 1360/1373/1356 1359/1374/1357 1358/1375/1358
f 1360/1373/1356 1363/1376/1359 1362/1377/1360 1359/1374/1357
f 1356/1371/1354 1357/1370/1353 1360/1373/1356 1361/1372/1355
f 1357/1370/1353 1351/1365/1348 1363/1376/1359 1360/1373/1356
f 1365/1378/1361 303/314/297 300/317/300 1364/1379/1362
f 1350/1364/1347 307/320/303 303/314/297 1365/1378/1361
f 1363/1376/1359 1365/1378/1361 1364/1379/1362 1362/1377/1360
f 1351/1365/1348 1350/1364/1347 1365/1378/1361 1363/1376/1359
f 343/356/339 1367/1380/1363 1366/1381/1364 342/357/340
f 1367/1380/1363 1369/1382/1365 1368/1383/1366 1366/1381/1364
f 329/342/325 1370/1384/1367 1367/1380/1363 343/356/339
f 1370/1384/1367 1371/1385/1368 1369/1382/1365 1367/1380/1363
f 1375/1386/1369 1374/1387/1370 1373/1388/1371 1372/1389/1372
f 1377/1390/1373 1376/1391/1374 1374/1387/1370 1375/1386/1369
f 1369/1382/1365 1375/1386/1369 1372/1389/1372 1368/1383/1366
f 1371/1385/1368 1377/1390/1373 1375/1386/1369 1369/1382/1365
f 1379/1392/1375 1378/1393/1376 1352/1369/1352 1353/1368/1351
f 1378/1393/1376 1380/1394/1377 1348/1363/1346 1352/1369/1352
f 1376/1391/1374 1377/1390/1373 1378/1393/1376 1379/1392/1375
f 1377/1390/1373 1371/1385/1368 1380/1394/1377 1378/1393/1376
f 1381/1395/1378 326/339/322 322/337/320 1346/1361/1344
f 1370/1384/1367 329/342/325 326/339/322 1381/1395/1378
f 1380/1394/1377 1381/1395/1378 1346/1361/1344 1348/1363/1346
f 1371/1385/1368 1370/1384/1367 1381/1395/1378 1380/1394/1377
f 363/376/359 1383/1396/1379 1382/1397/1380 362/377/360
f 1383/1396/1379 1385/1398/1381 1384/1399/1382 1382/1397/1380
f 349/362/345 1386/1400/1383 1383/1396/1379 363/376/359
f 1386/1400/1383 1387/1401/1384 1385/1398/1381 1383/1396/1379
f 1391/1402/1385 1390/1403/1386 1389/1404/1387 1388/1405/1388
f 1393/1406/1389 1392/1407/1390 1390/1403/1386 1391/1402/1385
f 1385/1398/1381 1391/1402/1385 1388/1405/1388 1384/1399/1382
f 1387/1401/1384 1393/1406/1389 1391/1402/1385 1385/1398/1381
f 1395/1408/1391 1394/1409/1392 1372/1389/1372 1373/1388/1371
f 1394/1409/1392 1396/1410/1393 1368/1383/1366 1372/1389/1372
f 1392/1407/1390 1393/1406/1389 1394/1409/1392 1395/1408/1391
f 1393/1406/1389 1387/1401/1384 1396/1410/1393 1394/1409/1392
f 1397/1411/1394 346/359/342 342/357/340 1366/1381/1364
f 1386/1400/1383 349/362/345 346/359/342 1397/1411/1394
f 1396/1410/1393 1397/1411/1394 1366/1381/1364 1368/1383/1366
f 1387/1401/1384 1386/1400/1383 1397/1411/1394 1396/1410/1393
f 388/401/384 1399/1412/1395 1398/1413/1396 387/402/385
f 1399/1412/1395 1401/1414/1397 1400/1415/1398 1398/1413/1396
f 372/385/368 1402/1416/1399 1399/1412/1395 388/401/384
f 1402/1416/1399 1403/1417/1400 1401/1414/1397 1399/1412/1395
f 1407/1418/1401 1406/1419/1402 1405/1420/1403 1404/1421/1404
f 1409/1422/1405 1408/1423/1406 1406/1419/1402 1407/1418/1401
f 1401/1414/1397 1407/1418/1401 1404/1421/1404 1400/1415/1398
f 1403/1417/1400 1409/1422/1405 1407/1418/1401 1401/1414/1397
f 1413/1424/1407 1412/1425/1408 1411/1426/1409 1410/1427/1410
f 1412/1425/1408 1415/1428/1411 1414/1429/1412 1411/1426/1409
f 1408/1423/1406 1409/1422/1405 1412/1425/1408 1413/1424/1407
f 1409/1422/1405 1403/1417/1400 1415/1428/1411 1412/1425/1408
f 1417/1430/1413 368/379/362 365/382/365 1416/1431/1414
f 1402/1416/1399 372/385/368 368/379/362 1417/1430/1413
f 1415/1428/1411 1417/1430/1413 1416/1431/1414 1414/1429/1412
f 1403/1417/1400 1402/1416/1399 1417/1430/1413 1415/1428/1411
f 403/418/401 1419/1432/1415 1418/1433/1416 402/419/402
f 1419/1432/1415 1421/1434/1417 1420/1435/1418 1418/1433/1416
f 406/421/404 1422/1436/1419 1419/1432/1415 403/418/401
f 1422/1436/1419 1423/1437/1420 1421/1434/1417 1419/1432/1415
f 1427/1438/1421 1426/1439/1422 1425/1440/1423 1424/1441/1424
f 1429/1442/1425 1428/1443/1426 1426/1439/1422 1427/1438/1421
f 1421/1434/1417 1427/1438/1421 1424/1441/1424 1420/1435/1418
f 1423/1437/1420 1429/1442/1425 1427/1438/1421 1421/1434/1417
f 1431/1444/1427 1430/1445/1428 1404/1421/1404 1405/1420/1403
f 1430/1445/1428 1432/1446/1429 1400/1415/1398 1404/1421/1404
f 1428/1443/1426 1429/1442/1425 1430/1445/1428 1431/1444/1427
f 1429/1442/1425 1423/1437/1420 1432/1446/1429 1430/1445/1428
f 1433/1447/1430 408/423/406 387/402/385 1398/1413/1396
f 1422/1436/1419 406/421/404 408/423/406 1433/1447/1430
f 1432/1446/1429 1433/1447/1430 1398/1413/1396 1400/1415/1398
f 1423/1437/1420 1422/1436/1419 1433/1447/1430 1432/1446/1429
f 423/438/421 1435/1448/1431 1434/1449/1432 422/439/422
f 1435/1448/1431 1437/1450/1433 1436/1451/1434 1434/1449/1432
f 426/441/424 1438/1452/1435 1435/1448/1431 423/438/421
f 1438/1452/1435 1439/1453/1436 1437/1450/1433 1435/1448/1431
f 1443/1454/1437 1442/1455/1438 1441/1456/1439 1440/1457/1440
f 1445/1458/1441 1444/1459/1442 1442/1455/1438 1443/1454/1437
f 1437/1450/1433 1443/1454/1437 1440/1457/1440 1436/1451/1434
f 1439/1453/1436 1445/1458/1441 1443/1454/1437 1437/1450/1433
f 1447/1460/1443 1446/1461/1444 1424/1441/1424 1425/1440/1423
f 1446/1461/1444 1448/1462/1445 1420/1435/1418 1424/1441/1424
f 1444/1459/1442 1445/1458/1441 1446/1461/1444 1447/1460/1443
f 1445/1458/1441 1439/1453/1436 1448/1462/1445 1446/1461/1444
f 1449/1463/1446 428/443/426 402/419/402 1418/1433/1416
f 1438/1452/1435 426/441/424 428/443/426 1449/1463/1446
f 1448/1462/1445 1449/1463/1446 1418/1433/1416 1420/1435/1418
f 1439/1453/1436 1438/1452/1435 1449/1463/1446 1448/1462/1445
f 1453/1464/1447 1452/1465/1448 1451/1466/1449 1450/1467/1450
f 1452/1465/1448 1455/1468/1451 1454/1469/1452 1451/1466/1449
f 1457/1470/1453 1456/1471/1454 1452/1465/1448 1453/1464/1447
f 1456/1471/1454 1458/1472/1455 1455/1468/1451 1452/1465/1448
f 1462/1473/1456 1461/1474/1457 1460/1475/1458 1459/1476/1459
f 1464/1477/1460 1463/1478/1461 1461/1474/1457 1462/1473/1456
f 1455/1468/1451 1462/1473/1456 1459/1476/1459 1454/1469/1452
f 1458/1472/1455 1464/1477/1460 1462/1473/1456 1455/1468/1451
f 1468/1479/1462 1467/1480/1463 1466/1481/1464 1465/1482/1465
f 1467/1480/1463 1470/1483/1466 1469/1484/1467 1466/1481/1464
f 1463/1478/1461 1464/1477/1460 1467/1480/1463 1468/1479/1462
f 1464/1477/1460 1458/1472/1455 1470/1483/1466 1467/1480/1463
f 1473/1485/1468 1472/1486/1469 442/459/442 1471/1487/1470
f 1456/1471/1454 1457/1470/1453 1472/1486/1469 1473/1485/1468
f 1470/1483/1466 1473/1485/1468 1471/1487/1470 1469/1484/1467
f 1458/1472/1455 1456/1471/1454 1473/1485/1468 1470/1483/1466
f 466/481/464 1475/1488/1471 1474/1489/1472 465/482/465
f 1475/1488/1471 1477/1490/1473 1476/1491/1474 1474/1489/1472
f 469/484/467 1478/1492/1475 1475/1488/1471 466/481/464
f 1478/1492/1475 1479/1493/1476 1477/1490/1473 1475/1488/1471
f 1483/1494/1477 1482/1495/1478 1481/1496/1479 1480/1497/1480
f 1485/1498/1481 1484/1499/1482 1482/1495/1478 1483/1494/1477
f 1477/1490/1473 1483/1494/1477 1480/1497/1480 1476/1491/1474
f 1479/1493/1476 1485/1498/1481 1483/1494/1477 1477/1490/1473
f 1489/1500/1483 1488/1501/1484 1487/1502/1485 1486/1503/1486
f 1488/1501/1484 1491/1504/1487 1490/1505/1488 1487/1502/1485
f 1484/1499/1482 1485/1498/1481 1488/1501/1484 1489/1500/1483
f 1485/1498/1481 1479/1493/1476 1491/1504/1487 1488/1501/1484
f 1493/1506/1489 471/488/471 472/487/470 1492/1507/1490
f 1478/1492/1475 469/484/467 471/488/471 1493/1506/1489
f 1491/1504/1487 1493/1506/1489 1492/1507/1490 1490/1505/1488
f 1479/1493/1476 1478/1492/1475 1493/1506/1489 1491/1504/1487
f 488/503/486 1495/1508/1491 1494/1509/1492 487/504/487
f 1495/1508/1491 1497/1510/1493 1496/1511/1494 1494/1509/1492
f 491/506/489 1498/1512/1495 1495/1508/1491 488/503/486
f 1498/1512/1495 1499/1513/1496 1497/1510/1493 1495/1508/1491
f 1503/1514/1497 1502/1515/1498 1501/1516/1499 1500/1517/1500
f 1505/1518/1501 1504/1519/1502 1502/1515/1498 1503/1514/1497
f 1497/1510/1493 1503/1514/1497 1500/1517/1500 1496/1511/1494
f 1499/1513/1496 1505/1518/1501 1503/1514/1497 1497/1510/1493
f 1507/1520/1503 1506/1521/1504 1480/1497/1480 1481/1496/1479
f 1506/1521/1504 1508/1522/1505 1476/1491/1474 1480/1497/1480
f 1504/1519/1502 1505/1518/1501 1506/1521/1504 1507/1520/1503
f 1505/1518/1501 1499/1513/1496 1508/1522/1505 1506/1521/1504
f 1509/1523/1506 493/508/491 465/482/465 1474/1489/1472
f 1498/1512/1495 491/506/489 493/508/491 1509/1523/1506
f 1508/1522/1505 1509/1523/1506 1474/1489/1472 1476/1491/1474
f 1499/1513/1496 1498/1512/1495 1509/1523/1506 1508/1522/1505
f 508/523/506 1511/1524/1507 1510/1525/1508 507/524/507
f 1511/1524/1507 1513/1526/1509 1512/1527/1510 1510/1525/1508
f 511/526/509 1514/1528/1511 1511/1524/1507 508/523/506
f 1514/1528/1511 1515/1529/1512 1513/1526/1509 1511/1524/1507
f 1519/1530/1513 1518/1531/1514 1517/1532/19 1516/1533/1515
f 1521/1534/1516 1520/1535/1517 1518/1531/1514 1519/1530/1513
f 1513/1526/1509 1519/1530/1513 1516/1533/1515 1512/1527/1510
f 1515/1529/1512 1521/1534/1516 1519/1530/1513 1513/1526/1509
f 1523/1536/1518 1522/1537/1519 1500/1517/1500 1501/1516/1499
f 1522/1537/1519 1524/1538/1520 1496/1511/1494 1500/1517/1500
f 1520/1535/1517 1521/1534/1516 1522/1537/1519 1523/1536/1518
f 1521/1534/1516 1515/1529/1512 1524/1538/1520 1522/1537/1519
f 1525/1539/1521 513/528/511 487/504/487 1494/1509/1492
f 1514/1528/1511 511/526/509 513/528/511 1525/1539/1521
f 1524/1538/1520 1525/1539/1521 1494/1509/1492 1496/1511/1494
f 1515/1529/1512 1514/1528/1511 1525/1539/1521 1524/1538/1520
f 1528/1540/1522 1527/1541/1523 1526/1542/1524 515/532/515
f 1527/1541/1523 1530/1543/1525 1529/1544/1526 1526/1542/1524
f 1532/1545/1527 1531/1546/1528 1527/1541/1523 1528/1540/1522
f 1531/1546/1528 1533/1547/1529 1530/1543/1525 1527/1541/1523
f 1537/1548/1530 1536/1549/1531 1535/1550/1532 1534/1551/1533
f 1539/1552/1534 1538/1553/1535 1536/1549/1531 1537/1548/1530
f 1530/1543/1525 1537/1548/1530 1534/1551/1533 1529/1544/1526
f 1533/1547/1529 1539/1552/1534 1537/1548/1530 1530/1543/1525
f 1543/1554/1536 1542/1555/1537 1541/1556/1538 1540/1557/1539
f 1542/1555/1537 1545/1558/1540 1544/1559/1541 1541/1556/1538
f 1538/1553/1535 1539/1552/1534 1542/1555/1537 1543/1554/1536
f 1539/1552/1534 1533/1547/1529 1545/1558/1540 1542/1555/1537
f 1549/1560/1542 1548/1561/1543 1547/1562/1544 1546/1563/1545
f 1531/1546/1528 1532/1545/1527 1548/1561/1543 1549/1560/1542
f 1545/1558/1540 1549/1560/1542 1546/1563/1545 1544/1559/1541
f 1533/1547/1529 1531/1546/1528 1549/1560/1542 1545/1558/1540
f 1551/1564/1546 1550/1565/1547 1546/1563/1545 1547/1562/1544
f 1550/1565/1547 1552/1566/1548 1544/1559/1541 1546/1563/1545
f 1554/1567/1549 1553/1568/1550 1550/1565/1547 1551/1564/1546
f 1553/1568/1550 1555/1569/1551 1552/1566/1548 1550/1565/1547
f 1557/1570/1552 1556/1571/1553 1540/1557/1539 1541/1556/1538
f 1559/1572/1554 1558/1573/1555 1556/1571/1553 1557/1570/1552
f 1552/1566/1548 1557/1570/1552 1541/1556/1538 1544/1559/1541
f 1555/1569/1551 1559/1572/1554 1557/1570/1552 1552/1566/1548
f 1561/1574/1556 1560/1575/1557 1294/1311/1294 1295/1310/1293
f 1560/1575/1557 1562/1576/1558 1289/1304/1287 1294/1311/1294
f 1558/1573/1555 1559/1572/1554 1560/1575/1557 1561/1574/1556
f 1559/1572/1554 1555/1569/1551 1562/1576/1558 1560/1575/1557
f 1564/1577/1559 1563/1578/1560 1285/1302/1285 1286/1301/1284
f 1553/1568/1550 1554/1567/1549 1563/1578/1560 1564/1577/1559
f 1562/1576/1558 1564/1577/1559 1286/1301/1284 1289/1304/1287
f 1555/1569/1551 1553/1568/1550 1564/1577/1559 1562/1576/1558
f 539/554/537 1565/1579/1561 1281/1294/1277 247/264/247
f 1565/1579/1561 1566/1580/1562 1278/1293/1276 1281/1294/1277
f 541/556/539 1567/1581/1563 1565/1579/1561 539/554/537
f 1567/1581/1563 1568/1582/1564 1566/1580/1562 1565/1579/1561
f 1570/1583/1565 1569/1584/1566 1275/1290/1273 1276/1289/1272
f 1572/1585/1567 1571/1586/1568 1569/1584/1566 1570/1583/1565
f 1566/1580/1562 1570/1583/1565 1276/1289/1272 1278/1293/1276
f 1568/1582/1564 1572/1585/1567 1570/1583/1565 1566/1580/1562
f 1576/1587/1569 1575/1588/1570 1574/1589/1571 1573/1590/1572
f 1575/1588/1570 1578/1591/1573 1577/1592/1574 1574/1589/1571
f 1571/1586/1568 1572/1585/1567 1575/1588/1570 1576/1587/1569
f 1572/1585/1567 1568/1582/1564 1578/1591/1573 1575/1588/1570
f 1580/1593/1575 546/557/540 543/560/543 1579/1594/1576
f 1567/1581/1563 541/556/539 546/557/540 1580/1593/1575
f 1578/1591/1573 1580/1593/1575 1579/1594/1576 1577/1592/1574
f 1568/1582/1564 1567/1581/1563 1580/1593/1575 1578/1591/1573
f 559/572/555 1582/1595/1577 1581/1596/1578 558/573/556
f 1582/1595/1577 1584/1597/1579 1583/1598/1580 1581/1596/1578
f 561/576/559 1585/1599/1581 1582/1595/1577 559/572/555
f 1585/1599/1581 1586/1600/1582 1584/1597/1579 1582/1595/1577
f 1590/1601/1583 1589/1602/1584 1588/1603/1585 1587/1604/1586
f 1592/1605/1587 1591/1606/1588 1589/1602/1584 1590/1601/1583
f 1584/1597/1579 1590/1601/1583 1587/1604/1586 1583/1598/1580
f 1586/1600/1582 1592/1605/1587 1590/1601/1583 1584/1597/1579
f 1596/1607/1589 1595/1608/1590 1594/1609/1591 1593/1610/1592
f 1595/1608/1590 1598/1611/1593 1597/1612/1594 1594/1609/1591
f 1591/1606/1588 1592/1605/1587 1595/1608/1590 1596/1607/1589
f 1592/1605/1587 1586/1600/1582 1598/1611/1593 1595/1608/1590
f 1600/1613/1595 566/577/560 563/580/563 1599/1614/1596
f 1585/1599/1581 561/576/559 566/577/560 1600/1613/1595
f 1598/1611/1593 1600/1613/1595 1599/1614/1596 1597/1612/1594
f 1586/1600/1582 1585/1599/1581 1600/1613/1595 1598/1611/1593
f 575/590/573 1601/1615/1597 1599/1614/1596 563/580/563
f 1601/1615/1597 1602/1616/1598 1597/1612/1594 1599/1614/1596
f 577/592/575 1603/1617/1599 1601/1615/1597 575/590/573
f 1603/1617/1599 1604/1618/1600 1602/1616/1598 1601/1615/1597
f 1606/1619/1601 1605/1620/1602 1593/1610/1592 1594/1609/1591
f 1608/1621/1603 1607/1622/1604 1605/1620/1602 1606/1619/1601
f 1602/1616/1598 1606/1619/1601 1594/1609/1591 1597/1612/1594
f 1604/1618/1600 1608/1621/1603 1606/1619/1601 1602/1616/1598
f 1612/1623/1605 1611/1624/1606 1610/1625/1607 1609/1626/1608
f 1611/1624/1606 1614/1627/1609 1613/1628/1610 1610/1625/1607
f 1607/1622/1604 1608/1621/1603 1611/1624/1606 1612/1623/1605
f 1608/1621/1603 1604/1618/1600 1614/1627/1609 1611/1624/1606
f 1616/1629/1611 582/593/576 579/596/579 1615/1630/1612
f 1603/1617/1599 577/592/575 582/593/576 1616/1629/1611
f 1614/1627/1609 1616/1629/1611 1615/1630/1612 1613/1628/1610
f 1604/1618/1600 1603/1617/1599 1616/1629/1611 1614/1627/1609
f 591/606/589 1617/1631/1613 1615/1630/1612 579/596/579
f 1617/1631/1613 1618/1632/1614 1613/1628/1610 1615/1630/1612
f 593/608/591 1619/1633/1615 1617/1631/1613 591/606/589
f 1619/1633/1615 1620/1634/1616 1618/1632/1614 1617/1631/1613
f 1622/1635/1617 1621/1636/1618 1609/1626/1608 1610/1625/1607
f 1624/1637/1619 1623/1638/1620 1621/1636/1618 1622/1635/1617
f 1618/1632/1614 1622/1635/1617 1610/1625/1607 1613/1628/1610
f 1620/1634/1616 1624/1637/1619 1622/1635/1617 1618/1632/1614
f 1628/1639/1621 1627/1640/1622 1626/1641/1623 1625/1642/1624
f 1627/1640/1622 1630/1643/1625 1629/1644/1626 1626/1641/1623
f 1623/1638/1620 1624/1637/1619 1627/1640/1622 1628/1639/1621
f 1624/1637/1619 1620/1634/1616 1630/1643/1625 1627/1640/1622
f 1632/1645/1627 598/609/592 595/612/595 1631/1646/1628
f 1619/1633/1615 593/608/591 598/609/592 1632/1645/1627
f 1630/1643/1625 1632/1645/1627 1631/1646/1628 1629/1644/1626
f 1620/1634/1616 1619/1633/1615 1632/1645/1627 1630/1643/1625
f 611/624/607 1634/1647/1629 1633/1648/1630 610/625/608
f 1634/1647/1629 1636/1649/1631 1635/1650/1632 1633/1648/1630
f 613/628/611 1637/1651/1633 1634/1647/1629 611/624/607
f 1637/1651/1633 1638/1652/1634 1636/1649/1631 1634/1647/1629
f 1642/1653/1635 1641/1654/1636 1640/1655/1637 1639/1656/1638
f 1644/1657/1639 1643/1658/1640 1641/1654/1636 1642/1653/1635
f 1636/1649/1631 1642/1653/1635 1639/1656/1638 1635/1650/1632
f 1638/1652/1634 1644/1657/1639 1642/1653/1635 1636/1649/1631
f 1648/1659/1641 1647/1660/1642 1646/1661/1643 1645/1662/1644
f 1647/1660/1642 1650/1663/1645 1649/1664/1646 1646/1661/1643
f 1643/1658/1640 1644/1657/1639 1647/1660/1642 1648/1659/1641
f 1644/1657/1639 1638/1652/1634 1650/1663/1645 1647/1660/1642
f 1652/1665/1647 618/629/612 615/632/615 1651/1666/1648
f 1637/1651/1633 613/628/611 618/629/612 1652/1665/1647
f 1650/1663/1645 1652/1665/1647 1651/1666/1648 1649/1664/1646
f 1638/1652/1634 1637/1651/1633 1652/1665/1647 1650/1663/1645
f 623/638/621 1653/1667/1649 1651/1666/1648 615/632/615
f 1653/1667/1649 1654/1668/1650 1649/1664/1646 1651/1666/1648
f 625/640/623 1655/1669/1651 1653/1667/1649 623/638/621
f 1655/1669/1651 1656/1670/1652 1654/1668/1650 1653/1667/1649
f 1658/1671/1653 1657/1672/1654 1645/1662/1644 1646/1661/1643
f 1660/1673/1655 1659/1674/1656 1657/1672/1654 1658/1671/1653
f 1654/1668/1650 1658/1671/1653 1646/1661/1643 1649/1664/1646
f 1656/1670/1652 1660/1673/1655 1658/1671/1653 1654/1668/1650
f 1664/1675/1657 1663/1676/1658 1662/1677/1659 1661/1678/1660
f 1663/1676/1658 1666/1679/1661 1665/1680/1662 1662/1677/1659
f 1659/1674/1656 1660/1673/1655 1663/1676/1658 1664/1675/1657
f 1660/1673/1655 1656/1670/1652 1666/1679/1661 1663/1676/1658
f 1668/1681/1663 629/646/629 630/645/628 1667/1682/1664
f 1655/1669/1651 625/640/623 629/646/629 1668/1681/1663
f 1666/1679/1661 1668/1681/1663 1667/1682/1664 1665/1680/1662
f 1656/1670/1652 1655/1669/1651 1668/1681/1663 1666/1679/1661
f 639/654/637 1669/1683/1665 1667/1682/1664 630/645/628
f 1669/1683/1665 1670/1684/1666 1665/1680/1662 1667/1682/1664
f 641/656/639 1671/1685/1667 1669/1683/1665 639/654/637
f 1671/1685/1667 1672/1686/1668 1670/1684/1666 1669/1683/1665
f 1674/1687/1669 1673/1688/1670 1661/1678/1660 1662/1677/1659
f 1676/1689/1671 1675/1690/1672 1673/1688/1670 1674/1687/1669
f 1670/1684/1666 1674/1687/1669 1662/1677/1659 1665/1680/1662
f 1672/1686/1668 1676/1689/1671 1674/1687/1669 1670/1684/1666
f 1680/1691/1673 1679/1692/1674 1678/1693/1675 1677/1694/1676
f 1679/1692/1674 1682/1695/1677 1681/1696/1678 1678/1693/1675
f 1675/1690/1672 1676/1689/1671 1679/1692/1674 1680/1691/1673
f 1676/1689/1671 1672/1686/1668 1682/1695/1677 1679/1692/1674
f 1684/1697/1679 645/662/645 646/661/644 1683/1698/1680
f 1671/1685/1667 641/656/639 645/662/645 1684/1697/1679
f 1682/1695/1677 1684/1697/1679 1683/1698/1680 1681/1696/1678
f 1672/1686/1668 1671/1685/1667 1684/1697/1679 1682/1695/1677
f 655/670/653 1685/1699/1681 1683/1698/1680 646/661/644
f 1685/1699/1681 1686/1700/1682 1681/1696/1678 1683/1698/1680
f 657/672/655 1687/1701/1683 1685/1699/1681 655/670/653
f 1687/1701/1683 1688/1702/1684 1686/1700/1682 1685/1699/1681
f 1690/1703/1685 1689/1704/1686 1677/1694/1676 1678/1693/1675
f 1692/1705/1687 1691/1706/1688 1689/1704/1686 1690/1703/1685
f 1686/1700/1682 1690/1703/1685 1678/1693/1675 1681/1696/1678
f 1688/1702/1684 1692/1705/1687 1690/1703/1685 1686/1700/1682
f 1696/1707/1689 1695/1708/1690 1694/1709/1691 1693/1710/1692
f 1695/1708/1690 1698/1711/1693 1697/1712/1694 1694/1709/1691
f 1691/1706/1688 1692/1705/1687 1695/1708/1690 1696/1707/1689
f 1692/1705/1687 1688/1702/1684 1698/1711/1693 1695/1708/1690
f 1700/1713/1695 661/678/661 662/677/660 1699/1714/1696
f 1687/1701/1683 657/672/655 661/678/661 1700/1713/1695
f 1698/1711/1693 1700/1713/1695 1699/1714/1696 1697/1712/1694
f 1688/1702/1684 1687/1701/1683 1700/1713/1695 1698/1711/1693
f 1704/1715/1697 1703/1716/1698 1702/1717/1699 1701/1718/1700
f 1703/1716/1698 1706/1719/1701 1705/1720/1702 1702/1717/1699
f 1708/1721/1703 1707/1722/1704 1703/1716/1698 1704/1715/1697
f 1707/1722/1704 1709/1723/1705 1706/1719/1701 1703/1716/1698
f 1713/1724/1706 1712/1725/1707 1711/1726/1708 1710/1727/1709
f 1715/1728/1710 1714/1729/1711 1712/1725/1707 1713/1724/1706
f 1706/1719/1701 1713/1724/1706 1710/1727/1709 1705/1720/1702
f 1709/1723/1705 1715/1728/1710 1713/1724/1706 1706/1719/1701
f 1717/1730/1712 1716/1731/1713 680/697/680 681/696/679
f 1716/1731/1713 1718/1732/1714 675/690/673 680/697/680
f 1714/1729/1711 1715/1728/1710 1716/1731/1713 1717/1730/1712
f 1715/1728/1710 1709/1723/1705 1718/1732/1714 1716/1731/1713
f 1720/1733/1715 1719/1734/1716 671/688/671 672/687/670
f 1707/1722/1704 1708/1721/1703 1719/1734/1716 1720/1733/1715
f 1718/1732/1714 1720/1733/1715 672/687/670 675/690/673
f 1709/1723/1705 1707/1722/1704 1720/1733/1715 1718/1732/1714
f 691/706/689 1721/1735/1717 1717/1730/1712 681/696/679
f 1721/1735/1717 1722/1736/1718 1714/1729/1711 1717/1730/1712
f 693/708/691 1723/1737/1719 1721/1735/1717 691/706/689
f 1723/1737/1719 1724/1738/1720 1722/1736/1718 1721/1735/1717
f 1726/1739/1721 1725/1740/1722 1711/1726/1708 1712/1725/1707
f 1728/1741/1723 1727/1742/1724 1725/1740/1722 1726/1739/1721
f 1722/1736/1718 1726/1739/1721 1712/1725/1707 1714/1729/1711
f 1724/1738/1720 1728/1741/1723 1726/1739/1721 1722/1736/1718
f 1732/1743/1725 1731/1744/1726 1730/1745/1727 1729/1746/1728
f 1731/1744/1726 1734/1747/1729 1733/1748/1730 1730/1745/1727
f 1727/1742/1724 1728/1741/1723 1731/1744/1726 1732/1743/1725
f 1728/1741/1723 1724/1738/1720 1734/1747/1729 1731/1744/1726
f 1736/1749/1731 697/714/697 698/713/696 1735/1750/1732
f 1723/1737/1719 693/708/691 697/714/697 1736/1749/1731
f 1734/1747/1729 1736/1749/1731 1735/1750/1732 1733/1748/1730
f 1724/1738/1720 1723/1737/1719 1736/1749/1731 1734/1747/1729
f 707/722/705 1737/1751/1733 1735/1750/1732 698/713/696
f 1737/1751/1733 1738/1752/1734 1733/1748/1730 1735/1750/1732
f 709/724/707 1739/1753/1735 1737/1751/1733 707/722/705
f 1739/1753/1735 1740/1754/1736 1738/1752/1734 1737/1751/1733
f 1742/1755/1737 1741/1756/1738 1729/1746/1728 1730/1745/1727
f 1744/1757/1739 1743/1758/1740 1741/1756/1738 1742/1755/1737
f 1738/1752/1734 1742/1755/1737 1730/1745/1727 1733/1748/1730
f 1740/1754/1736 1744/1757/1739 1742/1755/1737 1738/1752/1734
f 1748/1759/1741 1747/1760/1742 1746/1761/1743 1745/1762/37
f 1747/1760/1742 1750/1763/1744 1749/1764/1745 1746/1761/1743
f 1743/1758/1740 1744/1757/1739 1747/1760/1742 1748/1759/1741
f 1744/1757/1739 1740/1754/1736 1750/1763/1744 1747/1760/1742
f 1752/1765/1746 713/730/713 714/729/712 1751/1766/1747
f 1739/1753/1735 709/724/707 713/730/713 1752/1765/1746
f 1750/1763/1744 1752/1765/1746 1751/1766/1747 1749/1764/1745
f 1740/1754/1736 1739/1753/1735 1752/1765/1746 1750/1763/1744
f 1754/1767/1748 1753/1768/1749 309/326/309 310/325/308
f 1753/1768/1749 1755/1769/1750 304/319/302 309/326/309
f 1757/1770/1751 1756/1771/1752 1753/1768/1749 1754/1767/1748
f 1756/1771/1752 1758/1772/1753 1755/1769/1750 1753/1768/1749
f 1760/1773/1754 1759/1774/1755 300/317/300 301/316/299
f 1762/1775/1756 1761/1776/1757 1759/1774/1755 1760/1773/1754
f 1755/1769/1750 1760/1773/1754 301/316/299 304/319/302
f 1758/1772/1753 1762/1775/1756 1760/1773/1754 1755/1769/1750
f 1764/1777/1758 1763/1778/1759 296/313/296 297/312/295
f 1763/1778/1759 1765/1779/1760 294/309/292 296/313/296
f 1761/1776/1757 1762/1775/1756 1763/1778/1759 1764/1777/1758
f 1762/1775/1756 1758/1772/1753 1765/1779/1760 1763/1778/1759
f 1767/1780/1761 1766/1781/1762 290/307/290 291/306/289
f 1756/1771/1752 1757/1770/1751 1766/1781/1762 1767/1780/1761
f 1765/1779/1760 1767/1780/1761 291/306/289 294/309/292
f 1758/1772/1753 1756/1771/1752 1767/1780/1761 1765/1779/1760
f 1769/1782/1763 1768/1783/1764 557/574/557 558/573/556
f 1768/1783/1764 1770/1784/1765 553/568/551 557/574/557
f 1772/1785/1766 1771/1786/1767 1768/1783/1764 1769/1782/1763
f 1771/1786/1767 1773/1787/1768 1770/1784/1765 1768/1783/1764
f 1774/1788/1769 1754/1767/1748 310/325/308 551/566/549
f 1775/1789/1770 1757/1770/1751 1754/1767/1748 1774/1788/1769
f 1770/1784/1765 1774/1788/1769 551/566/549 553/568/551
f 1773/1787/1768 1775/1789/1770 1774/1788/1769 1770/1784/1765
f 1766/1781/1762 1776/1790/1771 549/564/547 290/307/290
f 1776/1790/1771 1777/1791/1772 547/562/545 549/564/547
f 1757/1770/1751 1775/1789/1770 1776/1790/1771 1766/1781/1762
f 1775/1789/1770 1773/1787/1768 1777/1791/1772 1776/1790/1771
f 1779/1792/1773 1778/1793/1774 543/560/543 544/559/542
f 1771/1786/1767 1772/1785/1766 1778/1793/1774 1779/1792/1773
f 1777/1791/1772 1779/1792/1773 544/559/542 547/562/545
f 1773/1787/1768 1771/1786/1767 1779/1792/1773 1777/1791/1772
f 1781/1794/1775 1780/1795/1776 1587/1604/1586 1588/1603/1585
f 1780/1795/1776 1782/1796/1777 1583/1598/1580 1587/1604/1586
f 1784/1797/1778 1783/1798/1779 1780/1795/1776 1781/1794/1775
f 1783/1798/1779 1785/1799/1780 1782/1796/1777 1780/1795/1776
f 1786/1800/1781 1769/1782/1763 558/573/556 1581/1596/1578
f 1787/1801/1782 1772/1785/1766 1769/1782/1763 1786/1800/1781
f 1782/1796/1777 1786/1800/1781 1581/1596/1578 1583/1598/1580
f 1785/1799/1780 1787/1801/1782 1786/1800/1781 1782/1796/1777
f 1778/1793/1774 1788/1802/1783 1579/1594/1576 543/560/543
f 1788/1802/1783 1789/1803/1784 1577/1592/1574 1579/1594/1576
f 1772/1785/1766 1787/1801/1782 1788/1802/1783 1778/1793/1774
f 1787/1801/1782 1785/1799/1780 1789/1803/1784 1788/1802/1783
f 1791/1804/1785 1790/1805/1786 1573/1590/1572 1574/1589/1571
f 1783/1798/1779 1784/1797/1778 1790/1805/1786 1791/1804/1785
f 1789/1803/1784 1791/1804/1785 1574/1589/1571 1577/1592/1574
f 1785/1799/1780 1783/1798/1779 1791/1804/1785 1789/1803/1784
f 1793/1806/1787 1792/1807/1788 1085/1098/1081 823/838/821
f 1792/1807/1788 1794/1808/1789 1082/1097/1080 1085/1098/1081
f 1796/1809/1790 1795/1810/1791 1792/1807/1788 1793/1806/1787
f 1795/1810/1791 1797/1811/1792 1794/1808/1789 1792/1807/1788
f 1799/1812/1793 1798/1813/1794 1079/1094/1077 1080/1093/1076
f 1801/1814/1795 1800/1815/1796 1798/1813/1794 1799/1812/1793
f 1794/1808/1789 1799/1812/1793 1080/1093/1076 1082/1097/1080
f 1797/1811/1792 1801/1814/1795 1799/1812/1793 1794/1808/1789
f 1803/1816/1797 1802/1817/1798 1056/1067/1050 1053/1070/1053
f 1802/1817/1798 1804/1818/1799 1060/1073/1056 1056/1067/1050
f 1800/1815/1796 1801/1814/1795 1802/1817/1798 1803/1816/1797
f 1801/1814/1795 1797/1811/1792 1804/1818/1799 1802/1817/1798
f 1806/1819/1800 1805/1820/1801 793/810/793 1067/1082/1065
f 1795/1810/1791 1796/1809/1790 1805/1820/1801 1806/1819/1800
f 1804/1818/1799 1806/1819/1800 1067/1082/1065 1060/1073/1056
f 1797/1811/1792 1795/1810/1791 1806/1819/1800 1804/1818/1799
f 1808/1821/1802 1807/1822/1803 831/842/825 828/845/828
f 1807/1822/1803 1809/1823/1804 826/841/824 831/842/825
f 1811/1824/1805 1810/1825/1806 1807/1822/1803 1808/1821/1802
f 1810/1825/1806 1812/1826/1807 1809/1823/1804 1807/1822/1803
f 1813/1827/1808 1793/1806/1787 823/838/821 824/837/820
f 1814/1828/1809 1796/1809/1790 1793/1806/1787 1813/1827/1808
f 1809/1823/1804 1813/1827/1808 824/837/820 826/841/824
f 1812/1826/1807 1814/1828/1809 1813/1827/1808 1809/1823/1804
f 1805/1820/1801 1815/1829/1810 796/807/790 793/810/793
f 1815/1829/1810 1816/1830/1811 800/813/796 796/807/790
f 1796/1809/1790 1814/1828/1809 1815/1829/1810 1805/1820/1801
f 1814/1828/1809 1812/1826/1807 1816/1830/1811 1815/1829/1810
f 1818/1831/1812 1817/1832/1813 810/825/808 811/824/807
f 1810/1825/1806 1811/1824/1805 1817/1832/1813 1818/1831/1812
f 1816/1830/1811 1818/1831/1812 811/824/807 800/813/796
f 1812/1826/1807 1810/1825/1806 1818/1831/1812 1816/1830/1811
f 1821/1833/1814 1820/1834/1815 1819/1835/1816 1358/1375/1358
f 1820/1834/1815 1823/1836/1817 1822/1837/1818 1819/1835/1816
f 1825/1838/1819 1824/1839/1820 1820/1834/1815 1821/1833/1814
f 1824/1839/1820 1826/1840/1821 1823/1836/1817 1820/1834/1815
f 1828/1841/1822 1808/1821/1802 828/845/828 1827/1842/1823
f 1829/1843/1824 1811/1824/1805 1808/1821/1802 1828/1841/1822
f 1823/1836/1817 1828/1841/1822 1827/1842/1823 1822/1837/1818
f 1826/1840/1821 1829/1843/1824 1828/1841/1822 1823/1836/1817
f 1817/1832/1813 1831/1844/1825 1830/1845/1826 810/825/808
f 1831/1844/1825 1833/1846/1827 1832/1847/1828 1830/1845/1826
f 1811/1824/1805 1829/1843/1824 1831/1844/1825 1817/1832/1813
f 1829/1843/1824 1826/1840/1821 1833/1846/1827 1831/1844/1825
f 1836/1848/1829 1835/1849/1830 1337/1352/1335 1834/1850/1831
f 1824/1839/1820 1825/1838/1819 1835/1849/1830 1836/1848/1829
f 1833/1846/1827 1836/1848/1829 1834/1850/1831 1832/1847/1828
f 1826/1840/1821 1824/1839/1820 1836/1848/1829 1833/1846/1827
f 1838/1851/1832 1837/1852/1833 361/1853/361 362/1854/360
f 1837/1852/1833 1839/1855/1834 359/1856/357 361/1853/361
f 1841/1857/1835 1840/1858/1836 1837/1852/1833 1838/1851/1832
f 1840/1858/1836 1842/1859/1837 1839/1855/1834 1837/1852/1833
f 1844/1860/1838 1843/1861/1839 355/1862/355 356/1863/354
f 1846/1864/1840 1845/1865/1841 1843/1861/1839 1844/1860/1838
f 1839/1855/1834 1844/1860/1838 356/1863/354 359/1856/357
f 1842/1859/1837 1846/1864/1840 1844/1860/1838 1839/1855/1834
f 1848/1866/1842 1847/1867/1843 374/391/374 375/390/373
f 1847/1867/1843 1849/1868/1844 369/384/367 374/391/374
f 1845/1865/1841 1846/1864/1840 1847/1867/1843 1848/1866/1842
f 1846/1864/1840 1842/1859/1837 1849/1868/1844 1847/1867/1843
f 1851/1869/1845 1850/1870/1846 365/382/365 366/381/364
f 1840/1858/1836 1841/1857/1835 1850/1870/1846 1851/1869/1845
f 1849/1868/1844 1851/1869/1845 366/381/364 369/384/367
f 1842/1859/1837 1840/1858/1836 1851/1869/1845 1849/1868/1844
f 1853/1871/1847 1852/1872/1848 1388/1873/1388 1389/1874/1387
f 1852/1872/1848 1854/1875/1849 1384/1876/1382 1388/1873/1388
f 1856/1877/1850 1855/1878/1851 1852/1872/1848 1853/1871/1847
f 1855/1878/1851 1857/1879/1852 1854/1875/1849 1852/1872/1848
f 1858/1880/1853 1838/1851/1832 362/1854/360 1382/1881/1380
f 1859/1882/1854 1841/1857/1835 1838/1851/1832 1858/1880/1853
f 1854/1875/1849 1858/1880/1853 1382/1881/1380 1384/1876/1382
f 1857/1879/1852 1859/1882/1854 1858/1880/1853 1854/1875/1849
f 1850/1870/1846 1860/1883/1855 1416/1431/1414 365/382/365
f 1860/1883/1855 1861/1884/1856 1414/1429/1412 1416/1431/1414
f 1841/1857/1835 1859/1882/1854 1860/1883/1855 1850/1870/1846
f 1859/1882/1854 1857/1879/1852 1861/1884/1856 1860/1883/1855
f 1863/1885/1857 1862/1886/1858 1410/1427/1410 1411/1426/1409
f 1855/1878/1851 1856/1877/1850 1862/1886/1858 1863/1885/1857
f 1861/1884/1856 1863/1885/1857 1411/1426/1409 1414/1429/1412
f 1857/1879/1852 1855/1878/1851 1863/1885/1857 1861/1884/1856
f 1865/1887/1859 1864/1888/1860 861/1889/855 858/1890/858
f 1864/1888/1860 1866/1891/1861 865/1892/861 861/1889/855
f 1868/1893/1862 1867/1894/1863 1864/1888/1860 1865/1887/1859
f 1867/1894/1863 1869/1895/1864 1866/1891/1861 1864/1888/1860
f 1871/1896/1865 1870/1897/1866 875/1898/873 876/1899/872
f 1873/1900/1867 1872/1901/1868 1870/1897/1866 1871/1896/1865
f 1866/1891/1861 1871/1896/1865 876/1899/872 865/1892/861
f 1869/1895/1864 1873/1900/1867 1871/1896/1865 1866/1891/1861
f 1875/1902/1869 1874/1903/1870 896/907/890 893/910/893
f 1874/1903/1870 1876/1904/1871 891/906/889 896/907/890
f 1872/1901/1868 1873/1900/1867 1874/1903/1870 1875/1902/1869
f 1873/1900/1867 1869/1895/1864 1876/1904/1871 1874/1903/1870
f 1878/1905/1872 1877/1906/1873 888/903/886 889/902/885
f 1867/1894/1863 1868/1893/1862 1877/1906/1873 1878/1905/1872
f 1876/1904/1871 1878/1905/1872 889/902/885 891/906/889
f 1869/1895/1864 1867/1894/1863 1878/1905/1872 1876/1904/1871
f 1880/1907/1874 1879/1908/1875 1108/1909/1102 1105/1910/1105
f 1879/1908/1875 1881/1911/1876 1112/1912/1108 1108/1909/1102
f 1883/1913/1877 1882/1914/1878 1879/1908/1875 1880/1907/1874
f 1882/1914/1878 1884/1915/1879 1881/1911/1876 1879/1908/1875
f 1885/1916/1880 1865/1887/1859 858/1890/858 1119/1917/1117
f 1886/1918/1881 1868/1893/1862 1865/1887/1859 1885/1916/1880
f 1881/1911/1876 1885/1916/1880 1119/1917/1117 1112/1912/1108
f 1884/1915/1879 1886/1918/1881 1885/1916/1880 1881/1911/1876
f 1877/1906/1873 1887/1919/1882 1137/1150/1133 888/903/886
f 1887/1919/1882 1888/1920/1883 1134/1149/1132 1137/1150/1133
f 1868/1893/1862 1886/1918/1881 1887/1919/1882 1877/1906/1873
f 1886/1918/1881 1884/1915/1879 1888/1920/1883 1887/1919/1882
f 1890/1921/1884 1889/1922/1885 1131/1146/1129 1132/1145/1128
f 1882/1914/1878 1883/1913/1877 1889/1922/1885 1890/1921/1884
f 1888/1920/1883 1890/1921/1884 1132/1145/1128 1134/1149/1132
f 1884/1915/1879 1882/1914/1878 1890/1921/1884 1888/1920/1883
f 1893/1923/1886 1892/1924/1887 1891/1925/1888 1625/1926/1624
f 1892/1924/1887 1895/1927/1889 1894/1928/1890 1891/1925/1888
f 1897/1929/1891 1896/1930/1892 1892/1924/1887 1893/1923/1886
f 1896/1930/1892 1898/1931/1893 1895/1927/1889 1892/1924/1887
f 1900/1932/1894 1880/1907/1874 1105/1910/1105 1899/1933/1895
f 1901/1934/1896 1883/1913/1877 1880/1907/1874 1900/1932/1894
f 1895/1927/1889 1900/1932/1894 1899/1933/1895 1894/1928/1890
f 1898/1931/1893 1901/1934/1896 1900/1932/1894 1895/1927/1889
f 1889/1922/1885 1903/1935/1897 1902/1936/1898 1131/1146/1129
f 1903/1935/1897 1905/1937/1899 1904/1938/1900 1902/1936/1898
f 1883/1913/1877 1901/1934/1896 1903/1935/1897 1889/1922/1885
f 1901/1934/1896 1898/1931/1893 1905/1937/1899 1903/1935/1897
f 1908/1939/1901 1907/1940/1902 1640/1941/1637 1906/1942/1903
f 1896/1930/1892 1897/1929/1891 1907/1940/1902 1908/1939/1901
f 1905/1937/1899 1908/1939/1901 1906/1942/1903 1904/1938/1900
f 1898/1931/1893 1896/1930/1892 1908/1939/1901 1905/1937/1899
f 1843/1861/1839 1909/1943/1904 601/1944/599 355/1862/355
f 1909/1943/1904 1910/1945/1905 599/1946/597 601/1944/599
f 1845/1865/1841 1911/1947/1906 1909/1943/1904 1843/1861/1839
f 1911/1947/1906 1912/1948/1907 1910/1945/1905 1909/1943/1904
f 1914/1949/1908 1913/1950/1909 595/1951/595 596/1952/594
f 1916/1953/1910 1915/1954/1911 1913/1950/1909 1914/1949/1908
f 1910/1945/1905 1914/1949/1908 596/1952/594 599/1946/597
f 1912/1948/1907 1916/1953/1910 1914/1949/1908 1910/1945/1905
f 1918/1955/1912 1917/1956/1913 609/626/609 610/625/608
f 1917/1956/1913 1919/1957/1914 605/620/603 609/626/609
f 1915/1954/1911 1916/1953/1910 1917/1956/1913 1918/1955/1912
f 1916/1953/1910 1912/1948/1907 1919/1957/1914 1917/1956/1913
f 1920/1958/1915 1848/1866/1842 375/390/373 603/618/601
f 1911/1947/1906 1845/1865/1841 1848/1866/1842 1920/1958/1915
f 1919/1957/1914 1920/1958/1915 603/618/601 605/620/603
f 1912/1948/1907 1911/1947/1906 1920/1958/1915 1919/1957/1914
f 1922/1959/1916 1921/1960/1917 453/464/447 450/467/450
f 1921/1960/1917 1923/1961/1918 457/470/453 453/464/447
f 1925/1962/1919 1924/1963/1920 1921/1960/1917 1922/1959/1916
f 1924/1963/1920 1926/1964/1921 1923/1961/1918 1921/1960/1917
f 1928/1965/1922 1927/1966/1923 472/487/470 473/486/469
f 1930/1967/1924 1929/1968/1925 1927/1966/1923 1928/1965/1922
f 1923/1961/1918 1928/1965/1922 473/486/469 457/470/453
f 1926/1964/1921 1930/1967/1924 1928/1965/1922 1923/1961/1918
f 1933/1969/1926 1932/1970/1927 1931/1971/1928 1450/1467/1450
f 1932/1970/1927 1935/1972/1929 1934/1973/1930 1931/1971/1928
f 1929/1968/1925 1930/1967/1924 1932/1970/1927 1933/1969/1926
f 1930/1967/1924 1926/1964/1921 1935/1972/1929 1932/1970/1927
f 1939/1974/1931 1938/1975/1932 1937/1976/1933 1936/1977/1934
f 1924/1963/1920 1925/1962/1919 1938/1975/1932 1939/1974/1931
f 1935/1972/1929 1939/1974/1931 1936/1977/1934 1934/1973/1930
f 1926/1964/1921 1924/1963/1920 1939/1974/1931 1935/1972/1929
f 1941/1978/1935 1940/1979/1936 674/685/668 671/688/671
f 1940/1979/1936 1942/1980/1937 678/691/674 674/685/668
f 1944/1981/1938 1943/1982/1939 1940/1979/1936 1941/1978/1935
f 1943/1982/1939 1945/1983/1940 1942/1980/1937 1940/1979/1936
f 1946/1984/1941 1922/1959/1916 450/467/450 689/704/687
f 1947/1985/1942 1925/1962/1919 1922/1959/1916 1946/1984/1941
f 1942/1980/1937 1946/1984/1941 689/704/687 678/691/674
f 1945/1983/1940 1947/1985/1942 1946/1984/1941 1942/1980/1937
f 1938/1975/1932 1949/1986/1943 1948/1987/1944 1937/1976/1933
f 1949/1986/1943 1951/1988/1945 1950/1989/1946 1948/1987/1944
f 1925/1962/1919 1947/1985/1942 1949/1986/1943 1938/1975/1932
f 1947/1985/1942 1945/1983/1940 1951/1988/1945 1949/1986/1943
f 1955/1990/1947 1954/1991/1948 1953/1992/1949 1952/1993/1950
f 1943/1982/1939 1944/1981/1938 1954/1991/1948 1955/1990/1947
f 1951/1988/1945 1955/1990/1947 1952/1993/1950 1950/1989/1946
f 1945/1983/1940 1943/1982/1939 1955/1990/1947 1951/1988/1945
f 1957/1994/1951 1956/1995/1952 1704/1715/1697 1701/1718/1700
f 1956/1995/1952 1958/1996/1953 1708/1721/1703 1704/1715/1697
f 1960/1997/1954 1959/1998/1955 1956/1995/1952 1957/1994/1951
f 1959/1998/1955 1961/1999/1956 1958/1996/1953 1956/1995/1952
f 1962/2000/1957 1941/1978/1935 671/688/671 1719/1734/1716
f 1963/2001/1958 1944/1981/1938 1941/1978/1935 1962/2000/1957
f 1958/1996/1953 1962/2000/1957 1719/1734/1716 1708/1721/1703
f 1961/1999/1956 1963/2001/1958 1962/2000/1957 1958/1996/1953
f 1954/1991/1948 1965/2002/1959 1964/2003/1960 1953/1992/1949
f 1965/2002/1959 1967/2004/1961 1966/2005/1962 1964/2003/1960
f 1944/1981/1938 1963/2001/1958 1965/2002/1959 1954/1991/1948
f 1963/2001/1958 1961/1999/1956 1967/2004/1961 1965/2002/1959
f 1971/2006/1963 1970/2007/1964 1969/2008/1965 1968/2009/1966
f 1959/1998/1955 1960/1997/1954 1970/2007/1964 1971/2006/1963
f 1967/2004/1961 1971/2006/1963 1968/2009/1966 1966/2005/1962
f 1961/1999/1956 1959/1998/1955 1971/2006/1963 1967/2004/1961
f 1973/2010/1967 1972/2011/1968 1211/1226/1209 983/1000/983
f 1972/2011/1968 1974/2012/1969 1209/1224/1207 1211/1226/1209
f 1976/2013/1970 1975/2014/1971 1972/2011/1968 1973/2010/1967
f 1975/2014/1971 1977/2015/1972 1974/2012/1969 1972/2011/1968
f 1979/2016/1973 1978/2017/1974 1205/1222/1205 1206/1221/1204
f 1981/2018/1975 1980/2019/1976 1978/2017/1974 1979/2016/1973
f 1974/2012/1969 1979/2016/1973 1206/1221/1204 1209/1224/1207
f 1977/2015/1972 1981/2018/1975 1979/2016/1973 1974/2012/1969
f 1983/2020/1977 1982/2021/1978 1179/1196/1179 1180/1195/1178
f 1982/2021/1978 1984/2022/1979 1175/1190/1173 1179/1196/1179
f 1980/2019/1976 1981/2018/1975 1982/2021/1978 1983/2020/1977
f 1981/2018/1975 1977/2015/1972 1984/2022/1979 1982/2021/1978
f 1986/2023/1980 1985/2024/1981 953/968/951 1173/1188/1171
f 1975/2014/1971 1976/2013/1970 1985/2024/1981 1986/2023/1980
f 1984/2022/1979 1986/2023/1980 1173/1188/1171 1175/1190/1173
f 1977/2015/1972 1975/2014/1971 1986/2023/1980 1984/2022/1979
f 1988/2025/1982 1987/2026/1983 989/1006/989 990/1005/988
f 1987/2026/1983 1989/2027/1984 987/1002/985 989/1006/989
f 1991/2028/1985 1990/2029/1986 1987/2026/1983 1988/2025/1982
f 1990/2029/1986 1992/2030/1987 1989/2027/1984 1987/2026/1983
f 1993/2031/1988 1973/2010/1967 983/1000/983 984/999/982
f 1994/2032/1989 1976/2013/1970 1973/2010/1967 1993/2031/1988
f 1989/2027/1984 1993/2031/1988 984/999/982 987/1002/985
f 1992/2030/1987 1994/2032/1989 1993/2031/1988 1989/2027/1984
f 1985/2024/1981 1995/2033/1990 952/969/952 953/968/951
f 1995/2033/1990 1996/2034/1991 947/962/945 952/969/952
f 1976/2013/1970 1994/2032/1989 1995/2033/1990 1985/2024/1981
f 1994/2032/1989 1992/2030/1987 1996/2034/1991 1995/2033/1990
f 1998/2035/1992 1997/2036/1993 943/960/943 944/959/942
f 1990/2029/1986 1991/2028/1985 1997/2036/1993 1998/2035/1992
f 1996/2034/1991 1998/2035/1992 944/959/942 947/962/945
f 1992/2030/1987 1990/2029/1986 1998/2035/1992 1996/2034/1991
f 2001/2037/1994 2000/2038/1995 1999/2039/1996 1486/1503/1486
f 2000/2038/1995 2003/2040/1997 2002/2041/1998 1999/2039/1996
f 2005/2042/1999 2004/2043/2000 2000/2038/1995 2001/2037/1994
f 2004/2043/2000 2006/2044/2001 2003/2040/1997 2000/2038/1995
f 2008/2045/2002 1988/2025/1982 990/1005/988 2007/2046/2003
f 2009/2047/2004 1991/2028/1985 1988/2025/1982 2008/2045/2002
f 2003/2040/1997 2008/2045/2002 2007/2046/2003 2002/2041/1998
f 2006/2044/2001 2009/2047/2004 2008/2045/2002 2003/2040/1997
f 1997/2036/1993 2011/2048/2005 2010/2049/2006 943/960/943
f 2011/2048/2005 2013/2050/2007 2012/2051/2008 2010/2049/2006
f 1991/2028/1985 2009/2047/2004 2011/2048/2005 1997/2036/1993
f 2009/2047/2004 2006/2044/2001 2013/2050/2007 2011/2048/2005
f 2016/2052/2009 2015/2053/2010 1460/1475/1458 2014/2054/2011
f 2004/2043/2000 2005/2042/1999 2015/2053/2010 2016/2052/2009
f 2013/2050/2007 2016/2052/2009 2014/2054/2011 2012/2051/2008
f 2006/2044/2001 2004/2043/2000 2016/2052/2009 2013/2050/2007
f 2018/2055/2012 2017/2056/2013 264/281/264 265/280/263
f 2017/2056/2013 2019/2057/2014 259/274/257 264/281/264
f 2021/2058/2015 2020/2059/2016 2017/2056/2013 2018/2055/2012
f 2020/2059/2016 2022/2060/2017 2019/2057/2014 2017/2056/2013
f 2024/2061/2018 2023/2062/2019 255/272/255 256/271/254
f 2026/2063/2020 2025/2064/2021 2023/2062/2019 2024/2061/2018
f 2019/2057/2014 2024/2061/2018 256/271/254 259/274/257
f 2022/2060/2017 2026/2063/2020 2024/2061/2018 2019/2057/2014
f 2030/2065/2022 2029/2066/2023 2028/2067/2024 2027/2068/2025
f 2029/2066/2023 2032/2069/2026 2031/2070/2027 2028/2067/2024
f 2025/2064/2021 2026/2063/2020 2029/2066/2023 2030/2065/2022
f 2026/2063/2020 2022/2060/2017 2032/2069/2026 2029/2066/2023
f 2036/2071/2028 2035/2072/2029 2034/2073/2030 2033/2074/2031
f 2020/2059/2016 2021/2058/2015 2035/2072/2029 2036/2071/2028
f 2032/2069/2026 2036/2071/2028 2033/2074/2031 2031/2070/2027
f 2022/2060/2017 2020/2059/2016 2036/2071/2028 2032/2069/2026
f 2038/2075/2032 2037/2076/2033 524/541/524 525/540/523
f 2037/2076/2033 2039/2077/2034 519/534/517 524/541/524
f 2041/2078/2035 2040/2079/2036 2037/2076/2033 2038/2075/2032
f 2040/2079/2036 2042/2080/2037 2039/2077/2034 2037/2076/2033
f 2043/2081/2038 1528/1540/1522 515/532/515 516/531/514
f 2044/2082/2039 1532/1545/1527 1528/1540/1522 2043/2081/2038
f 2039/2077/2034 2043/2081/2038 516/531/514 519/534/517
f 2042/2080/2037 2044/2082/2039 2043/2081/2038 2039/2077/2034
f 1548/1561/1543 2045/2083/2040 1551/1564/1546 1547/1562/1544
f 2045/2083/2040 2046/2084/2041 1554/1567/1549 1551/1564/1546
f 1532/1545/1527 2044/2082/2039 2045/2083/2040 1548/1561/1543
f 2044/2082/2039 2042/2080/2037 2046/2084/2041 2045/2083/2040
f 2048/2085/2042 2047/2086/2043 1285/1302/1285 1563/1578/1560
f 2040/2079/2036 2041/2078/2035 2047/2086/2043 2048/2085/2042
f 2046/2084/2041 2048/2085/2042 1563/1578/1560 1554/1567/1549
f 2042/2080/2037 2040/2079/2036 2048/2085/2042 2046/2084/2041
f 759/772/755 2050/2087/2044 2049/2088/2045 758/773/756
f 2050/2087/2044 2052/2089/2046 2051/2090/2047 2049/2088/2045
f 761/776/759 2053/2091/2048 2050/2087/2044 759/772/755
f 2053/2091/2048 2054/2092/2049 2052/2089/2046 2050/2087/2044
f 2056/2093/2050 771/782/765 768/785/768 2055/2094/2051
f 2057/2095/2052 775/788/771 771/782/765 2056/2093/2050
f 2052/2089/2046 2056/2093/2050 2055/2094/2051 2051/2090/2047
f 2054/2092/2049 2057/2095/2052 2056/2093/2050 2052/2089/2046
f 791/804/787 2059/2096/2053 2058/2097/2054 790/805/788
f 2059/2096/2053 2061/2098/2055 2060/2099/2056 2058/2097/2054
f 775/788/771 2057/2095/2052 2059/2096/2053 791/804/787
f 2057/2095/2052 2054/2092/2049 2061/2098/2055 2059/2096/2053
f 2063/2100/2057 764/777/760 745/760/743 2062/2101/2058
f 2053/2091/2048 761/776/759 764/777/760 2063/2100/2057
f 2061/2098/2055 2063/2100/2057 2062/2101/2058 2060/2099/2056
f 2054/2092/2049 2053/2091/2048 2063/2100/2057 2061/2098/2055
f 746/759/742 2064/2102/2059 2062/2101/2058 745/760/743
f 2064/2102/2059 2065/2103/2060 2060/2099/2056 2062/2101/2058
f 730/743/726 2066/2104/2061 2064/2102/2059 746/759/742
f 2066/2104/2061 2067/2105/2062 2065/2103/2060 2064/2102/2059
f 2068/2106/2063 1034/1047/1030 790/805/788 2058/2097/2054
f 2069/2107/2064 1037/1050/1033 1034/1047/1030 2068/2106/2063
f 2065/2103/2060 2068/2106/2063 2058/2097/2054 2060/2099/2056
f 2067/2105/2062 2069/2107/2064 2068/2106/2063 2065/2103/2060
f 1051/1064/1047 2071/2108/2065 2070/2109/2066 1050/1065/1048
f 2071/2108/2065 2073/2110/2067 2072/2111/2068 2070/2109/2066
f 1037/1050/1033 2069/2107/2064 2071/2108/2065 1051/1064/1047
f 2069/2107/2064 2067/2105/2062 2073/2110/2067 2071/2108/2065
f 2075/2112/2069 726/737/720 723/740/723 2074/2113/2070
f 2066/2104/2061 730/743/726 726/737/720 2075/2112/2069
f 2073/2110/2067 2075/2112/2069 2074/2113/2070 2072/2111/2068
f 2067/2105/2062 2066/2104/2061 2075/2112/2069 2073/2110/2067
f 2077/2114/2071 2076/2115/2072 1306/1323/1306 1307/1322/1305
f 2076/2115/2072 2078/2116/2073 1304/1319/1302 1306/1323/1306
f 2080/2117/2074 2079/2118/2075 2076/2115/2072 2077/2114/2071
f 2079/2118/2075 2081/2119/2076 2078/2116/2073 2076/2115/2072
f 2083/2120/2077 2082/2121/2078 1300/1317/1300 1301/1316/1299
f 2085/2122/2079 2084/2123/2080 2082/2121/2078 2083/2120/2077
f 2078/2116/2073 2083/2120/2077 1301/1316/1299 1304/1319/1302
f 2081/2119/2076 2085/2122/2079 2083/2120/2077 2078/2116/2073
f 2087/2124/2081 2086/2125/2082 1319/1336/1319 1320/1335/1318
f 2086/2125/2082 2088/2126/2083 1314/1329/1312 1319/1336/1319
f 2084/2123/2080 2085/2122/2079 2086/2125/2082 2087/2124/2081
f 2085/2122/2079 2081/2119/2076 2088/2126/2083 2086/2125/2082
f 2090/2127/2084 2089/2128/2085 1310/1327/1310 1311/1326/1309
f 2079/2118/2075 2080/2117/2074 2089/2128/2085 2090/2127/2084
f 2088/2126/2083 2090/2127/2084 1311/1326/1309 1314/1329/1312
f 2081/2119/2076 2079/2118/2075 2090/2127/2084 2088/2126/2083
f 533/548/531 2091/2129/2086 1261/1274/1257 225/242/225
f 2091/2129/2086 2092/2130/2087 1258/1273/1256 1261/1274/1257
f 522/535/518 2093/2131/2088 2091/2129/2086 533/548/531
f 2093/2131/2088 2094/2132/2089 2092/2130/2087 2091/2129/2086
f 2096/2133/2090 2095/2134/2091 1255/1270/1253 1256/1269/1252
f 2098/2135/2092 2097/2136/2093 2095/2134/2091 2096/2133/2090
f 2092/2130/2087 2096/2133/2090 1256/1269/1252 1258/1273/1256
f 2094/2132/2089 2098/2135/2092 2096/2133/2090 2092/2130/2087
f 2100/2137/2094 2099/2138/2095 1534/1551/1533 1535/1550/1532
f 2099/2138/2095 2101/2139/2096 1529/1544/1526 1534/1551/1533
f 2097/2136/2093 2098/2135/2092 2099/2138/2095 2100/2137/2094
f 2098/2135/2092 2094/2132/2089 2101/2139/2096 2099/2138/2095
f 2102/2140/2097 518/529/512 515/532/515 1526/1542/1524
f 2093/2131/2088 522/535/518 518/529/512 2102/2140/2097
f 2101/2139/2096 2102/2140/2097 1526/1542/1524 1529/1544/1526
f 2094/2132/2089 2093/2131/2088 2102/2140/2097 2101/2139/2096
f 1246/1261/1244 2104/2141/2098 2103/2142/2099 1245/1262/1245
f 2104/2141/2098 2106/2143/2100 2105/2144/2101 2103/2142/2099
f 1249/1264/1247 2107/2145/2102 2104/2141/2098 1246/1261/1244
f 2107/2145/2102 2108/2146/2103 2106/2143/2100 2104/2141/2098
f 2110/2147/2104 732/749/732 733/748/731 2109/2148/2105
f 2111/2149/2106 727/742/725 732/749/732 2110/2147/2104
f 2106/2143/2100 2110/2147/2104 2109/2148/2105 2105/2144/2101
f 2108/2146/2103 2111/2149/2106 2110/2147/2104 2106/2143/2100
f 724/739/722 2113/2150/2107 2112/2151/2108 723/740/723
f 2113/2150/2107 2115/2152/2109 2114/2153/2110 2112/2151/2108
f 727/742/725 2111/2149/2106 2113/2150/2107 724/739/722
f 2111/2149/2106 2108/2146/2103 2115/2152/2109 2113/2150/2107
f 2117/2154/2111 1254/1271/1254 1255/1270/1253 2116/2155/2112
f 2107/2145/2102 1249/1264/1247 1254/1271/1254 2117/2154/2111
f 2115/2152/2109 2117/2154/2111 2116/2155/2112 2114/2153/2110
f 2108/2146/2103 2107/2145/2102 2117/2154/2111 2115/2152/2109
f 1266/2156/1264 2119/2157/2113 2118/2158/2114 1265/2159/1265
f 2119/2157/2113 2121/2160/2115 2120/2161/2116 2118/2158/2114
f 1269/2162/1267 2122/2163/2117 2119/2157/2113 1266/2156/1264
f 2122/2163/2117 2123/2164/2118 2121/2160/2115 2119/2157/2113
f 2125/2165/2119 757/774/757 758/773/756 2124/2166/2120
f 2126/2167/2121 752/767/750 757/774/757 2125/2165/2119
f 2121/2160/2115 2125/2165/2119 2124/2166/2120 2120/2161/2116
f 2123/2164/2118 2126/2167/2121 2125/2165/2119 2121/2160/2115
f 749/764/747 2128/2168/2122 2127/2169/2123 748/765/748
f 2128/2168/2122 2130/2170/2124 2129/2171/2125 2127/2169/2123
f 752/767/750 2126/2167/2121 2128/2168/2122 749/764/747
f 2126/2167/2121 2123/2164/2118 2130/2170/2124 2128/2168/2122
f 2132/2172/2126 1274/2173/1274 1275/2174/1273 2131/2175/2127
f 2122/2163/2117 1269/2162/1267 1274/2173/1274 2132/2172/2126
f 2130/2170/2124 2132/2172/2126 2131/2175/2127 2129/2171/2125
f 2123/2164/2118 2122/2163/2117 2132/2172/2126 2130/2170/2124
f 2134/2176/2128 2133/2177/2129 786/797/780 783/800/783
f 2133/2177/2129 2135/2178/2130 781/796/779 786/797/780
f 2137/2179/2131 2136/2180/2132 2133/2177/2129 2134/2176/2128
f 2136/2180/2132 2138/2181/2133 2135/2178/2130 2133/2177/2129
f 2140/2182/2134 2139/2183/2135 778/793/776 779/792/775
f 2142/2184/2136 2141/2185/2137 2139/2183/2135 2140/2182/2134
f 2135/2178/2130 2140/2182/2134 779/792/775 781/796/779
f 2138/2181/2133 2142/2184/2136 2140/2182/2134 2135/2178/2130
f 2144/2186/2138 2143/2187/2139 1303/2188/1297 1300/2189/1300
f 2143/2187/2139 2145/2190/2140 1298/2191/1296 1303/2188/1297
f 2141/2185/2137 2142/2184/2136 2143/2187/2139 2144/2186/2138
f 2142/2184/2136 2138/2181/2133 2145/2190/2140 2143/2187/2139
f 2147/2192/2141 2146/2193/2142 1295/1310/1293 1296/2194/1292
f 2136/2180/2132 2137/2179/2131 2146/2193/2142 2147/2192/2141
f 2145/2190/2140 2147/2192/2141 1296/2194/1292 1298/2191/1296
f 2138/2181/2133 2136/2180/2132 2147/2192/2141 2145/2190/2140
f 1321/2195/1317 2149/2196/2143 2148/2197/2144 1320/2198/1318
f 2149/2196/2143 2151/2199/2145 2150/2200/2146 2148/2197/2144
f 1323/2201/1321 2152/2202/2147 2149/2196/2143 1321/2195/1317
f 2152/2202/2147 2153/2203/2148 2151/2199/2145 2149/2196/2143
f 2155/2204/2149 2055/2094/2051 768/785/768 2154/2205/2150
f 2156/2206/2151 2051/2090/2047 2055/2094/2051 2155/2204/2149
f 2151/2199/2145 2155/2204/2149 2154/2205/2150 2150/2200/2146
f 2153/2203/2148 2156/2206/2151 2155/2204/2149 2151/2199/2145
f 2049/2088/2045 2157/2207/2152 2124/2166/2120 758/773/756
f 2157/2207/2152 2158/2208/2153 2120/2161/2116 2124/2166/2120
f 2051/2090/2047 2156/2206/2151 2157/2207/2152 2049/2088/2045
f 2156/2206/2151 2153/2203/2148 2158/2208/2153 2157/2207/2152
f 2159/2209/2154 1326/2210/1322 1265/2159/1265 2118/2158/2114
f 2152/2202/2147 1323/2201/1321 1326/2210/1322 2159/2209/2154
f 2158/2208/2153 2159/2209/2154 2118/2158/2114 2120/2161/2116
f 2153/2203/2148 2152/2202/2147 2159/2209/2154 2158/2208/2153
f 1338/1351/1334 2160/2211/2155 1834/1850/1831 1337/1352/1335
f 2160/2211/2155 2161/2212/2156 1832/1847/1828 1834/1850/1831
f 1340/1355/1338 2162/2213/2157 2160/2211/2155 1338/1351/1334
f 2162/2213/2157 2163/2214/2158 2161/2212/2156 2160/2211/2155
f 2164/2215/2159 809/826/809 810/825/808 1830/1845/1826
f 2165/2216/2160 807/822/805 809/826/809 2164/2215/2159
f 2161/2212/2156 2164/2215/2159 1830/1845/1826 1832/1847/1828
f 2163/2214/2158 2165/2216/2160 2164/2215/2159 2161/2212/2156
f 805/820/803 2166/2217/2161 2109/2148/2105 733/748/731
f 2166/2217/2161 2167/2218/2162 2105/2144/2101 2109/2148/2105
f 807/822/805 2165/2216/2160 2166/2217/2161 805/820/803
f 2165/2216/2160 2163/2214/2158 2167/2218/2162 2166/2217/2161
f 2168/2219/2163 1343/1356/1339 1245/1262/1245 2103/2142/2099
f 2162/2213/2157 1340/1355/1338 1343/1356/1339 2168/2219/2163
f 2167/2218/2162 2168/2219/2163 2103/2142/2099 2105/2144/2101
f 2163/2214/2158 2162/2213/2157 2168/2219/2163 2167/2218/2162
f 1354/1367/1350 2170/2220/2164 2169/2221/2165 1353/1368/1351
f 2170/2220/2164 2172/2222/2166 2171/2223/2167 2169/2221/2165
f 1356/1371/1354 2173/2224/2168 2170/2220/2164 1354/1367/1350
f 2173/2224/2168 2174/2225/2169 2172/2222/2166 2170/2220/2164
f 2176/2226/2170 834/851/834 835/850/833 2175/2227/2171
f 2177/2228/2172 832/847/830 834/851/834 2176/2226/2170
f 2172/2222/2166 2176/2226/2170 2175/2227/2171 2171/2223/2167
f 2174/2225/2169 2177/2228/2172 2176/2226/2170 2172/2222/2166
f 829/844/827 2178/2229/2173 1827/1842/1823 828/845/828
f 2178/2229/2173 2179/2230/2174 1822/1837/1818 1827/1842/1823
f 832/847/830 2177/2228/2172 2178/2229/2173 829/844/827
f 2177/2228/2172 2174/2225/2169 2179/2230/2174 2178/2229/2173
f 2180/2231/2175 1361/1372/1355 1358/1375/1358 1819/1835/1816
f 2173/2224/2168 1356/1371/1354 1361/1372/1355 2180/2231/2175
f 2179/2230/2174 2180/2231/2175 1819/1835/1816 1822/1837/1818
f 2174/2225/2169 2173/2224/2168 2180/2231/2175 2179/2230/2174
f 1374/1387/1370 2182/2232/2176 2181/2233/2177 1373/1388/1371
f 2182/2232/2176 2184/2234/2178 2183/2235/2179 2181/2233/2177
f 1376/1391/1374 2185/2236/2180 2182/2232/2176 1374/1387/1370
f 2185/2236/2180 2186/2237/2181 2184/2234/2178 2182/2232/2176
f 2188/2238/2182 854/871/854 855/870/853 2187/2239/2183
f 2189/2240/2184 852/867/850 854/871/854 2188/2238/2182
f 2184/2234/2178 2188/2238/2182 2187/2239/2183 2183/2235/2179
f 2186/2237/2181 2189/2240/2184 2188/2238/2182 2184/2234/2178
f 850/865/848 2190/2241/2185 2175/2227/2171 835/850/833
f 2190/2241/2185 2191/2242/2186 2171/2223/2167 2175/2227/2171
f 852/867/850 2189/2240/2184 2190/2241/2185 850/865/848
f 2189/2240/2184 2186/2237/2181 2191/2242/2186 2190/2241/2185
f 2192/2243/2187 1379/1392/1375 1353/1368/1351 2169/2221/2165
f 2185/2236/2180 1376/1391/1374 1379/1392/1375 2192/2243/2187
f 2191/2242/2186 2192/2243/2187 2169/2221/2165 2171/2223/2167
f 2186/2237/2181 2185/2236/2180 2192/2243/2187 2191/2242/2186
f 1390/1403/1386 2194/2244/2188 2193/2245/2189 1389/1404/1387
f 2194/2244/2188 2196/2246/2190 2195/2247/2191 2193/2245/2189
f 1392/1407/1390 2197/2248/2192 2194/2244/2188 1390/1403/1386
f 2197/2248/2192 2198/2249/2193 2196/2246/2190 2194/2244/2188
f 2200/2250/2194 874/891/874 875/890/873 2199/2251/2195
f 2201/2252/2196 872/887/870 874/891/874 2200/2250/2194
f 2196/2246/2190 2200/2250/2194 2199/2251/2195 2195/2247/2191
f 2198/2249/2193 2201/2252/2196 2200/2250/2194 2196/2246/2190
f 870/885/868 2202/2253/2197 2187/2239/2183 855/870/853
f 2202/2253/2197 2203/2254/2198 2183/2235/2179 2187/2239/2183
f 872/887/870 2201/2252/2196 2202/2253/2197 870/885/868
f 2201/2252/2196 2198/2249/2193 2203/2254/2198 2202/2253/2197
f 2204/2255/2199 1395/1408/1391 1373/1388/1371 2181/2233/2177
f 2197/2248/2192 1392/1407/1390 1395/1408/1391 2204/2255/2199
f 2203/2254/2198 2204/2255/2199 2181/2233/2177 2183/2235/2179
f 2198/2249/2193 2197/2248/2192 2204/2255/2199 2203/2254/2198
f 1406/1419/1402 2206/2256/2200 2205/2257/2201 1405/1420/1403
f 2206/2256/2200 2208/2258/2202 2207/2259/2203 2205/2257/2201
f 1408/1423/1406 2209/2260/2204 2206/2256/2200 1406/1419/1402
f 2209/2260/2204 2210/2261/2205 2208/2258/2202 2206/2256/2200
f 2212/2262/2206 899/916/899 900/915/898 2211/2263/2207
f 2213/2264/2208 897/912/895 899/916/899 2212/2262/2206
f 2208/2258/2202 2212/2262/2206 2211/2263/2207 2207/2259/2203
f 2210/2261/2205 2213/2264/2208 2212/2262/2206 2208/2258/2202
f 894/909/892 2215/2265/2209 2214/2266/2210 893/910/893
f 2215/2265/2209 2217/2267/2211 2216/2268/2212 2214/2266/2210
f 897/912/895 2213/2264/2208 2215/2265/2209 894/909/892
f 2213/2264/2208 2210/2261/2205 2217/2267/2211 2215/2265/2209
f 2219/2269/2213 1413/1424/1407 1410/1427/1410 2218/2270/2214
f 2209/2260/2204 1408/1423/1406 1413/1424/1407 2219/2269/2213
f 2217/2267/2211 2219/2269/2213 2218/2270/2214 2216/2268/2212
f 2210/2261/2205 2209/2260/2204 2219/2269/2213 2217/2267/2211
f 1426/1439/1422 2221/2271/2215 2220/2272/2216 1425/1440/1423
f 2221/2271/2215 2223/2273/2217 2222/2274/2218 2220/2272/2216
f 1428/1443/1426 2224/2275/2219 2221/2271/2215 1426/1439/1422
f 2224/2275/2219 2225/2276/2220 2223/2273/2217 2221/2271/2215
f 2227/2277/2221 906/917/900 903/920/903 2226/2278/2222
f 2228/2279/2223 910/923/906 906/917/900 2227/2277/2221
f 2223/2273/2217 2227/2277/2221 2226/2278/2222 2222/2274/2218
f 2225/2276/2220 2228/2279/2223 2227/2277/2221 2223/2273/2217
f 921/936/919 2229/2280/2224 2211/2263/2207 900/915/898
f 2229/2280/2224 2230/2281/2225 2207/2259/2203 2211/2263/2207
f 910/923/906 2228/2279/2223 2229/2280/2224 921/936/919
f 2228/2279/2223 2225/2276/2220 2230/2281/2225 2229/2280/2224
f 2231/2282/2226 1431/1444/1427 1405/1420/1403 2205/2257/2201
f 2224/2275/2219 1428/1443/1426 1431/1444/1427 2231/2282/2226
f 2230/2281/2225 2231/2282/2226 2205/2257/2201 2207/2259/2203
f 2225/2276/2220 2224/2275/2219 2231/2282/2226 2230/2281/2225
f 1442/1455/1438 2233/2283/2227 2232/2284/2228 1441/1456/1439
f 2233/2283/2227 2235/2285/2229 2234/2286/2230 2232/2284/2228
f 1444/1459/1442 2236/2287/2231 2233/2283/2227 1442/1455/1438
f 2236/2287/2231 2237/2288/2232 2235/2285/2229 2233/2283/2227
f 2239/2289/2233 926/937/920 923/940/923 2238/2290/2234
f 2240/2291/2235 930/943/926 926/937/920 2239/2289/2233
f 2235/2285/2229 2239/2289/2233 2238/2290/2234 2234/2286/2230
f 2237/2288/2232 2240/2291/2235 2239/2289/2233 2235/2285/2229
f 941/956/939 2241/2292/2236 2226/2278/2222 903/920/903
f 2241/2292/2236 2242/2293/2237 2222/2274/2218 2226/2278/2222
f 930/943/926 2240/2291/2235 2241/2292/2236 941/956/939
f 2240/2291/2235 2237/2288/2232 2242/2293/2237 2241/2292/2236
f 2243/2294/2238 1447/1460/1443 1425/1440/1423 2220/2272/2216
f 2236/2287/2231 1444/1459/1442 1447/1460/1443 2243/2294/2238
f 2242/2293/2237 2243/2294/2238 2220/2272/2216 2222/2274/2218
f 2237/2288/2232 2236/2287/2231 2243/2294/2238 2242/2293/2237
f 1461/1474/1457 2244/2295/2239 2014/2054/2011 1460/1475/1458
f 2244/2295/2239 2245/2296/2240 2012/2051/2008 2014/2054/2011
f 1463/1478/1461 2246/2297/2241 2244/2295/2239 1461/1474/1457
f 2246/2297/2241 2247/2298/2242 2245/2296/2240 2244/2295/2239
f 2248/2299/2243 946/957/940 943/960/943 2010/2049/2006
f 2249/2300/2244 950/963/946 946/957/940 2248/2299/2243
f 2245/2296/2240 2248/2299/2243 2010/2049/2006 2012/2051/2008
f 2247/2298/2242 2249/2300/2244 2248/2299/2243 2245/2296/2240
f 966/979/962 2251/2301/2245 2250/2302/2246 965/980/963
f 2251/2301/2245 2253/2303/2247 2252/2304/2248 2250/2302/2246
f 950/963/946 2249/2300/2244 2251/2301/2245 966/979/962
f 2249/2300/2244 2247/2298/2242 2253/2303/2247 2251/2301/2245
f 2255/2305/2249 1468/1479/1462 1465/1482/1465 2254/2306/2250
f 2246/2297/2241 1463/1478/1461 1468/1479/1462 2255/2305/2249
f 2253/2303/2247 2255/2305/2249 2254/2306/2250 2252/2304/2248
f 2247/2298/2242 2246/2297/2241 2255/2305/2249 2253/2303/2247
f 1482/1495/1478 2257/2307/2251 2256/2308/2252 1481/1496/1479
f 2257/2307/2251 2259/2309/2253 2258/2310/2254 2256/2308/2252
f 1484/1499/1482 2260/2311/2255 2257/2307/2251 1482/1495/1478
f 2260/2311/2255 2261/2312/2256 2259/2309/2253 2257/2307/2251
f 2263/2313/2257 971/982/965 968/985/968 2262/2314/2258
f 2264/2315/2259 975/988/971 971/982/965 2263/2313/2257
f 2259/2309/2253 2263/2313/2257 2262/2314/2258 2258/2310/2254
f 2261/2312/2256 2264/2315/2259 2263/2313/2257 2259/2309/2253
f 991/1004/987 2265/2316/2260 2007/2046/2003 990/1005/988
f 2265/2316/2260 2266/2317/2261 2002/2041/1998 2007/2046/2003
f 975/988/971 2264/2315/2259 2265/2316/2260 991/1004/987
f 2264/2315/2259 2261/2312/2256 2266/2317/2261 2265/2316/2260
f 2267/2318/2262 1489/1500/1483 1486/1503/1486 1999/2039/1996
f 2260/2311/2255 1484/1499/1482 1489/1500/1483 2267/2318/2262
f 2266/2317/2261 2267/2318/2262 1999/2039/1996 2002/2041/1998
f 2261/2312/2256 2260/2311/2255 2267/2318/2262 2266/2317/2261
f 1502/1515/1498 2269/2319/2263 2268/2320/2264 1501/1516/1499
f 2269/2319/2263 2271/2321/2265 2270/2322/2266 2268/2320/2264
f 1504/1519/1502 2272/2323/2267 2269/2319/2263 1502/1515/1498
f 2272/2323/2267 2273/2324/2268 2271/2321/2265 2269/2319/2263
f 2275/2325/2269 996/1007/990 993/1010/993 2274/2326/2270
f 2276/2327/2271 1000/1013/996 996/1007/990 2275/2325/2269
f 2271/2321/2265 2275/2325/2269 2274/2326/2270 2270/2322/2266
f 2273/2324/2268 2276/2327/2271 2275/2325/2269 2271/2321/2265
f 1011/1026/1009 2277/2328/2272 2262/2314/2258 968/985/968
f 2277/2328/2272 2278/2329/2273 2258/2310/2254 2262/2314/2258
f 1000/1013/996 2276/2327/2271 2277/2328/2272 1011/1026/1009
f 2276/2327/2271 2273/2324/2268 2278/2329/2273 2277/2328/2272
f 2279/2330/2274 1507/1520/1503 1481/1496/1479 2256/2308/2252
f 2272/2323/2267 1504/1519/1502 1507/1520/1503 2279/2330/2274
f 2278/2329/2273 2279/2330/2274 2256/2308/2252 2258/2310/2254
f 2273/2324/2268 2272/2323/2267 2279/2330/2274 2278/2329/2273
f 1518/1531/1514 2281/2331/2275 2280/2332/2276 1517/1532/19
f 2281/2331/2275 2283/2333/2277 2282/2334/2278 2280/2332/2276
f 1520/1535/1517 2284/2335/2279 2281/2331/2275 1518/1531/1514
f 2284/2335/2279 2285/2336/2280 2283/2333/2277 2281/2331/2275
f 2287/2337/2281 1016/1027/1010 1013/1030/1013 2286/2338/2282
f 2288/2339/2283 1020/1033/1016 1016/1027/1010 2287/2337/2281
f 2283/2333/2277 2287/2337/2281 2286/2338/2282 2282/2334/2278
f 2285/2336/2280 2288/2339/2283 2287/2337/2281 2283/2333/2277
f 1031/1046/1029 2289/2340/2284 2274/2326/2270 993/1010/993
f 2289/2340/2284 2290/2341/2285 2270/2322/2266 2274/2326/2270
f 1020/1033/1016 2288/2339/2283 2289/2340/2284 1031/1046/1029
f 2288/2339/2283 2285/2336/2280 2290/2341/2285 2289/2340/2284
f 2291/2342/2286 1523/1536/1518 1501/1516/1499 2268/2320/2264
f 2284/2335/2279 1520/1535/1517 1523/1536/1518 2291/2342/2286
f 2290/2341/2285 2291/2342/2286 2268/2320/2264 2270/2322/2266
f 2285/2336/2280 2284/2335/2279 2291/2342/2286 2290/2341/2285
f 1536/1549/1531 2293/2343/2287 2292/2344/2288 1535/1550/1532
f 2293/2343/2287 2295/2345/2289 2294/2346/2290 2292/2344/2288
f 1538/1553/1535 2296/2347/2291 2293/2343/2287 1536/1549/1531
f 2296/2347/2291 2297/2348/2292 2295/2345/2289 2293/2343/2287
f 2299/2349/2293 1049/1066/1049 1050/1065/1048 2298/2350/2294
f 2300/2351/2295 1047/1062/1045 1049/1066/1049 2299/2349/2293
f 2295/2345/2289 2299/2349/2293 2298/2350/2294 2294/2346/2290
f 2297/2348/2292 2300/2351/2295 2299/2349/2293 2295/2345/2289
f 1044/1059/1042 2302/2352/2296 2301/2353/2297 1043/1060/1043
f 2302/2352/2296 2304/2354/2298 2303/2355/2299 2301/2353/2297
f 1047/1062/1045 2300/2351/2295 2302/2352/2296 1044/1059/1042
f 2300/2351/2295 2297/2348/2292 2304/2354/2298 2302/2352/2296
f 2306/2356/2300 1543/1554/1536 1540/1557/1539 2305/2357/2301
f 2296/2347/2291 1538/1553/1535 1543/1554/1536 2306/2356/2300
f 2304/2354/2298 2306/2356/2300 2305/2357/2301 2303/2355/2299
f 2297/2348/2292 2296/2347/2291 2306/2356/2300 2304/2354/2298
f 1556/1571/1553 2307/2358/2302 2305/2357/2301 1540/1557/1539
f 2307/2358/2302 2308/2359/2303 2303/2355/2299 2305/2357/2301
f 1558/1573/1555 2309/2360/2304 2307/2358/2302 1556/1571/1553
f 2309/2360/2304 2310/2361/2305 2308/2359/2303 2307/2358/2302
f 2311/2362/2306 1046/1057/1040 1043/1060/1043 2301/2353/2297
f 2312/2363/2307 1041/1056/1039 1046/1057/1040 2311/2362/2306
f 2308/2359/2303 2311/2362/2306 2301/2353/2297 2303/2355/2299
f 2310/2361/2305 2312/2363/2307 2311/2362/2306 2308/2359/2303
f 1039/1054/1037 2313/2364/2308 2134/2176/2128 783/800/783
f 2313/2364/2308 2314/2365/2309 2137/2179/2131 2134/2176/2128
f 1041/1056/1039 2312/2363/2307 2313/2364/2308 1039/1054/1037
f 2312/2363/2307 2310/2361/2305 2314/2365/2309 2313/2364/2308
f 2315/2366/2310 1561/1574/1556 1295/1310/1293 2146/2193/2142
f 2309/2360/2304 1558/1573/1555 1561/1574/1556 2315/2366/2310
f 2314/2365/2309 2315/2366/2310 2146/2193/2142 2137/2179/2131
f 2310/2361/2305 2309/2360/2304 2315/2366/2310 2314/2365/2309
f 1569/2367/1566 2316/2368/2311 2131/2175/2127 1275/2174/1273
f 2316/2368/2311 2317/2369/2312 2129/2171/2125 2131/2175/2127
f 1571/2370/1568 2318/2371/2313 2316/2368/2311 1569/2367/1566
f 2318/2371/2313 2319/2372/2314 2317/2369/2312 2316/2368/2311
f 2320/2373/2315 1062/1077/1060 748/765/748 2127/2169/2123
f 2321/2374/2316 1057/1072/1055 1062/1077/1060 2320/2373/2315
f 2317/2369/2312 2320/2373/2315 2127/2169/2123 2129/2171/2125
f 2319/2372/2314 2321/2374/2316 2320/2373/2315 2317/2369/2312
f 1054/1069/1052 2323/2375/2317 2322/2376/2318 1053/1070/1053
f 2323/2375/2317 2325/2377/2319 2324/2378/2320 2322/2376/2318
f 1057/1072/1055 2321/2374/2316 2323/2375/2317 1054/1069/1052
f 2321/2374/2316 2319/2372/2314 2325/2377/2319 2323/2375/2317
f 2327/2379/2321 1576/2380/1569 1573/2381/1572 2326/2382/2322
f 2318/2371/2313 1571/2370/1568 1576/2380/1569 2327/2379/2321
f 2325/2377/2319 2327/2379/2321 2326/2382/2322 2324/2378/2320
f 2319/2372/2314 2318/2371/2313 2327/2379/2321 2325/2377/2319
f 1589/2383/1584 2329/2384/2323 2328/2385/2324 1588/2386/1585
f 2329/2384/2323 2331/2387/2325 2330/2388/2326 2328/2385/2324
f 1591/2389/1588 2332/2390/2327 2329/2384/2323 1589/2383/1584
f 2332/2390/2327 2333/2391/2328 2331/2387/2325 2329/2384/2323
f 2335/2392/2329 1078/1095/1078 1079/1094/1077 2334/2393/2330
f 2336/2394/2331 1073/1088/1071 1078/1095/1078 2335/2392/2329
f 2331/2387/2325 2335/2392/2329 2334/2393/2330 2330/2388/2326
f 2333/2391/2328 2336/2394/2331 2335/2392/2329 2331/2387/2325
f 1070/1085/1068 2338/2395/2332 2337/2396/2333 1069/1086/1069
f 2338/2395/2332 2340/2397/2334 2339/2398/2335 2337/2396/2333
f 1073/1088/1071 2336/2394/2331 2338/2395/2332 1070/1085/1068
f 2336/2394/2331 2333/2391/2328 2340/2397/2334 2338/2395/2332
f 2342/2399/2336 1596/2400/1589 1593/2401/1592 2341/2402/2337
f 2332/2390/2327 1591/2389/1588 1596/2400/1589 2342/2399/2336
f 2340/2397/2334 2342/2399/2336 2341/2402/2337 2339/2398/2335
f 2333/2391/2328 2332/2390/2327 2342/2399/2336 2340/2397/2334
f 1605/2403/1602 2343/2404/2338 2341/2402/2337 1593/2401/1592
f 2343/2404/2338 2344/2405/2339 2339/2398/2335 2341/2402/2337
f 1607/2406/1604 2345/2407/2340 2343/2404/2338 1605/2403/1602
f 2345/2407/2340 2346/2408/2341 2344/2405/2339 2343/2404/2338
f 2347/2409/2342 1098/1113/1096 1069/1086/1069 2337/2396/2333
f 2348/2410/2343 1093/1108/1091 1098/1113/1096 2347/2409/2342
f 2344/2405/2339 2347/2409/2342 2337/2396/2333 2339/2398/2335
f 2346/2408/2341 2348/2410/2343 2347/2409/2342 2344/2405/2339
f 1090/1105/1088 2350/2411/2344 2349/2412/2345 1089/1106/1089
f 2350/2411/2344 2352/2413/2346 2351/2414/2347 2349/2412/2345
f 1093/1108/1091 2348/2410/2343 2350/2411/2344 1090/1105/1088
f 2348/2410/2343 2346/2408/2341 2352/2413/2346 2350/2411/2344
f 2354/2415/2348 1612/2416/1605 1609/2417/1608 2353/2418/2349
f 2345/2407/2340 1607/2406/1604 1612/2416/1605 2354/2415/2348
f 2352/2413/2346 2354/2415/2348 2353/2418/2349 2351/2414/2347
f 2346/2408/2341 2345/2407/2340 2354/2415/2348 2352/2413/2346
f 1621/2419/1618 2355/2420/2350 2353/2418/2349 1609/2417/1608
f 2355/2420/2350 2356/2421/2351 2351/2414/2347 2353/2418/2349
f 1623/2422/1620 2357/2423/2352 2355/2420/2350 1621/2419/1618
f 2357/2423/2352 2358/2424/2353 2356/2421/2351 2355/2420/2350
f 2359/2425/2354 1114/1129/1112 1089/1106/1089 2349/2412/2345
f 2360/2426/2355 1109/1124/1107 1114/1129/1112 2359/2425/2354
f 2356/2421/2351 2359/2425/2354 2349/2412/2345 2351/2414/2347
f 2358/2424/2353 2360/2426/2355 2359/2425/2354 2356/2421/2351
f 1106/1121/1104 2361/2427/2356 1899/2428/1895 1105/1122/1105
f 2361/2427/2356 2362/2429/2357 1894/2430/1890 1899/2428/1895
f 1109/1124/1107 2360/2426/2355 2361/2427/2356 1106/1121/1104
f 2360/2426/2355 2358/2424/2353 2362/2429/2357 2361/2427/2356
f 2363/2431/2358 1628/2432/1621 1625/2433/1624 1891/2434/1888
f 2357/2423/2352 1623/2422/1620 1628/2432/1621 2363/2431/2358
f 2362/2429/2357 2363/2431/2358 1891/2434/1888 1894/2430/1890
f 2358/2424/2353 2357/2423/2352 2363/2431/2358 2362/2429/2357
f 1641/2435/1636 2364/2436/2359 1906/1942/1903 1640/1941/1637
f 2364/2436/2359 2365/2437/2360 1904/1938/1900 1906/1942/1903
f 1643/2438/1640 2366/2439/2361 2364/2436/2359 1641/2435/1636
f 2366/2439/2361 2367/2440/2362 2365/2437/2360 2364/2436/2359
f 2368/2441/2363 1130/1147/1130 1131/1146/1129 1902/1936/1898
f 2369/2442/2364 1125/1140/1123 1130/1147/1130 2368/2441/2363
f 2365/2437/2360 2368/2441/2363 1902/1936/1898 1904/1938/1900
f 2367/2440/2362 2369/2442/2364 2368/2441/2363 2365/2437/2360
f 1122/1137/1120 2371/2443/2365 2370/2444/2366 1121/1138/1121
f 2371/2443/2365 2373/2445/2367 2372/2446/2368 2370/2444/2366
f 1125/1140/1123 2369/2442/2364 2371/2443/2365 1122/1137/1120
f 2369/2442/2364 2367/2440/2362 2373/2445/2367 2371/2443/2365
f 2375/2447/2369 1648/2448/1641 1645/2449/1644 2374/2450/2370
f 2366/2439/2361 1643/2438/1640 1648/2448/1641 2375/2447/2369
f 2373/2445/2367 2375/2447/2369 2374/2450/2370 2372/2446/2368
f 2367/2440/2362 2366/2439/2361 2375/2447/2369 2373/2445/2367
f 1657/2451/1654 2376/2452/2371 2374/2450/2370 1645/2449/1644
f 2376/2452/2371 2377/2453/2372 2372/2446/2368 2374/2450/2370
f 1659/2454/1656 2378/2455/2373 2376/2452/2371 1657/2451/1654
f 2378/2455/2373 2379/2456/2374 2377/2453/2372 2376/2452/2371
f 2380/2457/2375 1154/1167/1150 1121/1138/1121 2370/2444/2366
f 2381/2458/2376 1151/1166/1149 1154/1167/1150 2380/2457/2375
f 2377/2453/2372 2380/2457/2375 2370/2444/2366 2372/2446/2368
f 2379/2456/2374 2381/2458/2376 2380/2457/2375 2377/2453/2372
f 1149/1162/1145 2383/2459/2377 2382/2460/2378 1148/1163/1146
f 2383/2459/2377 2385/2461/2379 2384/2462/2380 2382/2460/2378
f 1151/1166/1149 2381/2458/2376 2383/2459/2377 1149/1162/1145
f 2381/2458/2376 2379/2456/2374 2385/2461/2379 2383/2459/2377
f 2387/2463/2381 1664/2464/1657 1661/2465/1660 2386/2466/2382
f 2378/2455/2373 1659/2454/1656 1664/2464/1657 2387/2463/2381
f 2385/2461/2379 2387/2463/2381 2386/2466/2382 2384/2462/2380
f 2379/2456/2374 2378/2455/2373 2387/2463/2381 2385/2461/2379
f 1673/2467/1670 2388/2468/2383 2386/2466/2382 1661/2465/1660
f 2388/2468/2383 2389/2469/2384 2384/2462/2380 2386/2466/2382
f 1675/2470/1672 2390/2471/2385 2388/2468/2383 1673/2467/1670
f 2390/2471/2385 2391/2472/2386 2389/2469/2384 2388/2468/2383
f 2392/2473/2387 1170/1183/1166 1148/1163/1146 2382/2460/2378
f 2393/2474/2388 1167/1182/1165 1170/1183/1166 2392/2473/2387
f 2389/2469/2384 2392/2473/2387 2382/2460/2378 2384/2462/2380
f 2391/2472/2386 2393/2474/2388 2392/2473/2387 2389/2469/2384
f 1165/1178/1161 2395/2475/2389 2394/2476/2390 1164/1179/1162
f 2395/2475/2389 2397/2477/2391 2396/2478/2392 2394/2476/2390
f 1167/1182/1165 2393/2474/2388 2395/2475/2389 1165/1178/1161
f 2393/2474/2388 2391/2472/2386 2397/2477/2391 2395/2475/2389
f 2399/2479/2393 1680/2480/1673 1677/2481/1676 2398/2482/2394
f 2390/2471/2385 1675/2470/1672 1680/2480/1673 2399/2479/2393
f 2397/2477/2391 2399/2479/2393 2398/2482/2394 2396/2478/2392
f 2391/2472/2386 2390/2471/2385 2399/2479/2393 2397/2477/2391
f 1689/2483/1686 2400/2484/2395 2398/2482/2394 1677/2481/1676
f 2400/2484/2395 2401/2485/2396 2396/2478/2392 2398/2482/2394
f 1691/2486/1688 2402/2487/2397 2400/2484/2395 1689/2483/1686
f 2402/2487/2397 2403/2488/2398 2401/2485/2396 2400/2484/2395
f 2405/2489/2399 2404/2490/2400 1164/1179/1162 2394/2476/2390
f 2407/2491/2401 2406/2492/2402 2404/2490/2400 2405/2489/2399
f 2401/2485/2396 2405/2489/2399 2394/2476/2390 2396/2478/2392
f 2403/2488/2398 2407/2491/2401 2405/2489/2399 2401/2485/2396
f 2410/2493/2403 2409/2494/2404 2408/2495/2405 1185/1202/1185
f 2409/2494/2404 2412/2496/2406 2411/2497/2407 2408/2495/2405
f 2406/2492/2402 2407/2491/2401 2409/2494/2404 2410/2493/2403
f 2407/2491/2401 2403/2488/2398 2412/2496/2406 2409/2494/2404
f 2414/2498/2408 1696/2499/1689 1693/2500/1692 2413/2501/2409
f 2402/2487/2397 1691/2486/1688 1696/2499/1689 2414/2498/2408
f 2412/2496/2406 2414/2498/2408 2413/2501/2409 2411/2497/2407
f 2403/2488/2398 2402/2487/2397 2414/2498/2408 2412/2496/2406
f 1702/2502/1699 2416/2503/2410 2415/2504/2411 1701/2505/1700
f 2416/2503/2410 2418/2506/2412 2417/2507/2413 2415/2504/2411
f 1705/2508/1702 2419/2509/2414 2416/2503/2410 1702/2502/1699
f 2419/2509/2414 2420/2510/2415 2418/2506/2412 2416/2503/2410
f 2422/2511/2416 1208/1219/1202 1205/1222/1205 2421/2512/2417
f 2423/2513/2418 1203/1218/1201 1208/1219/1202 2422/2511/2416
f 2418/2506/2412 2422/2511/2416 2421/2512/2417 2417/2507/2413
f 2420/2510/2415 2423/2513/2418 2422/2511/2416 2418/2506/2412
f 1201/1214/1197 2425/2514/2419 2424/2515/2420 1200/1215/1198
f 2425/2514/2419 2427/2516/2421 2426/2517/2422 2424/2515/2420
f 1203/1218/1201 2423/2513/2418 2425/2514/2419 1201/1214/1197
f 2423/2513/2418 2420/2510/2415 2427/2516/2421 2425/2514/2419
f 2429/2518/2423 1710/2519/1709 1711/2520/1708 2428/2521/2424
f 2419/2509/2414 1705/2508/1702 1710/2519/1709 2429/2518/2423
f 2427/2516/2421 2429/2518/2423 2428/2521/2424 2426/2517/2422
f 2420/2510/2415 2419/2509/2414 2429/2518/2423 2427/2516/2421
f 1725/2522/1722 2430/2523/2425 2428/2521/2424 1711/2520/1708
f 2430/2523/2425 2431/2524/2426 2426/2517/2422 2428/2521/2424
f 1727/2525/1724 2432/2526/2427 2430/2523/2425 1725/2522/1722
f 2432/2526/2427 2433/2527/2428 2431/2524/2426 2430/2523/2425
f 2434/2528/2429 1226/1239/1222 1200/1215/1198 2424/2515/2420
f 2435/2529/2430 1223/1238/1221 1226/1239/1222 2434/2528/2429
f 2431/2524/2426 2434/2528/2429 2424/2515/2420 2426/2517/2422
f 2433/2527/2428 2435/2529/2430 2434/2528/2429 2431/2524/2426
f 1221/1234/1217 2437/2530/2431 2436/2531/2432 1220/1235/1218
f 2437/2530/2431 2439/2532/2433 2438/2533/2434 2436/2531/2432
f 1223/1238/1221 2435/2529/2430 2437/2530/2431 1221/1234/1217
f 2435/2529/2430 2433/2527/2428 2439/2532/2433 2437/2530/2431
f 2441/2534/2435 1732/2535/1725 1729/2536/1728 2440/2537/2436
f 2432/2526/2427 1727/2525/1724 1732/2535/1725 2441/2534/2435
f 2439/2532/2433 2441/2534/2435 2440/2537/2436 2438/2533/2434
f 2433/2527/2428 2432/2526/2427 2441/2534/2435 2439/2532/2433
f 1741/2538/1738 2442/2539/2437 2440/2537/2436 1729/2536/1728
f 2442/2539/2437 2443/2540/2438 2438/2533/2434 2440/2537/2436
f 1743/2541/1740 2444/2542/2439 2442/2539/2437 1741/2538/1738
f 2444/2542/2439 2445/2543/2440 2443/2540/2438 2442/2539/2437
f 2446/2544/2441 1242/1255/1238 1220/1235/1218 2436/2531/2432
f 2447/2545/2442 1239/1254/1237 1242/1255/1238 2446/2544/2441
f 2443/2540/2438 2446/2544/2441 2436/2531/2432 2438/2533/2434
f 2445/2543/2440 2447/2545/2442 2446/2544/2441 2443/2540/2438
f 1237/1250/1233 2449/2546/2443 2448/2547/2444 1236/1251/1234
f 2449/2546/2443 2451/2548/2445 2450/2549/2446 2448/2547/2444
f 1239/1254/1237 2447/2545/2442 2449/2546/2443 1237/1250/1233
f 2447/2545/2442 2445/2543/2440 2451/2548/2445 2449/2546/2443
f 2453/2550/2447 1748/2551/1741 1745/2552/37 2452/2553/2448
f 2444/2542/2439 1743/2541/1740 1748/2551/1741 2453/2550/2447
f 2451/2548/2445 2453/2550/2447 2452/2553/2448 2450/2549/2446
f 2445/2543/2440 2444/2542/2439 2453/2550/2447 2451/2548/2445
f 2322/2376/2318 2454/2554/2449 1803/1816/1797 1053/1070/1053
f 2454/2554/2449 2455/2555/2450 1800/1815/1796 1803/1816/1797
f 2324/2378/2320 2456/2556/2451 2454/2554/2449 2322/2376/2318
f 2456/2556/2451 2457/2557/2452 2455/2555/2450 2454/2554/2449
f 2458/2558/2453 2334/2393/2330 1079/1094/1077 1798/1813/1794
f 2459/2559/2454 2330/2388/2326 2334/2393/2330 2458/2558/2453
f 2455/2555/2450 2458/2558/2453 1798/1813/1794 1800/1815/1796
f 2457/2557/2452 2459/2559/2454 2458/2558/2453 2455/2555/2450
f 2328/2385/2324 2460/2560/2455 1781/2561/1775 1588/2386/1585
f 2460/2560/2455 2461/2562/2456 1784/2563/1778 1781/2561/1775
f 2330/2388/2326 2459/2559/2454 2460/2560/2455 2328/2385/2324
f 2459/2559/2454 2457/2557/2452 2461/2562/2456 2460/2560/2455
f 2462/2564/2457 2326/2382/2322 1573/2381/1572 1790/2565/1786
f 2456/2556/2451 2324/2378/2320 2326/2382/2322 2462/2564/2457
f 2461/2562/2456 2462/2564/2457 1790/2565/1786 1784/2563/1778
f 2457/2557/2452 2456/2556/2451 2462/2564/2457 2461/2562/2456
f 1330/1345/1328 2463/2566/2458 1764/1777/1758 297/312/295
f 2463/2566/2458 2464/2567/2459 1761/1776/1757 1764/1777/1758
f 1332/1347/1330 2465/2568/2460 2463/2566/2458 1330/1345/1328
f 2465/2568/2460 2466/2569/2461 2464/2567/2459 2463/2566/2458
f 2467/2570/2462 1364/1379/1362 300/317/300 1759/1774/1755
f 2468/2571/2463 1362/1377/1360 1364/1379/1362 2467/2570/2462
f 2464/2567/2459 2467/2570/2462 1759/1774/1755 1761/1776/1757
f 2466/2569/2461 2468/2571/2463 2467/2570/2462 2464/2567/2459
f 1359/1374/1357 2469/2572/2464 1821/1833/1814 1358/1375/1358
f 2469/2572/2464 2470/2573/2465 1825/1838/1819 1821/1833/1814
f 1362/1377/1360 2468/2571/2463 2469/2572/2464 1359/1374/1357
f 2468/2571/2463 2466/2569/2461 2470/2573/2465 2469/2572/2464
f 2471/2574/2466 1336/1353/1336 1337/1352/1335 1835/1849/1830
f 2465/2568/2460 1332/1347/1330 1336/1353/1336 2471/2574/2466
f 2470/2573/2465 2471/2574/2466 1835/1849/1830 1825/1838/1819
f 2466/2569/2461 2465/2568/2460 2471/2574/2466 2470/2573/2465
f 2214/2266/2210 2472/2575/2467 1875/1902/1869 893/910/893
f 2472/2575/2467 2473/2576/2468 1872/1901/1868 1875/1902/1869
f 2216/2268/2212 2474/2577/2469 2472/2575/2467 2214/2266/2210
f 2474/2577/2469 2475/2578/2470 2473/2576/2468 2472/2575/2467
f 2476/2579/2471 2199/2580/2195 875/1898/873 1870/1897/1866
f 2477/2581/2472 2195/2582/2191 2199/2580/2195 2476/2579/2471
f 2473/2576/2468 2476/2579/2471 1870/1897/1866 1872/1901/1868
f 2475/2578/2470 2477/2581/2472 2476/2579/2471 2473/2576/2468
f 2193/2583/2189 2478/2584/2473 1853/1871/1847 1389/1874/1387
f 2478/2584/2473 2479/2585/2474 1856/1877/1850 1853/1871/1847
f 2195/2582/2191 2477/2581/2472 2478/2584/2473 2193/2583/2189
f 2477/2581/2472 2475/2578/2470 2479/2585/2474 2478/2584/2473
f 2480/2586/2475 2218/2270/2214 1410/1427/1410 1862/1886/1858
f 2474/2577/2469 2216/2268/2212 2218/2270/2214 2480/2586/2475
f 2479/2585/2474 2480/2586/2475 1862/1886/1858 1856/1877/1850
f 2475/2578/2470 2474/2577/2469 2480/2586/2475 2479/2585/2474
f 1633/1648/1630 2481/2587/2476 1918/1955/1912 610/625/608
f 2481/2587/2476 2482/2588/2477 1915/1954/1911 1918/1955/1912
f 1635/1650/1632 2483/2589/2478 2481/2587/2476 1633/1648/1630
f 2483/2589/2478 2484/2590/2479 2482/2588/2477 2481/2587/2476
f 2485/2591/2480 1631/2592/1628 595/1951/595 1913/1950/1909
f 2486/2593/2481 1629/2594/1626 1631/2592/1628 2485/2591/2480
f 2482/2588/2477 2485/2591/2480 1913/1950/1909 1915/1954/1911
f 2484/2590/2479 2486/2593/2481 2485/2591/2480 2482/2588/2477
f 1626/2595/1623 2487/2596/2482 1893/2597/1886 1625/2598/1624
f 2487/2596/2482 2488/2599/2483 1897/2600/1891 1893/2597/1886
f 1629/2594/1626 2486/2593/2481 2487/2596/2482 1626/2595/1623
f 2486/2593/2481 2484/2590/2479 2488/2599/2483 2487/2596/2482
f 2489/2601/2484 1639/1656/1638 1640/1655/1637 1907/2602/1902
f 2483/2589/2478 1635/1650/1632 1639/1656/1638 2489/2601/2484
f 2488/2599/2483 2489/2601/2484 1907/2602/1902 1897/2600/1891
f 2484/2590/2479 2483/2589/2478 2489/2601/2484 2488/2599/2483
f 2491/2603/2485 2490/2604/2486 1983/2020/1977 1180/1195/1178
f 2490/2604/2486 2492/2605/2487 1980/2019/1976 1983/2020/1977
f 2494/2606/2488 2493/2607/2489 2490/2604/2486 2491/2603/2485
f 2493/2607/2489 2495/2608/2490 2492/2605/2487 2490/2604/2486
f 2496/2609/2491 2421/2512/2417 1205/1222/1205 1978/2017/1974
f 2497/2610/2492 2417/2507/2413 2421/2512/2417 2496/2609/2491
f 2492/2605/2487 2496/2609/2491 1978/2017/1974 1980/2019/1976
f 2495/2608/2490 2497/2610/2492 2496/2609/2491 2492/2605/2487
f 2415/2504/2411 2498/2611/2493 1957/2612/1951 1701/2505/1700
f 2498/2611/2493 2499/2613/2494 1960/2614/1954 1957/2612/1951
f 2417/2507/2413 2497/2610/2492 2498/2611/2493 2415/2504/2411
f 2497/2610/2492 2495/2608/2490 2499/2613/2494 2498/2611/2493
f 2501/2615/2495 2500/2616/2496 1969/2617/1965 1970/2618/1964
f 2493/2607/2489 2494/2606/2488 2500/2616/2496 2501/2615/2495
f 2499/2613/2494 2501/2615/2495 1970/2618/1964 1960/2614/1954
f 2495/2608/2490 2493/2607/2489 2501/2615/2495 2499/2613/2494
f 1451/1466/1449 2502/2619/2497 1933/1969/1926 1450/1467/1450
f 2502/2619/2497 2503/2620/2498 1929/1968/1925 1933/1969/1926
f 1454/1469/1452 2504/2621/2499 2502/2619/2497 1451/1466/1449
f 2504/2621/2499 2505/2622/2500 2503/2620/2498 2502/2619/2497
f 2506/2623/2501 1492/1507/1490 472/487/470 1927/1966/1923
f 2507/2624/2502 1490/1505/1488 1492/1507/1490 2506/2623/2501
f 2503/2620/2498 2506/2623/2501 1927/1966/1923 1929/1968/1925
f 2505/2622/2500 2507/2624/2502 2506/2623/2501 2503/2620/2498
f 1487/1502/1485 2508/2625/2503 2001/2037/1994 1486/1503/1486
f 2508/2625/2503 2509/2626/2504 2005/2042/1999 2001/2037/1994
f 1490/1505/1488 2507/2624/2502 2508/2625/2503 1487/1502/1485
f 2507/2624/2502 2505/2622/2500 2509/2626/2504 2508/2625/2503
f 2510/2627/2505 1459/1476/1459 1460/1475/1458 2015/2053/2010
f 2504/2621/2499 1454/1469/1452 1459/1476/1459 2510/2627/2505
f 2509/2626/2504 2510/2627/2505 2015/2053/2010 2005/2042/1999
f 2505/2622/2500 2504/2621/2499 2510/2627/2505 2509/2626/2504
f 2082/2628/2078 2511/2629/2506 2144/2186/2138 1300/2189/1300
f 2511/2629/2506 2512/2630/2507 2141/2185/2137 2144/2186/2138
f 2084/2631/2080 2513/2632/2508 2511/2629/2506 2082/2628/2078
f 2513/2632/2508 2514/2633/2509 2512/2630/2507 2511/2629/2506
f 2515/2634/2510 777/794/777 778/793/776 2139/2183/2135
f 2516/2635/2511 772/787/770 777/794/777 2515/2634/2510
f 2512/2630/2507 2515/2634/2510 2139/2183/2135 2141/2185/2137
f 2514/2633/2509 2516/2635/2511 2515/2634/2510 2512/2630/2507
f 769/784/767 2517/2636/2512 2154/2205/2150 768/785/768
f 2517/2636/2512 2518/2637/2513 2150/2200/2146 2154/2205/2150
f 772/787/770 2516/2635/2511 2517/2636/2512 769/784/767
f 2516/2635/2511 2514/2633/2509 2518/2637/2513 2517/2636/2512
f 2519/2638/2514 2087/2639/2081 1320/2198/1318 2148/2197/2144
f 2513/2632/2508 2084/2631/2080 2087/2639/2081 2519/2638/2514
f 2518/2637/2513 2519/2638/2514 2148/2197/2144 2150/2200/2146
f 2514/2633/2509 2513/2632/2508 2519/2638/2514 2518/2637/2513
f 2095/2134/2091 2520/2640/2515 2116/2155/2112 1255/1270/1253
f 2520/2640/2515 2521/2641/2516 2114/2153/2110 2116/2155/2112
f 2097/2136/2093 2522/2642/2517 2520/2640/2515 2095/2134/2091
f 2522/2642/2517 2523/2643/2518 2521/2641/2516 2520/2640/2515
f 2524/2644/2519 2074/2113/2070 723/740/723 2112/2151/2108
f 2525/2645/2520 2072/2111/2068 2074/2113/2070 2524/2644/2519
f 2521/2641/2516 2524/2644/2519 2112/2151/2108 2114/2153/2110
f 2523/2643/2518 2525/2645/2520 2524/2644/2519 2521/2641/2516
f 2070/2109/2066 2526/2646/2521 2298/2350/2294 1050/1065/1048
f 2526/2646/2521 2527/2647/2522 2294/2346/2290 2298/2350/2294
f 2072/2111/2068 2525/2645/2520 2526/2646/2521 2070/2109/2066
f 2525/2645/2520 2523/2643/2518 2527/2647/2522 2526/2646/2521
f 2528/2648/2523 2100/2137/2094 1535/1550/1532 2292/2344/2288
f 2522/2642/2517 2097/2136/2093 2100/2137/2094 2528/2648/2523
f 2527/2647/2522 2528/2648/2523 2292/2344/2288 2294/2346/2290
f 2523/2643/2518 2522/2642/2517 2528/2648/2523 2527/2647/2522
f 266/279/262 2530/2649/2524 2529/2650/2525 265/280/263
f 2530/2649/2524 2532/2651/2526 2531/2652/2527 2529/2650/2525
f 268/283/266 2533/2653/2528 2530/2649/2524 266/279/262
f 2533/2653/2528 2534/2654/2529 2532/2651/2526 2530/2649/2524
f 2536/2655/2530 1313/1324/1307 1310/1327/1310 2535/2656/2531
f 2537/2657/2532 1317/1330/1313 1313/1324/1307 2536/2655/2530
f 2532/2651/2526 2536/2655/2530 2535/2656/2531 2531/2652/2527
f 2534/2654/2529 2537/2657/2532 2536/2655/2530 2532/2651/2526
f 1328/1343/1326 2539/2658/2533 2538/2659/2534 242/257/240
f 2539/2658/2533 2541/2660/2535 2540/2661/2536 2538/2659/2534
f 1317/1330/1313 2537/2657/2532 2539/2658/2533 1328/1343/1326
f 2537/2657/2532 2534/2654/2529 2541/2660/2535 2539/2658/2533
f 2543/2662/2537 273/284/267 270/287/270 2542/2663/2538
f 2533/2653/2528 268/283/266 273/284/267 2543/2662/2537
f 2541/2660/2535 2543/2662/2537 2542/2663/2538 2540/2661/2536
f 2534/2654/2529 2533/2653/2528 2543/2662/2537 2541/2660/2535
f 2035/2072/2029 2545/2664/2539 2544/2665/2540 2034/2073/2030
f 2545/2664/2539 2547/2666/2541 2546/2667/2542 2544/2665/2540
f 2021/2058/2015 2548/2668/2543 2545/2664/2539 2035/2072/2029
f 2548/2668/2543 2549/2669/2544 2547/2666/2541 2545/2664/2539
f 2551/2670/2545 2077/2114/2071 1307/1322/1305 2550/2671/2546
f 2552/2672/2547 2080/2117/2074 2077/2114/2071 2551/2670/2545
f 2547/2666/2541 2551/2670/2545 2550/2671/2546 2546/2667/2542
f 2549/2669/2544 2552/2672/2547 2551/2670/2545 2547/2666/2541
f 2089/2128/2085 2553/2673/2548 2535/2656/2531 1310/1327/1310
f 2553/2673/2548 2554/2674/2549 2531/2652/2527 2535/2656/2531
f 2080/2117/2074 2552/2672/2547 2553/2673/2548 2089/2128/2085
f 2552/2672/2547 2549/2669/2544 2554/2674/2549 2553/2673/2548
f 2555/2675/2550 2018/2055/2012 265/280/263 2529/2650/2525
f 2548/2668/2543 2021/2058/2015 2018/2055/2012 2555/2675/2550
f 2554/2674/2549 2555/2675/2550 2529/2650/2525 2531/2652/2527
f 2549/2669/2544 2548/2668/2543 2555/2675/2550 2554/2674/2549
f 2028/2067/2024 2557/2676/2551 2556/2677/2552 2027/2068/2025
f 2557/2676/2551 2559/2678/2553 2558/2679/2554 2556/2677/2552
f 2031/2070/2027 2560/2680/2555 2557/2676/2551 2028/2067/2024
f 2560/2680/2555 2561/2681/2556 2559/2678/2553 2557/2676/2551
f 2563/2682/2557 1288/1299/1282 1285/1302/1285 2562/2683/2558
f 2564/2684/2559 1292/1305/1288 1288/1299/1282 2563/2682/2557
f 2559/2678/2553 2563/2682/2557 2562/2683/2558 2558/2679/2554
f 2561/2681/2556 2564/2684/2559 2563/2682/2557 2559/2678/2553
f 1308/1321/1304 2565/2685/2560 2550/2671/2546 1307/1322/1305
f 2565/2685/2560 2566/2686/2561 2546/2667/2542 2550/2671/2546
f 1292/1305/1288 2564/2684/2559 2565/2685/2560 1308/1321/1304
f 2564/2684/2559 2561/2681/2556 2566/2686/2561 2565/2685/2560
f 2567/2687/2562 2033/2074/2031 2034/2073/2030 2544/2665/2540
f 2560/2680/2555 2031/2070/2027 2033/2074/2031 2567/2687/2562
f 2566/2686/2561 2567/2687/2562 2544/2665/2540 2546/2667/2542
f 2561/2681/2556 2560/2680/2555 2567/2687/2562 2566/2686/2561
f 2023/2062/2019 2569/2688/2563 2568/2689/2564 255/272/255
f 2569/2688/2563 2571/2690/2565 2570/2691/2566 2568/2689/2564
f 2025/2064/2021 2572/2692/2567 2569/2688/2563 2023/2062/2019
f 2572/2692/2567 2573/2693/2568 2571/2690/2565 2569/2688/2563
f 2575/2694/2569 2038/2075/2032 525/540/523 2574/2695/2570
f 2576/2696/2571 2041/2078/2035 2038/2075/2032 2575/2694/2569
f 2571/2690/2565 2575/2694/2569 2574/2695/2570 2570/2691/2566
f 2573/2693/2568 2576/2696/2571 2575/2694/2569 2571/2690/2565
f 2047/2086/2043 2577/2697/2572 2562/2683/2558 1285/1302/1285
f 2577/2697/2572 2578/2698/2573 2558/2679/2554 2562/2683/2558
f 2041/2078/2035 2576/2696/2571 2577/2697/2572 2047/2086/2043
f 2576/2696/2571 2573/2693/2568 2578/2698/2573 2577/2697/2572
f 2579/2699/2574 2030/2065/2022 2027/2068/2025 2556/2677/2552
f 2572/2692/2567 2025/2064/2021 2030/2065/2022 2579/2699/2574
f 2578/2698/2573 2579/2699/2574 2556/2677/2552 2558/2679/2554
f 2573/2693/2568 2572/2692/2567 2579/2699/2574 2578/2698/2573
f 278/291/274 2581/2700/2575 2580/2701/2576 277/292/275
f 2581/2700/2575 2583/2702/2577 2582/2703/2578 2580/2701/2576
f 262/275/258 2584/2704/2579 2581/2700/2575 278/291/274
f 2584/2704/2579 2585/2705/2580 2583/2702/2577 2581/2700/2575
f 2587/2706/2581 531/544/527 232/247/230 2586/2707/2582
f 2588/2708/2583 528/543/526 531/544/527 2587/2706/2581
f 2583/2702/2577 2587/2706/2581 2586/2707/2582 2582/2703/2578
f 2585/2705/2580 2588/2708/2583 2587/2706/2581 2583/2702/2577
f 526/539/522 2589/2709/2584 2574/2695/2570 525/540/523
f 2589/2709/2584 2590/2710/2585 2570/2691/2566 2574/2695/2570
f 528/543/526 2588/2708/2583 2589/2709/2584 526/539/522
f 2588/2708/2583 2585/2705/2580 2590/2710/2585 2589/2709/2584
f 2591/2711/2586 258/269/252 255/272/255 2568/2689/2564
f 2584/2704/2579 262/275/258 258/269/252 2591/2711/2586
f 2590/2710/2585 2591/2711/2586 2568/2689/2564 2570/2691/2566
f 2585/2705/2580 2584/2704/2579 2591/2711/2586 2590/2710/2585
f 2593/2712/2587 2592/2713/2588 241/258/241 242/257/240
f 2592/2713/2588 2594/2714/2589 237/252/235 241/258/241
f 2596/2715/2590 2595/2716/2591 2592/2713/2588 2593/2712/2587
f 2595/2716/2591 2597/2717/2592 2594/2714/2589 2592/2713/2588
f 2599/2718/2593 2598/2719/2594 232/247/230 235/250/233
f 2601/2720/2595 2600/2721/2596 2598/2719/2594 2599/2718/2593
f 2594/2714/2589 2599/2718/2593 235/250/233 237/252/235
f 2597/2717/2592 2601/2720/2595 2599/2718/2593 2594/2714/2589
f 2605/2722/2597 2604/2723/2598 2603/2724/2599 2602/2725/2600
f 2604/2723/2598 2607/2726/2601 2606/2727/2602 2603/2724/2599
f 2600/2721/2596 2601/2720/2595 2604/2723/2598 2605/2722/2597
f 2601/2720/2595 2597/2717/2592 2607/2726/2601 2604/2723/2598
f 2611/2728/2603 2610/2729/2604 2609/2730/2605 2608/2731/2606
f 2595/2716/2591 2596/2715/2590 2610/2729/2604 2611/2728/2603
f 2607/2726/2601 2611/2728/2603 2608/2731/2606 2606/2727/2602
f 2597/2717/2592 2595/2716/2591 2611/2728/2603 2607/2726/2601
f 2610/2729/2604 2613/2732/2607 2612/2733/2608 2609/2730/2605
f 2613/2732/2607 2615/2734/2609 2614/2735/2610 2612/2733/2608
f 2596/2715/2590 2616/2736/2611 2613/2732/2607 2610/2729/2604
f 2616/2736/2611 2617/2737/2612 2615/2734/2609 2613/2732/2607
f 2621/2738/2613 2620/2739/2614 2619/2740/2615 2618/2741/2616
f 2623/2742/2617 2622/2743/2618 2620/2739/2614 2621/2738/2613
f 2615/2734/2609 2621/2738/2613 2618/2741/2616 2614/2735/2610
f 2617/2737/2612 2623/2742/2617 2621/2738/2613 2615/2734/2609
f 2625/2744/2619 2624/2745/2620 2542/2663/2538 270/287/270
f 2624/2745/2620 2626/2746/2621 2540/2661/2536 2542/2663/2538
f 2622/2743/2618 2623/2742/2617 2624/2745/2620 2625/2744/2619
f 2623/2742/2617 2617/2737/2612 2626/2746/2621 2624/2745/2620
f 2627/2747/2622 2593/2712/2587 242/257/240 2538/2659/2534
f 2616/2736/2611 2596/2715/2590 2593/2712/2587 2627/2747/2622
f 2626/2746/2621 2627/2747/2622 2538/2659/2534 2540/2661/2536
f 2617/2737/2612 2616/2736/2611 2627/2747/2622 2626/2746/2621
f 2629/2748/2623 2628/2749/2624 276/293/276 277/292/275
f 2628/2749/2624 2630/2750/2625 274/289/272 276/293/276
f 2632/2751/2626 2631/2752/2627 2628/2749/2624 2629/2748/2623
f 2631/2752/2627 2633/2753/2628 2630/2750/2625 2628/2749/2624
f 2634/2754/2629 2625/2744/2619 270/287/270 271/286/269
f 2635/2755/2630 2622/2743/2618 2625/2744/2619 2634/2754/2629
f 2630/2750/2625 2634/2754/2629 271/286/269 274/289/272
f 2633/2753/2628 2635/2755/2630 2634/2754/2629 2630/2750/2625
f 2620/2739/2614 2637/2756/2631 2636/2757/2632 2619/2740/2615
f 2637/2756/2631 2639/2758/2633 2638/2759/2634 2636/2757/2632
f 2622/2743/2618 2635/2755/2630 2637/2756/2631 2620/2739/2614
f 2635/2755/2630 2633/2753/2628 2639/2758/2633 2637/2756/2631
f 2643/2760/2635 2642/2761/2636 2641/2762/2637 2640/2763/2638
f 2631/2752/2627 2632/2751/2626 2642/2761/2636 2643/2760/2635
f 2639/2758/2633 2643/2760/2635 2640/2763/2638 2638/2759/2634
f 2633/2753/2628 2631/2752/2627 2643/2760/2635 2639/2758/2633
f 2642/2761/2636 2645/2764/2639 2644/2765/2640 2641/2762/2637
f 2645/2764/2639 2647/2766/2641 2646/2767/2642 2644/2765/2640
f 2632/2751/2626 2648/2768/2643 2645/2764/2639 2642/2761/2636
f 2648/2768/2643 2649/2769/2644 2647/2766/2641 2645/2764/2639
f 2651/2770/2645 2605/2722/2597 2602/2725/2600 2650/2771/2646
f 2652/2772/2647 2600/2721/2596 2605/2722/2597 2651/2770/2645
f 2647/2766/2641 2651/2770/2645 2650/2771/2646 2646/2767/2642
f 2649/2769/2644 2652/2772/2647 2651/2770/2645 2647/2766/2641
f 2598/2719/2594 2653/2773/2648 2586/2707/2582 232/247/230
f 2653/2773/2648 2654/2774/2649 2582/2703/2578 2586/2707/2582
f 2600/2721/2596 2652/2772/2647 2653/2773/2648 2598/2719/2594
f 2652/2772/2647 2649/2769/2644 2654/2774/2649 2653/2773/2648
f 2655/2775/2650 2629/2748/2623 277/292/275 2580/2701/2576
f 2648/2768/2643 2632/2751/2626 2629/2748/2623 2655/2775/2650
f 2654/2774/2649 2655/2775/2650 2580/2701/2576 2582/2703/2578
f 2649/2769/2644 2648/2768/2643 2655/2775/2650 2654/2774/2649
f 2657/2776/2651 2656/2777/2652 2608/2778/2606 2609/2779/2605
f 2656/2777/2652 2658/2780/2653 2606/2780/2602 2608/2778/2606
f 2660/2781/2654 2659/2782/2655 2656/2777/2652 2657/2776/2651
f 2659/2782/2655 2661/2783/2656 2658/2780/2653 2656/2777/2652
f 2663/2784/2657 2662/2785/2658 2602/2786/2600 2603/2787/2599
f 2665/2788/2659 2664/2789/2660 2662/2785/2658 2663/2784/2657
f 2658/2780/2653 2663/2784/2657 2603/2787/2599 2606/2780/2602
f 2661/2783/2656 2665/2788/2659 2663/2784/2657 2658/2780/2653
f 2667/2790/2661 2666/2791/2662 127/140/127 128/139/126
f 2666/2791/2662 2668/2792/2663 125/136/123 127/140/127
f 2664/2789/2660 2665/2788/2659 2666/2791/2662 2667/2790/2661
f 2665/2788/2659 2661/2783/2656 2668/2792/2663 2666/2791/2662
f 2670/2793/2664 2669/2794/2665 108/119/106 123/134/121
f 2659/2782/2655 2660/2781/2654 2669/2794/2665 2670/2793/2664
f 2668/2792/2663 2670/2793/2664 123/134/121 125/136/123
f 2661/2783/2656 2659/2782/2655 2670/2793/2664 2668/2792/2663
f 2672/2795/2666 2671/2796/2667 2618/2797/2616 2619/2798/2615
f 2671/2796/2667 2673/2799/2668 2614/2800/2610 2618/2797/2616
f 2675/2795/2669 2674/2801/2670 2671/2796/2667 2672/2795/2666
f 2674/2801/2670 2676/2802/2671 2673/2799/2668 2671/2796/2667
f 2677/2803/2672 2657/2776/2651 2609/2779/2605 2612/2804/2608
f 2678/2805/2673 2660/2781/2654 2657/2776/2651 2677/2803/2672
f 2673/2799/2668 2677/2803/2672 2612/2804/2608 2614/2800/2610
f 2676/2802/2671 2678/2805/2673 2677/2803/2672 2673/2799/2668
f 2669/2794/2665 2679/2806/2674 107/120/107 108/119/106
f 2679/2806/2674 2680/2807/2675 105/116/103 107/120/107
f 2660/2781/2654 2678/2805/2673 2679/2806/2674 2669/2794/2665
f 2678/2805/2673 2676/2802/2671 2680/2807/2675 2679/2806/2674
f 2682/2808/2676 2681/114/2677 88/114/86 103/113/101
f 2674/2801/2670 2675/2795/2669 2681/114/2677 2682/2808/2676
f 2680/2807/2675 2682/2808/2676 103/113/101 105/116/103
f 2676/2802/2671 2674/2801/2670 2682/2808/2676 2680/2807/2675
f 2684/2809/2678 2683/2810/2679 2640/2810/2638 2641/2811/2637
f 2683/2810/2679 2685/2812/2680 2638/2812/2634 2640/2810/2638
f 2687/2813/2681 2686/2814/2682 2683/2810/2679 2684/2809/2678
f 2686/2814/2682 2688/2815/2683 2685/2812/2680 2683/2810/2679
f 2689/2816/2684 2672/2817/2666 2619/2818/2615 2636/2819/2632
f 2690/2820/2685 2675/2817/2669 2672/2817/2666 2689/2816/2684
f 2685/2812/2680 2689/2816/2684 2636/2819/2632 2638/2812/2634
f 2688/2815/2683 2690/2820/2685 2689/2816/2684 2685/2812/2680
f 2681/94/2677 2691/2821/2686 87/95/87 88/94/86
f 2691/2821/2686 2692/2822/2687 85/91/83 87/95/87
f 2675/2817/2669 2690/2820/2685 2691/2821/2686 2681/94/2677
f 2690/2820/2685 2688/2815/2683 2692/2822/2687 2691/2821/2686
f 2694/2823/2688 2693/2824/2689 81/89/81 82/88/80
f 2686/2814/2682 2687/2813/2681 2693/2824/2689 2694/2823/2688
f 2692/2822/2687 2694/2823/2688 82/88/80 85/91/83
f 2688/2815/2683 2686/2814/2682 2694/2823/2688 2692/2822/2687
f 2644/2825/2640 2695/2826/2690 2684/2809/2678 2641/2811/2637
f 2695/2826/2690 2696/2827/2691 2687/2813/2681 2684/2809/2678
f 2646/2828/2642 2697/2829/2692 2695/2826/2690 2644/2825/2640
f 2697/2829/2692 2698/2830/2693 2696/2827/2691 2695/2826/2690
f 2699/2831/2694 144/155/142 81/89/81 2693/2824/2689
f 2700/2832/2695 142/153/140 144/155/142 2699/2831/2694
f 2696/2827/2691 2699/2831/2694 2693/2824/2689 2687/2813/2681
f 2698/2830/2693 2700/2832/2695 2699/2831/2694 2696/2827/2691
f 140/151/138 2701/2833/2696 2667/2790/2661 128/139/126
f 2701/2833/2696 2702/2834/2697 2664/2789/2660 2667/2790/2661
f 142/153/140 2700/2832/2695 2701/2833/2696 140/151/138
f 2700/2832/2695 2698/2830/2693 2702/2834/2697 2701/2833/2696
f 2703/2835/2698 2650/2836/2646 2602/2786/2600 2662/2785/2658
f 2697/2829/2692 2646/2828/2642 2650/2836/2646 2703/2835/2698
f 2702/2834/2697 2703/2835/2698 2662/2785/2658 2664/2789/2660
f 2698/2830/2693 2697/2829/2692 2703/2835/2698 2702/2834/2697
f 2705/2837/2699 2704/2838/2700 42/50/43 43/49/42
f 2704/2838/2700 2706/2839/2701 40/46/39 42/50/43
f 2708/2840/2702 2707/2841/2703 2704/2838/2700 2705/2837/2699
f 2707/2841/2703 2709/2842/2704 2706/2839/2701 2704/2838/2700
f 2711/2843/2705 2710/2844/2706 36/44/37 37/43/36
f 2713/2845/2707 2712/2846/2707 2710/2844/2706 2711/2843/2705
f 2706/2839/2701 2711/2843/2705 37/43/36 40/46/39
f 2709/2842/2704 2713/2845/2707 2711/2843/2705 2706/2839/2701
f 2715/2847/2708 2714/2848/2709 61/63/56 58/66/56
f 2714/2848/2709 2716/2849/2710 56/62/55 61/63/56
f 2712/2846/2707 2713/2845/2707 2714/2848/2709 2715/2847/2708
f 2713/2845/2707 2709/2842/2704 2716/2849/2710 2714/2848/2709
f 2718/2850/2711 2717/2851/2712 53/59/52 54/58/51
f 2707/2841/2703 2708/2840/2702 2717/2851/2712 2718/2850/2711
f 2716/2849/2710 2718/2850/2711 54/58/51 56/62/55
f 2709/2842/2704 2707/2841/2703 2718/2850/2711 2716/2849/2710
f 2722/2852/2713 2721/2853/2714 2720/2854/2715 2719/2855/2716
f 2721/2853/2714 2724/2856/2717 2723/2857/2718 2720/2854/2715
f 2726/2858/2719 2725/2859/2720 2721/2853/2714 2722/2852/2713
f 2725/2859/2720 2727/2860/71 2724/2856/2717 2721/2853/2714
f 2731/2861/2721 2730/2862/2722 2729/2863/2723 2728/2864/2724
f 2733/2865/2725 2732/2866/2726 2730/2862/2722 2731/2861/2721
f 2724/2856/2717 2731/2861/2721 2728/2864/2724 2723/2857/2718
f 2727/2860/71 2733/2865/2725 2731/2861/2721 2724/2856/2717
f 2737/2867/2727 2736/2868/2728 2735/2869/2729 2734/2870/2730
f 2736/2868/2728 2739/2871/2731 2738/2872/77 2735/2869/2729
f 2732/2866/2726 2733/2865/2725 2736/2868/2728 2737/2867/2727
f 2733/2865/2725 2727/2860/71 2739/2871/2731 2736/2868/2728
f 2743/2873/2732 2742/2874/2733 2741/2875/2734 2740/2876/2735
f 2725/2859/2720 2726/2858/2719 2742/2874/2733 2743/2873/2732
f 2739/2871/2731 2743/2873/2732 2740/2876/2735 2738/2872/77
f 2727/2860/71 2725/2859/2720 2743/2873/2732 2739/2871/2731
f 2747/2877/2736 2746/2878/2737 2745/2879/2738 2744/2880/2739
f 2746/2878/2737 2749/2881/95 2748/2882/94 2745/2879/2738
f 2751/2883/2740 2750/2884/2741 2746/2878/2737 2747/2877/2736
f 2750/2884/2741 2752/2885/2742 2749/2881/95 2746/2878/2737
f 2756/2886/2743 2755/2887/2744 2754/2888/2745 2753/2889/2746
f 2758/2890/2747 2757/2891/2748 2755/2887/2744 2756/2886/2743
f 2749/2881/95 2756/2886/2743 2753/2889/2746 2748/2882/94
f 2752/2885/2742 2758/2890/2747 2756/2886/2743 2749/2881/95
f 2760/2892/2749 2759/2893/2750 2728/2894/2724 2729/2895/2723
f 2759/2893/2750 2761/2896/2751 2723/2897/2718 2728/2894/2724
f 2757/2891/2748 2758/2890/2747 2759/2893/2750 2760/2892/2749
f 2758/2890/2747 2752/2885/2742 2761/2896/2751 2759/2893/2750
f 2763/2898/2752 2762/2899/2753 2719/2900/2716 2720/2901/2715
f 2750/2884/2741 2751/2883/2740 2762/2899/2753 2763/2898/2752
f 2761/2896/2751 2763/2898/2752 2720/2901/2715 2723/2897/2718
f 2752/2885/2742 2750/2884/2741 2763/2898/2752 2761/2896/2751
f 2767/2902/2754 2766/2903/2755 2765/2904/2756 2764/2905/2757
f 2766/2903/2755 2769/2906/2758 2768/2907/2759 2765/2904/2756
f 2771/2908/2760 2770/2909/2761 2766/2903/2755 2767/2902/2754
f 2770/2909/2761 2772/2910/2762 2769/2906/2758 2766/2903/2755
f 2776/2911/2763 2775/2912/2764 2774/2913/2765 2773/2914/2766
f 2778/2915/2767 2777/2916/2768 2775/2912/2764 2776/2911/2763
f 2769/2906/2758 2776/2911/2763 2773/2914/2766 2768/2907/2759
f 2772/2910/2762 2778/2915/2767 2776/2911/2763 2769/2906/2758
f 2780/2917/2769 2779/2918/2770 2753/2889/2746 2754/2888/2745
f 2779/2918/2770 2781/2919/2771 2748/2882/94 2753/2889/2746
f 2777/2916/2768 2778/2915/2767 2779/2918/2770 2780/2917/2769
f 2778/2915/2767 2772/2910/2762 2781/2919/2771 2779/2918/2770
f 2783/2920/2772 2782/2921/2773 2744/2880/2739 2745/2879/2738
f 2770/2909/2761 2771/2908/2760 2782/2921/2773 2783/2920/2772
f 2781/2919/2771 2783/2920/2772 2745/2879/2738 2748/2882/94
f 2772/2910/2762 2770/2909/2761 2783/2920/2772 2781/2919/2771
f 2785/2922/2774 2784/2923/2775 2740/2876/2735 2741/2875/2734
f 2784/2923/2775 2786/2924/2776 2738/2872/77 2740/2876/2735
f 2788/2925/2777 2787/2926/2778 2784/2923/2775 2785/2922/2774
f 2787/2926/2778 2789/2927/2779 2786/2924/2776 2784/2923/2775
f 2791/2928/2780 2790/2929/2781 2734/2870/2730 2735/2869/2729
f 2793/2930/2782 2792/2931/2783 2790/2929/2781 2791/2928/2780
f 2786/2924/2776 2791/2928/2780 2735/2869/2729 2738/2872/77
f 2789/2927/2779 2793/2930/2782 2791/2928/2780 2786/2924/2776
f 2795/2932/2784 2794/2933/2785 2773/2914/2766 2774/2913/2765
f 2794/2933/2785 2796/2934/2786 2768/2907/2759 2773/2914/2766
f 2792/2931/2783 2793/2930/2782 2794/2933/2785 2795/2932/2784
f 2793/2930/2782 2789/2927/2779 2796/2934/2786 2794/2933/2785
f 2798/2935/2787 2797/2936/2788 2764/2905/2757 2765/2904/2756
f 2787/2926/2778 2788/2925/2777 2797/2936/2788 2798/2935/2787
f 2796/2934/2786 2798/2935/2787 2765/2904/2756 2768/2907/2759
f 2789/2927/2779 2787/2926/2778 2798/2935/2787 2796/2934/2786
f 2742/2874/2733 2800/2937/2789 2799/2938/2790 2741/2875/2734
f 2800/2937/2789 2802/2939/2791 2801/2940/2792 2799/2938/2790
f 2726/2858/2719 2803/2941/2793 2800/2937/2789 2742/2874/2733
f 2803/2941/2793 2804/2942/2794 2802/2939/2791 2800/2937/2789
f 2806/2943/2795 10/13/13 11/12/12 2805/2944/2796
f 2807/2945/2797 5/6/6 10/13/13 2806/2943/2795
f 2802/2939/2791 2806/2943/2795 2805/2944/2796 2801/2940/2792
f 2804/2942/2794 2807/2945/2797 2806/2943/2795 2802/2939/2791
f 2/3/3 2809/2946/2798 2808/2947/2799 1/4/4
f 2809/2946/2798 2811/2948/2800 2810/2949/2801 2808/2947/2799
f 5/6/6 2807/2945/2797 2809/2946/2798 2/3/3
f 2807/2945/2797 2804/2942/2794 2811/2948/2800 2809/2946/2798
f 2813/2950/2802 2722/2852/2713 2719/2855/2716 2812/2951/2803
f 2803/2941/2793 2726/2858/2719 2722/2852/2713 2813/2950/2802
f 2811/2948/2800 2813/2950/2802 2812/2951/2803 2810/2949/2801
f 2804/2942/2794 2803/2941/2793 2813/2950/2802 2811/2948/2800
f 2797/2936/2788 2815/2952/2804 2814/2953/2805 2764/2905/2757
f 2815/2952/2804 2817/2954/2806 2816/2955/2807 2814/2953/2805
f 2788/2925/2777 2818/2956/2808 2815/2952/2804 2797/2936/2788
f 2818/2956/2808 2819/2957/2809 2817/2954/2806 2815/2952/2804
f 2821/2958/2810 52/60/53 53/59/52 2820/2959/2811
f 2822/2960/2812 48/54/47 52/60/53 2821/2958/2810
f 2817/2954/2806 2821/2958/2810 2820/2959/2811 2816/2955/2807
f 2819/2957/2809 2822/2960/2812 2821/2958/2810 2817/2954/2806
f 46/52/45 2823/2961/2813 2805/2944/2796 11/12/12
f 2823/2961/2813 2824/2962/2814 2801/2940/2792 2805/2944/2796
f 48/54/47 2822/2960/2812 2823/2961/2813 46/52/45
f 2822/2960/2812 2819/2957/2809 2824/2962/2814 2823/2961/2813
f 2825/2963/2815 2785/2922/2774 2741/2875/2734 2799/2938/2790
f 2818/2956/2808 2788/2925/2777 2785/2922/2774 2825/2963/2815
f 2824/2962/2814 2825/2963/2815 2799/2938/2790 2801/2940/2792
f 2819/2957/2809 2818/2956/2808 2825/2963/2815 2824/2962/2814
f 2782/2921/2773 2827/2964/2816 2826/2965/2817 2744/2880/2739
f 2827/2964/2816 2829/2966/2818 2828/2967/2819 2826/2965/2817
f 2771/2908/2760 2830/2968/2820 2827/2964/2816 2782/2921/2773
f 2830/2968/2820 2831/2969/2821 2829/2966/2818 2827/2964/2816
f 2833/2970/2822 2705/2837/2699 43/49/42 2832/2971/2823
f 2834/2972/2824 2708/2840/2702 2705/2837/2699 2833/2970/2822
f 2829/2966/2818 2833/2970/2822 2832/2971/2823 2828/2967/2819
f 2831/2969/2821 2834/2972/2824 2833/2970/2822 2829/2966/2818
f 2717/2851/2712 2835/2973/2825 2820/2959/2811 53/59/52
f 2835/2973/2825 2836/2974/2826 2816/2955/2807 2820/2959/2811
f 2708/2840/2702 2834/2972/2824 2835/2973/2825 2717/2851/2712
f 2834/2972/2824 2831/2969/2821 2836/2974/2826 2835/2973/2825
f 2837/2975/2827 2767/2902/2754 2764/2905/2757 2814/2953/2805
f 2830/2968/2820 2771/2908/2760 2767/2902/2754 2837/2975/2827
f 2836/2974/2826 2837/2975/2827 2814/2953/2805 2816/2955/2807
f 2831/2969/2821 2830/2968/2820 2837/2975/2827 2836/2974/2826
f 2762/2899/2753 2838/2976/2828 2812/2977/2803 2719/2900/2716
f 2838/2976/2828 2839/2978/2829 2810/2979/2801 2812/2977/2803
f 2751/2883/2740 2840/2980/2830 2838/2976/2828 2762/2899/2753
f 2840/2980/2830 2841/2981/2831 2839/2978/2829 2838/2976/2828
f 2842/2982/2832 27/26/24 1/29/4 2808/2983/2799
f 2843/2984/2833 30/32/27 27/26/24 2842/2982/2832
f 2839/2978/2829 2842/2982/2832 2808/2983/2799 2810/2979/2801
f 2841/2981/2831 2843/2984/2833 2842/2982/2832 2839/2978/2829
f 44/48/41 2844/2985/2834 2832/2971/2823 43/49/42
f 2844/2985/2834 2845/2986/2835 2828/2967/2819 2832/2971/2823
f 30/32/27 2843/2984/2833 2844/2985/2834 44/48/41
f 2843/2984/2833 2841/2981/2831 2845/2986/2835 2844/2985/2834
f 2846/2987/2836 2747/2877/2736 2744/2880/2739 2826/2965/2817
f 2840/2980/2830 2751/2883/2740 2747/2877/2736 2846/2987/2836
f 2845/2986/2835 2846/2987/2836 2826/2965/2817 2828/2967/2819
f 2841/2981/2831 2840/2980/2830 2846/2987/2836 2845/2986/2835
f 2850/2988/2837 2849/2989/2838 2848/2990/2839 2847/2991/2840
f 2849/2989/2838 2852/2992/2841 2851/2993/2842 2848/2990/2839
f 2854/2994/2843 2853/2995/2844 2849/2989/2838 2850/2988/2837
f 2853/2995/2844 2855/2996/2845 2852/2992/2841 2849/2989/2838
f 2859/2997/2846 2858/2998/2847 2857/2999/2848 2856/3000/2849
f 2861/3001/2850 2860/3002/2851 2858/2998/2847 2859/2997/2846
f 2852/2992/2841 2859/2997/2846 2856/3000/2849 2851/2993/2842
f 2855/2996/2845 2861/3001/2850 2859/2997/2846 2852/2992/2841
f 2865/3003/2852 2864/3004/2853 2863/3005/2854 2862/3006/2855
f 2864/3004/2853 2867/3007/2856 2866/3008/2857 2863/3005/2854
f 2860/3002/2851 2861/3001/2850 2864/3004/2853 2865/3003/2852
f 2861/3001/2850 2855/2996/2845 2867/3007/2856 2864/3004/2853
f 2871/3009/2858 2870/3010/2859 2869/3011/2860 2868/3012/2861
f 2853/2995/2844 2854/2994/2843 2870/3010/2859 2871/3009/2858
f 2867/3007/2856 2871/3009/2858 2868/3012/2861 2866/3008/2857
f 2855/2996/2845 2853/2995/2844 2871/3009/2858 2867/3007/2856
f 2873/3013/2862 2872/3014/2863 2856/3000/2849 2857/2999/2848
f 2872/3014/2863 2874/3015/2864 2851/2993/2842 2856/3000/2849
f 2876/3016/2865 2875/3017/2866 2872/3014/2863 2873/3013/2862
f 2875/3017/2866 2877/3018/2867 2874/3015/2864 2872/3014/2863
f 2879/3019/2868 2878/3020/2869 2847/2991/2840 2848/2990/2839
f 2881/3021/2870 2880/3022/2871 2878/3020/2869 2879/3019/2868
f 2874/3015/2864 2879/3019/2868 2848/2990/2839 2851/2993/2842
f 2877/3018/2867 2881/3021/2870 2879/3019/2868 2874/3015/2864
f 2885/3023/2872 2884/3024/2873 2883/3025/2874 2882/3026/2875
f 2884/3024/2873 2887/3027/2876 2886/3028/2877 2883/3025/2874
f 2880/3022/2871 2881/3021/2870 2884/3024/2873 2885/3023/2872
f 2881/3021/2870 2877/3018/2867 2887/3027/2876 2884/3024/2873
f 2891/3029/2878 2890/3030/2879 2889/3031/2880 2888/3032/2881
f 2875/3017/2866 2876/3016/2865 2890/3030/2879 2891/3029/2878
f 2887/3027/2876 2891/3029/2878 2888/3032/2881 2886/3028/2877
f 2877/3018/2867 2875/3017/2866 2891/3029/2878 2887/3027/2876
f 2895/3033/2882 2894/3034/2883 2893/3035/2884 2892/3036/2885
f 2894/3034/2883 2897/3037/2886 2896/3038/2887 2893/3035/2884
f 2899/3039/2888 2898/3040/2889 2894/3034/2883 2895/3033/2882
f 2898/3040/2889 2900/3041/2890 2897/3037/2886 2894/3034/2883
f 2904/3042/2891 2903/3043/2892 2902/3044/2893 2901/3045/2894
f 2906/3046/2895 2905/3047/2896 2903/3043/2892 2904/3042/2891
f 2897/3037/2886 2904/3042/2891 2901/3045/2894 2896/3038/2887
f 2900/3041/2890 2906/3046/2895 2904/3042/2891 2897/3037/2886
f 2910/3048/2897 2909/3049/2898 2908/3050/2899 2907/3051/2900
f 2909/3049/2898 2912/3052/2901 2911/3053/2902 2908/3050/2899
f 2905/3047/2896 2906/3046/2895 2909/3049/2898 2910/3048/2897
f 2906/3046/2895 2900/3041/2890 2912/3052/2901 2909/3049/2898
f 2916/3054/2903 2915/3055/2904 2914/3056/2905 2913/3057/2906
f 2898/3040/2889 2899/3039/2888 2915/3055/2904 2916/3054/2903
f 2912/3052/2901 2916/3054/2903 2913/3057/2906 2911/3053/2902
f 2900/3041/2890 2898/3040/2889 2916/3054/2903 2912/3052/2901
f 2870/3010/2859 2918/3058/2907 2917/3059/2908 2869/3011/2860
f 2918/3058/2907 2920/3060/2909 2919/3061/2910 2917/3059/2908
f 2854/2994/2843 2921/3062/2911 2918/3058/2907 2870/3010/2859
f 2921/3062/2911 2922/3063/2912 2920/3060/2909 2918/3058/2907
f 2926/3064/2913 2925/3065/2914 2924/3066/2915 2923/3067/2916
f 2928/3068/2917 2927/3069/2918 2925/3065/2914 2926/3064/2913
f 2920/3060/2909 2926/3064/2913 2923/3067/2916 2919/3061/2910
f 2922/3063/2912 2928/3068/2917 2926/3064/2913 2920/3060/2909
f 2932/3070/2919 2931/3071/2920 2930/3072/2921 2929/3073/2922
f 2931/3071/2920 2934/3074/2923 2933/3075/2924 2930/3072/2921
f 2927/3069/2918 2928/3068/2917 2931/3071/2920 2932/3070/2919
f 2928/3068/2917 2922/3063/2912 2934/3074/2923 2931/3071/2920
f 2936/3076/2925 2850/2988/2837 2847/2991/2840 2935/3077/2926
f 2921/3062/2911 2854/2994/2843 2850/2988/2837 2936/3076/2925
f 2934/3074/2923 2936/3076/2925 2935/3077/2926 2933/3075/2924
f 2922/3063/2912 2921/3062/2911 2936/3076/2925 2934/3074/2923
f 2940/3078/2927 2939/3079/2928 2938/3080/2929 2937/3081/2930
f 2939/3079/2928 2942/3082/2931 2941/3083/2932 2938/3080/2929
f 2944/3084/2933 2943/3085/2934 2939/3079/2928 2940/3078/2927
f 2943/3085/2934 2945/3086/2935 2942/3082/2931 2939/3079/2928
f 2949/3087/2936 2948/3088/2937 2947/3089/2938 2946/3090/2939
f 2951/3091/2940 2950/3092/2941 2948/3088/2937 2949/3087/2936
f 2942/3082/2931 2949/3087/2936 2946/3090/2939 2941/3083/2932
f 2945/3086/2935 2951/3091/2940 2949/3087/2936 2942/3082/2931
f 2955/3093/2942 2954/3094/2943 2953/3095/2944 2952/3096/2945
f 2954/3094/2943 2957/3097/2946 2956/3098/2947 2953/3095/2944
f 2950/3092/2941 2951/3091/2940 2954/3094/2943 2955/3093/2942
f 2951/3091/2940 2945/3086/2935 2957/3097/2946 2954/3094/2943
f 2961/3099/2948 2960/3100/2949 2959/3101/2950 2958/3102/2951
f 2943/3085/2934 2944/3084/2933 2960/3100/2949 2961/3099/2948
f 2957/3097/2946 2961/3099/2948 2958/3102/2951 2956/3098/2947
f 2945/3086/2935 2943/3085/2934 2961/3099/2948 2957/3097/2946
f 2948/3088/2937 2963/3103/2952 2962/3104/2953 2947/3089/2938
f 2963/3103/2952 2965/3105/2954 2964/3106/2955 2962/3104/2953
f 2950/3092/2941 2966/3107/2956 2963/3103/2952 2948/3088/2937
f 2966/3107/2956 2967/3108/2957 2965/3105/2954 2963/3103/2952
f 2971/3109/2958 2970/3110/2959 2969/3111/2960 2968/3112/2961
f 2973/3113/2962 2972/3114/2963 2970/3110/2959 2971/3109/2958
f 2965/3105/2954 2971/3109/2958 2968/3112/2961 2964/3106/2955
f 2967/3108/2957 2973/3113/2962 2971/3109/2958 2965/3105/2954
f 2977/3115/2964 2976/3116/2965 2975/3117/2966 2974/3118/2967
f 2976/3116/2965 2979/3119/2968 2978/3120/2969 2975/3117/2966
f 2972/3114/2963 2973/3113/2962 2976/3116/2965 2977/3115/2964
f 2973/3113/2962 2967/3108/2957 2979/3119/2968 2976/3116/2965
f 2981/3121/2970 2955/3093/2942 2952/3096/2945 2980/3122/2971
f 2966/3107/2956 2950/3092/2941 2955/3093/2942 2981/3121/2970
f 2979/3119/2968 2981/3121/2970 2980/3122/2971 2978/3120/2969
f 2967/3108/2957 2966/3107/2956 2981/3121/2970 2979/3119/2968
f 2970/3110/2959 2983/3123/2972 2982/3124/2973 2969/3111/2960
f 2983/3123/2972 2985/3125/2974 2984/3126/2975 2982/3124/2973
f 2972/3114/2963 2986/3127/2976 2983/3123/2972 2970/3110/2959
f 2986/3127/2976 2987/3128/2977 2985/3125/2974 2983/3123/2972
f 2991/3129/2978 2990/3130/2979 2989/3131/2980 2988/3132/2981
f 2993/3133/2982 2992/3134/2983 2990/3130/2979 2991/3129/2978
f 2985/3125/2974 2991/3129/2978 2988/3132/2981 2984/3126/2975
f 2987/3128/2977 2993/3133/2982 2991/3129/2978 2985/3125/2974
f 2997/3135/2984 2996/3136/2985 2995/3137/2986 2994/3138/2987
f 2996/3136/2985 2999/3139/2988 2998/3140/2989 2995/3137/2986
f 2992/3134/2983 2993/3133/2982 2996/3136/2985 2997/3135/2984
f 2993/3133/2982 2987/3128/2977 2999/3139/2988 2996/3136/2985
f 3001/3141/2990 2977/3115/2964 2974/3118/2967 3000/3142/2991
f 2986/3127/2976 2972/3114/2963 2977/3115/2964 3001/3141/2990
f 2999/3139/2988 3001/3141/2990 3000/3142/2991 2998/3140/2989
f 2987/3128/2977 2986/3127/2976 3001/3141/2990 2999/3139/2988
f 3005/3143/2992 3004/3144/2993 3003/3145/2994 3002/3146/2995
f 3004/3144/2993 3007/3147/2996 3006/3148/2997 3003/3145/2994
f 3009/3149/2998 3008/3150/2999 3004/3144/2993 3005/3143/2992
f 3008/3150/2999 3010/3151/3000 3007/3147/2996 3004/3144/2993
f 3014/3152/3001 3013/3153/3002 3012/3154/3003 3011/3155/3004
f 3016/3156/3005 3015/3157/3006 3013/3153/3002 3014/3152/3001
f 3007/3147/2996 3014/3152/3001 3011/3155/3004 3006/3148/2997
f 3010/3151/3000 3016/3156/3005 3014/3152/3001 3007/3147/2996
f 3020/3158/3007 3019/3159/3008 3018/3160/3009 3017/3161/3010
f 3019/3159/3008 3022/3162/3011 3021/3163/3012 3018/3160/3009
f 3015/3157/3006 3016/3156/3005 3019/3159/3008 3020/3158/3007
f 3016/3156/3005 3010/3151/3000 3022/3162/3011 3019/3159/3008
f 3026/3164/3013 3025/3165/3014 3024/3166/3015 3023/3167/3016
f 3008/3150/2999 3009/3149/2998 3025/3165/3014 3026/3164/3013
f 3022/3162/3011 3026/3164/3013 3023/3167/3016 3021/3163/3012
f 3010/3151/3000 3008/3150/2999 3026/3164/3013 3022/3162/3011
f 3028/3168/3017 3027/3169/3018 3020/3158/3007 3017/3161/3010
f 3027/3169/3018 3029/3170/3019 3015/3157/3006 3020/3158/3007
f 3031/3171/3020 3030/3172/3021 3027/3169/3018 3028/3168/3017
f 3030/3172/3021 3032/3173/3022 3029/3170/3019 3027/3169/3018
f 3034/3174/3023 3033/3175/3024 3012/3154/3003 3013/3153/3002
f 3036/3176/3025 3035/3177/3026 3033/3175/3024 3034/3174/3023
f 3029/3170/3019 3034/3174/3023 3013/3153/3002 3015/3157/3006
f 3032/3173/3022 3036/3176/3025 3034/3174/3023 3029/3170/3019
f 3040/3178/3027 3039/3179/3028 3038/3180/3029 3037/3181/3030
f 3039/3179/3028 3042/3182/3031 3041/3183/3032 3038/3180/3029
f 3035/3177/3026 3036/3176/3025 3039/3179/3028 3040/3178/3027
f 3036/3176/3025 3032/3173/3022 3042/3182/3031 3039/3179/3028
f 3046/3184/3033 3045/3185/3034 3044/3186/3035 3043/3187/3036
f 3030/3172/3021 3031/3171/3020 3045/3185/3034 3046/3184/3033
f 3042/3182/3031 3046/3184/3033 3043/3187/3036 3041/3183/3032
f 3032/3173/3022 3030/3172/3021 3046/3184/3033 3042/3182/3031
f 3048/3188/3037 3047/3189/3038 3043/3187/3036 3044/3186/3035
f 3047/3189/3038 3049/3190/3039 3041/3183/3032 3043/3187/3036
f 3051/3191/3040 3050/3192/3041 3047/3189/3038 3048/3188/3037
f 3050/3192/3041 3052/3193/3042 3049/3190/3039 3047/3189/3038
f 3054/3194/3043 3053/3195/3044 3037/3181/3030 3038/3180/3029
f 3056/3196/3045 3055/3197/3046 3053/3195/3044 3054/3194/3043
f 3049/3190/3039 3054/3194/3043 3038/3180/3029 3041/3183/3032
f 3052/3193/3042 3056/3196/3045 3054/3194/3043 3049/3190/3039
f 3060/3198/3047 3059/3199/3048 3058/3200/3049 3057/3201/3050
f 3059/3199/3048 3062/3202/3051 3061/3203/3052 3058/3200/3049
f 3055/3197/3046 3056/3196/3045 3059/3199/3048 3060/3198/3047
f 3056/3196/3045 3052/3193/3042 3062/3202/3051 3059/3199/3048
f 3066/3204/3053 3065/3205/3054 3064/3206/3055 3063/3207/3056
f 3050/3192/3041 3051/3191/3040 3065/3205/3054 3066/3204/3053
f 3062/3202/3051 3066/3204/3053 3063/3207/3056 3061/3203/3052
f 3052/3193/3042 3050/3192/3041 3066/3204/3053 3062/3202/3051
f 3068/3208/3057 3067/3209/3058 3063/3207/3056 3064/3206/3055
f 3067/3209/3058 3069/3210/3059 3061/3203/3052 3063/3207/3056
f 3071/3211/3060 3070/3212/3061 3067/3209/3058 3068/3208/3057
f 3070/3212/3061 3072/3213/3062 3069/3210/3059 3067/3209/3058
f 3074/3214/3063 3073/3215/3064 3057/3201/3050 3058/3200/3049
f 3076/3216/3065 3075/3217/3066 3073/3215/3064 3074/3214/3063
f 3069/3210/3059 3074/3214/3063 3058/3200/3049 3061/3203/3052
f 3072/3213/3062 3076/3216/3065 3074/3214/3063 3069/3210/3059
f 3080/3218/3067 3079/3219/3068 3078/3220/3069 3077/3221/3070
f 3079/3219/3068 3082/3222/3071 3081/3223/3072 3078/3220/3069
f 3075/3217/3066 3076/3216/3065 3079/3219/3068 3080/3218/3067
f 3076/3216/3065 3072/3213/3062 3082/3222/3071 3079/3219/3068
f 3086/3224/3073 3085/3225/3074 3084/3226/3075 3083/3227/3076
f 3070/3212/3061 3071/3211/3060 3085/3225/3074 3086/3224/3073
f 3082/3222/3071 3086/3224/3073 3083/3227/3076 3081/3223/3072
f 3072/3213/3062 3070/3212/3061 3086/3224/3073 3082/3222/3071
f 3090/3228/3077 3089/3229/3078 3088/3230/3079 3087/3231/3080
f 3089/3229/3078 3092/3232/3081 3091/3233/3082 3088/3230/3079
f 3094/3234/3083 3093/3235/3084 3089/3229/3078 3090/3228/3077
f 3093/3235/3084 3095/3236/3085 3092/3232/3081 3089/3229/3078
f 3099/3237/3086 3098/3238/3087 3097/3239/3088 3096/3240/3089
f 3101/3241/3090 3100/3242/3091 3098/3238/3087 3099/3237/3086
f 3092/3232/3081 3099/3237/3086 3096/3240/3089 3091/3233/3082
f 3095/3236/3085 3101/3241/3090 3099/3237/3086 3092/3232/3081
f 3105/3243/3092 3104/3244/3093 3103/3245/3094 3102/3246/3095
f 3104/3244/3093 3107/3247/3096 3106/3248/3097 3103/3245/3094
f 3100/3242/3091 3101/3241/3090 3104/3244/3093 3105/3243/3092
f 3101/3241/3090 3095/3236/3085 3107/3247/3096 3104/3244/3093
f 3111/3249/3098 3110/3250/3099 3109/3251/3100 3108/3252/3101
f 3093/3235/3084 3094/3234/3083 3110/3250/3099 3111/3249/3098
f 3107/3247/3096 3111/3249/3098 3108/3252/3101 3106/3248/3097
f 3095/3236/3085 3093/3235/3084 3111/3249/3098 3107/3247/3096
f 3113/3253/3102 3112/3254/3103 3108/3252/3101 3109/3251/3100
f 3112/3254/3103 3114/3255/3104 3106/3248/3097 3108/3252/3101
f 3116/3256/3105 3115/3257/3106 3112/3254/3103 3113/3253/3102
f 3115/3257/3106 3117/3258/3107 3114/3255/3104 3112/3254/3103
f 3119/3259/3108 3118/3260/3109 3102/3246/3095 3103/3245/3094
f 3121/3261/3110 3120/3262/3111 3118/3260/3109 3119/3259/3108
f 3114/3255/3104 3119/3259/3108 3103/3245/3094 3106/3248/3097
f 3117/3258/3107 3121/3261/3110 3119/3259/3108 3114/3255/3104
f 3125/3263/3112 3124/3264/3113 3123/3265/3114 3122/3266/3115
f 3124/3264/3113 3127/3267/3116 3126/3268/3117 3123/3265/3114
f 3120/3262/3111 3121/3261/3110 3124/3264/3113 3125/3263/3112
f 3121/3261/3110 3117/3258/3107 3127/3267/3116 3124/3264/3113
f 3131/3269/3118 3130/3270/3119 3129/3271/3120 3128/3272/3121
f 3115/3257/3106 3116/3256/3105 3130/3270/3119 3131/3269/3118
f 3127/3267/3116 3131/3269/3118 3128/3272/3121 3126/3268/3117
f 3117/3258/3107 3115/3257/3106 3131/3269/3118 3127/3267/3116
f 3133/3273/3122 3132/3274/3123 3128/3272/3121 3129/3271/3120
f 3132/3274/3123 3134/3275/3124 3126/3268/3117 3128/3272/3121
f 3136/3276/3125 3135/3277/3126 3132/3274/3123 3133/3273/3122
f 3135/3277/3126 3137/3278/3127 3134/3275/3124 3132/3274/3123
f 3139/3279/3128 3138/3280/3129 3122/3266/3115 3123/3265/3114
f 3141/3281/3130 3140/3282/3131 3138/3280/3129 3139/3279/3128
f 3134/3275/3124 3139/3279/3128 3123/3265/3114 3126/3268/3117
f 3137/3278/3127 3141/3281/3130 3139/3279/3128 3134/3275/3124
f 3143/3283/3132 3142/3284/3133 510/521/504 507/524/507
f 3142/3284/3133 3144/3285/3134 505/520/503 510/521/504
f 3140/3282/3131 3141/3281/3130 3142/3284/3133 3143/3283/3132
f 3141/3281/3130 3137/3278/3127 3144/3285/3134 3142/3284/3133
f 3146/3286/3135 3145/3287/3136 502/517/500 503/516/499
f 3135/3277/3126 3136/3276/3125 3145/3287/3136 3146/3286/3135
f 3144/3285/3134 3146/3286/3135 503/516/499 505/520/503
f 3137/3278/3127 3135/3277/3126 3146/3286/3135 3144/3285/3134
f 3150/3288/3137 3149/3289/3138 3148/3290/3139 3147/3291/3140
f 3149/3289/3138 3152/3292/3141 3151/3293/3142 3148/3290/3139
f 3154/3294/3143 3153/3295/3144 3149/3289/3138 3150/3288/3137
f 3153/3295/3144 3155/3296/3145 3152/3292/3141 3149/3289/3138
f 3157/3297/3146 2865/3003/2852 2862/3006/2855 3156/3298/3147
f 3158/3299/3148 2860/3002/2851 2865/3003/2852 3157/3297/3146
f 3152/3292/3141 3157/3297/3146 3156/3298/3147 3151/3293/3142
f 3155/3296/3145 3158/3299/3148 3157/3297/3146 3152/3292/3141
f 2858/2998/2847 3160/3300/3149 3159/3301/3150 2857/2999/2848
f 3160/3300/3149 3162/3302/3151 3161/3303/3152 3159/3301/3150
f 2860/3002/2851 3158/3299/3148 3160/3300/3149 2858/2998/2847
f 3158/3299/3148 3155/3296/3145 3162/3302/3151 3160/3300/3149
f 3166/3304/3153 3165/3305/3154 3164/3306/3155 3163/3307/3156
f 3153/3295/3144 3154/3294/3143 3165/3305/3154 3166/3304/3153
f 3162/3302/3151 3166/3304/3153 3163/3307/3156 3161/3303/3152
f 3155/3296/3145 3153/3295/3144 3166/3304/3153 3162/3302/3151
f 2878/3020/2869 3167/3308/3157 2935/3077/2926 2847/2991/2840
f 3167/3308/3157 3168/3309/3158 2933/3075/2924 2935/3077/2926
f 2880/3022/2871 3169/3310/3159 3167/3308/3157 2878/3020/2869
f 3169/3310/3159 3170/3311/3160 3168/3309/3158 3167/3308/3157
f 3172/3312/3161 3171/3313/3162 2929/3073/2922 2930/3072/2921
f 3174/3314/3163 3173/3315/3164 3171/3313/3162 3172/3312/3161
f 3168/3309/3158 3172/3312/3161 2930/3072/2921 2933/3075/2924
f 3170/3311/3160 3174/3314/3163 3172/3312/3161 3168/3309/3158
f 3178/3316/3165 3177/3317/3166 3176/3318/3167 3175/3319/3168
f 3177/3317/3166 3180/3320/3169 3179/3321/3170 3176/3318/3167
f 3173/3315/3164 3174/3314/3163 3177/3317/3166 3178/3316/3165
f 3174/3314/3163 3170/3311/3160 3180/3320/3169 3177/3317/3166
f 3182/3322/3171 2885/3023/2872 2882/3026/2875 3181/3323/3172
f 3169/3310/3159 2880/3022/2871 2885/3023/2872 3182/3322/3171
f 3180/3320/3169 3182/3322/3171 3181/3323/3172 3179/3321/3170
f 3170/3311/3160 3169/3310/3159 3182/3322/3171 3180/3320/3169
f 3184/3324/3173 3183/3325/3174 2958/3102/2951 2959/3101/2950
f 3183/3325/3174 3185/3326/3175 2956/3098/2947 2958/3102/2951
f 3187/3327/3176 3186/3328/3177 3183/3325/3174 3184/3324/3173
f 3186/3328/3177 3188/3329/3178 3185/3326/3175 3183/3325/3174
f 3190/3330/3179 3189/3331/3180 2952/3096/2945 2953/3095/2944
f 3192/3332/3181 3191/3333/3182 3189/3331/3180 3190/3330/3179
f 3185/3326/3175 3190/3330/3179 2953/3095/2944 2956/3098/2947
f 3188/3329/3178 3192/3332/3181 3190/3330/3179 3185/3326/3175
f 3196/3334/3183 3195/3335/3184 3194/3336/3185 3193/3337/3186
f 3195/3335/3184 3198/3338/3187 3197/3339/3188 3194/3336/3185
f 3191/3333/3182 3192/3332/3181 3195/3335/3184 3196/3334/3183
f 3192/3332/3181 3188/3329/3178 3198/3338/3187 3195/3335/3184
f 3202/3340/3189 3201/3341/3190 3200/3342/3191 3199/3343/3192
f 3186/3328/3177 3187/3327/3176 3201/3341/3190 3202/3340/3189
f 3198/3338/3187 3202/3340/3189 3199/3343/3192 3197/3339/3188
f 3188/3329/3178 3186/3328/3177 3202/3340/3189 3198/3338/3187
f 3189/3331/3180 3203/3344/3193 2980/3122/2971 2952/3096/2945
f 3203/3344/3193 3204/3345/3194 2978/3120/2969 2980/3122/2971
f 3191/3333/3182 3205/3346/3195 3203/3344/3193 3189/3331/3180
f 3205/3346/3195 3206/3347/3196 3204/3345/3194 3203/3344/3193
f 3208/3348/3197 3207/3349/3198 2974/3118/2967 2975/3117/2966
f 3210/3350/3199 3209/3351/3200 3207/3349/3198 3208/3348/3197
f 3204/3345/3194 3208/3348/3197 2975/3117/2966 2978/3120/2969
f 3206/3347/3196 3210/3350/3199 3208/3348/3197 3204/3345/3194
f 3214/3352/3201 3213/3353/3202 3212/3354/3203 3211/3355/3204
f 3213/3353/3202 3216/3356/3205 3215/3357/3206 3212/3354/3203
f 3209/3351/3200 3210/3350/3199 3213/3353/3202 3214/3352/3201
f 3210/3350/3199 3206/3347/3196 3216/3356/3205 3213/3353/3202
f 3218/3358/3207 3196/3334/3183 3193/3337/3186 3217/3359/3208
f 3205/3346/3195 3191/3333/3182 3196/3334/3183 3218/3358/3207
f 3216/3356/3205 3218/3358/3207 3217/3359/3208 3215/3357/3206
f 3206/3347/3196 3205/3346/3195 3218/3358/3207 3216/3356/3205
f 3207/3349/3198 3219/3360/3209 3000/3142/2991 2974/3118/2967
f 3219/3360/3209 3220/3361/3210 2998/3140/2989 3000/3142/2991
f 3209/3351/3200 3221/3362/3211 3219/3360/3209 3207/3349/3198
f 3221/3362/3211 3222/3363/3212 3220/3361/3210 3219/3360/3209
f 3224/3364/3213 3223/3365/3214 2994/3138/2987 2995/3137/2986
f 3226/3366/3215 3225/3367/3216 3223/3365/3214 3224/3364/3213
f 3220/3361/3210 3224/3364/3213 2995/3137/2986 2998/3140/2989
f 3222/3363/3212 3226/3366/3215 3224/3364/3213 3220/3361/3210
f 3230/3368/3217 3229/3369/3218 3228/3370/3219 3227/3371/3220
f 3229/3369/3218 3232/3372/3221 3231/3373/3222 3228/3370/3219
f 3225/3367/3216 3226/3366/3215 3229/3369/3218 3230/3368/3217
f 3226/3366/3215 3222/3363/3212 3232/3372/3221 3229/3369/3218
f 3234/3374/3223 3214/3352/3201 3211/3355/3204 3233/3375/3224
f 3221/3362/3211 3209/3351/3200 3214/3352/3201 3234/3374/3223
f 3232/3372/3221 3234/3374/3223 3233/3375/3224 3231/3373/3222
f 3222/3363/3212 3221/3362/3211 3234/3374/3223 3232/3372/3221
f 3236/3376/3225 3235/3377/3226 3023/3167/3016 3024/3166/3015
f 3235/3377/3226 3237/3378/3227 3021/3163/3012 3023/3167/3016
f 3239/3379/3228 3238/3380/3229 3235/3377/3226 3236/3376/3225
f 3238/3380/3229 3240/3381/3230 3237/3378/3227 3235/3377/3226
f 3242/3382/3231 3241/3383/3232 3017/3161/3010 3018/3160/3009
f 3244/3384/3233 3243/3385/3234 3241/3383/3232 3242/3382/3231
f 3237/3378/3227 3242/3382/3231 3018/3160/3009 3021/3163/3012
f 3240/3381/3230 3244/3384/3233 3242/3382/3231 3237/3378/3227
f 3248/3386/3235 3247/3387/3236 3246/3388/3237 3245/3389/3238
f 3247/3387/3236 3250/3390/3239 3249/3391/3240 3246/3388/3237
f 3243/3385/3234 3244/3384/3233 3247/3387/3236 3248/3386/3235
f 3244/3384/3233 3240/3381/3230 3250/3390/3239 3247/3387/3236
f 3254/3392/3241 3253/3393/3242 3252/3394/3243 3251/3395/3244
f 3238/3380/3229 3239/3379/3228 3253/3393/3242 3254/3392/3241
f 3250/3390/3239 3254/3392/3241 3251/3395/3244 3249/3391/3240
f 3240/3381/3230 3238/3380/3229 3254/3392/3241 3250/3390/3239
f 3256/3396/3245 3255/3397/3246 3248/3386/3235 3245/3389/3238
f 3255/3397/3246 3257/3398/3247 3243/3385/3234 3248/3386/3235
f 3259/3399/3248 3258/3400/3249 3255/3397/3246 3256/3396/3245
f 3258/3400/3249 3260/3401/3250 3257/3398/3247 3255/3397/3246
f 3261/3402/3251 3028/3168/3017 3017/3161/3010 3241/3383/3232
f 3262/3403/3252 3031/3171/3020 3028/3168/3017 3261/3402/3251
f 3257/3398/3247 3261/3402/3251 3241/3383/3232 3243/3385/3234
f 3260/3401/3250 3262/3403/3252 3261/3402/3251 3257/3398/3247
f 3045/3185/3034 3264/3404/3253 3263/3405/3254 3044/3186/3035
f 3264/3404/3253 3266/3406/3255 3265/3407/3256 3263/3405/3254
f 3031/3171/3020 3262/3403/3252 3264/3404/3253 3045/3185/3034
f 3262/3403/3252 3260/3401/3250 3266/3406/3255 3264/3404/3253
f 3270/3408/3257 3269/3409/3258 3268/3410/3259 3267/3411/3260
f 3258/3400/3249 3259/3399/3248 3269/3409/3258 3270/3408/3257
f 3266/3406/3255 3270/3408/3257 3267/3411/3260 3265/3407/3256
f 3260/3401/3250 3258/3400/3249 3270/3408/3257 3266/3406/3255
f 3272/3412/3261 3271/3413/3262 3267/3411/3260 3268/3410/3259
f 3271/3413/3262 3273/3414/3263 3265/3407/3256 3267/3411/3260
f 3275/3415/3264 3274/3416/3265 3271/3413/3262 3272/3412/3261
f 3274/3416/3265 3276/3417/3266 3273/3414/3263 3271/3413/3262
f 3277/3418/3267 3048/3188/3037 3044/3186/3035 3263/3405/3254
f 3278/3419/3268 3051/3191/3040 3048/3188/3037 3277/3418/3267
f 3273/3414/3263 3277/3418/3267 3263/3405/3254 3265/3407/3256
f 3276/3417/3266 3278/3419/3268 3277/3418/3267 3273/3414/3263
f 3065/3205/3054 3280/3420/3269 3279/3421/3270 3064/3206/3055
f 3280/3420/3269 3282/3422/3271 3281/3423/3272 3279/3421/3270
f 3051/3191/3040 3278/3419/3268 3280/3420/3269 3065/3205/3054
f 3278/3419/3268 3276/3417/3266 3282/3422/3271 3280/3420/3269
f 3286/3424/3273 3285/3425/3274 3284/3426/3275 3283/3427/3276
f 3274/3416/3265 3275/3415/3264 3285/3425/3274 3286/3424/3273
f 3282/3422/3271 3286/3424/3273 3283/3427/3276 3281/3423/3272
f 3276/3417/3266 3274/3416/3265 3286/3424/3273 3282/3422/3271
f 3288/3428/3277 3287/3429/3278 3283/3427/3276 3284/3426/3275
f 3287/3429/3278 3289/3430/3279 3281/3423/3272 3283/3427/3276
f 3291/3431/3280 3290/3432/3281 3287/3429/3278 3288/3428/3277
f 3290/3432/3281 3292/3433/3282 3289/3430/3279 3287/3429/3278
f 3293/3434/3283 3068/3208/3057 3064/3206/3055 3279/3421/3270
f 3294/3435/3284 3071/3211/3060 3068/3208/3057 3293/3434/3283
f 3289/3430/3279 3293/3434/3283 3279/3421/3270 3281/3423/3272
f 3292/3433/3282 3294/3435/3284 3293/3434/3283 3289/3430/3279
f 3085/3225/3074 3296/3436/3285 3295/3437/3286 3084/3226/3075
f 3296/3436/3285 3298/3438/3287 3297/3439/3288 3295/3437/3286
f 3071/3211/3060 3294/3435/3284 3296/3436/3285 3085/3225/3074
f 3294/3435/3284 3292/3433/3282 3298/3438/3287 3296/3436/3285
f 3302/3440/3289 3301/3441/3290 3300/3442/3291 3299/3443/3292
f 3290/3432/3281 3291/3431/3280 3301/3441/3290 3302/3440/3289
f 3298/3438/3287 3302/3440/3289 3299/3443/3292 3297/3439/3288
f 3292/3433/3282 3290/3432/3281 3302/3440/3289 3298/3438/3287
f 3306/3444/3293 3305/3445/3294 3304/3446/3295 3303/3447/3296
f 3305/3445/3294 3308/3448/3297 3307/3449/3298 3304/3446/3295
f 3310/3450/3299 3309/3451/3300 3305/3445/3294 3306/3444/3293
f 3309/3451/3300 3311/3452/3301 3308/3448/3297 3305/3445/3294
f 3313/3453/3302 3090/3228/3077 3087/3231/3080 3312/3454/3303
f 3314/3455/3304 3094/3234/3083 3090/3228/3077 3313/3453/3302
f 3308/3448/3297 3313/3453/3302 3312/3454/3303 3307/3449/3298
f 3311/3452/3301 3314/3455/3304 3313/3453/3302 3308/3448/3297
f 3110/3250/3099 3316/3456/3305 3315/3457/3306 3109/3251/3100
f 3316/3456/3305 3318/3458/3307 3317/3459/3308 3315/3457/3306
f 3094/3234/3083 3314/3455/3304 3316/3456/3305 3110/3250/3099
f 3314/3455/3304 3311/3452/3301 3318/3458/3307 3316/3456/3305
f 3322/3460/3309 3321/3461/3310 3320/3462/3311 3319/3463/3312
f 3309/3451/3300 3310/3450/3299 3321/3461/3310 3322/3460/3309
f 3318/3458/3307 3322/3460/3309 3319/3463/3312 3317/3459/3308
f 3311/3452/3301 3309/3451/3300 3322/3460/3309 3318/3458/3307
f 3324/3464/3313 3323/3465/3314 3319/3463/3312 3320/3462/3311
f 3323/3465/3314 3325/3466/3315 3317/3459/3308 3319/3463/3312
f 3327/3467/3316 3326/3468/3317 3323/3465/3314 3324/3464/3313
f 3326/3468/3317 3328/3469/3318 3325/3466/3315 3323/3465/3314
f 3329/3470/3319 3113/3253/3102 3109/3251/3100 3315/3457/3306
f 3330/3471/3320 3116/3256/3105 3113/3253/3102 3329/3470/3319
f 3325/3466/3315 3329/3470/3319 3315/3457/3306 3317/3459/3308
f 3328/3469/3318 3330/3471/3320 3329/3470/3319 3325/3466/3315
f 3130/3270/3119 3332/3472/3321 3331/3473/3322 3129/3271/3120
f 3332/3472/3321 3334/3474/3323 3333/3475/3324 3331/3473/3322
f 3116/3256/3105 3330/3471/3320 3332/3472/3321 3130/3270/3119
f 3330/3471/3320 3328/3469/3318 3334/3474/3323 3332/3472/3321
f 3338/3476/3325 3337/3477/3326 3336/3478/3327 3335/3479/3328
f 3326/3468/3317 3327/3467/3316 3337/3477/3326 3338/3476/3325
f 3334/3474/3323 3338/3476/3325 3335/3479/3328 3333/3475/3324
f 3328/3469/3318 3326/3468/3317 3338/3476/3325 3334/3474/3323
f 3340/3480/3329 3339/3481/3330 3335/3479/3328 3336/3478/3327
f 3339/3481/3330 3341/3482/3331 3333/3475/3324 3335/3479/3328
f 3343/3483/3332 3342/3484/3333 3339/3481/3330 3340/3480/3329
f 3342/3484/3333 3344/3485/3334 3341/3482/3331 3339/3481/3330
f 3345/3486/3335 3133/3273/3122 3129/3271/3120 3331/3473/3322
f 3346/3487/3336 3136/3276/3125 3133/3273/3122 3345/3486/3335
f 3341/3482/3331 3345/3486/3335 3331/3473/3322 3333/3475/3324
f 3344/3485/3334 3346/3487/3336 3345/3486/3335 3341/3482/3331
f 3145/3287/3136 3347/3488/3337 720/733/716 502/517/500
f 3347/3488/3337 3348/3489/3338 717/732/715 720/733/716
f 3136/3276/3125 3346/3487/3336 3347/3488/3337 3145/3287/3136
f 3346/3487/3336 3344/3485/3334 3348/3489/3338 3347/3488/3337
f 3350/3490/3339 3349/3491/3340 714/729/712 715/728/711
f 3342/3484/3333 3343/3483/3332 3349/3491/3340 3350/3490/3339
f 3348/3489/3338 3350/3490/3339 715/728/711 717/732/715
f 3344/3485/3334 3342/3484/3333 3350/3490/3339 3348/3489/3338
f 3354/3492/3341 3353/3493/3342 3352/3494/3343 3351/3495/3344
f 3353/3493/3342 3356/3496/3345 3355/3497/3346 3352/3494/3343
f 3358/3498/3347 3357/3499/3348 3353/3493/3342 3354/3492/3341
f 3357/3499/3348 3359/3500/3349 3356/3496/3345 3353/3493/3342
f 3363/3501/3350 3362/3502/3351 3361/3503/3352 3360/3504/3353
f 3365/3505/3354 3364/3506/3355 3362/3502/3351 3363/3501/3350
f 3356/3496/3345 3363/3501/3350 3360/3504/3353 3355/3497/3346
f 3359/3500/3349 3365/3505/3354 3363/3501/3350 3356/3496/3345
f 3369/3507/3356 3368/3508/3357 3367/3509/3358 3366/3510/3359
f 3368/3508/3357 3371/3511/3360 3370/3512/3361 3367/3509/3358
f 3364/3506/3355 3365/3505/3354 3368/3508/3357 3369/3507/3356
f 3365/3505/3354 3359/3500/3349 3371/3511/3360 3368/3508/3357
f 3375/3513/3362 3374/3514/3363 3373/3515/3364 3372/3516/3365
f 3357/3499/3348 3358/3498/3347 3374/3514/3363 3375/3513/3362
f 3371/3511/3360 3375/3513/3362 3372/3516/3365 3370/3512/3361
f 3359/3500/3349 3357/3499/3348 3375/3513/3362 3371/3511/3360
f 3379/3517/3366 3378/3518/3367 3377/3519/3368 3376/3520/3369
f 3378/3518/3367 3381/3521/3370 3380/3522/3371 3377/3519/3368
f 3383/3523/3372 3382/3524/3373 3378/3518/3367 3379/3517/3366
f 3382/3524/3373 3384/3525/3374 3381/3521/3370 3378/3518/3367
f 3386/3526/3375 3369/3507/3356 3366/3510/3359 3385/3527/3376
f 3387/3528/3377 3364/3506/3355 3369/3507/3356 3386/3526/3375
f 3381/3521/3370 3386/3526/3375 3385/3527/3376 3380/3522/3371
f 3384/3525/3374 3387/3528/3377 3386/3526/3375 3381/3521/3370
f 3362/3502/3351 3389/3529/3378 3388/3530/3379 3361/3503/3352
f 3389/3529/3378 3391/3531/3380 3390/3532/3381 3388/3530/3379
f 3364/3506/3355 3387/3528/3377 3389/3529/3378 3362/3502/3351
f 3387/3528/3377 3384/3525/3374 3391/3531/3380 3389/3529/3378
f 3395/3533/3382 3394/3534/3383 3393/3535/3384 3392/3536/3385
f 3382/3524/3373 3383/3523/3372 3394/3534/3383 3395/3533/3382
f 3391/3531/3380 3395/3533/3382 3392/3536/3385 3390/3532/3381
f 3384/3525/3374 3382/3524/3373 3395/3533/3382 3391/3531/3380
f 3399/3537/3386 3398/3538/3387 3397/3539/3388 3396/3540/3389
f 3398/3538/3387 3401/3541/3390 3400/3542/3391 3397/3539/3388
f 3403/3543/3392 3402/3544/3393 3398/3538/3387 3399/3537/3386
f 3402/3544/3393 3404/3545/3394 3401/3541/3390 3398/3538/3387
f 3408/3546/3395 3407/3547/3396 3406/3548/3397 3405/3549/3398
f 3410/3550/3399 3409/3551/3400 3407/3547/3396 3408/3546/3395
f 3401/3541/3390 3408/3546/3395 3405/3549/3398 3400/3542/3391
f 3404/3545/3394 3410/3550/3399 3408/3546/3395 3401/3541/3390
f 3414/3552/3401 3413/3553/3402 3412/3554/3403 3411/3555/3404
f 3413/3553/3402 3416/3556/3405 3415/3557/3406 3412/3554/3403
f 3409/3551/3400 3410/3550/3399 3413/3553/3402 3414/3552/3401
f 3410/3550/3399 3404/3545/3394 3416/3556/3405 3413/3553/3402
f 3420/3558/3407 3419/3559/3408 3418/3560/3409 3417/3561/3410
f 3402/3544/3393 3403/3543/3392 3419/3559/3408 3420/3558/3407
f 3416/3556/3405 3420/3558/3407 3417/3561/3410 3415/3557/3406
f 3404/3545/3394 3402/3544/3393 3420/3558/3407 3416/3556/3405
f 3424/3562/3411 3423/3563/3412 3422/3564/3413 3421/3565/3414
f 3423/3563/3412 3426/3566/3415 3425/3567/3416 3422/3564/3413
f 3428/3568/3417 3427/3569/3418 3423/3563/3412 3424/3562/3411
f 3427/3569/3418 3429/3570/3419 3426/3566/3415 3423/3563/3412
f 3433/3571/3420 3432/3572/3421 3431/3573/3422 3430/3574/3423
f 3435/3575/3424 3434/3576/3425 3432/3572/3421 3433/3571/3420
f 3426/3566/3415 3433/3571/3420 3430/3574/3423 3425/3567/3416
f 3429/3570/3419 3435/3575/3424 3433/3571/3420 3426/3566/3415
f 3437/3577/3426 3436/3578/3427 3372/3516/3365 3373/3515/3364
f 3436/3578/3427 3438/3579/3428 3370/3512/3361 3372/3516/3365
f 3434/3576/3425 3435/3575/3424 3436/3578/3427 3437/3577/3426
f 3435/3575/3424 3429/3570/3419 3438/3579/3428 3436/3578/3427
f 3440/3580/3429 3439/3581/3430 3366/3510/3359 3367/3509/3358
f 3427/3569/3418 3428/3568/3417 3439/3581/3430 3440/3580/3429
f 3438/3579/3428 3440/3580/3429 3367/3509/3358 3370/3512/3361
f 3429/3570/3419 3427/3569/3418 3440/3580/3429 3438/3579/3428
f 3444/3582/3431 3443/3583/3432 3442/3584/3433 3441/3585/3434
f 3443/3583/3432 3446/3586/3435 3445/3587/3436 3442/3584/3433
f 3448/3588/3437 3447/3589/3438 3443/3583/3432 3444/3582/3431
f 3447/3589/3438 3449/3590/3439 3446/3586/3435 3443/3583/3432
f 3453/3591/3440 3452/3592/3441 3451/3593/3442 3450/3594/3443
f 3455/3595/3444 3454/3596/3445 3452/3592/3441 3453/3591/3440
f 3446/3586/3435 3453/3591/3440 3450/3594/3443 3445/3587/3436
f 3449/3590/3439 3455/3595/3444 3453/3591/3440 3446/3586/3435
f 3459/3597/3446 3458/3598/3447 3457/3599/3448 3456/3600/3449
f 3458/3598/3447 3461/3601/3450 3460/3602/3451 3457/3599/3448
f 3454/3596/3445 3455/3595/3444 3458/3598/3447 3459/3597/3446
f 3455/3595/3444 3449/3590/3439 3461/3601/3450 3458/3598/3447
f 3465/3603/3452 3464/3604/3453 3463/3605/3454 3462/3606/3455
f 3447/3589/3438 3448/3588/3437 3464/3604/3453 3465/3603/3452
f 3461/3601/3450 3465/3603/3452 3462/3606/3455 3460/3602/3451
f 3449/3590/3439 3447/3589/3438 3465/3603/3452 3461/3601/3450
f 3469/3607/3456 3468/3608/3457 3467/3609/3458 3466/3610/3459
f 3468/3608/3457 3471/3611/3460 3470/3612/3461 3467/3609/3458
f 3473/3613/3462 3472/3614/3463 3468/3608/3457 3469/3607/3456
f 3472/3614/3463 3474/3615/3464 3471/3611/3460 3468/3608/3457
f 3478/3616/3465 3477/3617/3466 3476/3618/3467 3475/3619/3468
f 3480/3620/3469 3479/3621/3470 3477/3617/3466 3478/3616/3465
f 3471/3611/3460 3478/3616/3465 3475/3619/3468 3470/3612/3461
f 3474/3615/3464 3480/3620/3469 3478/3616/3465 3471/3611/3460
f 3482/3622/3471 3481/3623/3472 3450/3594/3443 3451/3593/3442
f 3481/3623/3472 3483/3624/3473 3445/3587/3436 3450/3594/3443
f 3479/3621/3470 3480/3620/3469 3481/3623/3472 3482/3622/3471
f 3480/3620/3469 3474/3615/3464 3483/3624/3473 3481/3623/3472
f 3485/3625/3474 3484/3626/3475 3441/3585/3434 3442/3584/3433
f 3472/3614/3463 3473/3613/3462 3484/3626/3475 3485/3625/3474
f 3483/3624/3473 3485/3625/3474 3442/3584/3433 3445/3587/3436
f 3474/3615/3464 3472/3614/3463 3485/3625/3474 3483/3624/3473
f 3489/3627/3476 3488/3628/3477 3487/3629/3478 3486/3630/3479
f 3488/3628/3477 3491/3631/3480 3490/3632/3481 3487/3629/3478
f 3493/3633/3482 3492/3634/3483 3488/3628/3477 3489/3627/3476
f 3492/3634/3483 3494/3635/3484 3491/3631/3480 3488/3628/3477
f 3498/3636/3485 3497/3637/3486 3496/3638/3487 3495/3639/3488
f 3500/3640/3489 3499/3641/3490 3497/3637/3486 3498/3636/3485
f 3491/3631/3480 3498/3636/3485 3495/3639/3488 3490/3632/3481
f 3494/3635/3484 3500/3640/3489 3498/3636/3485 3491/3631/3480
f 3502/3642/3491 3501/3643/3492 3475/3619/3468 3476/3618/3467
f 3501/3643/3492 3503/3644/3493 3470/3612/3461 3475/3619/3468
f 3499/3641/3490 3500/3640/3489 3501/3643/3492 3502/3642/3491
f 3500/3640/3489 3494/3635/3484 3503/3644/3493 3501/3643/3492
f 3505/3645/3494 3504/3646/3495 3466/3610/3459 3467/3609/3458
f 3492/3634/3483 3493/3633/3482 3504/3646/3495 3505/3645/3494
f 3503/3644/3493 3505/3645/3494 3467/3609/3458 3470/3612/3461
f 3494/3635/3484 3492/3634/3483 3505/3645/3494 3503/3644/3493
f 3509/3647/3496 3508/3648/3497 3507/3649/3498 3506/3650/3499
f 3508/3648/3497 3511/3651/3500 3510/3652/3501 3507/3649/3498
f 3513/3653/3502 3512/3654/3503 3508/3648/3497 3509/3647/3496
f 3512/3654/3503 3514/3655/3504 3511/3651/3500 3508/3648/3497
f 3518/3656/3505 3517/3657/3506 3516/3658/3507 3515/3659/3508
f 3520/3660/3509 3519/3661/3510 3517/3657/3506 3518/3656/3505
f 3511/3651/3500 3518/3656/3505 3515/3659/3508 3510/3652/3501
f 3514/3655/3504 3520/3660/3509 3518/3656/3505 3511/3651/3500
f 3524/3662/3511 3523/3663/3512 3522/3664/3513 3521/3665/3514
f 3523/3663/3512 3526/3666/3515 3525/3667/3516 3522/3664/3513
f 3519/3661/3510 3520/3660/3509 3523/3663/3512 3524/3662/3511
f 3520/3660/3509 3514/3655/3504 3526/3666/3515 3523/3663/3512
f 3530/3668/3517 3529/3669/3518 3528/3670/3519 3527/3671/3520
f 3512/3654/3503 3513/3653/3502 3529/3669/3518 3530/3668/3517
f 3526/3666/3515 3530/3668/3517 3527/3671/3520 3525/3667/3516
f 3514/3655/3504 3512/3654/3503 3530/3668/3517 3526/3666/3515
f 3534/3672/3521 3533/3673/3522 3532/3674/3523 3531/3675/3524
f 3533/3673/3522 3536/3676/3525 3535/3677/3526 3532/3674/3523
f 3538/3678/3527 3537/3679/3528 3533/3673/3522 3534/3672/3521
f 3537/3679/3528 3539/3680/3529 3536/3676/3525 3533/3673/3522
f 3541/3681/3530 3515/3659/3508 3516/3658/3507 3540/3682/3531
f 3542/3683/3532 3510/3652/3501 3515/3659/3508 3541/3681/3530
f 3536/3676/3525 3541/3681/3530 3540/3682/3531 3535/3677/3526
f 3539/3680/3529 3542/3683/3532 3541/3681/3530 3536/3676/3525
f 3507/3649/3498 3544/3684/3533 3543/3685/3534 3506/3650/3499
f 3544/3684/3533 3546/3686/3535 3545/3687/3536 3543/3685/3534
f 3510/3652/3501 3542/3683/3532 3544/3684/3533 3507/3649/3498
f 3542/3683/3532 3539/3680/3529 3546/3686/3535 3544/3684/3533
f 3550/3688/3537 3549/3689/3538 3548/3690/3539 3547/3691/3540
f 3537/3679/3528 3538/3678/3527 3549/3689/3538 3550/3688/3537
f 3546/3686/3535 3550/3688/3537 3547/3691/3540 3545/3687/3536
f 3539/3680/3529 3537/3679/3528 3550/3688/3537 3546/3686/3535
f 3554/3692/3541 3553/3693/3542 3552/3694/3543 3551/3695/3544
f 3553/3693/3542 3556/3696/3545 3555/3697/3546 3552/3694/3543
f 3558/3698/3547 3557/3699/3548 3553/3693/3542 3554/3692/3541
f 3557/3699/3548 3559/3700/3549 3556/3696/3545 3553/3693/3542
f 3561/3701/3550 3534/3672/3521 3531/3675/3524 3560/3702/3551
f 3562/3703/3552 3538/3678/3527 3534/3672/3521 3561/3701/3550
f 3556/3696/3545 3561/3701/3550 3560/3702/3551 3555/3697/3546
f 3559/3700/3549 3562/3703/3552 3561/3701/3550 3556/3696/3545
f 3549/3689/3538 3564/3704/3553 3563/3705/3554 3548/3690/3539
f 3564/3704/3553 3566/3706/3555 3565/3707/3556 3563/3705/3554
f 3538/3678/3527 3562/3703/3552 3564/3704/3553 3549/3689/3538
f 3562/3703/3552 3559/3700/3549 3566/3706/3555 3564/3704/3553
f 3570/3708/3557 3569/3709/3558 3568/3710/3559 3567/3711/3560
f 3557/3699/3548 3558/3698/3547 3569/3709/3558 3570/3708/3557
f 3566/3706/3555 3570/3708/3557 3567/3711/3560 3565/3707/3556
f 3559/3700/3549 3557/3699/3548 3570/3708/3557 3566/3706/3555
f 3574/3712/3561 3573/3713/3562 3572/3714/3563 3571/3715/3564
f 3573/3713/3562 3576/3716/3565 3575/3717/3566 3572/3714/3563
f 3578/3718/3567 3577/3719/3568 3573/3713/3562 3574/3712/3561
f 3577/3719/3568 3579/3720/3569 3576/3716/3565 3573/3713/3562
f 3583/3721/3570 3582/3722/3571 3581/3723/3572 3580/3724/3573
f 3585/3725/3574 3584/3726/3575 3582/3722/3571 3583/3721/3570
f 3576/3716/3565 3583/3721/3570 3580/3724/3573 3575/3717/3566
f 3579/3720/3569 3585/3725/3574 3583/3721/3570 3576/3716/3565
f 3589/3727/3576 3588/3728/3577 3587/3729/3578 3586/3730/3579
f 3588/3728/3577 3591/3731/3580 3590/3732/3581 3587/3729/3578
f 3584/3726/3575 3585/3725/3574 3588/3728/3577 3589/3727/3576
f 3585/3725/3574 3579/3720/3569 3591/3731/3580 3588/3728/3577
f 3595/3733/3582 3594/3734/3583 3593/3735/3584 3592/3736/3585
f 3577/3719/3568 3578/3718/3567 3594/3734/3583 3595/3733/3582
f 3591/3731/3580 3595/3733/3582 3592/3736/3585 3590/3732/3581
f 3579/3720/3569 3577/3719/3568 3595/3733/3582 3591/3731/3580
f 3599/3737/3586 3598/3738/3587 3597/3739/3588 3596/3740/3589
f 3598/3738/3587 3601/3741/3590 3600/3742/3591 3597/3739/3588
f 3603/3743/3592 3602/3744/3593 3598/3738/3587 3599/3737/3586
f 3602/3744/3593 3604/3745/3594 3601/3741/3590 3598/3738/3587
f 3608/3746/3595 3607/3747/3596 3606/3748/3597 3605/3749/3598
f 3610/3750/3599 3609/3751/3600 3607/3747/3596 3608/3746/3595
f 3601/3741/3590 3608/3746/3595 3605/3749/3598 3600/3742/3591
f 3604/3745/3594 3610/3750/3599 3608/3746/3595 3601/3741/3590
f 3614/3752/3601 3613/3753/3602 3612/3754/3603 3611/3755/3604
f 3613/3753/3602 3616/3756/3605 3615/3757/3606 3612/3754/3603
f 3609/3751/3600 3610/3750/3599 3613/3753/3602 3614/3752/3601
f 3610/3750/3599 3604/3745/3594 3616/3756/3605 3613/3753/3602
f 3620/3758/3607 3619/3759/3608 3618/3760/3609 3617/3761/3610
f 3602/3744/3593 3603/3743/3592 3619/3759/3608 3620/3758/3607
f 3616/3756/3605 3620/3758/3607 3617/3761/3610 3615/3757/3606
f 3604/3745/3594 3602/3744/3593 3620/3758/3607 3616/3756/3605
f 3624/3762/3611 3623/3763/3612 3622/3764/3613 3621/3765/3614
f 3623/3763/3612 3626/3766/3615 3625/3767/3616 3622/3764/3613
f 3628/3768/3617 3627/3769/3618 3623/3763/3612 3624/3762/3611
f 3627/3769/3618 3629/3770/3619 3626/3766/3615 3623/3763/3612
f 3631/3771/3620 3599/3737/3586 3596/3740/3589 3630/3772/3621
f 3632/3773/3622 3603/3743/3592 3599/3737/3586 3631/3771/3620
f 3626/3766/3615 3631/3771/3620 3630/3772/3621 3625/3767/3616
f 3629/3770/3619 3632/3773/3622 3631/3771/3620 3626/3766/3615
f 3619/3759/3608 3634/3774/3623 3633/3775/3624 3618/3760/3609
f 3634/3774/3623 3636/3776/3625 3635/3777/3626 3633/3775/3624
f 3603/3743/3592 3632/3773/3622 3634/3774/3623 3619/3759/3608
f 3632/3773/3622 3629/3770/3619 3636/3776/3625 3634/3774/3623
f 3640/3778/3627 3639/3779/3628 3638/3780/3629 3637/3781/3630
f 3627/3769/3618 3628/3768/3617 3639/3779/3628 3640/3778/3627
f 3636/3776/3625 3640/3778/3627 3637/3781/3630 3635/3777/3626
f 3629/3770/3619 3627/3769/3618 3640/3778/3627 3636/3776/3625
f 1014/1029/1012 3642/3782/3631 3641/3783/3632 1013/1030/1013
f 3642/3782/3631 3644/3784/3633 3643/3785/3634 3641/3783/3632
f 1017/1032/1015 3645/3786/3635 3642/3782/3631 1014/1029/1012
f 3645/3786/3635 3646/3787/3636 3644/3784/3633 3642/3782/3631
f 3648/3788/3637 3624/3762/3611 3621/3765/3614 3647/3789/3638
f 3649/3790/3639 3628/3768/3617 3624/3762/3611 3648/3788/3637
f 3644/3784/3633 3648/3788/3637 3647/3789/3638 3643/3785/3634
f 3646/3787/3636 3649/3790/3639 3648/3788/3637 3644/3784/3633
f 3639/3779/3628 3651/3791/3640 3650/3792/3641 3638/3780/3629
f 3651/3791/3640 3653/3793/3642 3652/3794/3643 3650/3792/3641
f 3628/3768/3617 3649/3790/3639 3651/3791/3640 3639/3779/3628
f 3649/3790/3639 3646/3787/3636 3653/3793/3642 3651/3791/3640
f 3655/3795/3644 1022/1039/1022 1023/1038/1021 3654/3796/3645
f 3645/3786/3635 1017/1032/1015 1022/1039/1022 3655/3795/3644
f 3653/3793/3642 3655/3795/3644 3654/3796/3645 3652/3794/3643
f 3646/3787/3636 3645/3786/3635 3655/3795/3644 3653/3793/3642
f 3407/3547/3396 3657/3797/3646 3656/3798/3647 3406/3548/3397
f 3657/3797/3646 3659/3799/3648 3658/3800/3649 3656/3798/3647
f 3409/3551/3400 3660/3801/3650 3657/3797/3646 3407/3547/3396
f 3660/3801/3650 3661/3802/3651 3659/3799/3648 3657/3797/3646
f 3665/3803/3652 3664/3804/3653 3663/3805/3654 3662/3806/3655
f 3667/3807/3656 3666/3808/3657 3664/3804/3653 3665/3803/3652
f 3659/3799/3648 3665/3803/3652 3662/3806/3655 3658/3800/3649
f 3661/3802/3651 3667/3807/3656 3665/3803/3652 3659/3799/3648
f 3671/3809/3658 3670/3810/3659 3669/3811/3660 3668/3812/3661
f 3670/3810/3659 3673/3813/3662 3672/3814/3663 3669/3811/3660
f 3666/3808/3657 3667/3807/3656 3670/3810/3659 3671/3809/3658
f 3667/3807/3656 3661/3802/3651 3673/3813/3662 3670/3810/3659
f 3675/3815/3664 3414/3552/3401 3411/3555/3404 3674/3816/3665
f 3660/3801/3650 3409/3551/3400 3414/3552/3401 3675/3815/3664
f 3673/3813/3662 3675/3815/3664 3674/3816/3665 3672/3814/3663
f 3661/3802/3651 3660/3801/3650 3675/3815/3664 3673/3813/3662
f 3679/3817/3666 3678/3818/3667 3677/3819/3668 3676/3820/3669
f 3678/3818/3667 3681/3821/3670 3680/3822/3671 3677/3819/3668
f 3683/3823/3672 3682/3824/3673 3678/3818/3667 3679/3817/3666
f 3682/3824/3673 3684/3825/3674 3681/3821/3670 3678/3818/3667
f 3686/3826/3675 3424/3562/3411 3421/3565/3414 3685/3827/3676
f 3687/3828/3677 3428/3568/3417 3424/3562/3411 3686/3826/3675
f 3681/3821/3670 3686/3826/3675 3685/3827/3676 3680/3822/3671
f 3684/3825/3674 3687/3828/3677 3686/3826/3675 3681/3821/3670
f 3439/3581/3430 3688/3829/3678 3385/3527/3376 3366/3510/3359
f 3688/3829/3678 3689/3830/3679 3380/3522/3371 3385/3527/3376
f 3428/3568/3417 3687/3828/3677 3688/3829/3678 3439/3581/3430
f 3687/3828/3677 3684/3825/3674 3689/3830/3679 3688/3829/3678
f 3691/3831/3680 3690/3832/3681 3376/3520/3369 3377/3519/3368
f 3682/3824/3673 3683/3823/3672 3690/3832/3681 3691/3831/3680
f 3689/3830/3679 3691/3831/3680 3377/3519/3368 3380/3522/3371
f 3684/3825/3674 3682/3824/3673 3691/3831/3680 3689/3830/3679
f 3695/3833/3682 3694/3834/3683 3693/3835/3684 3692/3836/3685
f 3694/3834/3683 3697/3837/3686 3696/3838/3687 3693/3835/3684
f 3699/3839/3688 3698/3840/3689 3694/3834/3683 3695/3833/3682
f 3698/3840/3689 3700/3841/3690 3697/3837/3686 3694/3834/3683
f 3702/3842/3691 3444/3582/3431 3441/3585/3434 3701/3843/3692
f 3703/3844/3693 3448/3588/3437 3444/3582/3431 3702/3842/3691
f 3697/3837/3686 3702/3842/3691 3701/3843/3692 3696/3838/3687
f 3700/3841/3690 3703/3844/3693 3702/3842/3691 3697/3837/3686
f 3464/3604/3453 3705/3845/3694 3704/3846/3695 3463/3605/3454
f 3705/3845/3694 3707/3847/3696 3706/3848/3697 3704/3846/3695
f 3448/3588/3437 3703/3844/3693 3705/3845/3694 3464/3604/3453
f 3703/3844/3693 3700/3841/3690 3707/3847/3696 3705/3845/3694
f 3711/3849/3698 3710/3850/3699 3709/3851/3700 3708/3852/3701
f 3698/3840/3689 3699/3839/3688 3710/3850/3699 3711/3849/3698
f 3707/3847/3696 3711/3849/3698 3708/3852/3701 3706/3848/3697
f 3700/3841/3690 3698/3840/3689 3711/3849/3698 3707/3847/3696
f 3715/3853/3702 3714/3854/3703 3713/3855/3704 3712/3856/3705
f 3714/3854/3703 3717/3857/3706 3716/3858/3707 3713/3855/3704
f 3719/3859/3708 3718/3860/3709 3714/3854/3703 3715/3853/3702
f 3718/3860/3709 3720/3861/3710 3717/3857/3706 3714/3854/3703
f 3722/3862/3711 3469/3607/3456 3466/3610/3459 3721/3863/3712
f 3723/3864/3713 3473/3613/3462 3469/3607/3456 3722/3862/3711
f 3717/3857/3706 3722/3862/3711 3721/3863/3712 3716/3858/3707
f 3720/3861/3710 3723/3864/3713 3722/3862/3711 3717/3857/3706
f 3484/3626/3475 3724/3865/3714 3701/3843/3692 3441/3585/3434
f 3724/3865/3714 3725/3866/3715 3696/3838/3687 3701/3843/3692
f 3473/3613/3462 3723/3864/3713 3724/3865/3714 3484/3626/3475
f 3723/3864/3713 3720/3861/3710 3725/3866/3715 3724/3865/3714
f 3727/3867/3716 3726/3868/3717 3692/3836/3685 3693/3835/3684
f 3718/3860/3709 3719/3859/3708 3726/3868/3717 3727/3867/3716
f 3725/3866/3715 3727/3867/3716 3693/3835/3684 3696/3838/3687
f 3720/3861/3710 3718/3860/3709 3727/3867/3716 3725/3866/3715
f 3731/3869/3718 3730/3870/3719 3729/3871/3720 3728/3872/3721
f 3730/3870/3719 3733/3873/3722 3732/3874/3723 3729/3871/3720
f 3735/3875/3724 3734/3876/3725 3730/3870/3719 3731/3869/3718
f 3734/3876/3725 3736/3877/3726 3733/3873/3722 3730/3870/3719
f 3738/3878/3727 3489/3627/3476 3486/3630/3479 3737/3879/3728
f 3739/3880/3729 3493/3633/3482 3489/3627/3476 3738/3878/3727
f 3733/3873/3722 3738/3878/3727 3737/3879/3728 3732/3874/3723
f 3736/3877/3726 3739/3880/3729 3738/3878/3727 3733/3873/3722
f 3504/3646/3495 3740/3881/3730 3721/3863/3712 3466/3610/3459
f 3740/3881/3730 3741/3882/3731 3716/3858/3707 3721/3863/3712
f 3493/3633/3482 3739/3880/3729 3740/3881/3730 3504/3646/3495
f 3739/3880/3729 3736/3877/3726 3741/3882/3731 3740/3881/3730
f 3743/3883/3732 3742/3884/3733 3712/3856/3705 3713/3855/3704
f 3734/3876/3725 3735/3875/3724 3742/3884/3733 3743/3883/3732
f 3741/3882/3731 3743/3883/3732 3713/3855/3704 3716/3858/3707
f 3736/3877/3726 3734/3876/3725 3743/3883/3732 3741/3882/3731
f 3747/3885/3734 3746/3886/3735 3745/3887/3736 3744/3888/3737
f 3746/3886/3735 3749/3889/3738 3748/3890/3739 3745/3887/3736
f 3751/3891/3740 3750/3892/3741 3746/3886/3735 3747/3885/3734
f 3750/3892/3741 3752/3893/3742 3749/3889/3738 3746/3886/3735
f 3754/3894/3743 3509/3647/3496 3506/3650/3499 3753/3895/3744
f 3755/3896/3745 3513/3653/3502 3509/3647/3496 3754/3894/3743
f 3749/3889/3738 3754/3894/3743 3753/3895/3744 3748/3890/3739
f 3752/3893/3742 3755/3896/3745 3754/3894/3743 3749/3889/3738
f 3529/3669/3518 3757/3897/3746 3756/3898/3747 3528/3670/3519
f 3757/3897/3746 3759/3899/3748 3758/3900/3749 3756/3898/3747
f 3513/3653/3502 3755/3896/3745 3757/3897/3746 3529/3669/3518
f 3755/3896/3745 3752/3893/3742 3759/3899/3748 3757/3897/3746
f 3763/3901/3750 3762/3902/3751 3761/3903/3752 3760/3904/3753
f 3750/3892/3741 3751/3891/3740 3762/3902/3751 3763/3901/3750
f 3759/3899/3748 3763/3901/3750 3760/3904/3753 3758/3900/3749
f 3752/3893/3742 3750/3892/3741 3763/3901/3750 3759/3899/3748
f 3765/3905/3754 3764/3906/3755 3547/3691/3540 3548/3690/3539
f 3764/3906/3755 3766/3907/3756 3545/3687/3536 3547/3691/3540
f 3768/3908/3757 3767/3909/3758 3764/3906/3755 3765/3905/3754
f 3767/3909/3758 3769/3910/3759 3766/3907/3756 3764/3906/3755
f 3770/3911/3760 3753/3895/3744 3506/3650/3499 3543/3685/3534
f 3771/3912/3761 3748/3890/3739 3753/3895/3744 3770/3911/3760
f 3766/3907/3756 3770/3911/3760 3543/3685/3534 3545/3687/3536
f 3769/3910/3759 3771/3912/3761 3770/3911/3760 3766/3907/3756
f 3745/3887/3736 3773/3913/3762 3772/3914/3763 3744/3888/3737
f 3773/3913/3762 3775/3915/3764 3774/3916/3765 3772/3914/3763
f 3748/3890/3739 3771/3912/3761 3773/3913/3762 3745/3887/3736
f 3771/3912/3761 3769/3910/3759 3775/3915/3764 3773/3913/3762
f 3779/3917/3766 3778/3918/3767 3777/3919/3768 3776/3920/3769
f 3767/3909/3758 3768/3908/3757 3778/3918/3767 3779/3917/3766
f 3775/3915/3764 3779/3917/3766 3776/3920/3769 3774/3916/3765
f 3769/3910/3759 3767/3909/3758 3779/3917/3766 3775/3915/3764
f 3781/3921/3770 3780/3922/3771 3567/3711/3560 3568/3710/3559
f 3780/3922/3771 3782/3923/3772 3565/3707/3556 3567/3711/3560
f 3784/3924/3773 3783/3925/3774 3780/3922/3771 3781/3921/3770
f 3783/3925/3774 3785/3926/3775 3782/3923/3772 3780/3922/3771
f 3786/3927/3776 3765/3905/3754 3548/3690/3539 3563/3705/3554
f 3787/3928/3777 3768/3908/3757 3765/3905/3754 3786/3927/3776
f 3782/3923/3772 3786/3927/3776 3563/3705/3554 3565/3707/3556
f 3785/3926/3775 3787/3928/3777 3786/3927/3776 3782/3923/3772
f 3778/3918/3767 3789/3929/3778 3788/3930/3779 3777/3919/3768
f 3789/3929/3778 3791/3931/3780 3790/3932/3781 3788/3930/3779
f 3768/3908/3757 3787/3928/3777 3789/3929/3778 3778/3918/3767
f 3787/3928/3777 3785/3926/3775 3791/3931/3780 3789/3929/3778
f 3795/3933/3782 3794/3934/3783 3793/3935/3784 3792/3936/3785
f 3783/3925/3774 3784/3924/3773 3794/3934/3783 3795/3933/3782
f 3791/3931/3780 3795/3933/3782 3792/3936/3785 3790/3932/3781
f 3785/3926/3775 3783/3925/3774 3795/3933/3782 3791/3931/3780
f 3797/3937/3786 3796/3938/3787 3592/3736/3585 3593/3735/3584
f 3796/3938/3787 3798/3939/3788 3590/3732/3581 3592/3736/3585
f 3800/3940/3789 3799/3941/3790 3796/3938/3787 3797/3937/3786
f 3799/3941/3790 3801/3942/3791 3798/3939/3788 3796/3938/3787
f 3803/3943/3792 3802/3944/3793 3586/3730/3579 3587/3729/3578
f 3805/3945/3794 3804/3946/3795 3802/3944/3793 3803/3943/3792
f 3798/3939/3788 3803/3943/3792 3587/3729/3578 3590/3732/3581
f 3801/3942/3791 3805/3945/3794 3803/3943/3792 3798/3939/3788
f 3809/3947/3796 3808/3948/3797 3807/3949/3798 3806/3950/3799
f 3808/3948/3797 3811/3951/3800 3810/3952/3801 3807/3949/3798
f 3804/3946/3795 3805/3945/3794 3808/3948/3797 3809/3947/3796
f 3805/3945/3794 3801/3942/3791 3811/3951/3800 3808/3948/3797
f 3815/3953/3802 3814/3954/3803 3813/3955/3804 3812/3956/3805
f 3799/3941/3790 3800/3940/3789 3814/3954/3803 3815/3953/3802
f 3811/3951/3800 3815/3953/3802 3812/3956/3805 3810/3952/3801
f 3801/3942/3791 3799/3941/3790 3815/3953/3802 3811/3951/3800
f 3817/3957/3806 3816/3958/3807 3617/3761/3610 3618/3760/3609
f 3816/3958/3807 3818/3959/3808 3615/3757/3606 3617/3761/3610
f 3820/3960/3809 3819/3961/3810 3816/3958/3807 3817/3957/3806
f 3819/3961/3810 3821/3962/3811 3818/3959/3808 3816/3958/3807
f 3823/3963/3812 3822/3964/3813 3611/3755/3604 3612/3754/3603
f 3825/3965/3814 3824/3966/3815 3822/3964/3813 3823/3963/3812
f 3818/3959/3808 3823/3963/3812 3612/3754/3603 3615/3757/3606
f 3821/3962/3811 3825/3965/3814 3823/3963/3812 3818/3959/3808
f 3829/3967/3816 3828/3968/3817 3827/3969/3818 3826/3970/3819
f 3828/3968/3817 3831/3971/3820 3830/3972/3821 3827/3969/3818
f 3824/3966/3815 3825/3965/3814 3828/3968/3817 3829/3967/3816
f 3825/3965/3814 3821/3962/3811 3831/3971/3820 3828/3968/3817
f 3835/3973/3822 3834/3974/3823 3833/3975/3824 3832/3976/3825
f 3819/3961/3810 3820/3960/3809 3834/3974/3823 3835/3973/3822
f 3831/3971/3820 3835/3973/3822 3832/3976/3825 3830/3972/3821
f 3821/3962/3811 3819/3961/3810 3835/3973/3822 3831/3971/3820
f 3837/3977/3826 3836/3978/3827 3637/3781/3630 3638/3780/3629
f 3836/3978/3827 3838/3979/3828 3635/3777/3626 3637/3781/3630
f 3840/3980/3829 3839/3981/3830 3836/3978/3827 3837/3977/3826
f 3839/3981/3830 3841/3982/3831 3838/3979/3828 3836/3978/3827
f 3842/3983/3832 3817/3957/3806 3618/3760/3609 3633/3775/3624
f 3843/3984/3833 3820/3960/3809 3817/3957/3806 3842/3983/3832
f 3838/3979/3828 3842/3983/3832 3633/3775/3624 3635/3777/3626
f 3841/3982/3831 3843/3984/3833 3842/3983/3832 3838/3979/3828
f 3834/3974/3823 3845/3985/3834 3844/3986/3835 3833/3975/3824
f 3845/3985/3834 3847/3987/3836 3846/3988/3837 3844/3986/3835
f 3820/3960/3809 3843/3984/3833 3845/3985/3834 3834/3974/3823
f 3843/3984/3833 3841/3982/3831 3847/3987/3836 3845/3985/3834
f 3851/3989/3838 3850/3990/3839 3849/3991/3840 3848/3992/3841
f 3839/3981/3830 3840/3980/3829 3850/3990/3839 3851/3989/3838
f 3847/3987/3836 3851/3989/3838 3848/3992/3841 3846/3988/3837
f 3841/3982/3831 3839/3981/3830 3851/3989/3838 3847/3987/3836
f 1229/1244/1227 3852/3993/3842 3654/3796/3645 1023/1038/1021
f 3852/3993/3842 3853/3994/3843 3652/3794/3643 3654/3796/3645
f 1231/1246/1229 3854/3995/3844 3852/3993/3842 1229/1244/1227
f 3854/3995/3844 3855/3996/3845 3853/3994/3843 3852/3993/3842
f 3856/3997/3846 3837/3977/3826 3638/3780/3629 3650/3792/3641
f 3857/3998/3847 3840/3980/3829 3837/3977/3826 3856/3997/3846
f 3853/3994/3843 3856/3997/3846 3650/3792/3641 3652/3794/3643
f 3855/3996/3845 3857/3998/3847 3856/3997/3846 3853/3994/3843
f 3850/3990/3839 3859/3999/3848 3858/4000/3849 3849/3991/3840
f 3859/3999/3848 3861/4001/3850 3860/4002/3851 3858/4000/3849
f 3840/3980/3829 3857/3998/3847 3859/3999/3848 3850/3990/3839
f 3857/3998/3847 3855/3996/3845 3861/4001/3850 3859/3999/3848
f 3863/4003/3852 1235/1252/1235 1236/1251/1234 3862/4004/3853
f 3854/3995/3844 1231/1246/1229 1235/1252/1235 3863/4003/3852
f 3861/4001/3850 3863/4003/3852 3862/4004/3853 3860/4002/3851
f 3855/3996/3845 3854/3995/3844 3863/4003/3852 3861/4001/3850
f 3867/4005/3854 3866/4006/3855 3865/4007/3856 3864/4008/3857
f 3866/4006/3855 3869/4009/3858 3868/4010/3859 3865/4007/3856
f 3871/4011/3860 3870/4012/3861 3866/4006/3855 3867/4005/3854
f 3870/4012/3861 3872/4013/3862 3869/4009/3858 3866/4006/3855
f 3874/4014/3863 2868/3012/2861 2869/3011/2860 3873/4015/3864
f 3875/4016/3865 2866/3008/2857 2868/3012/2861 3874/4014/3863
f 3869/4009/3858 3874/4014/3863 3873/4015/3864 3868/4010/3859
f 3872/4013/3862 3875/4016/3865 3874/4014/3863 3869/4009/3858
f 2863/3005/2854 3877/4017/3866 3876/4018/3867 2862/3006/2855
f 3877/4017/3866 3879/4019/3868 3878/4020/3869 3876/4018/3867
f 2866/3008/2857 3875/4016/3865 3877/4017/3866 2863/3005/2854
f 3875/4016/3865 3872/4013/3862 3879/4019/3868 3877/4017/3866
f 3883/4021/3870 3882/4022/3871 3881/4023/3872 3880/4024/3873
f 3870/4012/3861 3871/4011/3860 3882/4022/3871 3883/4021/3870
f 3879/4019/3868 3883/4021/3870 3880/4024/3873 3878/4020/3869
f 3872/4013/3862 3870/4012/3861 3883/4021/3870 3879/4019/3868
f 3887/4025/3874 3886/4026/3875 3885/4027/3876 3884/4028/3877
f 3886/4026/3875 3889/4029/3878 3888/4030/3879 3885/4027/3876
f 3891/4031/3880 3890/4032/3881 3886/4026/3875 3887/4025/3874
f 3890/4032/3881 3892/4033/3882 3889/4029/3878 3886/4026/3875
f 3894/4034/3883 2888/3032/2881 2889/3031/2880 3893/4035/3884
f 3895/4036/3885 2886/3028/2877 2888/3032/2881 3894/4034/3883
f 3889/4029/3878 3894/4034/3883 3893/4035/3884 3888/4030/3879
f 3892/4033/3882 3895/4036/3885 3894/4034/3883 3889/4029/3878
f 2883/3025/2874 3897/4037/3886 3896/4038/3887 2882/3026/2875
f 3897/4037/3886 3899/4039/3888 3898/4040/3889 3896/4038/3887
f 2886/3028/2877 3895/4036/3885 3897/4037/3886 2883/3025/2874
f 3895/4036/3885 3892/4033/3882 3899/4039/3888 3897/4037/3886
f 3903/4041/3890 3902/4042/3891 3901/4043/3892 3900/4044/3893
f 3890/4032/3881 3891/4031/3880 3902/4042/3891 3903/4041/3890
f 3899/4039/3888 3903/4041/3890 3900/4044/3893 3898/4040/3889
f 3892/4033/3882 3890/4032/3881 3903/4041/3890 3899/4039/3888
f 3907/4045/3894 3906/4046/3895 3905/4047/3896 3904/4048/3897
f 3906/4046/3895 3909/4049/3898 3908/4050/3899 3905/4047/3896
f 3911/4051/3900 3910/4052/3901 3906/4046/3895 3907/4045/3894
f 3910/4052/3901 3912/4053/3902 3909/4049/3898 3906/4046/3895
f 3916/4054/3903 3915/4055/3904 3914/4056/3905 3913/4057/3906
f 3918/4058/3907 3917/4059/3908 3915/4055/3904 3916/4054/3903
f 3909/4049/3898 3916/4054/3903 3913/4057/3906 3908/4050/3899
f 3912/4053/3902 3918/4058/3907 3916/4054/3903 3909/4049/3898
f 3922/4060/3909 3921/4061/3910 3920/4062/3911 3919/4063/3912
f 3921/4061/3910 3924/4064/3913 3923/4065/3914 3920/4062/3911
f 3917/4059/3908 3918/4058/3907 3921/4061/3910 3922/4060/3909
f 3918/4058/3907 3912/4053/3902 3924/4064/3913 3921/4061/3910
f 3928/4066/3915 3927/4067/3916 3926/4068/3917 3925/4069/3918
f 3910/4052/3901 3911/4051/3900 3927/4067/3916 3928/4066/3915
f 3924/4064/3913 3928/4066/3915 3925/4069/3918 3923/4065/3914
f 3912/4053/3902 3910/4052/3901 3928/4066/3915 3924/4064/3913
f 3932/4070/3919 3931/4071/3920 3930/4072/3921 3929/4073/3922
f 3931/4071/3920 3934/4074/3923 3933/4075/3924 3930/4072/3921
f 3936/4076/3925 3935/4077/3926 3931/4071/3920 3932/4070/3919
f 3935/4077/3926 3937/4078/3927 3934/4074/3923 3931/4071/3920
f 3939/4079/3928 3893/4035/3884 2889/3031/2880 3938/4080/3929
f 3940/4081/3930 3888/4030/3879 3893/4035/3884 3939/4079/3928
f 3934/4074/3923 3939/4079/3928 3938/4080/3929 3933/4075/3924
f 3937/4078/3927 3940/4081/3930 3939/4079/3928 3934/4074/3923
f 3885/4027/3876 3942/4082/3931 3941/4083/3932 3884/4028/3877
f 3942/4082/3931 3944/4084/3933 3943/4085/3934 3941/4083/3932
f 3888/4030/3879 3940/4081/3930 3942/4082/3931 3885/4027/3876
f 3940/4081/3930 3937/4078/3927 3944/4084/3933 3942/4082/3931
f 3948/4086/3935 3947/4087/3936 3946/4088/3937 3945/4089/3938
f 3935/4077/3926 3936/4076/3925 3947/4087/3936 3948/4086/3935
f 3944/4084/3933 3948/4086/3935 3945/4089/3938 3943/4085/3934
f 3937/4078/3927 3935/4077/3926 3948/4086/3935 3944/4084/3933
f 3950/4090/3939 3949/4091/3940 2923/3067/2916 2924/3066/2915
f 3949/4091/3940 3951/4092/3941 2919/3061/2910 2923/3067/2916
f 3953/4093/3942 3952/4094/3943 3949/4091/3940 3950/4090/3939
f 3952/4094/3943 3954/4095/3944 3951/4092/3941 3949/4091/3940
f 3955/4096/3945 3873/4015/3864 2869/3011/2860 2917/3059/2908
f 3956/4097/3946 3868/4010/3859 3873/4015/3864 3955/4096/3945
f 3951/4092/3941 3955/4096/3945 2917/3059/2908 2919/3061/2910
f 3954/4095/3944 3956/4097/3946 3955/4096/3945 3951/4092/3941
f 3865/4007/3856 3958/4098/3947 3957/4099/3948 3864/4008/3857
f 3958/4098/3947 3960/4100/3949 3959/4101/3950 3957/4099/3948
f 3868/4010/3859 3956/4097/3946 3958/4098/3947 3865/4007/3856
f 3956/4097/3946 3954/4095/3944 3960/4100/3949 3958/4098/3947
f 3964/4102/3951 3963/4103/3952 3962/4104/3953 3961/4105/3954
f 3952/4094/3943 3953/4093/3942 3963/4103/3952 3964/4102/3951
f 3960/4100/3949 3964/4102/3951 3961/4105/3954 3959/4101/3950
f 3954/4095/3944 3952/4094/3943 3964/4102/3951 3960/4100/3949
f 3966/4106/3955 3965/4107/3956 2946/3090/2939 2947/3089/2938
f 3965/4107/3956 3967/4108/3957 2941/3083/2932 2946/3090/2939
f 3969/4109/3958 3968/4110/3959 3965/4107/3956 3966/4106/3955
f 3968/4110/3959 3970/4111/3960 3967/4108/3957 3965/4107/3956
f 3972/4112/3961 3971/4113/3962 2937/3081/2930 2938/3080/2929
f 3974/4114/3963 3973/4115/3964 3971/4113/3962 3972/4112/3961
f 3967/4108/3957 3972/4112/3961 2938/3080/2929 2941/3083/2932
f 3970/4111/3960 3974/4114/3963 3972/4112/3961 3967/4108/3957
f 3978/4116/3965 3977/4117/3966 3976/4118/3967 3975/4119/3968
f 3977/4117/3966 3980/4120/3969 3979/4121/3970 3976/4118/3967
f 3973/4115/3964 3974/4114/3963 3977/4117/3966 3978/4116/3965
f 3974/4114/3963 3970/4111/3960 3980/4120/3969 3977/4117/3966
f 3984/4122/3971 3983/4123/3972 3982/4124/3973 3981/4125/3974
f 3968/4110/3959 3969/4109/3958 3983/4123/3972 3984/4122/3971
f 3980/4120/3969 3984/4122/3971 3981/4125/3974 3979/4121/3970
f 3970/4111/3960 3968/4110/3959 3984/4122/3971 3980/4120/3969
f 3986/4126/3975 3985/4127/3976 2968/3112/2961 2969/3111/2960
f 3985/4127/3976 3987/4128/3977 2964/3106/2955 2968/3112/2961
f 3989/4129/3978 3988/4130/3979 3985/4127/3976 3986/4126/3975
f 3988/4130/3979 3990/4131/3980 3987/4128/3977 3985/4127/3976
f 3991/4132/3981 3966/4106/3955 2947/3089/2938 2962/3104/2953
f 3992/4133/3982 3969/4109/3958 3966/4106/3955 3991/4132/3981
f 3987/4128/3977 3991/4132/3981 2962/3104/2953 2964/3106/2955
f 3990/4131/3980 3992/4133/3982 3991/4132/3981 3987/4128/3977
f 3983/4123/3972 3994/4134/3983 3993/4135/3984 3982/4124/3973
f 3994/4134/3983 3996/4136/3985 3995/4137/3986 3993/4135/3984
f 3969/4109/3958 3992/4133/3982 3994/4134/3983 3983/4123/3972
f 3992/4133/3982 3990/4131/3980 3996/4136/3985 3994/4134/3983
f 4000/4138/3987 3999/4139/3988 3998/4140/3989 3997/4141/3990
f 3988/4130/3979 3989/4129/3978 3999/4139/3988 4000/4138/3987
f 3996/4136/3985 4000/4138/3987 3997/4141/3990 3995/4137/3986
f 3990/4131/3980 3988/4130/3979 4000/4138/3987 3996/4136/3985
f 4002/4142/3991 4001/4143/3992 2988/3132/2981 2989/3131/2980
f 4001/4143/3992 4003/4144/3993 2984/3126/2975 2988/3132/2981
f 4005/4145/3994 4004/4146/3995 4001/4143/3992 4002/4142/3991
f 4004/4146/3995 4006/4147/3996 4003/4144/3993 4001/4143/3992
f 4007/4148/3997 3986/4126/3975 2969/3111/2960 2982/3124/2973
f 4008/4149/3998 3989/4129/3978 3986/4126/3975 4007/4148/3997
f 4003/4144/3993 4007/4148/3997 2982/3124/2973 2984/3126/2975
f 4006/4147/3996 4008/4149/3998 4007/4148/3997 4003/4144/3993
f 3999/4139/3988 4010/4150/3999 4009/4151/4000 3998/4140/3989
f 4010/4150/3999 4012/4152/4001 4011/4153/4002 4009/4151/4000
f 3989/4129/3978 4008/4149/3998 4010/4150/3999 3999/4139/3988
f 4008/4149/3998 4006/4147/3996 4012/4152/4001 4010/4150/3999
f 4016/4154/4003 4015/4155/4004 4014/4156/4005 4013/4157/4006
f 4004/4146/3995 4005/4145/3994 4015/4155/4004 4016/4154/4003
f 4012/4152/4001 4016/4154/4003 4013/4157/4006 4011/4153/4002
f 4006/4147/3996 4004/4146/3995 4016/4154/4003 4012/4152/4001
f 4018/4158/4007 4017/4159/4008 3011/3155/3004 3012/3154/3003
f 4017/4159/4008 4019/4160/4009 3006/3148/2997 3011/3155/3004
f 4021/4161/4010 4020/4162/4011 4017/4159/4008 4018/4158/4007
f 4020/4162/4011 4022/4163/4012 4019/4160/4009 4017/4159/4008
f 4024/4164/4013 4023/4165/4014 3002/3146/2995 3003/3145/2994
f 4026/4166/4015 4025/4167/4016 4023/4165/4014 4024/4164/4013
f 4019/4160/4009 4024/4164/4013 3003/3145/2994 3006/3148/2997
f 4022/4163/4012 4026/4166/4015 4024/4164/4013 4019/4160/4009
f 4030/4168/4017 4029/4169/4018 4028/4170/4019 4027/4171/4020
f 4029/4169/4018 4032/4172/4021 4031/4173/4022 4028/4170/4019
f 4025/4167/4016 4026/4166/4015 4029/4169/4018 4030/4168/4017
f 4026/4166/4015 4022/4163/4012 4032/4172/4021 4029/4169/4018
f 4036/4174/4023 4035/4175/4024 4034/4176/4025 4033/4177/4026
f 4020/4162/4011 4021/4161/4010 4035/4175/4024 4036/4174/4023
f 4032/4172/4021 4036/4174/4023 4033/4177/4026 4031/4173/4022
f 4022/4163/4012 4020/4162/4011 4036/4174/4023 4032/4172/4021
f 4038/4178/4027 4037/4179/4028 3040/3178/3027 3037/3181/3030
f 4037/4179/4028 4039/4180/4029 3035/3177/3026 3040/3178/3027
f 4041/4181/4030 4040/4182/4031 4037/4179/4028 4038/4178/4027
f 4040/4182/4031 4042/4183/4032 4039/4180/4029 4037/4179/4028
f 4043/4184/4033 4018/4158/4007 3012/3154/3003 3033/3175/3024
f 4044/4185/4034 4021/4161/4010 4018/4158/4007 4043/4184/4033
f 4039/4180/4029 4043/4184/4033 3033/3175/3024 3035/3177/3026
f 4042/4183/4032 4044/4185/4034 4043/4184/4033 4039/4180/4029
f 4035/4175/4024 4046/4186/4035 4045/4187/4036 4034/4176/4025
f 4046/4186/4035 4048/4188/4037 4047/4189/4038 4045/4187/4036
f 4021/4161/4010 4044/4185/4034 4046/4186/4035 4035/4175/4024
f 4044/4185/4034 4042/4183/4032 4048/4188/4037 4046/4186/4035
f 4052/4190/4039 4051/4191/4040 4050/4192/4041 4049/4193/4042
f 4040/4182/4031 4041/4181/4030 4051/4191/4040 4052/4190/4039
f 4048/4188/4037 4052/4190/4039 4049/4193/4042 4047/4189/4038
f 4042/4183/4032 4040/4182/4031 4052/4190/4039 4048/4188/4037
f 4054/4194/4043 4053/4195/4044 3060/3198/3047 3057/3201/3050
f 4053/4195/4044 4055/4196/4045 3055/3197/3046 3060/3198/3047
f 4057/4197/4046 4056/4198/4047 4053/4195/4044 4054/4194/4043
f 4056/4198/4047 4058/4199/4048 4055/4196/4045 4053/4195/4044
f 4059/4200/4049 4038/4178/4027 3037/3181/3030 3053/3195/3044
f 4060/4201/4050 4041/4181/4030 4038/4178/4027 4059/4200/4049
f 4055/4196/4045 4059/4200/4049 3053/3195/3044 3055/3197/3046
f 4058/4199/4048 4060/4201/4050 4059/4200/4049 4055/4196/4045
f 4051/4191/4040 4062/4202/4051 4061/4203/4052 4050/4192/4041
f 4062/4202/4051 4064/4204/4053 4063/4205/4054 4061/4203/4052
f 4041/4181/4030 4060/4201/4050 4062/4202/4051 4051/4191/4040
f 4060/4201/4050 4058/4199/4048 4064/4204/4053 4062/4202/4051
f 4068/4206/4055 4067/4207/4056 4066/4208/4057 4065/4209/4058
f 4056/4198/4047 4057/4197/4046 4067/4207/4056 4068/4206/4055
f 4064/4204/4053 4068/4206/4055 4065/4209/4058 4063/4205/4054
f 4058/4199/4048 4056/4198/4047 4068/4206/4055 4064/4204/4053
f 4072/4210/4059 4071/4211/4060 4070/4212/4061 4069/4213/4062
f 4071/4211/4060 4074/4214/4063 4073/4215/4064 4070/4212/4061
f 4076/4216/4065 4075/4217/4066 4071/4211/4060 4072/4210/4059
f 4075/4217/4066 4077/4218/4067 4074/4214/4063 4071/4211/4060
f 4080/4219/4068 4079/4220/4069 3077/3221/3070 4078/4221/4070
f 4082/4222/4071 4081/4223/4072 4079/4220/4069 4080/4219/4068
f 4074/4214/4063 4080/4219/4068 4078/4221/4070 4073/4215/4064
f 4077/4218/4067 4082/4222/4071 4080/4219/4068 4074/4214/4063
f 4086/4224/4073 4085/4225/4074 4084/4226/4075 4083/4227/4076
f 4085/4225/4074 4088/4228/4077 4087/4229/4078 4084/4226/4075
f 4081/4223/4072 4082/4222/4071 4085/4225/4074 4086/4224/4073
f 4082/4222/4071 4077/4218/4067 4088/4228/4077 4085/4225/4074
f 4092/4230/4079 4091/4231/4080 4090/4232/4081 4089/4233/4082
f 4075/4217/4066 4076/4216/4065 4091/4231/4080 4092/4230/4079
f 4088/4228/4077 4092/4230/4079 4089/4233/4082 4087/4229/4078
f 4077/4218/4067 4075/4217/4066 4092/4230/4079 4088/4228/4077
f 4094/4234/4083 4093/4235/4084 3105/3243/3092 3102/3246/3095
f 4093/4235/4084 4095/4236/4085 3100/3242/3091 3105/3243/3092
f 4097/4237/4086 4096/4238/4087 4093/4235/4084 4094/4234/4083
f 4096/4238/4087 4098/4239/4088 4095/4236/4085 4093/4235/4084
f 4100/4240/4089 4099/4241/4090 3097/3239/3088 3098/3238/3087
f 4102/4242/4091 4101/4243/4092 4099/4241/4090 4100/4240/4089
f 4095/4236/4085 4100/4240/4089 3098/3238/3087 3100/3242/3091
f 4098/4239/4088 4102/4242/4091 4100/4240/4089 4095/4236/4085
f 4106/4244/4093 4105/4245/4094 4104/4246/4095 4103/4247/4096
f 4105/4245/4094 4108/4248/4097 4107/4249/4098 4104/4246/4095
f 4101/4243/4092 4102/4242/4091 4105/4245/4094 4106/4244/4093
f 4102/4242/4091 4098/4239/4088 4108/4248/4097 4105/4245/4094
f 4112/4250/4099 4111/4251/4100 4110/4252/4101 4109/4253/4102
f 4096/4238/4087 4097/4237/4086 4111/4251/4100 4112/4250/4099
f 4108/4248/4097 4112/4250/4099 4109/4253/4102 4107/4249/4098
f 4098/4239/4088 4096/4238/4087 4112/4250/4099 4108/4248/4097
f 4114/4254/4103 4113/4255/4104 3125/3263/3112 3122/3266/3115
f 4113/4255/4104 4115/4256/4105 3120/3262/3111 3125/3263/3112
f 4117/4257/4106 4116/4258/4107 4113/4255/4104 4114/4254/4103
f 4116/4258/4107 4118/4259/4108 4115/4256/4105 4113/4255/4104
f 4119/4260/4109 4094/4234/4083 3102/3246/3095 3118/3260/3109
f 4120/4261/4110 4097/4237/4086 4094/4234/4083 4119/4260/4109
f 4115/4256/4105 4119/4260/4109 3118/3260/3109 3120/3262/3111
f 4118/4259/4108 4120/4261/4110 4119/4260/4109 4115/4256/4105
f 4111/4251/4100 4122/4262/4111 4121/4263/4112 4110/4252/4101
f 4122/4262/4111 4124/4264/4113 4123/4265/4114 4121/4263/4112
f 4097/4237/4086 4120/4261/4110 4122/4262/4111 4111/4251/4100
f 4120/4261/4110 4118/4259/4108 4124/4264/4113 4122/4262/4111
f 4128/4266/4115 4127/4267/4116 4126/4268/4117 4125/4269/4118
f 4116/4258/4107 4117/4257/4106 4127/4267/4116 4128/4266/4115
f 4124/4264/4113 4128/4266/4115 4125/4269/4118 4123/4265/4114
f 4118/4259/4108 4116/4258/4107 4128/4266/4115 4124/4264/4113
f 1510/1525/1508 4129/4270/4119 3143/3283/3132 507/524/507
f 4129/4270/4119 4130/4271/4120 3140/3282/3131 3143/3283/3132
f 1512/1527/1510 4131/4272/4121 4129/4270/4119 1510/1525/1508
f 4131/4272/4121 4132/4273/1512 4130/4271/4120 4129/4270/4119
f 4133/4274/4122 4114/4254/4103 3122/3266/3115 3138/3280/3129
f 4134/4275/4123 4117/4257/4106 4114/4254/4103 4133/4274/4122
f 4130/4271/4120 4133/4274/4122 3138/3280/3129 3140/3282/3131
f 4132/4273/1512 4134/4275/4123 4133/4274/4122 4130/4271/4120
f 4127/4267/4116 4136/4276/4124 4135/4277/4125 4126/4268/4117
f 4136/4276/4124 4138/4278/4126 4137/4279/4127 4135/4277/4125
f 4117/4257/4106 4134/4275/4123 4136/4276/4124 4127/4267/4116
f 4134/4275/4123 4132/4273/1512 4138/4278/4126 4136/4276/4124
f 4140/4280/4128 1516/1533/1515 1517/1532/19 4139/4281/4129
f 4131/4272/4121 1512/1527/1510 1516/1533/1515 4140/4280/4128
f 4138/4278/4126 4140/4280/4128 4139/4281/4129 4137/4279/4127
f 4132/4273/1512 4131/4272/4121 4140/4280/4128 4138/4278/4126
f 4143/4282/4130 4142/4283/4131 4141/4284/4132 3147/3291/3140
f 4142/4283/4131 4145/4285/4133 4144/4286/4134 4141/4284/4132
f 4147/4287/4135 4146/4288/4136 4142/4283/4131 4143/4282/4130
f 4146/4288/4136 4148/4289/4137 4145/4285/4133 4142/4283/4131
f 4152/4290/4138 4151/4291/4139 4150/4292/4140 4149/4293/4141
f 4154/4294/4142 4153/4295/4143 4151/4291/4139 4152/4290/4138
f 4145/4285/4133 4152/4290/4138 4149/4293/4141 4144/4286/4134
f 4148/4289/4137 4154/4294/4142 4152/4290/4138 4145/4285/4133
f 4158/4296/4144 4157/4297/4145 4156/4298/4146 4155/4299/4147
f 4157/4297/4145 4160/4300/4148 4159/4301/4149 4156/4298/4146
f 4153/4295/4143 4154/4294/4142 4157/4297/4145 4158/4296/4144
f 4154/4294/4142 4148/4289/4137 4160/4300/4148 4157/4297/4145
f 4164/4302/4150 4163/4303/4151 4162/4304/4075 4161/4305/4152
f 4146/4288/4136 4147/4287/4135 4163/4303/4151 4164/4302/4150
f 4160/4300/4148 4164/4302/4150 4161/4305/4152 4159/4301/4149
f 4148/4289/4137 4146/4288/4136 4164/4302/4150 4160/4300/4148
f 4151/4291/4139 4166/4306/4153 4165/4307/4154 4150/4292/4140
f 4166/4306/4153 4168/4308/4155 4167/4309/4156 4165/4307/4154
f 4153/4295/4143 4169/4310/4157 4166/4306/4153 4151/4291/4139
f 4169/4310/4157 4170/4311/4158 4168/4308/4155 4166/4306/4153
f 4172/4312/4159 3907/4045/3894 3904/4048/3897 4171/4313/4160
f 4173/4314/4161 3911/4051/3900 3907/4045/3894 4172/4312/4159
f 4168/4308/4155 4172/4312/4159 4171/4313/4160 4167/4309/4156
f 4170/4311/4158 4173/4314/4161 4172/4312/4159 4168/4308/4155
f 3927/4067/3916 4175/4315/4162 4174/4316/4163 3926/4068/3917
f 4175/4315/4162 4177/4317/4164 4176/4318/4165 4174/4316/4163
f 3911/4051/3900 4173/4314/4161 4175/4315/4162 3927/4067/3916
f 4173/4314/4161 4170/4311/4158 4177/4317/4164 4175/4315/4162
f 4179/4319/4166 4158/4296/4144 4155/4299/4147 4178/4320/4167
f 4169/4310/4157 4153/4295/4143 4158/4296/4144 4179/4319/4166
f 4177/4317/4164 4179/4319/4166 4178/4320/4167 4176/4318/4165
f 4170/4311/4158 4169/4310/4157 4179/4319/4166 4177/4317/4164
f 3896/4038/3887 4180/4321/4168 3181/3323/3172 2882/3026/2875
f 4180/4321/4168 4181/4322/4169 3179/3321/3170 3181/3323/3172
f 3898/4040/3889 4182/4323/4170 4180/4321/4168 3896/4038/3887
f 4182/4323/4170 4183/4324/4171 4181/4322/4169 4180/4321/4168
f 4185/4325/4172 4184/4326/4173 3175/3319/3168 3176/3318/3167
f 4187/4327/4174 4186/4328/4175 4184/4326/4173 4185/4325/4172
f 4181/4322/4169 4185/4325/4172 3176/3318/3167 3179/3321/3170
f 4183/4324/4171 4187/4327/4174 4185/4325/4172 4181/4322/4169
f 4191/4329/4176 4190/4330/4177 4189/4331/4178 4188/4332/4179
f 4190/4330/4177 4193/4333/4180 4192/4334/4181 4189/4331/4178
f 4186/4328/4175 4187/4327/4174 4190/4330/4177 4191/4329/4176
f 4187/4327/4174 4183/4324/4171 4193/4333/4180 4190/4330/4177
f 4195/4335/4182 3900/4044/3893 3901/4043/3892 4194/4336/4183
f 4182/4323/4170 3898/4040/3889 3900/4044/3893 4195/4335/4182
f 4193/4333/4180 4195/4335/4182 4194/4336/4183 4192/4334/4181
f 4183/4324/4171 4182/4323/4170 4195/4335/4182 4193/4333/4180
f 4197/4337/4184 4196/4338/4185 3199/3343/3192 3200/3342/3191
f 4196/4338/4185 4198/4339/4186 3197/3339/3188 3199/3343/3192
f 4200/4340/4187 4199/4341/4188 4196/4338/4185 4197/4337/4184
f 4199/4341/4188 4201/4342/4189 4198/4339/4186 4196/4338/4185
f 4203/4343/4190 4202/4344/4191 3193/3337/3186 3194/3336/3185
f 4205/4345/4192 4204/4346/4193 4202/4344/4191 4203/4343/4190
f 4198/4339/4186 4203/4343/4190 3194/3336/3185 3197/3339/3188
f 4201/4342/4189 4205/4345/4192 4203/4343/4190 4198/4339/4186
f 4209/4347/4194 4208/4348/4195 4207/4349/4196 4206/4350/4197
f 4208/4348/4195 4211/4351/4198 4210/4352/4199 4207/4349/4196
f 4204/4346/4193 4205/4345/4192 4208/4348/4195 4209/4347/4194
f 4205/4345/4192 4201/4342/4189 4211/4351/4198 4208/4348/4195
f 4215/4353/4200 4214/4354/4201 4213/4355/4202 4212/4356/4203
f 4199/4341/4188 4200/4340/4187 4214/4354/4201 4215/4353/4200
f 4211/4351/4198 4215/4353/4200 4212/4356/4203 4210/4352/4199
f 4201/4342/4189 4199/4341/4188 4215/4353/4200 4211/4351/4198
f 4202/4344/4191 4216/4357/4204 3217/3359/3208 3193/3337/3186
f 4216/4357/4204 4217/4358/4205 3215/3357/3206 3217/3359/3208
f 4204/4346/4193 4218/4359/4206 4216/4357/4204 4202/4344/4191
f 4218/4359/4206 4219/4360/4207 4217/4358/4205 4216/4357/4204
f 4221/4361/4208 4220/4362/4209 3211/3355/3204 3212/3354/3203
f 4223/4363/4210 4222/4364/4211 4220/4362/4209 4221/4361/4208
f 4217/4358/4205 4221/4361/4208 3212/3354/3203 3215/3357/3206
f 4219/4360/4207 4223/4363/4210 4221/4361/4208 4217/4358/4205
f 4227/4365/4212 4226/4366/4213 4225/4367/4214 4224/4368/4215
f 4226/4366/4213 4229/4369/4216 4228/4370/4217 4225/4367/4214
f 4222/4364/4211 4223/4363/4210 4226/4366/4213 4227/4365/4212
f 4223/4363/4210 4219/4360/4207 4229/4369/4216 4226/4366/4213
f 4231/4371/4218 4209/4347/4194 4206/4350/4197 4230/4372/4219
f 4218/4359/4206 4204/4346/4193 4209/4347/4194 4231/4371/4218
f 4229/4369/4216 4231/4371/4218 4230/4372/4219 4228/4370/4217
f 4219/4360/4207 4218/4359/4206 4231/4371/4218 4229/4369/4216
f 4220/4362/4209 4232/4373/4220 3233/3375/3224 3211/3355/3204
f 4232/4373/4220 4233/4374/4221 3231/3373/3222 3233/3375/3224
f 4222/4364/4211 4234/4375/4222 4232/4373/4220 4220/4362/4209
f 4234/4375/4222 4235/4376/4223 4233/4374/4221 4232/4373/4220
f 4237/4377/4224 4236/4378/4225 3227/3371/3220 3228/3370/3219
f 4239/4379/4226 4238/4380/4227 4236/4378/4225 4237/4377/4224
f 4233/4374/4221 4237/4377/4224 3228/3370/3219 3231/3373/3222
f 4235/4376/4223 4239/4379/4226 4237/4377/4224 4233/4374/4221
f 4243/4381/4228 4242/4382/4229 4241/4383/4230 4240/4384/4231
f 4242/4382/4229 4245/4385/4232 4244/4386/4233 4241/4383/4230
f 4238/4380/4227 4239/4379/4226 4242/4382/4229 4243/4381/4228
f 4239/4379/4226 4235/4376/4223 4245/4385/4232 4242/4382/4229
f 4247/4387/4234 4227/4365/4212 4224/4368/4215 4246/4388/4235
f 4234/4375/4222 4222/4364/4211 4227/4365/4212 4247/4387/4234
f 4245/4385/4232 4247/4387/4234 4246/4388/4235 4244/4386/4233
f 4235/4376/4223 4234/4375/4222 4247/4387/4234 4245/4385/4232
f 4249/4389/4236 4248/4390/4237 3251/3395/3244 3252/3394/3243
f 4248/4390/4237 4250/4391/4238 3249/3391/3240 3251/3395/3244
f 4252/4392/4239 4251/4393/4240 4248/4390/4237 4249/4389/4236
f 4251/4393/4240 4253/4394/4241 4250/4391/4238 4248/4390/4237
f 4255/4395/4242 4254/4396/4243 3245/3389/3238 3246/3388/3237
f 4257/4397/4244 4256/4398/4245 4254/4396/4243 4255/4395/4242
f 4250/4391/4238 4255/4395/4242 3246/3388/3237 3249/3391/3240
f 4253/4394/4241 4257/4397/4244 4255/4395/4242 4250/4391/4238
f 4261/4399/4246 4260/4400/4247 4259/4401/4248 4258/4402/4249
f 4260/4400/4247 4263/4403/4250 4262/4404/4251 4259/4401/4248
f 4256/4398/4245 4257/4397/4244 4260/4400/4247 4261/4399/4246
f 4257/4397/4244 4253/4394/4241 4263/4403/4250 4260/4400/4247
f 4267/4405/4252 4266/4406/4253 4265/4407/4254 4264/4408/4255
f 4251/4393/4240 4252/4392/4239 4266/4406/4253 4267/4405/4252
f 4263/4403/4250 4267/4405/4252 4264/4408/4255 4262/4404/4251
f 4253/4394/4241 4251/4393/4240 4267/4405/4252 4263/4403/4250
f 4254/4396/4243 4268/4409/4256 3256/3396/3245 3245/3389/3238
f 4268/4409/4256 4269/4410/4257 3259/3399/3248 3256/3396/3245
f 4256/4398/4245 4270/4411/4258 4268/4409/4256 4254/4396/4243
f 4270/4411/4258 4271/4412/4259 4269/4410/4257 4268/4409/4256
f 4273/4413/4260 4272/4414/4261 3268/3410/3259 3269/3409/3258
f 4275/4415/4262 4274/4416/4263 4272/4414/4261 4273/4413/4260
f 4269/4410/4257 4273/4413/4260 3269/3409/3258 3259/3399/3248
f 4271/4412/4259 4275/4415/4262 4273/4413/4260 4269/4410/4257
f 4279/4417/4264 4278/4418/4265 4277/4419/4266 4276/4420/4267
f 4278/4418/4265 4281/4421/4268 4280/4422/4269 4277/4419/4266
f 4274/4416/4263 4275/4415/4262 4278/4418/4265 4279/4417/4264
f 4275/4415/4262 4271/4412/4259 4281/4421/4268 4278/4418/4265
f 4283/4423/4270 4261/4399/4246 4258/4402/4249 4282/4424/4271
f 4270/4411/4258 4256/4398/4245 4261/4399/4246 4283/4423/4270
f 4281/4421/4268 4283/4423/4270 4282/4424/4271 4280/4422/4269
f 4271/4412/4259 4270/4411/4258 4283/4423/4270 4281/4421/4268
f 4272/4414/4261 4284/4425/4272 3272/3412/3261 3268/3410/3259
f 4284/4425/4272 4285/4426/4273 3275/3415/3264 3272/3412/3261
f 4274/4416/4263 4286/4427/4274 4284/4425/4272 4272/4414/4261
f 4286/4427/4274 4287/4428/4275 4285/4426/4273 4284/4425/4272
f 4289/4429/4276 4288/4430/4277 3284/3426/3275 3285/3425/3274
f 4291/4431/4278 4290/4432/4279 4288/4430/4277 4289/4429/4276
f 4285/4426/4273 4289/4429/4276 3285/3425/3274 3275/3415/3264
f 4287/4428/4275 4291/4431/4278 4289/4429/4276 4285/4426/4273
f 4295/4433/4280 4294/4434/4281 4293/4435/4282 4292/4436/4283
f 4294/4434/4281 4297/4437/4284 4296/4438/4285 4293/4435/4282
f 4290/4432/4279 4291/4431/4278 4294/4434/4281 4295/4433/4280
f 4291/4431/4278 4287/4428/4275 4297/4437/4284 4294/4434/4281
f 4299/4439/4286 4279/4417/4264 4276/4420/4267 4298/4440/4287
f 4286/4427/4274 4274/4416/4263 4279/4417/4264 4299/4439/4286
f 4297/4437/4284 4299/4439/4286 4298/4440/4287 4296/4438/4285
f 4287/4428/4275 4286/4427/4274 4299/4439/4286 4297/4437/4284
f 4288/4430/4277 4300/4441/4288 3288/3428/3277 3284/3426/3275
f 4300/4441/4288 4301/4442/4289 3291/3431/3280 3288/3428/3277
f 4290/4432/4279 4302/4443/4290 4300/4441/4288 4288/4430/4277
f 4302/4443/4290 4303/4444/4291 4301/4442/4289 4300/4441/4288
f 4305/4445/4292 4304/4446/4293 3300/3442/3291 3301/3441/3290
f 4307/4447/4294 4306/4448/4295 4304/4446/4293 4305/4445/4292
f 4301/4442/4289 4305/4445/4292 3301/3441/3290 3291/3431/3280
f 4303/4444/4291 4307/4447/4294 4305/4445/4292 4301/4442/4289
f 4311/4449/4296 4310/4450/4297 4309/4451/4298 4308/4452/4299
f 4310/4450/4297 4313/4453/4300 4312/4454/4301 4309/4451/4298
f 4306/4448/4295 4307/4447/4294 4310/4450/4297 4311/4449/4296
f 4307/4447/4294 4303/4444/4291 4313/4453/4300 4310/4450/4297
f 4315/4455/4302 4295/4433/4280 4292/4436/4283 4314/4456/4303
f 4302/4443/4290 4290/4432/4279 4295/4433/4280 4315/4455/4302
f 4313/4453/4300 4315/4455/4302 4314/4456/4303 4312/4454/4301
f 4303/4444/4291 4302/4443/4290 4315/4455/4302 4313/4453/4300
f 4319/4457/4304 4318/4458/4305 4317/4459/4306 4316/4460/4307
f 4318/4458/4305 4321/4461/4308 4320/4462/4309 4317/4459/4306
f 4323/4463/4310 4322/4464/4311 4318/4458/4305 4319/4457/4304
f 4322/4464/4311 4324/4465/4312 4321/4461/4308 4318/4458/4305
f 4326/4466/4313 3306/3444/3293 3303/3447/3296 4325/4467/4314
f 4327/4468/4315 3310/3450/3299 3306/3444/3293 4326/4466/4313
f 4321/4461/4308 4326/4466/4313 4325/4467/4314 4320/4462/4309
f 4324/4465/4312 4327/4468/4315 4326/4466/4313 4321/4461/4308
f 3321/3461/3310 4329/4469/4316 4328/4470/4317 3320/3462/3311
f 4329/4469/4316 4331/4471/4318 4330/4472/4319 4328/4470/4317
f 3310/3450/3299 4327/4468/4315 4329/4469/4316 3321/3461/3310
f 4327/4468/4315 4324/4465/4312 4331/4471/4318 4329/4469/4316
f 4335/4473/4320 4334/4474/4321 4333/4475/4322 4332/4476/4323
f 4322/4464/4311 4323/4463/4310 4334/4474/4321 4335/4473/4320
f 4331/4471/4318 4335/4473/4320 4332/4476/4323 4330/4472/4319
f 4324/4465/4312 4322/4464/4311 4335/4473/4320 4331/4471/4318
f 4328/4470/4317 4336/4477/4324 3324/3464/3313 3320/3462/3311
f 4336/4477/4324 4337/4478/4325 3327/3467/3316 3324/3464/3313
f 4330/4472/4319 4338/4479/4326 4336/4477/4324 4328/4470/4317
f 4338/4479/4326 4339/4480/4327 4337/4478/4325 4336/4477/4324
f 4341/4481/4328 4340/4482/4329 3336/3478/3327 3337/3477/3326
f 4343/4483/4330 4342/4484/4331 4340/4482/4329 4341/4481/4328
f 4337/4478/4325 4341/4481/4328 3337/3477/3326 3327/3467/3316
f 4339/4480/4327 4343/4483/4330 4341/4481/4328 4337/4478/4325
f 4347/4485/4332 4346/4486/4333 4345/4487/4334 4344/4488/4335
f 4346/4486/4333 4349/4489/4336 4348/4490/4337 4345/4487/4334
f 4342/4484/4331 4343/4483/4330 4346/4486/4333 4347/4485/4332
f 4343/4483/4330 4339/4480/4327 4349/4489/4336 4346/4486/4333
f 4351/4491/4338 4332/4476/4323 4333/4475/4322 4350/4492/4339
f 4338/4479/4326 4330/4472/4319 4332/4476/4323 4351/4491/4338
f 4349/4489/4336 4351/4491/4338 4350/4492/4339 4348/4490/4337
f 4339/4480/4327 4338/4479/4326 4351/4491/4338 4349/4489/4336
f 4340/4482/4329 4352/4493/4340 3340/3480/3329 3336/3478/3327
f 4352/4493/4340 4353/4494/4341 3343/3483/3332 3340/3480/3329
f 4342/4484/4331 4354/4495/4342 4352/4493/4340 4340/4482/4329
f 4354/4495/4342 4355/4496/4343 4353/4494/4341 4352/4493/4340
f 4356/4497/4344 1751/1766/1747 714/729/712 3349/3491/3340
f 4357/4498/4345 1749/1764/1745 1751/1766/1747 4356/4497/4344
f 4353/4494/4341 4356/4497/4344 3349/3491/3340 3343/3483/3332
f 4355/4496/4343 4357/4498/4345 4356/4497/4344 4353/4494/4341
f 1746/1761/1743 4359/4499/4346 4358/4500/4347 1745/1762/37
f 4359/4499/4346 4361/4501/4348 4360/4502/4349 4358/4500/4347
f 1749/1764/1745 4357/4498/4345 4359/4499/4346 1746/1761/1743
f 4357/4498/4345 4355/4496/4343 4361/4501/4348 4359/4499/4346
f 4363/4503/4350 4347/4485/4332 4344/4488/4335 4362/4504/4351
f 4354/4495/4342 4342/4484/4331 4347/4485/4332 4363/4503/4350
f 4361/4501/4348 4363/4503/4350 4362/4504/4351 4360/4502/4349
f 4355/4496/4343 4354/4495/4342 4363/4503/4350 4361/4501/4348
f 2960/3100/2949 4365/4505/4352 4364/4506/4353 2959/3101/2950
f 4365/4505/4352 4367/4507/4354 4366/4508/4355 4364/4506/4353
f 2944/3084/2933 4368/4509/4356 4365/4505/4352 2960/3100/2949
f 4368/4509/4356 4369/4510/4357 4367/4507/4354 4365/4505/4352
f 4371/4511/4358 2932/3070/2919 2929/3073/2922 4370/4512/4359
f 4372/4513/4360 2927/3069/2918 2932/3070/2919 4371/4511/4358
f 4367/4507/4354 4371/4511/4358 4370/4512/4359 4366/4508/4355
f 4369/4510/4357 4372/4513/4360 4371/4511/4358 4367/4507/4354
f 2925/3065/2914 4374/4514/4361 4373/4515/4362 2924/3066/2915
f 4374/4514/4361 4376/4516/4363 4375/4517/4364 4373/4515/4362
f 2927/3069/2918 4372/4513/4360 4374/4514/4361 2925/3065/2914
f 4372/4513/4360 4369/4510/4357 4376/4516/4363 4374/4514/4361
f 4378/4518/4365 2940/3078/2927 2937/3081/2930 4377/4519/4366
f 4368/4509/4356 2944/3084/2933 2940/3078/2927 4378/4518/4365
f 4376/4516/4363 4378/4518/4365 4377/4519/4366 4375/4517/4364
f 4369/4510/4357 4368/4509/4356 4378/4518/4365 4376/4516/4363
f 3201/3341/3190 4380/4520/4367 4379/4521/4368 3200/3342/3191
f 4380/4520/4367 4382/4522/4369 4381/4523/4370 4379/4521/4368
f 3187/3327/3176 4383/4524/4371 4380/4520/4367 3201/3341/3190
f 4383/4524/4371 4384/4525/4372 4382/4522/4369 4380/4520/4367
f 4386/4526/4373 3178/3316/3165 3175/3319/3168 4385/4527/4374
f 4387/4528/4375 3173/3315/3164 3178/3316/3165 4386/4526/4373
f 4382/4522/4369 4386/4526/4373 4385/4527/4374 4381/4523/4370
f 4384/4525/4372 4387/4528/4375 4386/4526/4373 4382/4522/4369
f 3171/3313/3162 4388/4529/4376 4370/4512/4359 2929/3073/2922
f 4388/4529/4376 4389/4530/4377 4366/4508/4355 4370/4512/4359
f 3173/3315/3164 4387/4528/4375 4388/4529/4376 3171/3313/3162
f 4387/4528/4375 4384/4525/4372 4389/4530/4377 4388/4529/4376
f 4390/4531/4378 3184/3324/3173 2959/3101/2950 4364/4506/4353
f 4383/4524/4371 3187/3327/3176 3184/3324/3173 4390/4531/4378
f 4389/4530/4377 4390/4531/4378 4364/4506/4353 4366/4508/4355
f 4384/4525/4372 4383/4524/4371 4390/4531/4378 4389/4530/4377
f 4214/4354/4201 4392/4532/4379 4391/4533/4380 4213/4355/4202
f 4392/4532/4379 4394/4534/4381 4393/4535/4382 4391/4533/4380
f 4200/4340/4187 4395/4536/4383 4392/4532/4379 4214/4354/4201
f 4395/4536/4383 4396/4537/4384 4394/4534/4381 4392/4532/4379
f 4398/4538/4385 4191/4329/4176 4188/4332/4179 4397/4539/4386
f 4399/4540/4387 4186/4328/4175 4191/4329/4176 4398/4538/4385
f 4394/4534/4381 4398/4538/4385 4397/4539/4386 4393/4535/4382
f 4396/4537/4384 4399/4540/4387 4398/4538/4385 4394/4534/4381
f 4184/4326/4173 4400/4541/4388 4385/4527/4374 3175/3319/3168
f 4400/4541/4388 4401/4542/4389 4381/4523/4370 4385/4527/4374
f 4186/4328/4175 4399/4540/4387 4400/4541/4388 4184/4326/4173
f 4399/4540/4387 4396/4537/4384 4401/4542/4389 4400/4541/4388
f 4402/4543/4390 4197/4337/4184 3200/3342/3191 4379/4521/4368
f 4395/4536/4383 4200/4340/4187 4197/4337/4184 4402/4543/4390
f 4401/4542/4389 4402/4543/4390 4379/4521/4368 4381/4523/4370
f 4396/4537/4384 4395/4536/4383 4402/4543/4390 4401/4542/4389
f 3704/3846/3695 4404/4544/4391 4403/4545/4392 3463/3605/3454
f 4404/4544/4391 4406/4546/4393 4405/4547/4394 4403/4545/4392
f 3706/3848/3697 4407/4548/4395 4404/4544/4391 3704/3846/3695
f 4407/4548/4395 4408/4549/4396 4406/4546/4393 4404/4544/4391
f 4410/4550/4397 3685/3827/3676 3421/3565/3414 4409/4551/4398
f 4411/4552/4399 3680/3822/3671 3685/3827/3676 4410/4550/4397
f 4406/4546/4393 4410/4550/4397 4409/4551/4398 4405/4547/4394
f 4408/4549/4396 4411/4552/4399 4410/4550/4397 4406/4546/4393
f 3677/3819/3668 4413/4553/4400 4412/4554/4401 3676/3820/3669
f 4413/4553/4400 4415/4555/4402 4414/4556/4403 4412/4554/4401
f 3680/3822/3671 4411/4552/4399 4413/4553/4400 3677/3819/3668
f 4411/4552/4399 4408/4549/4396 4415/4555/4402 4413/4553/4400
f 4417/4557/4404 3708/3852/3701 3709/3851/3700 4416/4558/4405
f 4407/4548/4395 3706/3848/3697 3708/3852/3701 4417/4557/4404
f 4415/4555/4402 4417/4557/4404 4416/4558/4405 4414/4556/4403
f 4408/4549/4396 4407/4548/4395 4417/4557/4404 4415/4555/4402
f 3457/3599/3448 4419/4559/4406 4418/4560/4407 3456/3600/3449
f 4419/4559/4406 4421/4561/4408 4420/4562/4409 4418/4560/4407
f 3460/3602/3451 4422/4563/4410 4419/4559/4406 3457/3599/3448
f 4422/4563/4410 4423/4564/4411 4421/4561/4408 4419/4559/4406
f 4425/4565/4412 3430/3574/3423 3431/3573/3422 4424/4566/4413
f 4426/4567/4414 3425/3567/3416 3430/3574/3423 4425/4565/4412
f 4421/4561/4408 4425/4565/4412 4424/4566/4413 4420/4562/4409
f 4423/4564/4411 4426/4567/4414 4425/4565/4412 4421/4561/4408
f 3422/3564/3413 4427/4568/4415 4409/4551/4398 3421/3565/3414
f 4427/4568/4415 4428/4569/4416 4405/4547/4394 4409/4551/4398
f 3425/3567/3416 4426/4567/4414 4427/4568/4415 3422/3564/3413
f 4426/4567/4414 4423/4564/4411 4428/4569/4416 4427/4568/4415
f 4429/4570/4417 3462/3606/3455 3463/3605/3454 4403/4545/4392
f 4422/4563/4410 3460/3602/3451 3462/3606/3455 4429/4570/4417
f 4428/4569/4416 4429/4570/4417 4403/4545/4392 4405/4547/4394
f 4423/4564/4411 4422/4563/4410 4429/4570/4417 4428/4569/4416
f 4432/4571/4418 4431/4572/4419 4430/4573/4420 3975/4119/3968
f 4431/4572/4419 4434/4574/4421 4433/4575/4422 4430/4573/4420
f 4436/4576/4423 4435/4577/4424 4431/4572/4419 4432/4571/4418
f 4435/4577/4424 4437/4578/4425 4434/4574/4421 4431/4572/4419
f 4440/4579/4426 4439/4580/4427 3962/4104/3953 4438/4581/4428
f 4442/4582/4429 4441/4583/4430 4439/4580/4427 4440/4579/4426
f 4434/4574/4421 4440/4579/4426 4438/4581/4428 4433/4575/4422
f 4437/4578/4425 4442/4582/4429 4440/4579/4426 4434/4574/4421
f 4444/4584/4431 4443/4585/4432 4424/4566/4413 3431/3573/3422
f 4443/4585/4432 4445/4586/4433 4420/4562/4409 4424/4566/4413
f 4441/4583/4430 4442/4582/4429 4443/4585/4432 4444/4584/4431
f 4442/4582/4429 4437/4578/4425 4445/4586/4433 4443/4585/4432
f 4447/4587/4434 4446/4588/4435 3456/3600/3449 4418/4560/4407
f 4435/4577/4424 4436/4576/4423 4446/4588/4435 4447/4587/4434
f 4445/4586/4433 4447/4587/4434 4418/4560/4407 4420/4562/4409
f 4437/4578/4425 4435/4577/4424 4447/4587/4434 4445/4586/4433
f 2990/4589/2979 4449/4590/4436 4448/4591/4437 2989/4592/2980
f 4449/4590/4436 4451/4593/4438 4450/4594/4439 4448/4591/4437
f 2992/4595/2983 4452/4596/4440 4449/4590/4436 2990/4589/2979
f 4452/4596/4440 4453/4597/4441 4451/4593/4438 4449/4590/4436
f 4455/4598/4442 3005/3143/2992 3002/3146/2995 4454/4599/4443
f 4456/4600/4444 3009/3149/2998 3005/3143/2992 4455/4598/4442
f 4451/4593/4438 4455/4598/4442 4454/4599/4443 4450/4594/4439
f 4453/4597/4441 4456/4600/4444 4455/4598/4442 4451/4593/4438
f 3025/3165/3014 4458/4601/4445 4457/4602/4446 3024/3166/3015
f 4458/4601/4445 4460/4603/4447 4459/4604/4448 4457/4602/4446
f 3009/3149/2998 4456/4600/4444 4458/4601/4445 3025/3165/3014
f 4456/4600/4444 4453/4597/4441 4460/4603/4447 4458/4601/4445
f 4462/4605/4449 2997/4606/2984 2994/4607/2987 4461/4608/4450
f 4452/4596/4440 2992/4595/2983 2997/4606/2984 4462/4605/4449
f 4460/4603/4447 4462/4605/4449 4461/4608/4450 4459/4604/4448
f 4453/4597/4441 4452/4596/4440 4462/4605/4449 4460/4603/4447
f 4015/4609/4004 4464/4610/4451 4463/4611/4452 4014/4612/4005
f 4464/4610/4451 4466/4613/4453 4465/4614/4454 4463/4611/4452
f 4005/4615/3994 4467/4616/4455 4464/4610/4451 4015/4609/4004
f 4467/4616/4455 4468/4617/4456 4466/4613/4453 4464/4610/4451
f 4470/4618/4457 4030/4168/4017 4027/4171/4020 4469/4619/4458
f 4471/4620/4459 4025/4167/4016 4030/4168/4017 4470/4618/4457
f 4466/4613/4453 4470/4618/4457 4469/4619/4458 4465/4614/4454
f 4468/4617/4456 4471/4620/4459 4470/4618/4457 4466/4613/4453
f 4023/4165/4014 4472/4621/4460 4454/4599/4443 3002/3146/2995
f 4472/4621/4460 4473/4622/4461 4450/4594/4439 4454/4599/4443
f 4025/4167/4016 4471/4620/4459 4472/4621/4460 4023/4165/4014
f 4471/4620/4459 4468/4617/4456 4473/4622/4461 4472/4621/4460
f 4474/4623/4462 4002/4624/3991 2989/4592/2980 4448/4591/4437
f 4467/4616/4455 4005/4615/3994 4002/4624/3991 4474/4623/4462
f 4473/4622/4461 4474/4623/4462 4448/4591/4437 4450/4594/4439
f 4468/4617/4456 4467/4616/4455 4474/4623/4462 4473/4622/4461
f 3487/4625/3478 4476/4626/4463 4475/4627/4464 3486/4628/3479
f 4476/4626/4463 4478/4629/4465 4477/4630/4466 4475/4627/4464
f 3490/4631/3481 4479/4632/4467 4476/4626/4463 3487/4625/3478
f 4479/4632/4467 4480/4633/4468 4478/4629/4465 4476/4626/4463
f 4482/4634/4469 3527/3671/3520 3528/3670/3519 4481/4635/4470
f 4483/4636/4471 3525/3667/3516 3527/3671/3520 4482/4634/4469
f 4478/4629/4465 4482/4634/4469 4481/4635/4470 4477/4630/4466
f 4480/4633/4468 4483/4636/4471 4482/4634/4469 4478/4629/4465
f 3522/3664/3513 4485/4637/4472 4484/4638/4473 3521/3665/3514
f 4485/4637/4472 4487/4639/4474 4486/4640/4475 4484/4638/4473
f 3525/3667/3516 4483/4636/4471 4485/4637/4472 3522/3664/3513
f 4483/4636/4471 4480/4633/4468 4487/4639/4474 4485/4637/4472
f 4489/4641/4476 3495/4642/3488 3496/4643/3487 4488/4644/4477
f 4479/4632/4467 3490/4631/3481 3495/4642/3488 4489/4641/4476
f 4487/4639/4474 4489/4641/4476 4488/4644/4477 4486/4640/4475
f 4480/4633/4468 4479/4632/4467 4489/4641/4476 4487/4639/4474
f 3729/4645/3720 4491/4646/4478 4490/4647/4479 3728/4648/3721
f 4491/4646/4478 4493/4649/4480 4492/4650/4481 4490/4647/4479
f 3732/4651/3723 4494/4652/4482 4491/4646/4478 3729/4645/3720
f 4494/4652/4482 4495/4653/4483 4493/4649/4480 4491/4646/4478
f 4497/4654/4484 3760/3904/3753 3761/3903/3752 4496/4655/4485
f 4498/4656/4486 3758/3900/3749 3760/3904/3753 4497/4654/4484
f 4493/4649/4480 4497/4654/4484 4496/4655/4485 4492/4650/4481
f 4495/4653/4483 4498/4656/4486 4497/4654/4484 4493/4649/4480
f 3756/3898/3747 4499/4657/4487 4481/4635/4470 3528/3670/3519
f 4499/4657/4487 4500/4658/4488 4477/4630/4466 4481/4635/4470
f 3758/3900/3749 4498/4656/4486 4499/4657/4487 3756/3898/3747
f 4498/4656/4486 4495/4653/4483 4500/4658/4488 4499/4657/4487
f 4501/4659/4489 3737/4660/3728 3486/4628/3479 4475/4627/4464
f 4494/4652/4482 3732/4651/3723 3737/4660/3728 4501/4659/4489
f 4500/4658/4488 4501/4659/4489 4475/4627/4464 4477/4630/4466
f 4495/4653/4483 4494/4652/4482 4501/4659/4489 4500/4658/4488
f 4504/4661/4490 4503/4662/4491 4502/4663/4492 4240/4664/4231
f 4503/4662/4491 4506/4665/4493 4505/4666/4494 4502/4663/4492
f 4508/4667/4495 4507/4668/4496 4503/4662/4491 4504/4661/4490
f 4507/4668/4496 4509/4669/4497 4506/4665/4493 4503/4662/4491
f 4512/4670/4498 4511/4671/4499 4265/4672/4254 4510/4673/4500
f 4514/4674/4501 4513/4675/4502 4511/4671/4499 4512/4670/4498
f 4506/4665/4493 4512/4670/4498 4510/4673/4500 4505/4666/4494
f 4509/4669/4497 4514/4674/4501 4512/4670/4498 4506/4665/4493
f 4516/4676/4503 4515/4677/4504 4496/4655/4485 3761/3903/3752
f 4515/4677/4504 4517/4678/4505 4492/4650/4481 4496/4655/4485
f 4513/4675/4502 4514/4674/4501 4515/4677/4504 4516/4676/4503
f 4514/4674/4501 4509/4669/4497 4517/4678/4505 4515/4677/4504
f 4519/4679/4506 4518/4680/4507 3728/4648/3721 4490/4647/4479
f 4507/4668/4496 4508/4667/4495 4518/4680/4507 4519/4679/4506
f 4517/4678/4505 4519/4679/4506 4490/4647/4479 4492/4650/4481
f 4509/4669/4497 4507/4668/4496 4519/4679/4506 4517/4678/4505
f 3223/4681/3214 4520/4682/4508 4461/4608/4450 2994/4607/2987
f 4520/4682/4508 4521/4683/4509 4459/4604/4448 4461/4608/4450
f 3225/4684/3216 4522/4685/4510 4520/4682/4508 3223/4681/3214
f 4522/4685/4510 4523/4686/4511 4521/4683/4509 4520/4682/4508
f 4524/4687/4512 3236/3376/3225 3024/3166/3015 4457/4602/4446
f 4525/4688/4513 3239/3379/3228 3236/3376/3225 4524/4687/4512
f 4521/4683/4509 4524/4687/4512 4457/4602/4446 4459/4604/4448
f 4523/4686/4511 4525/4688/4513 4524/4687/4512 4521/4683/4509
f 3253/3393/3242 4527/4689/4514 4526/4690/4515 3252/3394/3243
f 4527/4689/4514 4529/4691/4516 4528/4692/4517 4526/4690/4515
f 3239/3379/3228 4525/4688/4513 4527/4689/4514 3253/3393/3242
f 4525/4688/4513 4523/4686/4511 4529/4691/4516 4527/4689/4514
f 4531/4693/4518 3230/4694/3217 3227/4695/3220 4530/4696/4519
f 4522/4685/4510 3225/4684/3216 3230/4694/3217 4531/4693/4518
f 4529/4691/4516 4531/4693/4518 4530/4696/4519 4528/4692/4517
f 4523/4686/4511 4522/4685/4510 4531/4693/4518 4529/4691/4516
f 3088/3230/3079 4533/4697/4520 4532/4698/4521 3087/3231/3080
f 4533/4697/4520 4535/4699/4522 4534/4700/4523 4532/4698/4521
f 3091/3233/3082 4536/4701/4524 4533/4697/4520 3088/3230/3079
f 4536/4701/4524 4537/4702/4525 4535/4699/4522 4533/4697/4520
f 4541/4703/4526 4540/4704/4527 4539/4705/4528 4538/4706/4529
f 4543/4707/4530 4542/4708/4531 4540/4704/4527 4541/4703/4526
f 4535/4699/4522 4541/4703/4526 4538/4706/4529 4534/4700/4523
f 4537/4702/4525 4543/4707/4530 4541/4703/4526 4535/4699/4522
f 4546/4709/4532 4545/4710/4533 4544/4711/4534 4069/4213/4062
f 4545/4710/4533 4548/4712/4535 4547/4713/4536 4544/4711/4534
f 4542/4708/4531 4543/4707/4530 4545/4710/4533 4546/4709/4532
f 4543/4707/4530 4537/4702/4525 4548/4712/4535 4545/4710/4533
f 4550/4714/4537 3096/3240/3089 3097/3239/3088 4549/4715/4538
f 4536/4701/4524 3091/3233/3082 3096/3240/3089 4550/4714/4537
f 4548/4712/4535 4550/4714/4537 4549/4715/4538 4547/4713/4536
f 4537/4702/4525 4536/4701/4524 4550/4714/4537 4548/4712/4535
f 3304/3446/3295 4552/4716/4539 4551/4717/4540 3303/3447/3296
f 4552/4716/4539 4554/4718/4541 4553/4719/4542 4551/4717/4540
f 3307/3449/3298 4555/4720/4543 4552/4716/4539 3304/3446/3295
f 4555/4720/4543 4556/4721/4544 4554/4718/4541 4552/4716/4539
f 4560/4722/4545 4559/4723/4546 4558/4724/4547 4557/4725/4548
f 4562/4726/4549 4561/4727/4550 4559/4723/4546 4560/4722/4545
f 4554/4718/4541 4560/4722/4545 4557/4725/4548 4553/4719/4542
f 4556/4721/4544 4562/4726/4549 4560/4722/4545 4554/4718/4541
f 4564/4728/4551 4563/4729/4552 4538/4706/4529 4539/4705/4528
f 4563/4729/4552 4565/4730/4553 4534/4700/4523 4538/4706/4529
f 4561/4727/4550 4562/4726/4549 4563/4729/4552 4564/4728/4551
f 4562/4726/4549 4556/4721/4544 4565/4730/4553 4563/4729/4552
f 4566/4731/4554 3312/3454/3303 3087/3231/3080 4532/4698/4521
f 4555/4720/4543 3307/3449/3298 3312/3454/3303 4566/4731/4554
f 4565/4730/4553 4566/4731/4554 4532/4698/4521 4534/4700/4523
f 4556/4721/4544 4555/4720/4543 4566/4731/4554 4565/4730/4553
f 4317/4459/4306 4568/4732/4555 4567/4733/4556 4316/4460/4307
f 4568/4732/4555 4570/4734/4557 4569/4735/4558 4567/4733/4556
f 4320/4462/4309 4571/4736/4559 4568/4732/4555 4317/4459/4306
f 4571/4736/4559 4572/4737/4560 4570/4734/4557 4568/4732/4555
f 4576/4738/4561 4575/4739/4562 4574/4740/4563 4573/4741/4564
f 4578/4742/4565 4577/4743/4566 4575/4739/4562 4576/4738/4561
f 4570/4734/4557 4576/4738/4561 4573/4741/4564 4569/4735/4558
f 4572/4737/4560 4578/4742/4565 4576/4738/4561 4570/4734/4557
f 4580/4744/4567 4579/4745/4568 4557/4725/4548 4558/4724/4547
f 4579/4745/4568 4581/4746/4569 4553/4719/4542 4557/4725/4548
f 4577/4743/4566 4578/4742/4565 4579/4745/4568 4580/4744/4567
f 4578/4742/4565 4572/4737/4560 4581/4746/4569 4579/4745/4568
f 4582/4747/4570 4325/4467/4314 3303/3447/3296 4551/4717/4540
f 4571/4736/4559 4320/4462/4309 4325/4467/4314 4582/4747/4570
f 4581/4746/4569 4582/4747/4570 4551/4717/4540 4553/4719/4542
f 4572/4737/4560 4571/4736/4559 4582/4747/4570 4581/4746/4569
f 3822/3964/3813 4584/4748/4571 4583/4749/4572 3611/3755/3604
f 4584/4748/4571 4586/4750/4573 4585/4751/4574 4583/4749/4572
f 3824/3966/3815 4587/4752/4575 4584/4748/4571 3822/3964/3813
f 4587/4752/4575 4588/4753/4576 4586/4750/4573 4584/4748/4571
f 4590/4754/4577 3797/3937/3786 3593/3735/3584 4589/4755/4578
f 4591/4756/4579 3800/3940/3789 3797/3937/3786 4590/4754/4577
f 4586/4750/4573 4590/4754/4577 4589/4755/4578 4585/4751/4574
f 4588/4753/4576 4591/4756/4579 4590/4754/4577 4586/4750/4573
f 3814/3954/3803 4593/4757/4580 4592/4758/4581 3813/3955/3804
f 4593/4757/4580 4595/4759/4582 4594/4760/4583 4592/4758/4581
f 3800/3940/3789 4591/4756/4579 4593/4757/4580 3814/3954/3803
f 4591/4756/4579 4588/4753/4576 4595/4759/4582 4593/4757/4580
f 4597/4761/4584 3829/3967/3816 3826/3970/3819 4596/4762/4585
f 4587/4752/4575 3824/3966/3815 3829/3967/3816 4597/4761/4584
f 4595/4759/4582 4597/4761/4584 4596/4762/4585 4594/4760/4583
f 4588/4753/4576 4587/4752/4575 4597/4761/4584 4595/4759/4582
f 3607/3747/3596 4599/4763/4586 4598/4764/4587 3606/3748/3597
f 4599/4763/4586 4601/4765/4588 4600/4766/4589 4598/4764/4587
f 3609/3751/3600 4602/4767/4590 4599/4763/4586 3607/3747/3596
f 4602/4767/4590 4603/4768/4591 4601/4765/4588 4599/4763/4586
f 4605/4769/4592 3574/3712/3561 3571/3715/3564 4604/4770/4593
f 4606/4771/4594 3578/3718/3567 3574/3712/3561 4605/4769/4592
f 4601/4765/4588 4605/4769/4592 4604/4770/4593 4600/4766/4589
f 4603/4768/4591 4606/4771/4594 4605/4769/4592 4601/4765/4588
f 3594/3734/3583 4607/4772/4595 4589/4755/4578 3593/3735/3584
f 4607/4772/4595 4608/4773/4596 4585/4751/4574 4589/4755/4578
f 3578/3718/3567 4606/4771/4594 4607/4772/4595 3594/3734/3583
f 4606/4771/4594 4603/4768/4591 4608/4773/4596 4607/4772/4595
f 4609/4774/4597 3614/3752/3601 3611/3755/3604 4583/4749/4572
f 4602/4767/4590 3609/3751/3600 3614/3752/3601 4609/4774/4597
f 4608/4773/4596 4609/4774/4597 4583/4749/4572 4585/4751/4574
f 4603/4768/4591 4602/4767/4590 4609/4774/4597 4608/4773/4596
f 4612/4775/4598 4611/4776/4599 4610/4777/4600 4103/4247/4096
f 4611/4776/4599 4614/4778/4601 4613/4779/4602 4610/4777/4600
f 4616/4780/4603 4615/4781/4604 4611/4776/4599 4612/4775/4598
f 4615/4781/4604 4617/4782/4605 4614/4778/4601 4611/4776/4599
f 4620/4783/4606 4619/4784/4607 4090/4232/4081 4618/4785/4608
f 4622/4786/4609 4621/4787/4610 4619/4784/4607 4620/4783/4606
f 4614/4778/4601 4620/4783/4606 4618/4785/4608 4613/4779/4602
f 4617/4782/4605 4622/4786/4609 4620/4783/4606 4614/4778/4601
f 4624/4788/4611 4623/4789/4612 4604/4770/4593 3571/3715/3564
f 4623/4789/4612 4625/4790/4613 4600/4766/4589 4604/4770/4593
f 4621/4787/4610 4622/4786/4609 4623/4789/4612 4624/4788/4611
f 4622/4786/4609 4617/4782/4605 4625/4790/4613 4623/4789/4612
f 4627/4791/4614 4626/4792/4615 3606/3748/3597 4598/4764/4587
f 4615/4781/4604 4616/4780/4603 4626/4792/4615 4627/4791/4614
f 4625/4790/4613 4627/4791/4614 4598/4764/4587 4600/4766/4589
f 4617/4782/4605 4615/4781/4604 4627/4791/4614 4625/4790/4613
f 2915/3055/2904 4629/4793/4616 4628/4794/4617 2914/3056/2905
f 4629/4793/4616 4631/4795/4618 4630/4796/4619 4628/4794/4617
f 2899/3039/2888 4632/4797/4620 4629/4793/4616 2915/3055/2904
f 4632/4797/4620 4633/4798/4621 4631/4795/4618 4629/4793/4616
f 4637/4799/4622 4636/4800/4623 4635/4801/4624 4634/4802/4625
f 4639/4803/4626 4638/4804/4627 4636/4800/4623 4637/4799/4622
f 4631/4795/4618 4637/4799/4622 4634/4802/4625 4630/4796/4619
f 4633/4798/4621 4639/4803/4626 4637/4799/4622 4631/4795/4618
f 4643/4805/4628 4642/4806/4629 4641/4807/4630 4640/4808/4631
f 4642/4806/4629 4645/4809/4632 4644/4810/4633 4641/4807/4630
f 4638/4804/4627 4639/4803/4626 4642/4806/4629 4643/4805/4628
f 4639/4803/4626 4633/4798/4621 4645/4809/4632 4642/4806/4629
f 4647/4811/4634 2895/3033/2882 2892/3036/2885 4646/4812/4635
f 4632/4797/4620 2899/3039/2888 2895/3033/2882 4647/4811/4634
f 4645/4809/4632 4647/4811/4634 4646/4812/4635 4644/4810/4633
f 4633/4798/4621 4632/4797/4620 4647/4811/4634 4645/4809/4632
f 3165/3305/3154 4649/4813/4636 4648/4814/4637 3164/3306/3155
f 4649/4813/4636 4651/4815/4638 4650/4816/4639 4648/4814/4637
f 3154/3294/3143 4652/4817/4640 4649/4813/4636 3165/3305/3154
f 4652/4817/4640 4653/4818/4641 4651/4815/4638 4649/4813/4636
f 4655/4819/4642 4171/4313/4160 3904/4048/3897 4654/4820/4643
f 4656/4821/4644 4167/4309/4156 4171/4313/4160 4655/4819/4642
f 4651/4815/4638 4655/4819/4642 4654/4820/4643 4650/4816/4639
f 4653/4818/4641 4656/4821/4644 4655/4819/4642 4651/4815/4638
f 4165/4307/4154 4657/4822/4645 4149/4293/4141 4150/4292/4140
f 4657/4822/4645 4658/4823/4646 4144/4286/4134 4149/4293/4141
f 4167/4309/4156 4656/4821/4644 4657/4822/4645 4165/4307/4154
f 4656/4821/4644 4653/4818/4641 4658/4823/4646 4657/4822/4645
f 4659/4824/4647 3150/3288/3137 3147/3291/3140 4141/4284/4132
f 4652/4817/4640 3154/3294/3143 3150/3288/3137 4659/4824/4647
f 4658/4823/4646 4659/4824/4647 4141/4284/4132 4144/4286/4134
f 4653/4818/4641 4652/4817/4640 4659/4824/4647 4658/4823/4646
f 4661/4825/4648 4660/4826/4649 3392/3536/3385 3393/3535/3384
f 4660/4826/4649 4662/4827/4650 3390/3532/3381 3392/3536/3385
f 4664/4828/4651 4663/4829/4652 4660/4826/4649 4661/4825/4648
f 4663/4829/4652 4665/4830/4653 4662/4827/4650 4660/4826/4649
f 4667/4831/4654 4666/4832/4655 3361/3503/3352 3388/3530/3379
f 4669/4833/4656 4668/4834/4657 4666/4832/4655 4667/4831/4654
f 4662/4827/4650 4667/4831/4654 3388/3530/3379 3390/3532/3381
f 4665/4830/4653 4669/4833/4656 4667/4831/4654 4662/4827/4650
f 4671/4835/4658 4670/4836/4659 3405/3549/3398 3406/3548/3397
f 4670/4836/4659 4672/4837/4660 3400/3542/3391 3405/3549/3398
f 4668/4834/4657 4669/4833/4656 4670/4836/4659 4671/4835/4658
f 4669/4833/4656 4665/4830/4653 4672/4837/4660 4670/4836/4659
f 4674/4838/4661 4673/4839/4662 3396/3540/3389 3397/3539/3388
f 4663/4829/4652 4664/4828/4651 4673/4839/4662 4674/4838/4661
f 4672/4837/4660 4674/4838/4661 3397/3539/3388 3400/3542/3391
f 4665/4830/4653 4663/4829/4652 4674/4838/4661 4672/4837/4660
f 4666/4832/4655 4675/4840/4663 3360/3504/3353 3361/3503/3352
f 4675/4840/4663 4676/4841/4664 3355/3497/3346 3360/3504/3353
f 4668/4834/4657 4677/4842/4665 4675/4840/4663 4666/4832/4655
f 4677/4842/4665 4678/4843/4666 4676/4841/4664 4675/4840/4663
f 4680/4844/4667 4679/4845/4668 3351/3495/3344 3352/3494/3343
f 4682/4846/4669 4681/4847/4670 4679/4845/4668 4680/4844/4667
f 4676/4841/4664 4680/4844/4667 3352/3494/3343 3355/3497/3346
f 4678/4843/4666 4682/4846/4669 4680/4844/4667 4676/4841/4664
f 4684/4848/4671 4683/4849/4672 3662/3806/3655 3663/3805/3654
f 4683/4849/4672 4685/4850/4673 3658/3800/3649 3662/3806/3655
f 4681/4847/4670 4682/4846/4669 4683/4849/4672 4684/4848/4671
f 4682/4846/4669 4678/4843/4666 4685/4850/4673 4683/4849/4672
f 4686/4851/4674 4671/4835/4658 3406/3548/3397 3656/3798/3647
f 4677/4842/4665 4668/4834/4657 4671/4835/4658 4686/4851/4674
f 4685/4850/4673 4686/4851/4674 3656/3798/3647 3658/3800/3649
f 4678/4843/4666 4677/4842/4665 4686/4851/4674 4685/4850/4673
f 3915/4055/3904 4688/4852/4675 4687/4853/4676 3914/4056/3905
f 4688/4852/4675 4690/4854/4677 4689/4855/4678 4687/4853/4676
f 3917/4059/3908 4691/4856/4679 4688/4852/4675 3915/4055/3904
f 4691/4856/4679 4692/4857/4680 4690/4854/4677 4688/4852/4675
f 4694/4858/4681 3932/4070/3919 3929/4073/3922 4693/4859/4682
f 4695/4860/4683 3936/4076/3925 3932/4070/3919 4694/4858/4681
f 4690/4854/4677 4694/4858/4681 4693/4859/4682 4689/4855/4678
f 4692/4857/4680 4695/4860/4683 4694/4858/4681 4690/4854/4677
f 3947/4087/3936 4697/4861/4684 4696/4862/4685 3946/4088/3937
f 4697/4861/4684 4699/4863/4686 4698/4864/4687 4696/4862/4685
f 3936/4076/3925 4695/4860/4683 4697/4861/4684 3947/4087/3936
f 4695/4860/4683 4692/4857/4680 4699/4863/4686 4697/4861/4684
f 4701/4865/4688 3922/4060/3909 3919/4063/3912 4700/4866/4689
f 4691/4856/4679 3917/4059/3908 3922/4060/3909 4701/4865/4688
f 4699/4863/4686 4701/4865/4688 4700/4866/4689 4698/4864/4687
f 4692/4857/4680 4691/4856/4679 4701/4865/4688 4699/4863/4686
f 3876/4018/3867 4702/4867/4690 3156/3298/3147 2862/3006/2855
f 4702/4867/4690 4703/4868/4691 3151/3293/3142 3156/3298/3147
f 3878/4020/3869 4704/4869/4692 4702/4867/4690 3876/4018/3867
f 4704/4869/4692 4705/4870/4693 4703/4868/4691 4702/4867/4690
f 4706/4871/4694 4143/4282/4130 3147/3291/3140 3148/3290/3139
f 4707/4872/4695 4147/4287/4135 4143/4282/4130 4706/4871/4694
f 4703/4868/4691 4706/4871/4694 3148/3290/3139 3151/3293/3142
f 4705/4870/4693 4707/4872/4695 4706/4871/4694 4703/4868/4691
f 4163/4303/4151 4709/4873/4696 4708/4874/4697 4162/4304/4075
f 4709/4873/4696 4711/4875/4698 4710/4876/4699 4708/4874/4697
f 4147/4287/4135 4707/4872/4695 4709/4873/4696 4163/4303/4151
f 4707/4872/4695 4705/4870/4693 4711/4875/4698 4709/4873/4696
f 4713/4877/4700 3880/4024/3873 3881/4023/3872 4712/4878/4701
f 4704/4869/4692 3878/4020/3869 3880/4024/3873 4713/4877/4700
f 4711/4875/4698 4713/4877/4700 4712/4878/4701 4710/4876/4699
f 4705/4870/4693 4704/4869/4692 4713/4877/4700 4711/4875/4698
f 4715/4879/4702 4714/4880/4703 3867/4005/3854 3864/4008/3857
f 4714/4880/4703 4716/4881/4704 3871/4011/3860 3867/4005/3854
f 4718/4882/4705 4717/4883/4706 4714/4880/4703 4715/4879/4702
f 4717/4883/4706 4719/4884/4707 4716/4881/4704 4714/4880/4703
f 4721/4885/4708 4720/4886/4709 3881/4023/3872 3882/4022/3871
f 4723/4887/4710 4722/4888/4711 4720/4886/4709 4721/4885/4708
f 4716/4881/4704 4721/4885/4708 3882/4022/3871 3871/4011/3860
f 4719/4884/4707 4723/4887/4710 4721/4885/4708 4716/4881/4704
f 4725/4889/4712 4724/4890/4713 3354/3492/3341 3351/3495/3344
f 4724/4890/4713 4726/4891/4714 3358/3498/3347 3354/3492/3341
f 4722/4888/4711 4723/4887/4710 4724/4890/4713 4725/4889/4712
f 4723/4887/4710 4719/4884/4707 4726/4891/4714 4724/4890/4713
f 4728/4892/4715 4727/4893/4716 3373/3515/3364 3374/3514/3363
f 4717/4883/4706 4718/4882/4705 4727/4893/4716 4728/4892/4715
f 4726/4891/4714 4728/4892/4715 3374/3514/3363 3358/3498/3347
f 4719/4884/4707 4717/4883/4706 4728/4892/4715 4726/4891/4714
f 4730/4894/4717 4729/4895/4718 3887/4896/3874 3884/4897/3877
f 4729/4895/4718 4731/4898/4719 3891/4899/3880 3887/4896/3874
f 4733/4900/4720 4732/4901/4721 4729/4895/4718 4730/4894/4717
f 4732/4901/4721 4734/4902/4722 4731/4898/4719 4729/4895/4718
f 4736/4903/4723 4735/4904/4724 3901/4905/3892 3902/4906/3891
f 4738/4907/4725 4737/4908/4726 4735/4904/4724 4736/4903/4723
f 4731/4898/4719 4736/4903/4723 3902/4906/3891 3891/4899/3880
f 4734/4902/4722 4738/4907/4725 4736/4903/4723 4731/4898/4719
f 4740/4909/4727 4739/4910/4728 3379/3517/3366 3376/3520/3369
f 4739/4910/4728 4741/4911/4729 3383/3523/3372 3379/3517/3366
f 4737/4908/4726 4738/4907/4725 4739/4910/4728 4740/4909/4727
f 4738/4907/4725 4734/4902/4722 4741/4911/4729 4739/4910/4728
f 4743/4912/4730 4742/4913/4731 3393/3535/3384 3394/3534/3383
f 4732/4901/4721 4733/4900/4720 4742/4913/4731 4743/4912/4730
f 4741/4911/4729 4743/4912/4730 3394/3534/3383 3383/3523/3372
f 4734/4902/4722 4732/4901/4721 4743/4912/4730 4741/4911/4729
f 3412/3554/3403 4745/4914/4732 4744/4915/4733 3411/3555/3404
f 4745/4914/4732 4747/4916/4734 4746/4917/4735 4744/4915/4733
f 3415/3557/3406 4748/4918/4736 4745/4914/4732 3412/3554/3403
f 4748/4918/4736 4749/4919/4737 4747/4916/4734 4745/4914/4732
f 4751/4920/4738 3925/4921/3918 3926/4068/3917 4750/4922/4739
f 4752/4923/4740 3923/4924/3914 3925/4921/3918 4751/4920/4738
f 4747/4916/4734 4751/4920/4738 4750/4922/4739 4746/4917/4735
f 4749/4919/4737 4752/4923/4740 4751/4920/4738 4747/4916/4734
f 3920/4925/3911 4754/4926/4741 4753/4927/4742 3919/4928/3912
f 4754/4926/4741 4756/4929/4743 4755/4930/4744 4753/4927/4742
f 3923/4924/3914 4752/4923/4740 4754/4926/4741 3920/4925/3911
f 4752/4923/4740 4749/4919/4737 4756/4929/4743 4754/4926/4741
f 4758/4931/4745 3417/3561/3410 3418/3560/3409 4757/4932/4746
f 4748/4918/4736 3415/3557/3406 3417/3561/3410 4758/4931/4745
f 4756/4929/4743 4758/4931/4745 4757/4932/4746 4755/4930/4744
f 4749/4919/4737 4748/4918/4736 4758/4931/4745 4756/4929/4743
f 4760/4933/4747 4759/4934/4748 3945/4935/3938 3946/4936/3937
f 4759/4934/4748 4761/4937/4749 3943/4938/3934 3945/4935/3938
f 4763/4939/4750 4762/4940/4751 4759/4934/4748 4760/4933/4747
f 4762/4940/4751 4764/4941/4752 4761/4937/4749 4759/4934/4748
f 4765/4942/4753 4730/4894/4717 3884/4897/3877 3941/4943/3932
f 4766/4944/4754 4733/4900/4720 4730/4894/4717 4765/4942/4753
f 4761/4937/4749 4765/4942/4753 3941/4943/3932 3943/4938/3934
f 4764/4941/4752 4766/4944/4754 4765/4942/4753 4761/4937/4749
f 4742/4913/4731 4767/4945/4755 4661/4825/4648 3393/3535/3384
f 4767/4945/4755 4768/4946/4756 4664/4828/4651 4661/4825/4648
f 4733/4900/4720 4766/4944/4754 4767/4945/4755 4742/4913/4731
f 4766/4944/4754 4764/4941/4752 4768/4946/4756 4767/4945/4755
f 4770/4947/4757 4769/4948/4758 3396/3540/3389 4673/4839/4662
f 4762/4940/4751 4763/4939/4750 4769/4948/4758 4770/4947/4757
f 4768/4946/4756 4770/4947/4757 4673/4839/4662 4664/4828/4651
f 4764/4941/4752 4762/4940/4751 4770/4947/4757 4768/4946/4756
f 4439/4580/4427 4771/4949/4759 3961/4105/3954 3962/4104/3953
f 4771/4949/4759 4772/4950/4760 3959/4101/3950 3961/4105/3954
f 4441/4583/4430 4773/4951/4761 4771/4949/4759 4439/4580/4427
f 4773/4951/4761 4774/4952/4762 4772/4950/4760 4771/4949/4759
f 4775/4953/4763 4715/4879/4702 3864/4008/3857 3957/4099/3948
f 4776/4954/4764 4718/4882/4705 4715/4879/4702 4775/4953/4763
f 4772/4950/4760 4775/4953/4763 3957/4099/3948 3959/4101/3950
f 4774/4952/4762 4776/4954/4764 4775/4953/4763 4772/4950/4760
f 4727/4893/4716 4777/4955/4765 3437/3577/3426 3373/3515/3364
f 4777/4955/4765 4778/4956/4766 3434/3576/3425 3437/3577/3426
f 4718/4882/4705 4776/4954/4764 4777/4955/4765 4727/4893/4716
f 4776/4954/4764 4774/4952/4762 4778/4956/4766 4777/4955/4765
f 4779/4957/4767 4444/4584/4431 3431/3573/3422 3432/3572/3421
f 4773/4951/4761 4441/4583/4430 4444/4584/4431 4779/4957/4767
f 4778/4956/4766 4779/4957/4767 3432/3572/3421 3434/3576/3425
f 4774/4952/4762 4773/4951/4761 4779/4957/4767 4778/4956/4766
f 4781/4958/4768 4780/4959/4769 3981/4125/3974 3982/4124/3973
f 4780/4959/4769 4782/4960/4770 3979/4121/3970 3981/4125/3974
f 4784/4961/4771 4783/4962/4772 4780/4959/4769 4781/4958/4768
f 4783/4962/4772 4785/4963/4773 4782/4960/4770 4780/4959/4769
f 4786/4964/4774 4432/4571/4418 3975/4119/3968 3976/4118/3967
f 4787/4965/4775 4436/4576/4423 4432/4571/4418 4786/4964/4774
f 4782/4960/4770 4786/4964/4774 3976/4118/3967 3979/4121/3970
f 4785/4963/4773 4787/4965/4775 4786/4964/4774 4782/4960/4770
f 4446/4588/4435 4788/4966/4776 3459/3597/3446 3456/3600/3449
f 4788/4966/4776 4789/4967/4777 3454/3596/3445 3459/3597/3446
f 4436/4576/4423 4787/4965/4775 4788/4966/4776 4446/4588/4435
f 4787/4965/4775 4785/4963/4773 4789/4967/4777 4788/4966/4776
f 4791/4968/4778 4790/4969/4779 3451/3593/3442 3452/3592/3441
f 4783/4962/4772 4784/4961/4771 4790/4969/4779 4791/4968/4778
f 4789/4967/4777 4791/4968/4778 3452/3592/3441 3454/3596/3445
f 4785/4963/4773 4783/4962/4772 4791/4968/4778 4789/4967/4777
f 4793/4970/4780 4792/4971/4781 3997/4141/3990 3998/4140/3989
f 4792/4971/4781 4794/4972/4782 3995/4137/3986 3997/4141/3990
f 4796/4973/4783 4795/4974/4784 4792/4971/4781 4793/4970/4780
f 4795/4974/4784 4797/4975/4785 4794/4972/4782 4792/4971/4781
f 4798/4976/4786 4781/4958/4768 3982/4124/3973 3993/4135/3984
f 4799/4977/4787 4784/4961/4771 4781/4958/4768 4798/4976/4786
f 4794/4972/4782 4798/4976/4786 3993/4135/3984 3995/4137/3986
f 4797/4975/4785 4799/4977/4787 4798/4976/4786 4794/4972/4782
f 4790/4969/4779 4800/4978/4788 3482/3622/3471 3451/3593/3442
f 4800/4978/4788 4801/4979/4789 3479/3621/3470 3482/3622/3471
f 4784/4961/4771 4799/4977/4787 4800/4978/4788 4790/4969/4779
f 4799/4977/4787 4797/4975/4785 4801/4979/4789 4800/4978/4788
f 4803/4980/4790 4802/4981/4791 3476/3618/3467 3477/3617/3466
f 4795/4974/4784 4796/4973/4783 4802/4981/4791 4803/4980/4790
f 4801/4979/4789 4803/4980/4790 3477/3617/3466 3479/3621/3470
f 4797/4975/4785 4795/4974/4784 4803/4980/4790 4801/4979/4789
f 4805/4982/4792 4804/4983/4793 4013/4157/4006 4014/4156/4005
f 4804/4983/4793 4806/4984/4794 4011/4153/4002 4013/4157/4006
f 4808/4985/4795 4807/4986/4796 4804/4983/4793 4805/4982/4792
f 4807/4986/4796 4809/4987/4797 4806/4984/4794 4804/4983/4793
f 4810/4988/4798 4793/4970/4780 3998/4140/3989 4009/4151/4000
f 4811/4989/4799 4796/4973/4783 4793/4970/4780 4810/4988/4798
f 4806/4984/4794 4810/4988/4798 4009/4151/4000 4011/4153/4002
f 4809/4987/4797 4811/4989/4799 4810/4988/4798 4806/4984/4794
f 4802/4981/4791 4812/4990/4800 3502/3642/3491 3476/3618/3467
f 4812/4990/4800 4813/4991/4801 3499/3641/3490 3502/3642/3491
f 4796/4973/4783 4811/4989/4799 4812/4990/4800 4802/4981/4791
f 4811/4989/4799 4809/4987/4797 4813/4991/4801 4812/4990/4800
f 4815/4992/4802 4814/4993/4803 3496/3638/3487 3497/3637/3486
f 4807/4986/4796 4808/4985/4795 4814/4993/4803 4815/4992/4802
f 4813/4991/4801 4815/4992/4802 3497/3637/3486 3499/3641/3490
f 4809/4987/4797 4807/4986/4796 4815/4992/4802 4813/4991/4801
f 4817/4994/4804 4816/4995/4805 4033/4177/4026 4034/4176/4025
f 4816/4995/4805 4818/4996/4806 4031/4173/4022 4033/4177/4026
f 4820/4997/4807 4819/4998/4808 4816/4995/4805 4817/4994/4804
f 4819/4998/4808 4821/4999/4809 4818/4996/4806 4816/4995/4805
f 4823/5000/4810 4822/5001/4811 4027/4171/4020 4028/4170/4019
f 4825/5002/4812 4824/5003/4813 4822/5001/4811 4823/5000/4810
f 4818/4996/4806 4823/5000/4810 4028/4170/4019 4031/4173/4022
f 4821/4999/4809 4825/5002/4812 4823/5000/4810 4818/4996/4806
f 4827/5004/4814 4826/5005/4815 3524/3662/3511 3521/3665/3514
f 4826/5005/4815 4828/5006/4816 3519/3661/3510 3524/3662/3511
f 4824/5003/4813 4825/5002/4812 4826/5005/4815 4827/5004/4814
f 4825/5002/4812 4821/4999/4809 4828/5006/4816 4826/5005/4815
f 4830/5007/4817 4829/5008/4818 3516/3658/3507 3517/3657/3506
f 4819/4998/4808 4820/4997/4807 4829/5008/4818 4830/5007/4817
f 4828/5006/4816 4830/5007/4817 3517/3657/3506 3519/3661/3510
f 4821/4999/4809 4819/4998/4808 4830/5007/4817 4828/5006/4816
f 4832/5009/4819 4831/5010/4820 4049/4193/4042 4050/4192/4041
f 4831/5010/4820 4833/5011/4821 4047/4189/4038 4049/4193/4042
f 4835/5012/4822 4834/5013/4823 4831/5010/4820 4832/5009/4819
f 4834/5013/4823 4836/5014/4824 4833/5011/4821 4831/5010/4820
f 4837/5015/4825 4817/4994/4804 4034/4176/4025 4045/4187/4036
f 4838/5016/4826 4820/4997/4807 4817/4994/4804 4837/5015/4825
f 4833/5011/4821 4837/5015/4825 4045/4187/4036 4047/4189/4038
f 4836/5014/4824 4838/5016/4826 4837/5015/4825 4833/5011/4821
f 4829/5008/4818 4839/5017/4827 3540/3682/3531 3516/3658/3507
f 4839/5017/4827 4840/5018/4828 3535/3677/3526 3540/3682/3531
f 4820/4997/4807 4838/5016/4826 4839/5017/4827 4829/5008/4818
f 4838/5016/4826 4836/5014/4824 4840/5018/4828 4839/5017/4827
f 4842/5019/4829 4841/5020/4830 3531/3675/3524 3532/3674/3523
f 4834/5013/4823 4835/5012/4822 4841/5020/4830 4842/5019/4829
f 4840/5018/4828 4842/5019/4829 3532/3674/3523 3535/3677/3526
f 4836/5014/4824 4834/5013/4823 4842/5019/4829 4840/5018/4828
f 4844/5021/4831 4843/5022/4832 4065/4209/4058 4066/4208/4057
f 4843/5022/4832 4845/5023/4833 4063/4205/4054 4065/4209/4058
f 4847/5024/4834 4846/5025/4835 4843/5022/4832 4844/5021/4831
f 4846/5025/4835 4848/5026/4836 4845/5023/4833 4843/5022/4832
f 4849/5027/4837 4832/5009/4819 4050/4192/4041 4061/4203/4052
f 4850/5028/4838 4835/5012/4822 4832/5009/4819 4849/5027/4837
f 4845/5023/4833 4849/5027/4837 4061/4203/4052 4063/4205/4054
f 4848/5026/4836 4850/5028/4838 4849/5027/4837 4845/5023/4833
f 4841/5020/4830 4851/5029/4839 3560/3702/3551 3531/3675/3524
f 4851/5029/4839 4852/5030/4840 3555/3697/3546 3560/3702/3551
f 4835/5012/4822 4850/5028/4838 4851/5029/4839 4841/5020/4830
f 4850/5028/4838 4848/5026/4836 4852/5030/4840 4851/5029/4839
f 4854/5031/4841 4853/5032/4842 3551/3695/3544 3552/3694/3543
f 4846/5025/4835 4847/5024/4834 4853/5032/4842 4854/5031/4841
f 4852/5030/4840 4854/5031/4841 3552/3694/3543 3555/3697/3546
f 4848/5026/4836 4846/5025/4835 4854/5031/4841 4852/5030/4840
f 4619/4784/4607 4855/5033/4843 4089/4233/4082 4090/4232/4081
f 4855/5033/4843 4856/5034/4844 4087/4229/4078 4089/4233/4082
f 4621/4787/4610 4857/5035/4845 4855/5033/4843 4619/4784/4607
f 4857/5035/4845 4858/5036/4846 4856/5034/4844 4855/5033/4843
f 4860/5037/4847 4859/5038/4848 4083/4227/4076 4084/4226/4075
f 4862/5039/4849 4861/5040/4850 4859/5038/4848 4860/5037/4847
f 4856/5034/4844 4860/5037/4847 4084/4226/4075 4087/4229/4078
f 4858/5036/4846 4862/5039/4849 4860/5037/4847 4856/5034/4844
f 4864/5041/4851 4863/5042/4852 3580/3724/3573 3581/3723/3572
f 4863/5042/4852 4865/5043/4853 3575/3717/3566 3580/3724/3573
f 4861/5040/4850 4862/5039/4849 4863/5042/4852 4864/5041/4851
f 4862/5039/4849 4858/5036/4846 4865/5043/4853 4863/5042/4852
f 4866/5044/4854 4624/4788/4611 3571/3715/3564 3572/3714/3563
f 4857/5035/4845 4621/4787/4610 4624/4788/4611 4866/5044/4854
f 4865/5043/4853 4866/5044/4854 3572/3714/3563 3575/3717/3566
f 4858/5036/4846 4857/5035/4845 4866/5044/4854 4865/5043/4853
f 4868/5045/4855 4867/5046/4856 4109/4253/4102 4110/4252/4101
f 4867/5046/4856 4869/5047/4857 4107/4249/4098 4109/4253/4102
f 4871/5048/4858 4870/5049/4859 4867/5046/4856 4868/5045/4855
f 4870/5049/4859 4872/5050/4860 4869/5047/4857 4867/5046/4856
f 4873/5051/4861 4612/4775/4598 4103/4247/4096 4104/4246/4095
f 4874/5052/4862 4616/4780/4603 4612/4775/4598 4873/5051/4861
f 4869/5047/4857 4873/5051/4861 4104/4246/4095 4107/4249/4098
f 4872/5050/4860 4874/5052/4862 4873/5051/4861 4869/5047/4857
f 4626/4792/4615 4875/5053/4863 3605/3749/3598 3606/3748/3597
f 4875/5053/4863 4876/5054/4864 3600/3742/3591 3605/3749/3598
f 4616/4780/4603 4874/5052/4862 4875/5053/4863 4626/4792/4615
f 4874/5052/4862 4872/5050/4860 4876/5054/4864 4875/5053/4863
f 4878/5055/4865 4877/5056/4866 3596/3740/3589 3597/3739/3588
f 4870/5049/4859 4871/5048/4858 4877/5056/4866 4878/5055/4865
f 4876/5054/4864 4878/5055/4865 3597/3739/3588 3600/3742/3591
f 4872/5050/4860 4870/5049/4859 4878/5055/4865 4876/5054/4864
f 4880/5057/4867 4879/5058/4868 4125/4269/4118 4126/4268/4117
f 4879/5058/4868 4881/5059/4869 4123/4265/4114 4125/4269/4118
f 4883/5060/4870 4882/5061/4871 4879/5058/4868 4880/5057/4867
f 4882/5061/4871 4884/5062/4872 4881/5059/4869 4879/5058/4868
f 4885/5063/4873 4868/5045/4855 4110/4252/4101 4121/4263/4112
f 4886/5064/4874 4871/5048/4858 4868/5045/4855 4885/5063/4873
f 4881/5059/4869 4885/5063/4873 4121/4263/4112 4123/4265/4114
f 4884/5062/4872 4886/5064/4874 4885/5063/4873 4881/5059/4869
f 4877/5056/4866 4887/5065/4875 3630/3772/3621 3596/3740/3589
f 4887/5065/4875 4888/5066/4876 3625/3767/3616 3630/3772/3621
f 4871/5048/4858 4886/5064/4874 4887/5065/4875 4877/5056/4866
f 4886/5064/4874 4884/5062/4872 4888/5066/4876 4887/5065/4875
f 4890/5067/4877 4889/5068/4878 3621/3765/3614 3622/3764/3613
f 4882/5061/4871 4883/5060/4870 4889/5068/4878 4890/5067/4877
f 4888/5066/4876 4890/5067/4877 3622/3764/3613 3625/3767/3616
f 4884/5062/4872 4882/5061/4871 4890/5067/4877 4888/5066/4876
f 2280/2332/2276 4891/5069/4879 4139/4281/4129 1517/1532/19
f 4891/5069/4879 4892/5070/2279 4137/4279/4127 4139/4281/4129
f 2282/2334/2278 4893/5071/4880 4891/5069/4879 2280/2332/2276
f 4893/5071/4880 4894/5072/4881 4892/5070/2279 4891/5069/4879
f 4895/5073/4882 4880/5057/4867 4126/4268/4117 4135/4277/4125
f 4896/5074/4883 4883/5060/4870 4880/5057/4867 4895/5073/4882
f 4892/5070/2279 4895/5073/4882 4135/4277/4125 4137/4279/4127
f 4894/5072/4881 4896/5074/4883 4895/5073/4882 4892/5070/2279
f 4889/5068/4878 4897/5075/4884 3647/3789/3638 3621/3765/3614
f 4897/5075/4884 4898/5076/4885 3643/3785/3634 3647/3789/3638
f 4883/5060/4870 4896/5074/4883 4897/5075/4884 4889/5068/4878
f 4896/5074/4883 4894/5072/4881 4898/5076/4885 4897/5075/4884
f 4899/5077/4886 2286/2338/2282 1013/1030/1013 3641/3783/3632
f 4893/5071/4880 2282/2334/2278 2286/2338/2282 4899/5077/4886
f 4898/5076/4885 4899/5077/4886 3641/3783/3632 3643/3785/3634
f 4894/5072/4881 4893/5071/4880 4899/5077/4886 4898/5076/4885
f 4901/5078/4887 4900/5079/4888 4161/4305/4152 4162/4304/4075
f 4900/5079/4888 4902/5080/4889 4159/4301/4149 4161/4305/4152
f 4904/5081/4890 4903/5082/4891 4900/5079/4888 4901/5078/4887
f 4903/5082/4891 4905/5083/4892 4902/5080/4889 4900/5079/4888
f 4907/5084/4893 4906/5085/4894 4155/4299/4147 4156/4298/4146
f 4909/5086/4895 4908/5087/4896 4906/5085/4894 4907/5084/4893
f 4902/5080/4889 4907/5084/4893 4156/4298/4146 4159/4301/4149
f 4905/5083/4892 4909/5086/4895 4907/5084/4893 4902/5080/4889
f 4911/5088/4897 4910/5089/4898 3671/3809/3658 3668/3812/3661
f 4910/5089/4898 4912/5090/4899 3666/3808/3657 3671/3809/3658
f 4908/5087/4896 4909/5086/4895 4910/5089/4898 4911/5088/4897
f 4909/5086/4895 4905/5083/4892 4912/5090/4899 4910/5089/4898
f 4914/5091/4900 4913/5092/4901 3663/3805/3654 3664/3804/3653
f 4903/5082/4891 4904/5081/4890 4913/5092/4901 4914/5091/4900
f 4912/5090/4899 4914/5091/4900 3664/3804/3653 3666/3808/3657
f 4905/5083/4892 4903/5082/4891 4914/5091/4900 4912/5090/4899
f 4906/5085/4894 4915/5093/4902 4178/4320/4167 4155/4299/4147
f 4915/5093/4902 4916/5094/4903 4176/4318/4165 4178/4320/4167
f 4908/5087/4896 4917/5095/4904 4915/5093/4902 4906/5085/4894
f 4917/5095/4904 4918/5096/4905 4916/5094/4903 4915/5093/4902
f 4919/5097/4906 4750/4922/4739 3926/4068/3917 4174/4316/4163
f 4920/5098/4907 4746/4917/4735 4750/4922/4739 4919/5097/4906
f 4916/5094/4903 4919/5097/4906 4174/4316/4163 4176/4318/4165
f 4918/5096/4905 4920/5098/4907 4919/5097/4906 4916/5094/4903
f 4744/4915/4733 4921/5099/4908 3674/3816/3665 3411/3555/3404
f 4921/5099/4908 4922/5100/4909 3672/3814/3663 3674/3816/3665
f 4746/4917/4735 4920/5098/4907 4921/5099/4908 4744/4915/4733
f 4920/5098/4907 4918/5096/4905 4922/5100/4909 4921/5099/4908
f 4923/5101/4910 4911/5088/4897 3668/3812/3661 3669/3811/3660
f 4917/5095/4904 4908/5087/4896 4911/5088/4897 4923/5101/4910
f 4922/5100/4909 4923/5101/4910 3669/3811/3660 3672/3814/3663
f 4918/5096/4905 4917/5095/4904 4923/5101/4910 4922/5100/4909
f 4735/4904/4724 4924/5102/4911 4194/5103/4183 3901/4905/3892
f 4924/5102/4911 4925/5104/4912 4192/5105/4181 4194/5103/4183
f 4737/4908/4726 4926/5106/4913 4924/5102/4911 4735/4904/4724
f 4926/5106/4913 4927/5107/4914 4925/5104/4912 4924/5102/4911
f 4929/5108/4915 4928/5109/4916 4188/5110/4179 4189/5111/4178
f 4931/5112/4917 4930/5113/4918 4928/5109/4916 4929/5108/4915
f 4925/5104/4912 4929/5108/4915 4189/5111/4178 4192/5105/4181
f 4927/5107/4914 4931/5112/4917 4929/5108/4915 4925/5104/4912
f 4933/5114/4919 4932/5115/4920 3679/3817/3666 3676/3820/3669
f 4932/5115/4920 4934/5116/4921 3683/3823/3672 3679/3817/3666
f 4930/5113/4918 4931/5112/4917 4932/5115/4920 4933/5114/4919
f 4931/5112/4917 4927/5107/4914 4934/5116/4921 4932/5115/4920
f 4935/5117/4922 4740/4909/4727 3376/3520/3369 3690/3832/3681
f 4926/5106/4913 4737/4908/4726 4740/4909/4727 4935/5117/4922
f 4934/5116/4921 4935/5117/4922 3690/3832/3681 3683/3823/3672
f 4927/5107/4914 4926/5106/4913 4935/5117/4922 4934/5116/4921
f 4937/5118/4923 4936/5119/4924 4212/5120/4203 4213/5121/4202
f 4936/5119/4924 4938/5122/4925 4210/5123/4199 4212/5120/4203
f 4940/5124/4926 4939/5125/4927 4936/5119/4924 4937/5118/4923
f 4939/5125/4927 4941/5126/4928 4938/5122/4925 4936/5119/4924
f 4943/5127/4929 4942/5128/4930 4206/5129/4197 4207/5130/4196
f 4945/5131/4931 4944/5132/4932 4942/5128/4930 4943/5127/4929
f 4938/5122/4925 4943/5127/4929 4207/5130/4196 4210/5123/4199
f 4941/5126/4928 4945/5131/4931 4943/5127/4929 4938/5122/4925
f 4947/5133/4933 4946/5134/4934 3695/3833/3682 3692/3836/3685
f 4946/5134/4934 4948/5135/4935 3699/3839/3688 3695/3833/3682
f 4944/5132/4932 4945/5131/4931 4946/5134/4934 4947/5133/4933
f 4945/5131/4931 4941/5126/4928 4948/5135/4935 4946/5134/4934
f 4950/5136/4936 4949/5137/4937 3709/3851/3700 3710/3850/3699
f 4939/5125/4927 4940/5124/4926 4949/5137/4937 4950/5136/4936
f 4948/5135/4935 4950/5136/4936 3710/3850/3699 3699/3839/3688
f 4941/5126/4928 4939/5125/4927 4950/5136/4936 4948/5135/4935
f 4942/5128/4930 4951/5138/4938 4230/5139/4219 4206/5129/4197
f 4951/5138/4938 4952/5140/4939 4228/5141/4217 4230/5139/4219
f 4944/5132/4932 4953/5142/4940 4951/5138/4938 4942/5128/4930
f 4953/5142/4940 4954/5143/4941 4952/5140/4939 4951/5138/4938
f 4956/5144/4942 4955/5145/4943 4224/5146/4215 4225/5147/4214
f 4958/5148/4944 4957/5149/4945 4955/5145/4943 4956/5144/4942
f 4952/5140/4939 4956/5144/4942 4225/5147/4214 4228/5141/4217
f 4954/5143/4941 4958/5148/4944 4956/5144/4942 4952/5140/4939
f 4960/5150/4946 4959/5151/4947 3715/3853/3702 3712/3856/3705
f 4959/5151/4947 4961/5152/4948 3719/3859/3708 3715/3853/3702
f 4957/5149/4945 4958/5148/4944 4959/5151/4947 4960/5150/4946
f 4958/5148/4944 4954/5143/4941 4961/5152/4948 4959/5151/4947
f 4962/5153/4949 4947/5133/4933 3692/3836/3685 3726/3868/3717
f 4953/5142/4940 4944/5132/4932 4947/5133/4933 4962/5153/4949
f 4961/5152/4948 4962/5153/4949 3726/3868/3717 3719/3859/3708
f 4954/5143/4941 4953/5142/4940 4962/5153/4949 4961/5152/4948
f 4955/5145/4943 4963/5154/4950 4246/5155/4235 4224/5146/4215
f 4963/5154/4950 4964/5156/4951 4244/5157/4233 4246/5155/4235
f 4957/5149/4945 4965/5158/4952 4963/5154/4950 4955/5145/4943
f 4965/5158/4952 4966/5159/4953 4964/5156/4951 4963/5154/4950
f 4967/5160/4954 4504/5161/4490 4240/5162/4231 4241/5163/4230
f 4968/5164/4955 4508/5165/4495 4504/5161/4490 4967/5160/4954
f 4964/5156/4951 4967/5160/4954 4241/5163/4230 4244/5157/4233
f 4966/5159/4953 4968/5164/4955 4967/5160/4954 4964/5156/4951
f 4518/5166/4507 4969/5167/4956 3731/3869/3718 3728/3872/3721
f 4969/5167/4956 4970/5168/4957 3735/3875/3724 3731/3869/3718
f 4508/5165/4495 4968/5164/4955 4969/5167/4956 4518/5166/4507
f 4968/5164/4955 4966/5159/4953 4970/5168/4957 4969/5167/4956
f 4971/5169/4958 4960/5150/4946 3712/3856/3705 3742/3884/3733
f 4965/5158/4952 4957/5149/4945 4960/5150/4946 4971/5169/4958
f 4970/5168/4957 4971/5169/4958 3742/3884/3733 3735/3875/3724
f 4966/5159/4953 4965/5158/4952 4971/5169/4958 4970/5168/4957
f 4511/4671/4499 4972/5170/4959 4264/5171/4255 4265/4672/4254
f 4972/5170/4959 4973/5172/4960 4262/5173/4251 4264/5171/4255
f 4513/4675/4502 4974/5174/4961 4972/5170/4959 4511/4671/4499
f 4974/5174/4961 4975/5175/4962 4973/5172/4960 4972/5170/4959
f 4977/5176/4963 4976/5177/4964 4258/5178/4249 4259/5179/4248
f 4979/5180/4965 4978/5181/4966 4976/5177/4964 4977/5176/4963
f 4973/5172/4960 4977/5176/4963 4259/5179/4248 4262/5173/4251
f 4975/5175/4962 4979/5180/4965 4977/5176/4963 4973/5172/4960
f 4981/5182/4967 4980/5183/4968 3747/3885/3734 3744/3888/3737
f 4980/5183/4968 4982/5184/4969 3751/3891/3740 3747/3885/3734
f 4978/5181/4966 4979/5180/4965 4980/5183/4968 4981/5182/4967
f 4979/5180/4965 4975/5175/4962 4982/5184/4969 4980/5183/4968
f 4983/5185/4970 4516/4676/4503 3761/3903/3752 3762/3902/3751
f 4974/5174/4961 4513/4675/4502 4516/4676/4503 4983/5185/4970
f 4982/5184/4969 4983/5185/4970 3762/3902/3751 3751/3891/3740
f 4975/5175/4962 4974/5174/4961 4983/5185/4970 4982/5184/4969
f 4976/5177/4964 4984/5186/4971 4282/5187/4271 4258/5178/4249
f 4984/5186/4971 4985/5188/4972 4280/5189/4269 4282/5187/4271
f 4978/5181/4966 4986/5190/4973 4984/5186/4971 4976/5177/4964
f 4986/5190/4973 4987/5191/4974 4985/5188/4972 4984/5186/4971
f 4989/5192/4975 4988/5193/4976 4276/5194/4267 4277/5195/4266
f 4991/5196/4977 4990/5197/4978 4988/5193/4976 4989/5192/4975
f 4985/5188/4972 4989/5192/4975 4277/5195/4266 4280/5189/4269
f 4987/5191/4974 4991/5196/4977 4989/5192/4975 4985/5188/4972
f 4993/5198/4979 4992/5199/4980 3776/3920/3769 3777/3919/3768
f 4992/5199/4980 4994/5200/4981 3774/3916/3765 3776/3920/3769
f 4990/5197/4978 4991/5196/4977 4992/5199/4980 4993/5198/4979
f 4991/5196/4977 4987/5191/4974 4994/5200/4981 4992/5199/4980
f 4995/5201/4982 4981/5182/4967 3744/3888/3737 3772/3914/3763
f 4986/5190/4973 4978/5181/4966 4981/5182/4967 4995/5201/4982
f 4994/5200/4981 4995/5201/4982 3772/3914/3763 3774/3916/3765
f 4987/5191/4974 4986/5190/4973 4995/5201/4982 4994/5200/4981
f 4988/5193/4976 4996/5202/4983 4298/5203/4287 4276/5194/4267
f 4996/5202/4983 4997/5204/4984 4296/5205/4285 4298/5203/4287
f 4990/5197/4978 4998/5206/4985 4996/5202/4983 4988/5193/4976
f 4998/5206/4985 4999/5207/4986 4997/5204/4984 4996/5202/4983
f 5001/5208/4987 5000/5209/4988 4292/5210/4283 4293/5211/4282
f 5003/5212/4989 5002/5213/4990 5000/5209/4988 5001/5208/4987
f 4997/5204/4984 5001/5208/4987 4293/5211/4282 4296/5205/4285
f 4999/5207/4986 5003/5212/4989 5001/5208/4987 4997/5204/4984
f 5005/5214/4991 5004/5215/4992 3792/3936/3785 3793/3935/3784
f 5004/5215/4992 5006/5216/4993 3790/3932/3781 3792/3936/3785
f 5002/5213/4990 5003/5212/4989 5004/5215/4992 5005/5214/4991
f 5003/5212/4989 4999/5207/4986 5006/5216/4993 5004/5215/4992
f 5007/5217/4994 4993/5198/4979 3777/3919/3768 3788/3930/3779
f 4998/5206/4985 4990/5197/4978 4993/5198/4979 5007/5217/4994
f 5006/5216/4993 5007/5217/4994 3788/3930/3779 3790/3932/3781
f 4999/5207/4986 4998/5206/4985 5007/5217/4994 5006/5216/4993
f 5000/5209/4988 5008/5218/4995 4314/5219/4303 4292/5210/4283
f 5008/5218/4995 5009/5220/4996 4312/5221/4301 4314/5219/4303
f 5002/5213/4990 5010/5222/4997 5008/5218/4995 5000/5209/4988
f 5010/5222/4997 5011/5223/4998 5009/5220/4996 5008/5218/4995
f 5013/5224/4999 5012/5225/5000 4308/5226/4299 4309/5227/4298
f 5015/5228/5001 5014/5229/5002 5012/5225/5000 5013/5224/4999
f 5009/5220/4996 5013/5224/4999 4309/5227/4298 4312/5221/4301
f 5011/5223/4998 5015/5228/5001 5013/5224/4999 5009/5220/4996
f 5018/5230/5003 5017/5231/5004 5016/5232/5005 3806/3950/3799
f 5017/5231/5004 5020/5233/5006 5019/5234/5007 5016/5232/5005
f 5014/5229/5002 5015/5228/5001 5017/5231/5004 5018/5230/5003
f 5015/5228/5001 5011/5223/4998 5020/5233/5006 5017/5231/5004
f 5022/5235/5008 5005/5214/4991 3793/3935/3784 5021/5236/5009
f 5010/5222/4997 5002/5213/4990 5005/5214/4991 5022/5235/5008
f 5020/5233/5006 5022/5235/5008 5021/5236/5009 5019/5234/5007
f 5011/5223/4998 5010/5222/4997 5022/5235/5008 5020/5233/5006
f 5024/5237/5010 5023/5238/5011 4319/5239/4304 4316/5240/4307
f 5023/5238/5011 5025/5241/5012 4323/5242/4310 4319/5239/4304
f 5027/5243/5013 5026/5244/5014 5023/5238/5011 5024/5237/5010
f 5026/5244/5014 5028/5245/5015 5025/5241/5012 5023/5238/5011
f 5030/5246/5016 5029/5247/5017 4333/5248/4322 4334/5249/4321
f 5032/5250/5018 5031/5251/5019 5029/5247/5017 5030/5246/5016
f 5025/5241/5012 5030/5246/5016 4334/5249/4321 4323/5242/4310
f 5028/5245/5015 5032/5250/5018 5030/5246/5016 5025/5241/5012
f 5034/5252/5020 5033/5253/5021 3832/3976/3825 3833/3975/3824
f 5033/5253/5021 5035/5254/5022 3830/3972/3821 3832/3976/3825
f 5031/5251/5019 5032/5250/5018 5033/5253/5021 5034/5252/5020
f 5032/5250/5018 5028/5245/5015 5035/5254/5022 5033/5253/5021
f 5037/5255/5023 5036/5256/5024 3826/3970/3819 3827/3969/3818
f 5026/5244/5014 5027/5243/5013 5036/5256/5024 5037/5255/5023
f 5035/5254/5022 5037/5255/5023 3827/3969/3818 3830/3972/3821
f 5028/5245/5015 5026/5244/5014 5037/5255/5023 5035/5254/5022
f 5029/5247/5017 5038/5257/5025 4350/5258/4339 4333/5248/4322
f 5038/5257/5025 5039/5259/5026 4348/5260/4337 4350/5258/4339
f 5031/5251/5019 5040/5261/5027 5038/5257/5025 5029/5247/5017
f 5040/5261/5027 5041/5262/5028 5039/5259/5026 5038/5257/5025
f 5043/5263/5029 5042/5264/5030 4344/5265/4335 4345/5266/4334
f 5045/5267/5031 5044/5268/5032 5042/5264/5030 5043/5263/5029
f 5039/5259/5026 5043/5263/5029 4345/5266/4334 4348/5260/4337
f 5041/5262/5028 5045/5267/5031 5043/5263/5029 5039/5259/5026
f 5047/5269/5033 5046/5270/5034 3848/3992/3841 3849/3991/3840
f 5046/5270/5034 5048/5271/5035 3846/3988/3837 3848/3992/3841
f 5044/5268/5032 5045/5267/5031 5046/5270/5034 5047/5269/5033
f 5045/5267/5031 5041/5262/5028 5048/5271/5035 5046/5270/5034
f 5049/5272/5036 5034/5252/5020 3833/3975/3824 3844/3986/3835
f 5040/5261/5027 5031/5251/5019 5034/5252/5020 5049/5272/5036
f 5048/5271/5035 5049/5272/5036 3844/3986/3835 3846/3988/3837
f 5041/5262/5028 5040/5261/5027 5049/5272/5036 5048/5271/5035
f 5042/5264/5030 5050/5273/5037 4362/5274/4351 4344/5265/4335
f 5050/5273/5037 5051/5275/5038 4360/5276/4349 4362/5274/4351
f 5044/5268/5032 5052/5277/5039 5050/5273/5037 5042/5264/5030
f 5052/5277/5039 5053/5278/5040 5051/5275/5038 5050/5273/5037
f 5054/5279/5041 2452/2553/2448 1745/2552/37 4358/5280/4347
f 5055/5281/5042 2450/2549/2446 2452/2553/2448 5054/5279/5041
f 5051/5275/5038 5054/5279/5041 4358/5280/4347 4360/5276/4349
f 5053/5278/5040 5055/5281/5042 5054/5279/5041 5051/5275/5038
f 2448/2547/2444 5056/5282/5043 3862/4004/3853 1236/1251/1234
f 5056/5282/5043 5057/5283/5044 3860/4002/3851 3862/4004/3853
f 2450/2549/2446 5055/5281/5042 5056/5282/5043 2448/2547/2444
f 5055/5281/5042 5053/5278/5040 5057/5283/5044 5056/5282/5043
f 5058/5284/5045 5047/5269/5033 3849/3991/3840 3858/4000/3849
f 5052/5277/5039 5044/5268/5032 5047/5269/5033 5058/5284/5045
f 5057/5283/5044 5058/5284/5045 3858/4000/3849 3860/4002/3851
f 5053/5278/5040 5052/5277/5039 5058/5284/5045 5057/5283/5044
f 4412/4554/4401 5059/5285/5046 4933/5114/4919 3676/3820/3669
f 5059/5285/5046 5060/5286/5047 4930/5113/4918 4933/5114/4919
f 4414/4556/4403 5061/5287/5048 5059/5285/5046 4412/4554/4401
f 5061/5287/5048 5062/5288/5049 5060/5286/5047 5059/5285/5046
f 5063/5289/5050 4397/5290/4386 4188/5110/4179 4928/5109/4916
f 5064/5291/5051 4393/5292/4382 4397/5290/4386 5063/5289/5050
f 5060/5286/5047 5063/5289/5050 4928/5109/4916 4930/5113/4918
f 5062/5288/5049 5064/5291/5051 5063/5289/5050 5060/5286/5047
f 4391/5293/4380 5065/5294/5052 4937/5118/4923 4213/5121/4202
f 5065/5294/5052 5066/5295/5053 4940/5124/4926 4937/5118/4923
f 4393/5292/4382 5064/5291/5051 5065/5294/5052 4391/5293/4380
f 5064/5291/5051 5062/5288/5049 5066/5295/5053 5065/5294/5052
f 5067/5296/5054 4416/4558/4405 3709/3851/3700 4949/5137/4937
f 5061/5287/5048 4414/4556/4403 4416/4558/4405 5067/5296/5054
f 5066/5295/5053 5067/5296/5054 4949/5137/4937 4940/5124/4926
f 5062/5288/5049 5061/5287/5048 5067/5296/5054 5066/5295/5053
f 4373/4515/4362 5068/5297/5055 3950/4090/3939 2924/3066/2915
f 5068/5297/5055 5069/5298/5056 3953/4093/3942 3950/4090/3939
f 4375/4517/4364 5070/5299/5057 5068/5297/5055 4373/4515/4362
f 5070/5299/5057 5071/5300/5058 5069/5298/5056 5068/5297/5055
f 5072/5301/5059 4438/4581/4428 3962/4104/3953 3963/4103/3952
f 5073/5302/5060 4433/4575/4422 4438/4581/4428 5072/5301/5059
f 5069/5298/5056 5072/5301/5059 3963/4103/3952 3953/4093/3942
f 5071/5300/5058 5073/5302/5060 5072/5301/5059 5069/5298/5056
f 4430/4573/4420 5074/5303/5061 3978/4116/3965 3975/4119/3968
f 5074/5303/5061 5075/5304/5062 3973/4115/3964 3978/4116/3965
f 4433/4575/4422 5073/5302/5060 5074/5303/5061 4430/4573/4420
f 5073/5302/5060 5071/5300/5058 5075/5304/5062 5074/5303/5061
f 5076/5305/5063 4377/4519/4366 2937/3081/2930 3971/4113/3962
f 5070/5299/5057 4375/4517/4364 4377/4519/4366 5076/5305/5063
f 5075/5304/5062 5076/5305/5063 3971/4113/3962 3973/4115/3964
f 5071/5300/5058 5070/5299/5057 5076/5305/5063 5075/5304/5062
f 4484/4638/4473 5077/5306/5064 4827/5004/4814 3521/3665/3514
f 5077/5306/5064 5078/5307/5065 4824/5003/4813 4827/5004/4814
f 4486/4640/4475 5079/5308/5066 5077/5306/5064 4484/4638/4473
f 5079/5308/5066 5080/5309/5067 5078/5307/5065 5077/5306/5064
f 5081/5310/5068 4469/4619/4458 4027/4171/4020 4822/5001/4811
f 5082/5311/5069 4465/4614/4454 4469/4619/4458 5081/5310/5068
f 5078/5307/5065 5081/5310/5068 4822/5001/4811 4824/5003/4813
f 5080/5309/5067 5082/5311/5069 5081/5310/5068 5078/5307/5065
f 4463/4611/4452 5083/5312/5070 4805/5313/4792 4014/4612/4005
f 5083/5312/5070 5084/5314/5071 4808/5315/4795 4805/5313/4792
f 4465/4614/4454 5082/5311/5069 5083/5312/5070 4463/4611/4452
f 5082/5311/5069 5080/5309/5067 5084/5314/5071 5083/5312/5070
f 5085/5316/5072 4488/4644/4477 3496/4643/3487 4814/5317/4803
f 5079/5308/5066 4486/4640/4475 4488/4644/4477 5085/5316/5072
f 5084/5314/5071 5085/5316/5072 4814/5317/4803 4808/5315/4795
f 5080/5309/5067 5079/5308/5066 5085/5316/5072 5084/5314/5071
f 4526/4690/4515 5086/5318/5073 4249/4389/4236 3252/3394/3243
f 5086/5318/5073 5087/5319/5074 4252/4392/4239 4249/4389/4236
f 4528/4692/4517 5088/5320/5075 5086/5318/5073 4526/4690/4515
f 5088/5320/5075 5089/5321/5076 5087/5319/5074 5086/5318/5073
f 5090/5322/5077 4510/5323/4500 4265/4407/4254 4266/4406/4253
f 5091/5324/5078 4505/5325/4494 4510/5323/4500 5090/5322/5077
f 5087/5319/5074 5090/5322/5077 4266/4406/4253 4252/4392/4239
f 5089/5321/5076 5091/5324/5078 5090/5322/5077 5087/5319/5074
f 4502/5326/4492 5092/5327/5079 4243/5328/4228 4240/5329/4231
f 5092/5327/5079 5093/5330/5080 4238/5331/4227 4243/5328/4228
f 4505/5325/4494 5091/5324/5078 5092/5327/5079 4502/5326/4492
f 5091/5324/5078 5089/5321/5076 5093/5330/5080 5092/5327/5079
f 5094/5332/5081 4530/4696/4519 3227/4695/3220 4236/5333/4225
f 5088/5320/5075 4528/4692/4517 4530/4696/4519 5094/5332/5081
f 5093/5330/5080 5094/5332/5081 4236/5333/4225 4238/5331/4227
f 5089/5321/5076 5088/5320/5075 5094/5332/5081 5093/5330/5080
f 4592/4758/4581 5096/5334/5082 5095/5335/5083 3813/3955/3804
f 5096/5334/5082 5098/5336/5084 5097/5337/5085 5095/5335/5083
f 4594/4760/4583 5099/5338/5086 5096/5334/5082 4592/4758/4581
f 5099/5338/5086 5100/5339/5087 5098/5336/5084 5096/5334/5082
f 5102/5340/5088 4573/5341/4564 4574/5342/4563 5101/5343/5089
f 5103/5344/5090 4569/5345/4558 4573/5341/4564 5102/5340/5088
f 5098/5336/5084 5102/5340/5088 5101/5343/5089 5097/5337/5085
f 5100/5339/5087 5103/5344/5090 5102/5340/5088 5098/5336/5084
f 4567/5346/4556 5104/5347/5091 5024/5237/5010 4316/5240/4307
f 5104/5347/5091 5105/5348/5092 5027/5243/5013 5024/5237/5010
f 4569/5345/4558 5103/5344/5090 5104/5347/5091 4567/5346/4556
f 5103/5344/5090 5100/5339/5087 5105/5348/5092 5104/5347/5091
f 5106/5349/5093 4596/4762/4585 3826/3970/3819 5036/5256/5024
f 5099/5338/5086 4594/4760/4583 4596/4762/4585 5106/5349/5093
f 5105/5348/5092 5106/5349/5093 5036/5256/5024 5027/5243/5013
f 5100/5339/5087 5099/5338/5086 5106/5349/5093 5105/5348/5092
f 4544/4711/4534 5107/5350/5094 4072/4210/4059 4069/4213/4062
f 5107/5350/5094 5108/5351/5095 4076/4216/4065 4072/4210/4059
f 4547/4713/4536 5109/5352/5096 5107/5350/5094 4544/4711/4534
f 5109/5352/5096 5110/5353/5097 5108/5351/5095 5107/5350/5094
f 5111/5354/5098 4618/4785/4608 4090/4232/4081 4091/4231/4080
f 5112/5355/5099 4613/4779/4602 4618/4785/4608 5111/5354/5098
f 5108/5351/5095 5111/5354/5098 4091/4231/4080 4076/4216/4065
f 5110/5353/5097 5112/5355/5099 5111/5354/5098 5108/5351/5095
f 4610/4777/4600 5113/5356/5100 4106/4244/4093 4103/4247/4096
f 5113/5356/5100 5114/5357/5101 4101/4243/4092 4106/4244/4093
f 4613/4779/4602 5112/5355/5099 5113/5356/5100 4610/4777/4600
f 5112/5355/5099 5110/5353/5097 5114/5357/5101 5113/5356/5100
f 5115/5358/5102 4549/4715/4538 3097/3239/3088 4099/4241/4090
f 5109/5352/5096 4547/4713/4536 4549/4715/4538 5115/5358/5102
f 5114/5357/5101 5115/5358/5102 4099/4241/4090 4101/4243/4092
f 5110/5353/5097 5109/5352/5096 5115/5358/5102 5114/5357/5101
f 4753/4927/4742 5116/5359/5103 4700/5360/4689 3919/4928/3912
f 5116/5359/5103 5117/5361/5104 4698/5362/4687 4700/5360/4689
f 4755/4930/4744 5118/5363/5105 5116/5359/5103 4753/4927/4742
f 5118/5363/5105 5119/5364/5106 5117/5361/5104 5116/5359/5103
f 5120/5365/5107 4760/4933/4747 3946/4936/3937 4696/5366/4685
f 5121/5367/5108 4763/4939/4750 4760/4933/4747 5120/5365/5107
f 5117/5361/5104 5120/5365/5107 4696/5366/4685 4698/5362/4687
f 5119/5364/5106 5121/5367/5108 5120/5365/5107 5117/5361/5104
f 4769/4948/4758 5122/5368/5109 3399/3537/3386 3396/3540/3389
f 5122/5368/5109 5123/5369/5110 3403/3543/3392 3399/3537/3386
f 4763/4939/4750 5121/5367/5108 5122/5368/5109 4769/4948/4758
f 5121/5367/5108 5119/5364/5106 5123/5369/5110 5122/5368/5109
f 5124/5370/5111 4757/4932/4746 3418/3560/3409 3419/3559/3408
f 5118/5363/5105 4755/4930/4744 4757/4932/4746 5124/5370/5111
f 5123/5369/5110 5124/5370/5111 3419/3559/3408 3403/3543/3392
f 5119/5364/5106 5118/5363/5105 5124/5370/5111 5123/5369/5110
f 4720/4886/4709 5125/5371/5112 4712/4878/4701 3881/4023/3872
f 5125/5371/5112 5126/5372/5113 4710/4876/4699 4712/4878/4701
f 4722/4888/4711 5127/5373/5114 5125/5371/5112 4720/4886/4709
f 5127/5373/5114 5128/5374/5115 5126/5372/5113 5125/5371/5112
f 5129/5375/5116 4901/5078/4887 4162/4304/4075 4708/4874/4697
f 5130/5376/5117 4904/5081/4890 4901/5078/4887 5129/5375/5116
f 5126/5372/5113 5129/5375/5116 4708/4874/4697 4710/4876/4699
f 5128/5374/5115 5130/5376/5117 5129/5375/5116 5126/5372/5113
f 4913/5092/4901 5131/5377/5118 4684/4848/4671 3663/3805/3654
f 5131/5377/5118 5132/5378/5119 4681/4847/4670 4684/4848/4671
f 4904/5081/4890 5130/5376/5117 5131/5377/5118 4913/5092/4901
f 5130/5376/5117 5128/5374/5115 5132/5378/5119 5131/5377/5118
f 5133/5379/5120 4725/4889/4712 3351/3495/3344 4679/4845/4668
f 5127/5373/5114 4722/4888/4711 4725/4889/4712 5133/5379/5120
f 5132/5378/5119 5133/5379/5120 4679/4845/4668 4681/4847/4670
f 5128/5374/5115 5127/5373/5114 5133/5379/5120 5132/5378/5119
f 5135/5380/5121 5134/5381/5122 2913/3057/2906 2914/3056/2905
f 5134/5381/5122 5136/5382/5123 2911/3053/2902 2913/3057/2906
f 5138/5383/5124 5137/5384/5125 5134/5381/5122 5135/5380/5121
f 5137/5384/5125 5139/5385/5126 5136/5382/5123 5134/5381/5122
f 5141/5386/5127 5140/5387/5128 2907/3051/2900 2908/3050/2899
f 5143/5388/5129 5142/5389/5130 5140/5387/5128 5141/5386/5127
f 5136/5382/5123 5141/5386/5127 2908/3050/2899 2911/3053/2902
f 5139/5385/5126 5143/5388/5129 5141/5386/5127 5136/5382/5123
f 5145/5390/5131 5144/5391/5132 3938/4080/3929 2889/3031/2880
f 5144/5391/5132 5146/5392/5133 3933/4075/3924 3938/4080/3929
f 5142/5389/5130 5143/5388/5129 5144/5391/5132 5145/5390/5131
f 5143/5388/5129 5139/5385/5126 5146/5392/5133 5144/5391/5132
f 5148/5393/5134 5147/5394/5135 3929/4073/3922 3930/4072/3921
f 5137/5384/5125 5138/5383/5124 5147/5394/5135 5148/5393/5134
f 5146/5392/5133 5148/5393/5134 3930/4072/3921 3933/4075/3924
f 5139/5385/5126 5137/5384/5125 5148/5393/5134 5146/5392/5133
f 5150/5395/5136 5149/5396/5137 4634/4802/4625 4635/4801/4624
f 5149/5396/5137 5151/5397/5138 4630/4796/4619 4634/4802/4625
f 5153/5398/5139 5152/5399/5140 5149/5396/5137 5150/5395/5136
f 5152/5399/5140 5154/5400/5141 5151/5397/5138 5149/5396/5137
f 5155/5401/5142 5135/5380/5121 2914/3056/2905 4628/4794/4617
f 5156/5402/5143 5138/5383/5124 5135/5380/5121 5155/5401/5142
f 5151/5397/5138 5155/5401/5142 4628/4794/4617 4630/4796/4619
f 5154/5400/5141 5156/5402/5143 5155/5401/5142 5151/5397/5138
f 5147/5394/5135 5157/5403/5144 4693/4859/4682 3929/4073/3922
f 5157/5403/5144 5158/5404/5145 4689/4855/4678 4693/4859/4682
f 5138/5383/5124 5156/5402/5143 5157/5403/5144 5147/5394/5135
f 5156/5402/5143 5154/5400/5141 5158/5404/5145 5157/5403/5144
f 5160/5405/5146 5159/5406/5147 3914/4056/3905 4687/4853/4676
f 5152/5399/5140 5153/5398/5139 5159/5406/5147 5160/5405/5146
f 5158/5404/5145 5160/5405/5146 4687/4853/4676 4689/4855/4678
f 5154/5400/5141 5152/5399/5140 5160/5405/5146 5158/5404/5145
f 5162/5407/5148 5161/5408/5149 4643/4805/4628 4640/4808/4631
f 5161/5408/5149 5163/5409/5150 4638/4804/4627 4643/4805/4628
f 5165/5410/5151 5164/5411/5152 5161/5408/5149 5162/5407/5148
f 5164/5411/5152 5166/5412/5153 5163/5409/5150 5161/5408/5149
f 5167/5413/5154 5150/5395/5136 4635/4801/4624 4636/4800/4623
f 5168/5414/5155 5153/5398/5139 5150/5395/5136 5167/5413/5154
f 5163/5409/5150 5167/5413/5154 4636/4800/4623 4638/4804/4627
f 5166/5412/5153 5168/5414/5155 5167/5413/5154 5163/5409/5150
f 5159/5406/5147 5169/5415/5156 3913/4057/3906 3914/4056/3905
f 5169/5415/5156 5170/5416/5157 3908/4050/3899 3913/4057/3906
f 5153/5398/5139 5168/5414/5155 5169/5415/5156 5159/5406/5147
f 5168/5414/5155 5166/5412/5153 5170/5416/5157 5169/5415/5156
f 5172/5417/5158 5171/5418/5159 3904/4048/3897 3905/4047/3896
f 5164/5411/5152 5165/5410/5151 5171/5418/5159 5172/5417/5158
f 5170/5416/5157 5172/5417/5158 3905/4047/3896 3908/4050/3899
f 5166/5412/5153 5164/5411/5152 5172/5417/5158 5170/5416/5157
f 5174/5419/5160 5173/5420/5161 4646/4812/4635 2892/3036/2885
f 5173/5420/5161 5175/5421/5162 4644/4810/4633 4646/4812/4635
f 5177/5422/5163 5176/5423/5164 5173/5420/5161 5174/5419/5160
f 5176/5423/5164 5178/5424/5165 5175/5421/5162 5173/5420/5161
f 5179/5425/5166 5162/5407/5148 4640/4808/4631 4641/4807/4630
f 5180/5426/5167 5165/5410/5151 5162/5407/5148 5179/5425/5166
f 5175/5421/5162 5179/5425/5166 4641/4807/4630 4644/4810/4633
f 5178/5424/5165 5180/5426/5167 5179/5425/5166 5175/5421/5162
f 5171/5418/5159 5181/5427/5168 4654/4820/4643 3904/4048/3897
f 5181/5427/5168 5182/5428/5169 4650/4816/4639 4654/4820/4643
f 5165/5410/5151 5180/5426/5167 5181/5427/5168 5171/5418/5159
f 5180/5426/5167 5178/5424/5165 5182/5428/5169 5181/5427/5168
f 5184/5429/5170 5183/5430/5171 3164/3306/3155 4648/4814/4637
f 5176/5423/5164 5177/5422/5163 5183/5430/5171 5184/5429/5170
f 5182/5428/5169 5184/5429/5170 4648/4814/4637 4650/4816/4639
f 5178/5424/5165 5176/5423/5164 5184/5429/5170 5182/5428/5169
f 5186/5431/5172 5185/5432/5173 2901/3045/2894 2902/3044/2893
f 5185/5432/5173 5187/5433/5174 2896/3038/2887 2901/3045/2894
f 5189/5434/5175 5188/5435/5176 5185/5432/5173 5186/5431/5172
f 5188/5435/5176 5190/5436/5177 5187/5433/5174 5185/5432/5173
f 5191/5437/5178 5174/5419/5160 2892/3036/2885 2893/3035/2884
f 5192/5438/5179 5177/5422/5163 5174/5419/5160 5191/5437/5178
f 5187/5433/5174 5191/5437/5178 2893/3035/2884 2896/3038/2887
f 5190/5436/5177 5192/5438/5179 5191/5437/5178 5187/5433/5174
f 5183/5430/5171 5193/5439/5180 3163/3307/3156 3164/3306/3155
f 5193/5439/5180 5194/5440/5181 3161/3303/3152 3163/3307/3156
f 5177/5422/5163 5192/5438/5179 5193/5439/5180 5183/5430/5171
f 5192/5438/5179 5190/5436/5177 5194/5440/5181 5193/5439/5180
f 5196/5441/5182 5195/5442/5183 2857/2999/2848 3159/3301/3150
f 5188/5435/5176 5189/5434/5175 5195/5442/5183 5196/5441/5182
f 5194/5440/5181 5196/5441/5182 3159/3301/3150 3161/3303/3152
f 5190/5436/5177 5188/5435/5176 5196/5441/5182 5194/5440/5181
f 2890/3030/2879 5198/5443/5184 5197/5444/5185 2889/3031/2880
f 5198/5443/5184 5200/5445/5186 5199/5446/5187 5197/5444/5185
f 2876/3016/2865 5201/5447/5188 5198/5443/5184 2890/3030/2879
f 5201/5447/5188 5202/5448/5189 5200/5445/5186 5198/5443/5184
f 5206/5449/5190 5205/5450/5191 5204/5451/5192 5203/5452/5193
f 5208/5453/5194 5207/5454/5195 5205/5450/5191 5206/5449/5190
f 5200/5445/5186 5206/5449/5190 5203/5452/5193 5199/5446/5187
f 5202/5448/5189 5208/5453/5194 5206/5449/5190 5200/5445/5186
f 5212/5455/5196 5211/5456/5197 5210/5457/5198 5209/5458/5199
f 5211/5456/5197 5214/5459/5200 5213/5460/5201 5210/5457/5198
f 5207/5454/5195 5208/5453/5194 5211/5456/5197 5212/5455/5196
f 5208/5453/5194 5202/5448/5189 5214/5459/5200 5211/5456/5197
f 5216/5461/5202 2873/3013/2862 2857/2999/2848 5215/5462/5203
f 5201/5447/5188 2876/3016/2865 2873/3013/2862 5216/5461/5202
f 5214/5459/5200 5216/5461/5202 5215/5462/5203 5213/5460/5201
f 5202/5448/5189 5201/5447/5188 5216/5461/5202 5214/5459/5200
f 5218/5463/5204 5217/5464/5205 5203/5452/5193 5204/5451/5192
f 5217/5464/5205 5219/5465/5206 5199/5446/5187 5203/5452/5193
f 5221/5466/5207 5220/5467/5208 5217/5464/5205 5218/5463/5204
f 5220/5467/5208 5222/5468/5209 5219/5465/5206 5217/5464/5205
f 5223/5469/5210 5145/5390/5131 2889/3031/2880 5197/5444/5185
f 5224/5470/5211 5142/5389/5130 5145/5390/5131 5223/5469/5210
f 5219/5465/5206 5223/5469/5210 5197/5444/5185 5199/5446/5187
f 5222/5468/5209 5224/5470/5211 5223/5469/5210 5219/5465/5206
f 5140/5387/5128 5226/5471/5212 5225/5472/5213 2907/3051/2900
f 5226/5471/5212 5228/5473/5214 5227/5474/5215 5225/5472/5213
f 5142/5389/5130 5224/5470/5211 5226/5471/5212 5140/5387/5128
f 5224/5470/5211 5222/5468/5209 5228/5473/5214 5226/5471/5212
f 5232/5475/5216 5231/5476/5217 5230/5477/5218 5229/5478/5219
f 5220/5467/5208 5221/5466/5207 5231/5476/5217 5232/5475/5216
f 5228/5473/5214 5232/5475/5216 5229/5478/5219 5227/5474/5215
f 5222/5468/5209 5220/5467/5208 5232/5475/5216 5228/5473/5214
f 2903/3043/2892 5234/5479/5220 5233/5480/5221 2902/3044/2893
f 5234/5479/5220 5236/5481/5222 5235/5482/5223 5233/5480/5221
f 2905/3047/2896 5237/5483/5224 5234/5479/5220 2903/3043/2892
f 5237/5483/5224 5238/5484/5225 5236/5481/5222 5234/5479/5220
f 5242/5485/5226 5241/5486/5227 5240/5487/5228 5239/5488/5229
f 5244/5489/5230 5243/5490/5231 5241/5486/5227 5242/5485/5226
f 5236/5481/5222 5242/5485/5226 5239/5488/5229 5235/5482/5223
f 5238/5484/5225 5244/5489/5230 5242/5485/5226 5236/5481/5222
f 5246/5491/5232 5245/5492/5233 5229/5478/5219 5230/5477/5218
f 5245/5492/5233 5247/5493/5234 5227/5474/5215 5229/5478/5219
f 5243/5490/5231 5244/5489/5230 5245/5492/5233 5246/5491/5232
f 5244/5489/5230 5238/5484/5225 5247/5493/5234 5245/5492/5233
f 5248/5494/5235 2910/3048/2897 2907/3051/2900 5225/5472/5213
f 5237/5483/5224 2905/3047/2896 2910/3048/2897 5248/5494/5235
f 5247/5493/5234 5248/5494/5235 5225/5472/5213 5227/5474/5215
f 5238/5484/5225 5237/5483/5224 5248/5494/5235 5247/5493/5234
f 5250/5495/5236 5249/5496/5237 5239/5488/5229 5240/5487/5228
f 5249/5496/5237 5251/5497/5238 5235/5482/5223 5239/5488/5229
f 5253/5498/5239 5252/5499/5240 5249/5496/5237 5250/5495/5236
f 5252/5499/5240 5254/5500/5241 5251/5497/5238 5249/5496/5237
f 5255/5501/5242 5186/5431/5172 2902/3044/2893 5233/5480/5221
f 5256/5502/5243 5189/5434/5175 5186/5431/5172 5255/5501/5242
f 5251/5497/5238 5255/5501/5242 5233/5480/5221 5235/5482/5223
f 5254/5500/5241 5256/5502/5243 5255/5501/5242 5251/5497/5238
f 5195/5442/5183 5257/5503/5244 5215/5462/5203 2857/2999/2848
f 5257/5503/5244 5258/5504/5245 5213/5460/5201 5215/5462/5203
f 5189/5434/5175 5256/5502/5243 5257/5503/5244 5195/5442/5183
f 5256/5502/5243 5254/5500/5241 5258/5504/5245 5257/5503/5244
f 5260/5505/5246 5259/5506/5247 5209/5458/5199 5210/5457/5198
f 5252/5499/5240 5253/5498/5239 5259/5506/5247 5260/5505/5246
f 5258/5504/5245 5260/5505/5246 5210/5457/5198 5213/5460/5201
f 5254/5500/5241 5252/5499/5240 5260/5505/5246 5258/5504/5245
f 5205/5507/5191 5262/5508/5248 5261/5509/5249 5204/5510/5192
f 5262/5508/5248 5264/5511/5250 5263/5512/5251 5261/5509/5249
f 5207/5513/5195 5265/5514/5252 5262/5508/5248 5205/5507/5191
f 5265/5514/5252 5266/5515/5253 5264/5511/5250 5262/5508/5248
f 5268/5516/5254 2780/2917/2769 2754/2888/2745 5267/5517/5255
f 5269/5518/5256 2777/2916/2768 2780/2917/2769 5268/5516/5254
f 5264/5511/5250 5268/5516/5254 5267/5517/5255 5263/5512/5251
f 5266/5515/5253 5269/5518/5256 5268/5516/5254 5264/5511/5250
f 2775/2912/2764 5271/5519/5257 5270/5520/5258 2774/2913/2765
f 5271/5519/5257 5273/5521/5259 5272/5522/5260 5270/5520/5258
f 2777/2916/2768 5269/5518/5256 5271/5519/5257 2775/2912/2764
f 5269/5518/5256 5266/5515/5253 5273/5521/5259 5271/5519/5257
f 5275/5523/5261 5212/5524/5196 5209/5525/5199 5274/5526/5262
f 5265/5514/5252 5207/5513/5195 5212/5524/5196 5275/5523/5261
f 5273/5521/5259 5275/5523/5261 5274/5526/5262 5272/5522/5260
f 5266/5515/5253 5265/5514/5252 5275/5523/5261 5273/5521/5259
f 5231/5527/5217 5277/5528/5263 5276/5529/5264 5230/5530/5218
f 5277/5528/5263 5279/5531/5265 5278/5532/5266 5276/5529/5264
f 5221/5533/5207 5280/5534/5267 5277/5528/5263 5231/5527/5217
f 5280/5534/5267 5281/5535/5268 5279/5531/5265 5277/5528/5263
f 5283/5536/5269 2760/2892/2749 2729/2895/2723 5282/5532/5270
f 5284/5537/5271 2757/2891/2748 2760/2892/2749 5283/5536/5269
f 5279/5531/5265 5283/5536/5269 5282/5532/5270 5278/5532/5266
f 5281/5535/5268 5284/5537/5271 5283/5536/5269 5279/5531/5265
f 2755/2887/2744 5285/5538/5272 5267/5517/5255 2754/2888/2745
f 5285/5538/5272 5286/5539/5273 5263/5512/5251 5267/5517/5255
f 2757/2891/2748 5284/5537/5271 5285/5538/5272 2755/2887/2744
f 5284/5537/5271 5281/5535/5268 5286/5539/5273 5285/5538/5272
f 5287/5540/5274 5218/5541/5204 5204/5510/5192 5261/5509/5249
f 5280/5534/5267 5221/5533/5207 5218/5541/5204 5287/5540/5274
f 5286/5539/5273 5287/5540/5274 5261/5509/5249 5263/5512/5251
f 5281/5535/5268 5280/5534/5267 5287/5540/5274 5286/5539/5273
f 5241/5542/5227 5289/5542/5275 5288/5543/5276 5240/5543/5228
f 5289/5542/5275 5291/5544/5277 5290/5545/5278 5288/5543/5276
f 5243/5546/5231 5292/5546/5279 5289/5542/5275 5241/5542/5227
f 5292/5546/5279 5293/5547/5280 5291/5544/5277 5289/5542/5275
f 5295/5548/5281 2737/2867/2727 2734/2870/2730 5294/5549/5282
f 5296/5550/5283 2732/2866/2726 2737/2867/2727 5295/5548/5281
f 5291/5544/5277 5295/5548/5281 5294/5549/5282 5290/5545/5278
f 5293/5547/5280 5296/5550/5283 5295/5548/5281 5291/5544/5277
f 2730/2862/2722 5297/5551/5284 5282/2863/5270 2729/2863/2723
f 5297/5551/5284 5298/5552/5285 5278/5553/5266 5282/2863/5270
f 2732/2866/2726 5296/5550/5283 5297/5551/5284 2730/2862/2722
f 5296/5550/5283 5293/5547/5280 5298/5552/5285 5297/5551/5284
f 5299/5554/5286 5246/5554/5232 5230/5555/5218 5276/5553/5264
f 5292/5546/5279 5243/5546/5231 5246/5554/5232 5299/5554/5286
f 5298/5552/5285 5299/5554/5286 5276/5553/5264 5278/5553/5266
f 5293/5547/5280 5292/5546/5279 5299/5554/5286 5298/5552/5285
f 5270/5520/5258 5300/5556/5287 2795/2932/2784 2774/2913/2765
f 5300/5556/5287 5301/5557/5288 2792/2931/2783 2795/2932/2784
f 5272/5522/5260 5302/5558/5289 5300/5556/5287 5270/5520/5258
f 5302/5558/5289 5303/5559/5290 5301/5557/5288 5300/5556/5287
f 5304/5560/5291 5294/5549/5282 2734/2870/2730 2790/2929/2781
f 5305/5561/5292 5290/5545/5278 5294/5549/5282 5304/5560/5291
f 5301/5557/5288 5304/5560/5291 2790/2929/2781 2792/2931/2783
f 5303/5559/5290 5305/5561/5292 5304/5560/5291 5301/5557/5288
f 5288/5543/5276 5306/5562/5293 5250/5562/5236 5240/5543/5228
f 5306/5562/5293 5307/5563/5294 5253/5564/5239 5250/5562/5236
f 5290/5545/5278 5305/5561/5292 5306/5562/5293 5288/5543/5276
f 5305/5561/5292 5303/5559/5290 5307/5563/5294 5306/5562/5293
f 5308/5565/5295 5274/5526/5262 5209/5525/5199 5259/5566/5247
f 5302/5558/5289 5272/5522/5260 5274/5526/5262 5308/5565/5295
f 5307/5563/5294 5308/5565/5295 5259/5566/5247 5253/5564/5239
f 5303/5559/5290 5302/5558/5289 5308/5565/5295 5307/5563/5294
f 17/5567/18 5310/5568/17 5309/5569/16 16/5570/19
f 5310/5568/17 5312/5571/5296 5311/5572/5297 5309/5569/16
f 20/5573/20 5313/5574/20 5310/5568/17 17/5567/18
f 5313/5574/20 5314/5575/5298 5312/5571/5296 5310/5568/17
f 5316/5576/5299 162/175/162 163/174/161 5315/5577/5300
f 5317/5578/5301 160/171/158 162/175/162 5316/5576/5299
f 5312/5571/5296 5316/5576/5299 5315/5577/5300 5311/5572/5297
f 5314/5575/5298 5317/5578/5301 5316/5576/5299 5312/5571/5296
f 157/168/155 5319/5579/5302 5318/5580/5303 156/169/156
f 5319/5579/5302 5321/5581/5304 5320/5582/5305 5318/5580/5303
f 160/171/158 5317/5578/5301 5319/5579/5302 157/168/155
f 5317/5578/5301 5314/5575/5298 5321/5581/5304 5319/5579/5302
f 5323/5583/21 22/5584/23 23/5585/22 5322/5586/22
f 5313/5574/20 20/5573/20 22/5584/23 5323/5583/21
f 5321/5581/5304 5323/5583/21 5322/5586/22 5320/5582/5305
f 5314/5575/5298 5313/5574/20 5323/5583/21 5321/5581/5304
f 32/5587/31 5324/5588/30 5322/5589/22 23/5590/22
f 5324/5588/30 5325/5591/5306 5320/5592/5305 5322/5589/22
f 34/5593/33 5326/5594/32 5324/5588/30 32/5587/31
f 5326/5594/32 5327/5595/5307 5325/5591/5306 5324/5588/30
f 5328/5596/5308 208/223/206 156/222/156 5318/5597/5303
f 5329/5598/5309 206/219/204 208/223/206 5328/5596/5308
f 5325/5591/5306 5328/5596/5308 5318/5597/5303 5320/5592/5305
f 5327/5595/5307 5329/5598/5309 5328/5596/5308 5325/5591/5306
f 204/217/202 5331/5599/5310 5330/5600/5311 195/206/193
f 5331/5599/5310 5333/5601/5312 5332/5602/5313 5330/5600/5311
f 206/219/204 5329/5598/5309 5331/5599/5310 204/217/202
f 5329/5598/5309 5327/5595/5307 5333/5601/5312 5331/5599/5310
f 5335/5603/5314 39/5604/34 36/5605/37 5334/5606/36
f 5326/5594/32 34/5593/33 39/5604/34 5335/5603/5314
f 5333/5601/5312 5335/5603/5314 5334/5606/36 5332/5602/5313
f 5327/5595/5307 5326/5594/32 5335/5603/5314 5333/5601/5312
f 59/5607/58 5337/5608/57 5336/5609/56 58/5610/56
f 5337/5608/57 5339/5611/5315 5338/5612/5316 5336/5609/56
f 62/5613/60 5340/5614/59 5337/5608/57 59/5607/58
f 5340/5614/59 5341/5615/5317 5339/5611/5315 5337/5608/57
f 5343/5616/5318 178/191/178 179/190/177 5342/5617/5319
f 5344/5618/5320 176/187/174 178/191/178 5343/5616/5318
f 5339/5611/5315 5343/5616/5318 5342/5617/5319 5338/5612/5316
f 5341/5615/5317 5344/5618/5320 5343/5616/5318 5339/5611/5315
f 174/185/172 5345/5619/5321 5315/5577/5300 163/174/161
f 5345/5619/5321 5346/5620/5322 5311/5572/5297 5315/5577/5300
f 176/187/174 5344/5618/5320 5345/5619/5321 174/185/172
f 5344/5618/5320 5341/5615/5317 5346/5620/5322 5345/5619/5321
f 5347/5621/61 64/5622/62 16/5570/19 5309/5569/16
f 5340/5614/59 62/5613/60 64/5622/62 5347/5621/61
f 5346/5620/5322 5347/5621/61 5309/5569/16 5311/5572/5297
f 5341/5615/5317 5340/5614/59 5347/5621/61 5346/5620/5322
f 2710/5623/2706 5348/5624/2705 5334/5606/36 36/5605/37
f 5348/5624/2705 5349/5625/5323 5332/5602/5313 5334/5606/36
f 2712/5626/2707 5350/5627/2707 5348/5624/2705 2710/5623/2706
f 5350/5627/2707 5351/5628/5324 5349/5625/5323 5348/5624/2705
f 5352/5629/5325 194/207/194 195/206/193 5330/5600/5311
f 5353/5630/5326 192/203/190 194/207/194 5352/5629/5325
f 5349/5625/5323 5352/5629/5325 5330/5600/5311 5332/5602/5313
f 5351/5628/5324 5353/5630/5326 5352/5629/5325 5349/5625/5323
f 190/201/188 5354/5631/5327 5342/5617/5319 179/190/177
f 5354/5631/5327 5355/5632/5328 5338/5612/5316 5342/5617/5319
f 192/203/190 5353/5630/5326 5354/5631/5327 190/201/188
f 5353/5630/5326 5351/5628/5324 5355/5632/5328 5354/5631/5327
f 5356/5633/5329 2715/5634/2708 58/5610/56 5336/5609/56
f 5350/5627/2707 2712/5626/2707 2715/5634/2708 5356/5633/5329
f 5355/5632/5328 5356/5633/5329 5336/5609/56 5338/5612/5316
f 5351/5628/5324 5350/5627/2707 5356/5633/5329 5355/5632/5328
f 438/451/434 5358/5635/5330 5357/5636/5331 437/452/435
f 5358/5635/5330 5360/5637/5332 5359/5638/5333 5357/5636/5331
f 440/455/438 5361/5639/5334 5358/5635/5330 438/451/434
f 5361/5639/5334 5362/5640/5335 5360/5637/5332 5358/5635/5330
f 5364/5641/5336 1936/1977/1934 1937/1976/1933 5363/5642/5337
f 5365/5643/5338 1934/1973/1930 1936/1977/1934 5364/5641/5336
f 5360/5637/5332 5364/5641/5336 5363/5642/5337 5359/5638/5333
f 5362/5640/5335 5365/5643/5338 5364/5641/5336 5360/5637/5332
f 1931/1971/1928 5366/5644/5339 1453/1464/1447 1450/1467/1450
f 5366/5644/5339 5367/5645/5340 1457/1470/1453 1453/1464/1447
f 1934/1973/1930 5365/5643/5338 5366/5644/5339 1931/1971/1928
f 5365/5643/5338 5362/5640/5335 5367/5645/5340 5366/5644/5339
f 5368/5646/5341 445/456/439 442/459/442 1472/1486/1469
f 5361/5639/5334 440/455/438 445/456/439 5368/5646/5341
f 5367/5645/5340 5368/5646/5341 1472/1486/1469 1457/1470/1453
f 5362/5640/5335 5361/5639/5334 5368/5646/5341 5367/5645/5340
f 663/676/659 5370/5647/5342 5369/5648/5343 662/677/660
f 5370/5647/5342 5372/5649/5344 5371/5650/5345 5369/5648/5343
f 665/680/663 5373/5651/5346 5370/5647/5342 663/676/659
f 5373/5651/5346 5374/5652/5347 5372/5649/5344 5370/5647/5342
f 5376/5653/5348 1952/1993/1950 1953/1992/1949 5375/5654/5349
f 5377/5655/5350 1950/1989/1946 1952/1993/1950 5376/5653/5348
f 5372/5649/5344 5376/5653/5348 5375/5654/5349 5371/5650/5345
f 5374/5652/5347 5377/5655/5350 5376/5653/5348 5372/5649/5344
f 1948/1987/1944 5378/5656/5351 5363/5642/5337 1937/1976/1933
f 5378/5656/5351 5379/5657/5352 5359/5638/5333 5363/5642/5337
f 1950/1989/1946 5377/5655/5350 5378/5656/5351 1948/1987/1944
f 5377/5655/5350 5374/5652/5347 5379/5657/5352 5378/5656/5351
f 5380/5658/5353 668/681/664 437/452/435 5357/5636/5331
f 5373/5651/5346 665/680/663 668/681/664 5380/5658/5353
f 5379/5657/5352 5380/5658/5353 5357/5636/5331 5359/5638/5333
f 5374/5652/5347 5373/5651/5346 5380/5658/5353 5379/5657/5352
f 959/974/957 5382/5659/5354 5381/5660/5355 958/975/958
f 5382/5659/5354 5384/5661/5356 5383/5662/5357 5381/5660/5355
f 962/977/960 5385/5663/5358 5382/5659/5354 959/974/957
f 5385/5663/5358 5386/5664/5359 5384/5661/5356 5382/5659/5354
f 5388/5665/5360 932/949/932 933/948/931 5387/5666/5361
f 5389/5667/5362 927/942/925 932/949/932 5388/5665/5360
f 5384/5661/5356 5388/5665/5360 5387/5666/5361 5383/5662/5357
f 5386/5664/5359 5389/5667/5362 5388/5665/5360 5384/5661/5356
f 924/939/922 5391/5668/5363 5390/5669/5364 923/940/923
f 5391/5668/5363 5393/5670/5365 5392/5671/5366 5390/5669/5364
f 927/942/925 5389/5667/5362 5391/5668/5363 924/939/922
f 5389/5667/5362 5386/5664/5359 5393/5670/5365 5391/5668/5363
f 5395/5672/5367 964/981/964 965/980/963 5394/5673/5368
f 5385/5663/5358 962/977/960 964/981/964 5395/5672/5367
f 5393/5670/5365 5395/5672/5367 5394/5673/5368 5392/5671/5366
f 5386/5664/5359 5385/5663/5358 5395/5672/5367 5393/5670/5365
f 1186/1201/1184 5396/5674/5369 2410/2493/2403 1185/1202/1185
f 5396/5674/5369 5397/5675/5370 2406/2492/2402 2410/2493/2403
f 1189/1204/1187 5398/5676/5371 5396/5674/5369 1186/1201/1184
f 5398/5676/5371 5399/5677/5372 5397/5675/5370 5396/5674/5369
f 5400/5678/5373 1163/1180/1163 1164/1179/1162 2404/2490/2400
f 5401/5679/5374 1159/1174/1157 1163/1180/1163 5400/5678/5373
f 5397/5675/5370 5400/5678/5373 2404/2490/2400 2406/2492/2402
f 5399/5677/5372 5401/5679/5374 5400/5678/5373 5397/5675/5370
f 1157/1172/1155 5402/5680/5375 5387/5666/5361 933/948/931
f 5402/5680/5375 5403/5681/5376 5383/5662/5357 5387/5666/5361
f 1159/1174/1157 5401/5679/5374 5402/5680/5375 1157/1172/1155
f 5401/5679/5374 5399/5677/5372 5403/5681/5376 5402/5680/5375
f 5404/5682/5377 1191/1206/1189 958/975/958 5381/5660/5355
f 5398/5676/5371 1189/1204/1187 1191/1206/1189 5404/5682/5377
f 5403/5681/5376 5404/5682/5377 5381/5660/5355 5383/5662/5357
f 5399/5677/5372 5398/5676/5371 5404/5682/5377 5403/5681/5376
f 1466/1481/1464 5406/5683/5378 5405/5684/1461 1465/1482/1465
f 5406/5683/5378 5408/5685/5379 5407/5686/5380 5405/5684/1461
f 1469/1484/1467 5409/5687/5381 5406/5683/5378 1466/1481/1464
f 5409/5687/5381 5410/5688/5382 5408/5685/5379 5406/5683/5378
f 5412/5689/5383 1440/1457/1440 1441/1456/1439 5411/5690/5384
f 5413/5691/5385 1436/1451/1434 1440/1457/1440 5412/5689/5383
f 5408/5685/5379 5412/5689/5383 5411/5690/5384 5407/5686/5380
f 5410/5688/5382 5413/5691/5385 5412/5689/5383 5408/5685/5379
f 1434/1449/1432 5414/5692/5386 448/463/446 422/439/422
f 5414/5692/5386 5415/5693/5387 446/461/444 448/463/446
f 1436/1451/1434 5413/5691/5385 5414/5692/5386 1434/1449/1432
f 5413/5691/5385 5410/5688/5382 5415/5693/5387 5414/5692/5386
f 5416/5694/5388 1471/1487/1470 442/459/442 443/458/441
f 5409/5687/5381 1469/1484/1467 1471/1487/1470 5416/5694/5388
f 5415/5693/5387 5416/5694/5388 443/458/441 446/461/444
f 5410/5688/5382 5409/5687/5381 5416/5694/5388 5415/5693/5387
f 1694/1709/1691 5418/5695/5389 5417/5696/5390 1693/1710/1692
f 5418/5695/5389 5420/5697/5391 5419/5698/5392 5417/5696/5390
f 1697/1712/1694 5421/5699/5393 5418/5695/5389 1694/1709/1691
f 5421/5699/5393 5422/5700/5394 5420/5697/5391 5418/5695/5389
f 5424/5701/5395 1968/2009/1966 1969/2008/1965 5423/5702/5396
f 5425/5703/5397 1966/2005/1962 1968/2009/1966 5424/5701/5395
f 5420/5697/5391 5424/5701/5395 5423/5702/5396 5419/5698/5392
f 5422/5700/5394 5425/5703/5397 5424/5701/5395 5420/5697/5391
f 1964/2003/1960 5426/5704/5398 5375/5654/5349 1953/1992/1949
f 5426/5704/5398 5427/5705/5399 5371/5650/5345 5375/5654/5349
f 1966/2005/1962 5425/5703/5397 5426/5704/5398 1964/2003/1960
f 5425/5703/5397 5422/5700/5394 5427/5705/5399 5426/5704/5398
f 5428/5706/5400 1699/1714/1696 662/677/660 5369/5648/5343
f 5421/5699/5393 1697/1712/1694 1699/1714/1696 5428/5706/5400
f 5427/5705/5399 5428/5706/5400 5369/5648/5343 5371/5650/5345
f 5422/5700/5394 5421/5699/5393 5428/5706/5400 5427/5705/5399
f 2250/2302/2246 5429/5707/5401 5394/5673/5368 965/980/963
f 5429/5707/5401 5430/5708/5402 5392/5671/5366 5394/5673/5368
f 2252/2304/2248 5431/5709/5403 5429/5707/5401 2250/2302/2246
f 5431/5709/5403 5432/5710/5404 5430/5708/5402 5429/5707/5401
f 5433/5711/5405 2238/2290/2234 923/940/923 5390/5669/5364
f 5434/5712/5406 2234/2286/2230 2238/2290/2234 5433/5711/5405
f 5430/5708/5402 5433/5711/5405 5390/5669/5364 5392/5671/5366
f 5432/5710/5404 5434/5712/5406 5433/5711/5405 5430/5708/5402
f 2232/2284/2228 5435/5713/5407 5411/5690/5384 1441/1456/1439
f 5435/5713/5407 5436/5714/5408 5407/5686/5380 5411/5690/5384
f 2234/2286/2230 5434/5712/5406 5435/5713/5407 2232/2284/2228
f 5434/5712/5406 5432/5710/5404 5436/5714/5408 5435/5713/5407
f 5437/5715/5409 2254/2306/2250 1465/1482/1465 5405/5684/1461
f 5431/5709/5403 2252/2304/2248 2254/2306/2250 5437/5715/5409
f 5436/5714/5408 5437/5715/5409 5405/5684/1461 5407/5686/5380
f 5432/5710/5404 5431/5709/5403 5437/5715/5409 5436/5714/5408
f 2408/2495/2405 5438/5716/5410 1188/1199/1182 1185/1202/1185
f 5438/5716/5410 5439/5717/5411 1183/1198/1181 1188/1199/1182
f 2411/2497/2407 5440/5718/5412 5438/5716/5410 2408/2495/2405
f 5440/5718/5412 5441/5719/5413 5439/5717/5411 5438/5716/5410
f 5442/5720/5414 2491/2603/2485 1180/1195/1178 1181/1194/1177
f 5443/5721/5415 2494/2606/2488 2491/2603/2485 5442/5720/5414
f 5439/5717/5411 5442/5720/5414 1181/1194/1177 1183/1198/1181
f 5441/5719/5413 5443/5721/5415 5442/5720/5414 5439/5717/5411
f 2500/2616/2496 5444/5722/5416 5423/5723/5396 1969/2617/1965
f 5444/5722/5416 5445/5724/5417 5419/5725/5392 5423/5723/5396
f 2494/2606/2488 5443/5721/5415 5444/5722/5416 2500/2616/2496
f 5443/5721/5415 5441/5719/5413 5445/5724/5417 5444/5722/5416
f 5446/5726/5418 2413/2501/2409 1693/2500/1692 5417/5727/5390
f 5440/5718/5412 2411/2497/2407 2413/2501/2409 5446/5726/5418
f 5445/5724/5417 5446/5726/5418 5417/5727/5390 5419/5725/5392
f 5441/5719/5413 5440/5718/5412 5446/5726/5418 5445/5724/5417
f 3078/3220/3069 5447/5728/5419 4078/4221/4070 3077/3221/3070
f 5447/5728/5419 5448/5729/5420 4073/4215/4064 4078/4221/4070
f 3081/3223/3072 5449/5730/5421 5447/5728/5419 3078/3220/3069
f 5449/5730/5421 5450/5731/5422 5448/5729/5420 5447/5728/5419
f 5451/5732/5423 4546/4709/4532 4069/4213/4062 4070/4212/4061
f 5452/5733/5424 4542/4708/4531 4546/4709/4532 5451/5732/5423
f 5448/5729/5420 5451/5732/5423 4070/4212/4061 4073/4215/4064
f 5450/5731/5422 5452/5733/5424 5451/5732/5423 5448/5729/5420
f 4540/4704/4527 5454/5734/5425 5453/5735/5426 4539/4705/4528
f 5454/5734/5425 5456/5736/5427 5455/5737/5428 5453/5735/5426
f 4542/4708/4531 5452/5733/5424 5454/5734/5425 4540/4704/4527
f 5452/5733/5424 5450/5731/5422 5456/5736/5427 5454/5734/5425
f 5458/5738/5429 3083/3227/3076 3084/3226/3075 5457/5739/5430
f 5449/5730/5421 3081/3223/3072 3083/3227/3076 5458/5738/5429
f 5456/5736/5427 5458/5738/5429 5457/5739/5430 5455/5737/5428
f 5450/5731/5422 5449/5730/5421 5458/5738/5429 5456/5736/5427
f 3295/3437/3286 5459/5740/5431 5457/5739/5430 3084/3226/3075
f 5459/5740/5431 5460/5741/5432 5455/5737/5428 5457/5739/5430
f 3297/3439/3288 5461/5742/5433 5459/5740/5431 3295/3437/3286
f 5461/5742/5433 5462/5743/5434 5460/5741/5432 5459/5740/5431
f 5463/5744/5435 4564/4728/4551 4539/4705/4528 5453/5735/5426
f 5464/5745/5436 4561/4727/4550 4564/4728/4551 5463/5744/5435
f 5460/5741/5432 5463/5744/5435 5453/5735/5426 5455/5737/5428
f 5462/5743/5434 5464/5745/5436 5463/5744/5435 5460/5741/5432
f 4559/4723/4546 5466/5746/5437 5465/5747/5438 4558/4724/4547
f 5466/5746/5437 5468/5748/5439 5467/5749/5440 5465/5747/5438
f 4561/4727/4550 5464/5745/5436 5466/5746/5437 4559/4723/4546
f 5464/5745/5436 5462/5743/5434 5468/5748/5439 5466/5746/5437
f 5470/5750/5441 3299/3443/3292 3300/3442/3291 5469/5751/5442
f 5461/5742/5433 3297/3439/3288 3299/3443/3292 5470/5750/5441
f 5468/5748/5439 5470/5750/5441 5469/5751/5442 5467/5749/5440
f 5462/5743/5434 5461/5742/5433 5470/5750/5441 5468/5748/5439
f 3582/3722/3571 5472/5752/5443 5471/5753/5444 3581/3723/3572
f 5472/5752/5443 5474/5754/5445 5473/5755/5446 5471/5753/5444
f 3584/3726/3575 5475/5756/5447 5472/5752/5443 3582/3722/3571
f 5475/5756/5447 5476/5757/5448 5474/5754/5445 5472/5752/5443
f 5478/5758/5449 3554/3692/3541 3551/3695/3544 5477/5759/5450
f 5479/5760/5451 3558/3698/3547 3554/3692/3541 5478/5758/5449
f 5474/5754/5445 5478/5758/5449 5477/5759/5450 5473/5755/5446
f 5476/5757/5448 5479/5760/5451 5478/5758/5449 5474/5754/5445
f 3569/3709/3558 5481/5761/5452 5480/5762/5453 3568/3710/3559
f 5481/5761/5452 5483/5763/5454 5482/5764/5455 5480/5762/5453
f 3558/3698/3547 5479/5760/5451 5481/5761/5452 3569/3709/3558
f 5479/5760/5451 5476/5757/5448 5483/5763/5454 5481/5761/5452
f 5485/5765/5456 3589/3727/3576 3586/3730/3579 5484/5766/5457
f 5475/5756/5447 3584/3726/3575 3589/3727/3576 5485/5765/5456
f 5483/5763/5454 5485/5765/5456 5484/5766/5457 5482/5764/5455
f 5476/5757/5448 5475/5756/5447 5485/5765/5456 5483/5763/5454
f 3802/3944/3793 5486/5767/5458 5484/5766/5457 3586/3730/3579
f 5486/5767/5458 5487/5768/5459 5482/5764/5455 5484/5766/5457
f 3804/3946/3795 5488/5769/5460 5486/5767/5458 3802/3944/3793
f 5488/5769/5460 5489/5770/5461 5487/5768/5459 5486/5767/5458
f 5490/5771/5462 3781/3921/3770 3568/3710/3559 5480/5762/5453
f 5491/5772/5463 3784/3924/3773 3781/3921/3770 5490/5771/5462
f 5487/5768/5459 5490/5771/5462 5480/5762/5453 5482/5764/5455
f 5489/5770/5461 5491/5772/5463 5490/5771/5462 5487/5768/5459
f 3794/3934/3783 5492/5773/5464 5021/5236/5009 3793/3935/3784
f 5492/5773/5464 5493/5774/5465 5019/5234/5007 5021/5236/5009
f 3784/3924/3773 5491/5772/5463 5492/5773/5464 3794/3934/3783
f 5491/5772/5463 5489/5770/5461 5493/5774/5465 5492/5773/5464
f 5494/5775/5466 3809/3947/3796 3806/3950/3799 5016/5232/5005
f 5488/5769/5460 3804/3946/3795 3809/3947/3796 5494/5775/5466
f 5493/5774/5465 5494/5775/5466 5016/5232/5005 5019/5234/5007
f 5489/5770/5461 5488/5769/5460 5494/5775/5466 5493/5774/5465
f 4079/4220/4069 5495/5776/5467 3080/3218/3067 3077/3221/3070
f 5495/5776/5467 5496/5777/5468 3075/3217/3066 3080/3218/3067
f 4081/4223/4072 5497/5778/5469 5495/5776/5467 4079/4220/4069
f 5497/5778/5469 5498/5779/5470 5496/5777/5468 5495/5776/5467
f 5499/5780/5471 4054/4194/4043 3057/3201/3050 3073/3215/3064
f 5500/5781/5472 4057/4197/4046 4054/4194/4043 5499/5780/5471
f 5496/5777/5468 5499/5780/5471 3073/3215/3064 3075/3217/3066
f 5498/5779/5470 5500/5781/5472 5499/5780/5471 5496/5777/5468
f 4067/4207/4056 5502/5782/5473 5501/5783/5474 4066/4208/4057
f 5502/5782/5473 5504/5784/5475 5503/5785/5476 5501/5783/5474
f 4057/4197/4046 5500/5781/5472 5502/5782/5473 4067/4207/4056
f 5500/5781/5472 5498/5779/5470 5504/5784/5475 5502/5782/5473
f 5506/5786/5477 4086/4224/4073 4083/4227/4076 5505/5787/4078
f 5497/5778/5469 4081/4223/4072 4086/4224/4073 5506/5786/5477
f 5504/5784/5475 5506/5786/5477 5505/5787/4078 5503/5785/5476
f 5498/5779/5470 5497/5778/5469 5506/5786/5477 5504/5784/5475
f 4304/4446/4293 5507/5788/5478 5469/5751/5442 3300/3442/3291
f 5507/5788/5478 5508/5789/5479 5467/5749/5440 5469/5751/5442
f 4306/4448/4295 5509/5790/5480 5507/5788/5478 4304/4446/4293
f 5509/5790/5480 5510/5791/5481 5508/5789/5479 5507/5788/5478
f 5511/5792/5482 4580/4744/4567 4558/4724/4547 5465/5747/5438
f 5512/5793/5483 4577/4743/4566 4580/4744/4567 5511/5792/5482
f 5508/5789/5479 5511/5792/5482 5465/5747/5438 5467/5749/5440
f 5510/5791/5481 5512/5793/5483 5511/5792/5482 5508/5789/5479
f 4575/4739/4562 5514/5794/5484 5513/5795/5485 4574/4740/4563
f 5514/5794/5484 5516/5796/5486 5515/5797/5487 5513/5795/5485
f 4577/4743/4566 5512/5793/5483 5514/5794/5484 4575/4739/4562
f 5512/5793/5483 5510/5791/5481 5516/5796/5486 5514/5794/5484
f 5518/5798/5488 4311/4449/4296 4308/4452/4299 5517/5799/5489
f 5509/5790/5480 4306/4448/4295 4311/4449/4296 5518/5798/5488
f 5516/5796/5486 5518/5798/5488 5517/5799/5489 5515/5797/5487
f 5510/5791/5481 5509/5790/5480 5518/5798/5488 5516/5796/5486
f 4859/5038/4848 5519/5800/5490 5505/5787/4078 4083/4227/4076
f 5519/5800/5490 5520/5801/5491 5503/5785/5476 5505/5787/4078
f 4861/5040/4850 5521/5802/5492 5519/5800/5490 4859/5038/4848
f 5521/5802/5492 5522/5803/5493 5520/5801/5491 5519/5800/5490
f 5523/5804/5494 4844/5021/4831 4066/4208/4057 5501/5783/5474
f 5524/5805/5495 4847/5024/4834 4844/5021/4831 5523/5804/5494
f 5520/5801/5491 5523/5804/5494 5501/5783/5474 5503/5785/5476
f 5522/5803/5493 5524/5805/5495 5523/5804/5494 5520/5801/5491
f 4853/5032/4842 5525/5806/5496 5477/5759/5450 3551/3695/3544
f 5525/5806/5496 5526/5807/5497 5473/5755/5446 5477/5759/5450
f 4847/5024/4834 5524/5805/5495 5525/5806/5496 4853/5032/4842
f 5524/5805/5495 5522/5803/5493 5526/5807/5497 5525/5806/5496
f 5527/5808/5498 4864/5041/4851 3581/3723/3572 5471/5753/5444
f 5521/5802/5492 4861/5040/4850 4864/5041/4851 5527/5808/5498
f 5526/5807/5497 5527/5808/5498 5471/5753/5444 5473/5755/5446
f 5522/5803/5493 5521/5802/5492 5527/5808/5498 5526/5807/5497
f 5012/5225/5000 5528/5809/5499 5517/5810/5489 4308/5226/4299
f 5528/5809/5499 5529/5811/5500 5515/5812/5487 5517/5810/5489
f 5014/5229/5002 5530/5813/5501 5528/5809/5499 5012/5225/5000
f 5530/5813/5501 5531/5814/5502 5529/5811/5500 5528/5809/5499
f 5532/5815/5503 5101/5343/5089 4574/5342/4563 5513/5816/5485
f 5533/5817/5504 5097/5337/5085 5101/5343/5089 5532/5815/5503
f 5529/5811/5500 5532/5815/5503 5513/5816/5485 5515/5812/5487
f 5531/5814/5502 5533/5817/5504 5532/5815/5503 5529/5811/5500
f 5095/5335/5083 5534/5818/5505 3812/3956/3805 3813/3955/3804
f 5534/5818/5505 5535/5819/5506 3810/3952/3801 3812/3956/3805
f 5097/5337/5085 5533/5817/5504 5534/5818/5505 5095/5335/5083
f 5533/5817/5504 5531/5814/5502 5535/5819/5506 5534/5818/5505
f 5536/5820/5507 5018/5230/5003 3806/3950/3799 3807/3949/3798
f 5530/5813/5501 5014/5229/5002 5018/5230/5003 5536/5820/5507
f 5535/5819/5506 5536/5820/5507 3807/3949/3798 3810/3952/3801
f 5531/5814/5502 5530/5813/5501 5536/5820/5507 5535/5819/5506
