# Blender 5.0.1
# www.blender.org
mtllib Floating_Target.mtl
o Target
v 33.190701 21.582275 -8.335504
v 33.190701 21.974480 -7.494302
v 35.400600 17.898277 -5.593603
v 35.400600 17.505974 -6.434803
v 33.190701 22.433876 -6.509204
v 35.400600 18.357681 -4.608402
v 37.007999 13.594376 -3.586602
v 37.007999 13.202179 -4.427802
v 37.007999 14.053780 -2.601502
v 33.190701 22.893280 -5.524004
v 33.190701 23.285576 -4.682804
v 35.400600 19.209381 -2.782002
v 35.400600 18.817078 -3.623202
v 37.007999 14.905479 -0.775102
v 37.007999 14.513176 -1.616302
v 38.325298 5.918280 3.415699
v 38.325298 5.525978 2.574500
v 37.990398 10.057579 0.461398
v 37.990398 10.449776 1.302598
v 38.325298 5.066578 1.589300
v 37.990398 9.598179 -0.523802
v 38.325298 4.607178 0.604100
v 38.325298 4.214977 -0.237000
v 37.990398 8.746479 -2.350102
v 37.990398 9.138779 -1.508902
v 19.162701 34.295975 -14.264006
v 19.162701 34.688179 -13.422806
v 23.325300 32.159576 -12.243706
v 23.325300 31.767277 -13.084906
v 19.162701 35.147575 -12.437706
v 23.325300 32.618980 -11.258506
v 27.091700 29.160675 -10.845304
v 27.091700 28.768379 -11.686504
v 27.091700 29.620079 -9.860104
v 19.162701 35.606979 -11.452506
v 19.162701 35.999275 -10.611306
v 23.325300 33.470581 -9.432206
v 23.325300 33.078377 -10.273306
v 27.091700 30.471680 -8.033704
v 27.091700 30.079475 -8.875004
v 30.400600 26.665878 -7.283204
v 30.400600 27.058174 -6.442004
v 30.400600 26.206581 -8.268404
v 30.400600 25.354874 -10.094804
v 30.400600 25.747177 -9.253604
v 0.000000 38.949478 -16.434008
v 0.000000 39.341774 -15.592806
v 5.000000 39.038177 -15.451305
v 5.000000 38.645981 -16.292507
v 0.000000 39.801178 -14.607606
v 5.000000 39.497574 -14.466105
v 9.916300 38.147881 -15.036106
v 9.916300 37.755577 -15.877306
v 9.916300 38.607277 -14.050906
v 0.000000 40.260574 -13.622506
v 0.000000 40.652779 -12.781305
v 5.000000 40.349274 -12.639706
v 5.000000 39.956978 -13.480906
v 9.916300 39.458878 -12.224505
v 9.916300 39.066681 -13.065705
v 14.665100 37.609879 -12.386406
v 14.665100 38.002174 -11.545206
v 14.665100 37.150475 -13.371606
v 14.665100 36.298874 -15.198006
v 14.665100 36.691078 -14.356806
v -19.162701 34.295975 -14.264006
v -19.162701 34.688179 -13.422806
v -14.665100 36.691078 -14.356806
v -14.665100 36.298874 -15.198006
v -19.162701 35.147575 -12.437706
v -14.665100 37.150475 -13.371606
v -9.916300 38.147881 -15.036106
v -9.916300 37.755577 -15.877306
v -9.916300 38.607277 -14.050906
v -19.162701 35.606979 -11.452506
v -19.162701 35.999275 -10.611306
v -14.665100 38.002174 -11.545206
v -14.665100 37.609879 -12.386406
v -9.916300 39.458878 -12.224505
v -9.916300 39.066681 -13.065705
v -5.000000 39.956978 -13.480906
v -5.000000 40.349274 -12.639706
v -5.000000 39.497574 -14.466105
v -5.000000 38.645981 -16.292507
v -5.000000 39.038177 -15.451305
v -33.190701 21.582275 -8.335504
v -33.190701 21.974480 -7.494302
v -30.400600 25.747177 -9.253604
v -30.400600 25.354874 -10.094804
v -33.190701 22.433876 -6.509204
v -30.400600 26.206581 -8.268404
v -27.091700 29.160675 -10.845304
v -27.091700 28.768379 -11.686504
v -27.091700 29.620079 -9.860104
v -33.190701 22.893280 -5.524004
v -33.190701 23.285576 -4.682804
v -30.400600 27.058174 -6.442004
v -30.400600 26.665878 -7.283204
v -27.091700 30.471680 -8.033704
v -27.091700 30.079475 -8.875004
v -23.325300 33.078377 -10.273306
v -23.325300 33.470581 -9.432206
v -23.325300 32.618980 -11.258506
v -23.325300 31.767277 -13.084906
v -23.325300 32.159576 -12.243706
v -38.325298 4.214977 -0.237000
v -38.325298 4.607178 0.604100
v -37.990398 9.138779 -1.508902
v -37.990398 8.746479 -2.350102
v -38.325298 5.066578 1.589300
v -37.990398 9.598179 -0.523802
v -37.007999 13.594376 -3.586602
v -37.007999 13.202179 -4.427802
v -37.007999 14.053780 -2.601502
v -38.325298 5.525978 2.574500
v -38.325298 5.918280 3.415699
v -37.990398 10.449776 1.302598
v -37.990398 10.057579 0.461398
v -37.007999 14.905479 -0.775102
v -37.007999 14.513176 -1.616302
v -35.400600 18.817078 -3.623202
v -35.400600 19.209381 -2.782002
v -35.400600 18.357681 -4.608402
v -35.400600 17.505974 -6.434803
v -35.400600 17.898277 -5.593603
v -33.190701 -13.152319 7.861402
v -33.190701 -12.760019 8.702600
v -35.400600 -8.683821 6.801900
v -35.400600 -9.076122 5.960701
v -33.190701 -12.300619 9.687802
v -35.400600 -8.224422 7.787100
v -37.007999 -4.380023 4.794900
v -37.007999 -4.772223 3.953701
v -37.007999 -3.920624 5.780100
v -33.190701 -11.841219 10.673002
v -33.190701 -11.449022 11.514202
v -35.400600 -7.372820 9.613402
v -35.400600 -7.765020 8.772202
v -37.007999 -3.068923 7.606500
v -37.007999 -3.461224 6.765300
v -37.990398 0.994476 4.687600
v -37.990398 1.386678 5.528800
v -37.990398 0.535076 3.702400
v -37.990398 -0.316624 1.876000
v -37.990398 0.075676 2.717200
v -19.162701 -25.866018 13.789904
v -19.162701 -25.473818 14.631104
v -23.325300 -22.945118 13.452003
v -23.325300 -23.337423 12.610804
v -19.162701 -25.014420 15.616303
v -23.325300 -22.485718 14.437202
v -27.091700 -19.946224 12.053604
v -27.091700 -20.338524 11.212404
v -27.091700 -19.486820 13.038804
v -19.162701 -24.555019 16.601503
v -19.162701 -24.162718 17.442703
v -23.325300 -21.634018 16.263603
v -23.325300 -22.026320 15.422404
v -27.091700 -18.635220 14.865202
v -27.091700 -19.027420 14.024004
v -30.400600 -15.613920 12.432202
v -30.400600 -15.221622 13.273402
v -30.400600 -16.073322 11.447002
v -30.400600 -16.924923 9.620702
v -30.400600 -16.532722 10.461902
v 0.000000 -30.519619 15.959904
v 0.000000 -30.127319 16.801104
v -5.000000 -29.823719 16.659603
v -5.000000 -30.216019 15.818404
v 0.000000 -29.667919 17.786304
v -5.000000 -29.364319 17.644804
v -9.916300 -28.933418 16.244404
v -9.916300 -29.325718 15.403204
v -9.916300 -28.474018 17.229605
v 0.000000 -29.208519 18.771503
v 0.000000 -28.816219 19.612703
v -5.000000 -28.512718 19.471104
v -5.000000 -28.904919 18.629904
v -9.916300 -27.622419 19.056004
v -9.916300 -28.014618 18.214804
v -14.665100 -26.557819 17.535503
v -14.665100 -26.165619 18.376703
v -14.665100 -27.017220 16.550304
v -14.665100 -27.868919 14.723904
v -14.665100 -27.476618 15.565104
v 19.162701 -25.866018 13.789904
v 19.162701 -25.473719 14.631104
v 14.665100 -27.476618 15.565104
v 14.665100 -27.868919 14.723904
v 19.162701 -25.014318 15.616303
v 14.665100 -27.017220 16.550304
v 9.916300 -28.933418 16.244404
v 9.916300 -29.325718 15.403204
v 9.916300 -28.474018 17.229605
v 19.162701 -24.555019 16.601503
v 19.162701 -24.162718 17.442703
v 14.665100 -26.165619 18.376703
v 14.665100 -26.557819 17.535503
v 9.916300 -27.622318 19.056004
v 9.916300 -28.014618 18.214804
v 5.000000 -28.904919 18.629904
v 5.000000 -28.512718 19.471104
v 5.000000 -29.364319 17.644804
v 5.000000 -30.216019 15.818404
v 5.000000 -29.823719 16.659603
v 33.190701 -13.152319 7.861402
v 33.190701 -12.760019 8.702600
v 30.400600 -16.532722 10.461802
v 30.400600 -16.924923 9.620702
v 33.190701 -12.300619 9.687802
v 30.400600 -16.073322 11.447002
v 27.091700 -19.946224 12.053604
v 27.091700 -20.338524 11.212404
v 27.091700 -19.486820 13.038804
v 33.190701 -11.841219 10.673002
v 33.190701 -11.449022 11.514202
v 30.400600 -15.221622 13.273402
v 30.400600 -15.613920 12.432202
v 27.091700 -18.635220 14.865202
v 27.091700 -19.027420 14.024004
v 23.325300 -22.026320 15.422404
v 23.325300 -21.634018 16.263603
v 23.325300 -22.485718 14.437202
v 23.325300 -23.337322 12.610804
v 23.325300 -22.945118 13.452003
v 37.990398 0.075676 2.717200
v 37.990398 -0.316624 1.876000
v 37.990398 0.535076 3.702400
v 37.007999 -4.379920 4.794900
v 37.007999 -4.772223 3.953701
v 37.007999 -3.920521 5.780100
v 37.990398 1.386678 5.528800
v 37.990398 0.994476 4.687600
v 37.007999 -3.068923 7.606500
v 37.007999 -3.461224 6.765300
v 35.400600 -7.765020 8.772202
v 35.400600 -7.372820 9.613402
v 35.400600 -8.224422 7.787002
v 35.400600 -9.076122 5.960701
v 35.400600 -8.683821 6.801900
v 33.061001 20.987877 -9.433104
v 35.262402 16.927574 -7.539702
v 35.124100 16.854477 -7.561002
v 32.931400 20.898781 -9.446904
v 36.863400 12.640480 -5.540602
v 36.718899 12.584175 -5.569702
v 34.554600 16.623581 -7.481002
v 32.372799 20.595879 -9.333303
v 36.145901 12.434479 -5.527602
v 37.841999 8.202278 -3.471102
v 38.175598 3.688377 -1.366200
v 38.025902 3.667179 -1.411700
v 37.693600 8.163376 -3.508302
v 37.380798 3.656578 -1.434400
v 37.078899 8.085476 -3.499602
v 32.862801 3.653076 -1.442000
v 32.822800 7.628777 -3.295902
v 35.590900 7.922676 -3.432902
v 35.804901 3.653076 -1.442000
v 32.231800 11.480377 -5.091902
v 34.773701 12.097679 -5.379802
v 30.618700 15.083776 -6.772202
v 28.459999 18.544975 -8.386202
v 31.007999 19.878281 -9.007904
v 33.178101 16.083679 -7.238503
v 37.841999 -0.825424 0.738600
v 37.693600 -0.828922 0.684900
v 36.863400 -5.263622 2.808200
v 36.718899 -5.249722 2.746402
v 37.078899 -0.772224 0.630800
v 36.145901 -5.121223 2.658700
v 35.262402 -9.550724 4.807302
v 33.061100 -13.611021 6.700602
v 32.931400 -13.564322 6.623502
v 35.124100 -9.520023 4.737602
v 32.372799 -13.282621 6.464502
v 34.554600 -9.310322 4.612102
v 28.459999 -11.238823 5.502202
v 30.618700 -7.777622 3.888201
v 33.178101 -8.777523 4.354500
v 31.007999 -12.572021 6.123902
v 32.231800 -4.174221 2.207900
v 34.773701 -4.791523 2.495800
v 32.822800 -0.322624 0.411900
v 35.590900 -0.616524 0.548900
v 30.281900 -17.368923 8.453002
v 30.163099 -17.307522 8.369002
v 26.985901 -20.769123 10.038504
v 26.880100 -20.694424 9.948304
v 29.667900 -16.981323 8.189202
v 26.460600 -20.324821 9.748304
v 23.234200 -23.756323 11.431404
v 19.087799 -26.275023 12.606004
v 19.013000 -26.178722 12.505704
v 23.143101 -23.669823 11.335804
v 18.690399 -25.683023 12.246904
v 22.771500 -23.231623 11.103804
v 16.431400 -22.140423 10.585704
v 20.210400 -20.121223 9.644104
v 21.875299 -22.146923 10.588704
v 17.902500 -24.449722 11.662504
v 23.595400 -17.731522 8.529802
v 25.456100 -19.418022 9.316204
v 26.232000 -14.663820 7.099302
v 28.467199 -16.172623 7.802902
v 14.607800 -28.270119 13.536304
v 14.550500 -28.166019 13.432404
v 9.877500 -29.721218 14.212904
v 9.838800 -29.611418 14.106403
v 14.307400 -27.660519 13.169003
v 9.685300 -29.102619 13.841504
v 4.980500 -30.608019 14.626504
v 0.000000 -30.910419 14.767504
v 0.000000 -30.795919 14.658704
v 4.960900 -30.494820 14.518304
v 0.000000 -30.221918 14.363404
v 4.886700 -29.948219 14.235804
v 0.000000 -26.130722 12.446404
v 4.386700 -26.094522 12.429503
v 4.710900 -28.603218 13.599403
v 0.000000 -28.797218 13.689804
v 8.636500 -25.558922 12.179804
v 9.317600 -27.862619 13.254004
v 12.612400 -24.096922 11.498004
v 13.715700 -26.416523 12.579704
v -4.980500 -30.608019 14.626504
v -4.960900 -30.494820 14.518304
v -9.877500 -29.721218 14.212904
v -9.838800 -29.611418 14.106403
v -4.886700 -29.948219 14.235804
v -9.685200 -29.102619 13.841504
v -14.607800 -28.270119 13.536304
v -19.087799 -26.275023 12.606004
v -19.012899 -26.178722 12.505704
v -14.550500 -28.166019 13.432404
v -18.690399 -25.683023 12.246904
v -14.307400 -27.660519 13.169003
v -16.431400 -22.140423 10.585704
v -12.612400 -24.096922 11.498004
v -13.715700 -26.416523 12.579704
v -17.902500 -24.449722 11.662504
v -8.636500 -25.558922 12.179804
v -9.317600 -27.862619 13.254004
v -4.386700 -26.094522 12.429503
v -4.710900 -28.603218 13.599403
v -23.234200 -23.756323 11.431504
v -23.143101 -23.669823 11.335804
v -26.985901 -20.769123 10.038504
v -26.880100 -20.694424 9.948304
v -22.771500 -23.231623 11.103804
v -26.460600 -20.324821 9.748304
v -30.281900 -17.368923 8.453002
v -33.061001 -13.611021 6.700602
v -32.931400 -13.564421 6.623502
v -30.163099 -17.307522 8.369002
v -32.372799 -13.282621 6.464502
v -29.667900 -16.981323 8.189202
v -28.459999 -11.238823 5.502202
v -26.232000 -14.663820 7.099302
v -28.467199 -16.172623 7.802902
v -31.007999 -12.572021 6.123902
v -23.595301 -17.731522 8.529802
v -25.456100 -19.418022 9.316204
v -20.210400 -20.121223 9.644104
v -21.875299 -22.146923 10.588704
v -35.262402 -9.550724 4.807302
v -35.124100 -9.520023 4.737602
v -36.863400 -5.263622 2.808200
v -36.718899 -5.249722 2.746402
v -34.554600 -9.310322 4.612200
v -36.145901 -5.121223 2.658700
v -37.841999 -0.825424 0.738600
v -38.175598 3.688377 -1.366200
v -38.025902 3.667179 -1.411700
v -37.693600 -0.828922 0.684900
v -37.380798 3.656578 -1.434400
v -37.078899 -0.772224 0.630800
v -32.862801 3.653076 -1.442000
v -32.822800 -0.322624 0.411900
v -35.590900 -0.616524 0.548900
v -35.804901 3.653076 -1.442000
v -32.231800 -4.174221 2.207900
v -34.773701 -4.791523 2.495800
v -30.618700 -7.777622 3.888201
v -33.178101 -8.777523 4.354500
v -37.841999 8.202278 -3.471102
v -37.693600 8.163376 -3.508302
v -36.863400 12.640480 -5.540602
v -36.718899 12.584175 -5.569702
v -37.078899 8.085476 -3.499602
v -36.145901 12.434479 -5.527602
v -35.262402 16.927574 -7.539702
v -33.061100 20.987877 -9.433104
v -32.931400 20.898781 -9.446904
v -35.124100 16.854477 -7.561002
v -32.372799 20.595879 -9.333303
v -34.554600 16.623581 -7.481002
v -28.459999 18.544975 -8.386202
v -30.618700 15.083776 -6.772202
v -33.178101 16.083679 -7.238503
v -31.007999 19.878281 -9.007904
v -32.231800 11.480377 -5.091902
v -34.773701 12.097679 -5.379802
v -32.822800 7.628777 -3.295902
v -35.590900 7.922676 -3.432902
v -30.281900 24.745781 -11.185404
v -30.163099 24.641975 -11.192404
v -26.985901 28.145977 -12.771004
v -26.880100 28.028873 -12.771704
v -29.667900 24.294579 -11.058104
v -26.460600 27.638077 -12.617204
v -23.234200 31.133076 -14.163904
v -19.087799 33.651878 -15.338406
v -19.013000 33.513176 -15.329106
v -23.143101 31.004276 -14.159204
v -18.690399 32.996277 -15.115705
v -22.771500 30.544872 -13.972604
v -16.431400 29.446575 -13.469704
v -20.210400 27.427376 -12.528104
v -21.875299 29.453075 -13.472804
v -17.902500 31.755871 -14.546506
v -23.595400 25.037781 -11.413804
v -25.456100 26.724174 -12.200204
v -26.232000 21.969978 -9.983304
v -28.467199 23.478775 -10.686904
v -14.607800 35.646980 -16.268703
v -14.550500 35.500374 -16.255804
v -9.877500 37.098076 -16.945404
v -9.838800 36.945778 -16.929804
v -14.307400 34.973679 -16.037804
v -9.685300 36.415878 -16.710304
v -4.980500 37.984879 -17.358908
v 0.000000 38.287277 -17.499908
v 0.000000 38.130379 -17.482107
v -4.960900 37.829178 -17.341703
v 0.000000 37.535179 -17.232304
v -4.886700 37.261475 -17.104605
v 0.000000 33.436874 -15.330406
v -4.386700 33.400681 -15.313506
v -4.710900 35.909378 -16.483404
v 0.000000 36.103378 -16.573803
v -8.636500 32.865074 -15.063806
v -9.317600 35.168777 -16.138004
v -12.612400 31.403072 -14.382004
v -13.715700 33.722679 -15.463706
v 4.980500 37.984879 -17.358908
v 4.960900 37.829178 -17.341703
v 9.877500 37.098076 -16.945404
v 9.838800 36.945877 -16.929804
v 4.886700 37.261475 -17.104605
v 9.685300 36.415878 -16.710304
v 14.607800 35.646980 -16.268703
v 19.087799 33.651878 -15.338406
v 19.012899 33.513176 -15.329106
v 14.550500 35.500374 -16.255804
v 18.690399 32.996277 -15.115705
v 14.307400 34.973679 -16.037804
v 16.431400 29.446575 -13.469704
v 12.612400 31.403072 -14.382004
v 13.715700 33.722679 -15.463706
v 17.902500 31.755871 -14.546606
v 8.636500 32.865074 -15.063806
v 9.317600 35.168777 -16.138004
v 4.386700 33.400681 -15.313506
v 4.710900 35.909378 -16.483404
v 23.234200 31.133076 -14.163904
v 23.143101 31.004276 -14.159204
v 26.985901 28.145977 -12.771004
v 26.880100 28.028873 -12.771704
v 22.771500 30.544872 -13.972604
v 26.460600 27.638077 -12.617204
v 30.281900 24.745781 -11.185404
v 30.163099 24.641975 -11.192404
v 29.667900 24.294579 -11.058104
v 26.232000 21.969978 -9.983304
v 28.467199 23.478775 -10.686904
v 23.595301 25.037781 -11.413804
v 25.456100 26.724174 -12.200204
v 20.210400 27.427376 -12.528104
v 21.875299 29.453075 -13.472804
v 38.175598 6.444778 4.544899
v 37.841999 10.958679 2.439998
v 37.693600 10.962181 2.493798
v 38.025902 6.465979 4.590300
v 36.863400 15.396881 0.370398
v 36.718899 15.382980 0.432298
v 37.078899 10.905479 2.547898
v 37.380798 6.476580 4.613100
v 36.145901 15.254478 0.519898
v 35.262402 19.683975 -1.628602
v 33.061001 23.744278 -3.522004
v 32.931400 23.697578 -3.444904
v 35.124100 19.653275 -1.559002
v 32.372799 23.415878 -3.285804
v 34.554600 19.443581 -1.433502
v 28.459999 21.372078 -2.323504
v 30.618700 17.910881 -0.709602
v 33.178101 18.910774 -1.175802
v 31.007999 22.705276 -2.945204
v 32.231800 14.307480 0.970698
v 34.773701 14.924774 0.682898
v 32.822800 10.455879 2.766798
v 32.862801 6.480179 4.620698
v 35.804901 6.480179 4.620698
v 35.590900 10.749676 2.629698
v 30.281900 27.502174 -5.274304
v 30.163099 27.440781 -5.190304
v 26.985901 30.902374 -6.859904
v 26.880100 30.827675 -6.769704
v 29.667900 27.114578 -5.010604
v 26.460600 30.458076 -6.569705
v 23.234200 33.889481 -8.252806
v 19.087799 36.408279 -9.427306
v 19.012899 36.311981 -9.327106
v 23.143101 33.803078 -8.157105
v 18.690399 35.816277 -9.068206
v 22.771500 33.364876 -7.925105
v 16.431400 32.273674 -7.407105
v 20.210400 30.254478 -6.465504
v 21.875299 32.280174 -7.410104
v 17.902500 34.582977 -8.483906
v 23.595301 27.864777 -5.351204
v 25.456100 29.551277 -6.137604
v 26.232000 24.796974 -3.920604
v 28.467199 26.305878 -4.624204
v 14.607800 38.403374 -10.357606
v 14.550500 38.299179 -10.253706
v 9.877500 39.854477 -11.034306
v 9.838800 39.744675 -10.927706
v 14.307400 37.793777 -9.990306
v 9.685300 39.235878 -10.662806
v 4.980500 40.741280 -11.447805
v 0.000000 41.043678 -11.588806
v 0.000000 40.929176 -11.480105
v 4.960900 40.627975 -11.339605
v 0.000000 40.355179 -11.184706
v 4.886700 40.081474 -11.057106
v 0.000000 36.263878 -9.267706
v 4.386700 36.227676 -9.250906
v 4.710900 38.736481 -10.420706
v 0.000000 38.930481 -10.511206
v 8.636500 35.692078 -9.001105
v 9.317600 37.995880 -10.075306
v 12.612400 34.230179 -8.319406
v 13.715700 36.549774 -9.401006
v -4.980500 40.741280 -11.447805
v -4.960900 40.627975 -11.339605
v -9.877500 39.854477 -11.034306
v -9.838800 39.744576 -10.927706
v -4.886700 40.081474 -11.057106
v -9.685300 39.235878 -10.662806
v -14.607800 38.403374 -10.357606
v -19.087799 36.408279 -9.427306
v -19.013000 36.311981 -9.327106
v -14.550500 38.299179 -10.253706
v -18.690399 35.816277 -9.068206
v -14.307400 37.793678 -9.990306
v -16.431400 32.273674 -7.407004
v -12.612400 34.230179 -8.319406
v -13.715700 36.549774 -9.401006
v -17.902500 34.582977 -8.483906
v -8.636500 35.692078 -9.001105
v -9.317600 37.995880 -10.075306
v -4.386700 36.227676 -9.250906
v -4.710900 38.736481 -10.420706
v -23.234200 33.889481 -8.252806
v -23.143101 33.803078 -8.157105
v -26.985901 30.902374 -6.859904
v -26.880100 30.827675 -6.769704
v -22.771500 33.364876 -7.925105
v -26.460600 30.458076 -6.569604
v -30.281900 27.502174 -5.274304
v -33.061100 23.744278 -3.522004
v -32.931400 23.697578 -3.444904
v -30.163099 27.440781 -5.190304
v -32.372799 23.415878 -3.285804
v -29.667900 27.114578 -5.010604
v -28.459999 21.371979 -2.323504
v -26.232000 24.796974 -3.920604
v -28.467199 26.305878 -4.624204
v -31.007999 22.705276 -2.945204
v -23.595400 27.864777 -5.351204
v -25.456100 29.551277 -6.137604
v -20.210400 30.254478 -6.465504
v -21.875299 32.280174 -7.410104
v -35.262402 19.683975 -1.628602
v -35.124100 19.653275 -1.559002
v -36.863400 15.396881 0.370398
v -36.718899 15.382980 0.432298
v -34.554600 19.443581 -1.433502
v -36.145901 15.254379 0.519898
v -37.841999 10.958679 2.439998
v -38.175598 6.444778 4.544899
v -38.025902 6.465979 4.590300
v -37.693600 10.962181 2.493798
v -37.380798 6.476580 4.613100
v -37.078899 10.905479 2.547898
v -32.862801 6.480179 4.620698
v -32.822800 10.455879 2.766798
v -35.590900 10.749676 2.629698
v -35.804901 6.480179 4.620698
v -32.231800 14.307480 0.970698
v -34.773701 14.924774 0.682898
v -30.618700 17.910881 -0.709602
v -33.178101 18.910774 -1.175802
v -37.841999 1.930977 6.649700
v -37.693600 1.969880 6.686900
v -36.863400 -2.507322 8.719300
v -36.718899 -2.450922 8.748400
v -37.078899 2.047781 6.678300
v -36.145901 -2.301222 8.706200
v -35.262402 -6.794321 10.718402
v -33.061001 -10.854620 12.611702
v -32.931400 -10.765619 12.625602
v -35.124100 -6.721220 10.739702
v -32.372799 -10.462622 12.512002
v -34.554600 -6.490320 10.659702
v -28.459999 -8.411722 11.564902
v -30.618700 -4.950521 9.950900
v -33.178101 -5.950521 10.417200
v -31.007999 -9.745020 12.186602
v -32.231800 -1.347219 8.270600
v -34.773701 -1.964422 8.558400
v -32.822800 2.504380 6.474600
v -35.590900 2.210579 6.611600
v -30.281900 -14.612520 14.364102
v -30.163099 -14.508722 14.371002
v -26.985901 -18.012718 15.949602
v -26.880100 -17.895618 15.950402
v -29.667900 -14.161322 14.236702
v -26.460600 -17.504818 15.795802
v -23.234200 -20.999920 17.342604
v -19.087799 -23.518719 18.517103
v -19.012899 -23.379919 18.507803
v -23.143101 -20.871017 17.337803
v -18.690399 -22.863119 18.294403
v -22.771500 -20.411617 17.151304
v -16.431400 -19.313320 16.648403
v -20.210400 -17.294117 15.706802
v -21.875299 -19.319920 16.651403
v -17.902500 -21.622620 17.725204
v -23.595301 -14.904520 14.592502
v -25.456100 -16.590919 15.378901
v -26.232000 -11.836721 13.162002
v -28.467199 -13.345621 13.865502
v -14.607800 -25.513720 19.447403
v -14.550500 -25.367218 19.434404
v -9.877500 -26.964819 20.124004
v -9.838800 -26.812618 20.108404
v -14.307400 -24.840519 19.216503
v -9.685200 -26.282619 19.889004
v -4.980500 -27.851719 20.537603
v 0.000000 -28.154018 20.678604
v 0.000000 -27.997118 20.660805
v -4.960900 -27.696018 20.520304
v 0.000000 -27.401918 20.410904
v -4.886700 -27.128220 20.283304
v 0.000000 -23.303619 18.509104
v -4.386700 -23.267418 18.492205
v -4.710900 -25.776218 19.662004
v 0.000000 -25.970119 19.752504
v -8.636500 -22.731819 18.242403
v -9.317600 -25.035519 19.316704
v -12.612400 -21.269819 17.560703
v -13.715700 -23.589418 18.642303
v 4.980500 -27.851719 20.537603
v 4.960900 -27.696018 20.520304
v 9.877500 -26.964819 20.124004
v 9.838800 -26.812618 20.108404
v 4.886700 -27.128220 20.283304
v 9.685300 -26.282619 19.889004
v 14.607800 -25.513720 19.447403
v 19.087799 -23.518719 18.517103
v 19.013000 -23.379919 18.507803
v 14.550500 -25.367218 19.434404
v 18.690399 -22.863018 18.294403
v 14.307400 -24.840519 19.216503
v 16.431400 -19.313320 16.648403
v 12.612400 -21.269819 17.560703
v 13.715700 -23.589418 18.642303
v 17.902500 -21.622620 17.725204
v 8.636500 -22.731819 18.242403
v 9.317600 -25.035519 19.316704
v 4.386700 -23.267418 18.492205
v 4.710900 -25.776218 19.662004
v 23.234200 -20.999920 17.342505
v 23.143101 -20.871017 17.337803
v 26.985901 -18.012718 15.949602
v 26.880100 -17.895618 15.950402
v 22.771500 -20.411617 17.151304
v 26.460600 -17.504818 15.795802
v 30.281900 -14.612520 14.364102
v 33.061100 -10.854620 12.611702
v 32.931400 -10.765520 12.625602
v 30.163099 -14.508722 14.371002
v 32.372799 -10.462622 12.512002
v 29.667900 -14.161322 14.236702
v 28.459999 -8.411722 11.564902
v 26.232000 -11.836721 13.161902
v 28.467199 -13.345522 13.865502
v 31.007999 -9.745020 12.186602
v 23.595400 -14.904520 14.592502
v 25.456100 -16.590919 15.378901
v 20.210400 -17.294117 15.706802
v 21.875299 -19.319920 16.651403
v 35.262402 -6.794321 10.718402
v 35.124100 -6.721220 10.739602
v 36.863499 -2.507322 8.719300
v 36.718899 -2.450922 8.748400
v 34.554600 -6.490320 10.659702
v 36.145901 -2.301222 8.706200
v 37.841999 1.930977 6.649700
v 37.693600 1.969880 6.686900
v 37.078899 2.047781 6.678300
v 32.822800 2.504478 6.474600
v 35.590900 2.210579 6.611600
v 32.231800 -1.347219 8.270600
v 34.773701 -1.964422 8.558400
v 30.618700 -4.950521 9.950900
v 33.178101 -5.950521 10.417200
v 24.351601 19.222275 -1.321102
v 26.500601 16.299675 0.041698
v 18.765100 16.299080 0.041998
v 21.494600 13.874275 1.172698
v 28.149599 13.316078 1.432998
v 24.245899 12.368179 1.874998
v 11.782700 12.645477 1.745698
v 0.000000 6.480179 4.620698
v 13.605500 6.480179 4.620698
v 16.271400 10.431576 2.778098
v 21.667999 6.480179 4.620698
v 22.694099 9.816978 3.064698
v 28.367599 9.984978 2.986298
v 28.118799 6.480179 4.620698
v 14.059400 28.550179 -5.670805
v 17.532900 26.992981 -4.944604
v 10.834000 23.487076 -3.309804
v 14.535600 22.623978 -2.907304
v 20.606899 25.156380 -4.088204
v 17.749300 22.566475 -2.880504
v 6.802700 17.158875 -0.358902
v 11.911500 17.275574 -0.413302
v 17.812799 19.653877 -1.522302
v 22.633400 22.370277 -2.789004
v 0.000000 31.964478 -7.262904
v 3.867200 32.189880 -7.368004
v 0.000000 26.118080 -4.536704
v 3.681800 27.047981 -4.970304
v 7.542700 31.992378 -7.275904
v 6.496700 28.454475 -5.626104
v 0.000000 18.810875 -1.129302
v 4.359900 21.226974 -2.255904
v 8.158500 25.960876 -4.463304
v 10.834700 30.497879 -6.579004
v -14.059400 28.550179 -5.670805
v -10.834700 30.497879 -6.579004
v -10.834000 23.487076 -3.309804
v -8.158500 25.960876 -4.463304
v -7.542700 31.992378 -7.275904
v -6.496700 28.454475 -5.626104
v -6.802700 17.158875 -0.358902
v -4.359900 21.226974 -2.255904
v -3.681800 27.047981 -4.970304
v -3.867200 32.189880 -7.368004
v -24.351601 19.222275 -1.321102
v -22.633400 22.370277 -2.789004
v -18.765100 16.299080 0.041998
v -17.812799 19.653877 -1.522302
v -20.606899 25.156380 -4.088204
v -17.749300 22.566475 -2.880504
v -11.782700 12.645477 1.745698
v -11.911500 17.275574 -0.413302
v -14.535600 22.623978 -2.907304
v -17.532900 26.992981 -4.944604
v -28.118799 6.480179 4.620698
v -28.367599 9.984978 2.986298
v -21.667999 6.480179 4.620698
v -22.694099 9.816978 3.064698
v -28.149599 13.316078 1.432998
v -24.245899 12.368179 1.874998
v -13.605500 6.480179 4.620698
v -16.271400 10.431576 2.778098
v -21.494600 13.874275 1.172698
v -26.500601 16.299675 0.041698
v -24.351601 -6.262022 10.562400
v -26.500601 -3.339422 9.199600
v -18.765100 -3.338819 9.199300
v -21.494600 -0.914022 8.068600
v -28.149599 -0.355822 7.808300
v -24.245899 0.592180 7.366300
v -11.782700 0.314779 7.495600
v -16.271400 2.528780 6.463200
v -22.694099 3.143276 6.176600
v -28.367599 2.975277 6.255000
v -14.059400 -15.589922 14.912102
v -17.532900 -14.032722 14.186002
v -10.834000 -10.526819 12.551102
v -14.535600 -9.663721 12.148702
v -20.606899 -12.196119 13.329502
v -17.749300 -9.606119 12.121802
v -6.802700 -4.198622 9.600200
v -11.911500 -4.315321 9.654700
v -17.812799 -6.693521 10.763700
v -22.633400 -9.410021 12.030402
v 0.000000 -19.004120 16.504204
v -3.867200 -19.229618 16.609304
v 0.000000 -13.157820 13.778002
v -3.681800 -14.087721 14.211602
v -7.542700 -19.032021 16.517204
v -6.496700 -15.494120 14.867402
v 0.000000 -5.850622 10.370600
v -4.359900 -8.266722 11.497202
v -8.158500 -13.000521 13.704702
v -10.834700 -17.537621 15.820302
v 14.059400 -15.589922 14.912102
v 10.834700 -17.537621 15.820302
v 10.834000 -10.526819 12.551102
v 8.158500 -13.000521 13.704702
v 7.542700 -19.032021 16.517204
v 6.496700 -15.494120 14.867402
v 6.802700 -4.198622 9.600200
v 4.359900 -8.266722 11.497202
v 3.681800 -14.087721 14.211602
v 3.867200 -19.229618 16.609304
v 24.351601 -6.262022 10.562400
v 22.633400 -9.410021 12.030402
v 18.765100 -3.338819 9.199300
v 17.812799 -6.693521 10.763700
v 20.606899 -12.196020 13.329502
v 17.749300 -9.606119 12.121802
v 11.782700 0.314779 7.495600
v 11.911500 -4.315321 9.654700
v 14.535600 -9.663721 12.148702
v 17.532900 -14.032722 14.186002
v 28.367599 2.975277 6.255000
v 22.694099 3.143379 6.176600
v 28.149599 -0.355822 7.808300
v 24.245899 0.592180 7.366300
v 16.271400 2.528780 6.463200
v 21.494600 -0.914022 8.068600
v 26.500601 -3.339422 9.199600
v 28.118799 3.653076 -1.442000
v 28.367599 7.157978 -3.076300
v 21.667999 3.653076 -1.442000
v 22.694099 6.989876 -2.998000
v 28.149599 10.489079 -4.629702
v 24.245899 9.541077 -4.187602
v 13.605500 3.653076 -1.442000
v 0.000000 3.653076 -1.442000
v 11.782700 9.818478 -4.317002
v 16.271400 7.604475 -3.284600
v 18.765100 13.472076 -6.020702
v 21.494600 11.047279 -4.890002
v 26.500601 13.472679 -6.020902
v 24.351601 16.395180 -7.383802
v 24.351601 -9.089024 4.499802
v 26.500601 -6.166523 3.136900
v 18.765100 -6.165924 3.136700
v 21.494600 -3.741024 2.005900
v 28.149599 -3.182922 1.745700
v 24.245899 -2.234924 1.303600
v 11.782700 -2.512321 1.433000
v 16.271400 -0.298321 0.400600
v 22.694099 0.316277 0.114000
v 28.367599 0.148178 0.192300
v 14.059400 -18.416924 8.849402
v 17.532900 -16.859821 8.123302
v 10.834000 -13.353819 6.488502
v 14.535600 -12.490822 6.086002
v 20.606899 -15.023119 7.266902
v 17.749300 -12.433224 6.059202
v 6.802700 -7.025621 3.537601
v 11.911500 -7.142323 3.592000
v 17.812799 -9.520622 4.701002
v 22.633400 -12.237122 5.967702
v 0.000000 -21.831223 10.441504
v 3.867200 -22.056623 10.546604
v 0.000000 -15.984819 7.715303
v 3.681800 -16.914722 8.148902
v 7.542700 -21.859123 10.454504
v 6.496700 -18.321224 8.804802
v 0.000000 -8.677624 4.307900
v 4.359900 -11.093822 5.434602
v 8.158500 -15.827621 7.642004
v 10.834700 -20.364624 9.757604
v -14.059400 -18.416924 8.849402
v -10.834700 -20.364624 9.757604
v -10.834000 -13.353819 6.488502
v -8.158500 -15.827621 7.642004
v -7.542700 -21.859123 10.454504
v -6.496700 -18.321224 8.804802
v -6.802700 -7.025621 3.537601
v -4.359900 -11.093822 5.434602
v -3.681800 -16.914722 8.148902
v -3.867200 -22.056623 10.546604
v -24.351601 -9.089024 4.499802
v -22.633400 -12.237122 5.967702
v -18.765100 -6.165924 3.136700
v -17.812799 -9.520622 4.701002
v -20.606899 -15.023119 7.266902
v -17.749300 -12.433224 6.059202
v -11.782700 -2.512321 1.433000
v -11.911500 -7.142323 3.592000
v -14.535600 -12.490822 6.086002
v -17.532900 -16.859821 8.123302
v -28.118799 3.653076 -1.442000
v -28.367599 0.148178 0.192300
v -21.667999 3.653076 -1.442000
v -22.694099 0.316277 0.114000
v -28.149599 -3.182922 1.745700
v -24.245899 -2.234924 1.303600
v -13.605500 3.653076 -1.442000
v -16.271400 -0.298321 0.400600
v -21.494600 -3.741123 2.005900
v -26.500601 -6.166523 3.136900
v -24.351601 16.395180 -7.383802
v -26.500601 13.472679 -6.020902
v -18.765100 13.472076 -6.020702
v -21.494600 11.047279 -4.889902
v -28.149599 10.489079 -4.629702
v -24.245899 9.541077 -4.187602
v -11.782700 9.818478 -4.317002
v -16.271400 7.604475 -3.284600
v -22.694099 6.989876 -2.998000
v -28.367599 7.157978 -3.076300
v -14.059400 25.723076 -11.733404
v -17.532900 24.165977 -11.007304
v -10.834000 20.659981 -9.372504
v -14.535600 19.796974 -8.970004
v -20.606899 22.329277 -10.150904
v -17.749300 19.739380 -8.943204
v -6.802700 14.331777 -6.421602
v -11.911500 14.448576 -6.476002
v -17.812799 16.826775 -7.585002
v -22.633400 19.543274 -8.851704
v 0.000000 29.137371 -13.325503
v -3.867200 29.362774 -13.430604
v 0.000000 23.290977 -10.599304
v -3.681800 24.220879 -11.032904
v -7.542700 29.165272 -13.338504
v -6.496700 25.627380 -11.688804
v 0.000000 15.983778 -7.191903
v -4.359900 18.399979 -8.318602
v -8.158500 23.133774 -10.526004
v -10.834700 27.670773 -12.641603
v 14.059400 25.723076 -11.733404
v 10.834700 27.670773 -12.641603
v 10.834000 20.659981 -9.372504
v 8.158500 23.133774 -10.526004
v 7.542700 29.165272 -13.338504
v 6.496700 25.627380 -11.688804
v 6.802700 14.331777 -6.421602
v 4.359900 18.399979 -8.318602
v 3.681800 24.220879 -11.032904
v 3.867200 29.362774 -13.430604
v 22.633400 19.543274 -8.851704
v 17.812799 16.826775 -7.585002
v 20.606899 22.329277 -10.150904
v 17.749300 19.739380 -8.943204
v 11.911500 14.448576 -6.476002
v 14.535600 19.796974 -8.970004
v 17.532900 24.165977 -11.007304
v 33.190701 23.543480 -4.129604
v 35.400600 19.467278 -2.228802
v 33.177700 23.690475 -3.796704
v 35.386799 19.615875 -1.896702
v 37.007999 15.163376 -0.221902
v 36.993500 15.313675 0.109398
v 33.138802 23.749580 -3.616704
v 35.345299 19.679779 -1.718902
v 36.950199 15.382576 0.284798
v 38.265400 6.409479 4.469100
v 37.931000 10.933975 2.359298
v 38.310299 6.329979 4.298600
v 37.975498 10.859680 2.186298
v 38.325298 6.176279 3.968899
v 37.990398 10.707779 1.855798
v 38.325298 3.956978 -0.790300
v 37.990398 8.488579 -2.903402
v 38.310299 3.803276 -1.119900
v 37.975498 8.333076 -3.232202
v 37.007999 12.944176 -4.981102
v 36.993500 12.786980 -5.309102
v 38.265400 3.723778 -1.290400
v 37.931000 8.248177 -3.400202
v 36.950199 12.696877 -5.474702
v 33.138802 21.063881 -9.376304
v 35.345299 16.994080 -7.478502
v 33.177700 21.163780 -9.215304
v 35.386799 17.089180 -7.315202
v 33.190701 21.324280 -8.888803
v 35.400600 17.248077 -6.988002
v 19.162701 36.257278 -10.058105
v 23.325300 33.728577 -8.878905
v 19.155199 36.399178 -9.722906
v 23.316200 33.871574 -8.544306
v 27.091700 30.729675 -7.480505
v 27.081200 30.873779 -7.146404
v 19.132700 36.443474 -9.536006
v 23.288900 33.918777 -8.358706
v 27.049400 30.924576 -6.962504
v 30.353100 27.516380 -5.373204
v 30.388800 27.461578 -5.555304
v 30.400600 27.316177 -5.888804
v 30.400600 25.096878 -10.648004
v 30.388800 24.934975 -10.973804
v 27.091700 28.510475 -12.239704
v 27.081200 28.347176 -12.564904
v 30.353100 24.830681 -11.132704
v 27.049400 28.238873 -12.722004
v 19.132700 33.757774 -15.295506
v 23.288900 31.233074 -14.118204
v 19.155199 33.872475 -15.141406
v 23.316200 31.344875 -13.962804
v 19.162701 34.037979 -14.817306
v 23.325300 31.509274 -13.638103
v 0.000000 40.910774 -12.228005
v 5.000000 40.607178 -12.086506
v 0.000000 41.050880 -11.892106
v 4.998000 40.747475 -11.750606
v 9.916300 39.716881 -11.671306
v 9.912400 39.857475 -11.335606
v 0.000000 41.089775 -11.702605
v 4.992200 40.786674 -11.561206
v 9.900800 39.897675 -11.146706
v 14.642100 38.443176 -10.468506
v 14.659300 38.401276 -10.656506
v 14.665100 38.260078 -10.992004
v 14.665100 36.040878 -15.751205
v 14.659300 35.874580 -16.075005
v 9.916300 37.497681 -16.430504
v 9.912400 37.330780 -16.754105
v 14.642100 35.757477 -16.228004
v 9.900800 37.211975 -16.906303
v 0.000000 38.403976 -17.462107
v 4.992200 38.100975 -17.320808
v 0.000000 38.524277 -17.310608
v 4.998000 38.220779 -17.169107
v 0.000000 38.691574 -16.987207
v 5.000000 38.387978 -16.845707
v -19.162701 36.257179 -10.058105
v -14.665100 38.260078 -10.992004
v -19.155199 36.399178 -9.722906
v -14.659300 38.401276 -10.656506
v -9.916300 39.716881 -11.671306
v -9.912400 39.857475 -11.335606
v -19.132700 36.443474 -9.536006
v -14.642200 38.443176 -10.468506
v -9.900800 39.897675 -11.146706
v -4.992200 40.786674 -11.561206
v -4.998000 40.747475 -11.750606
v -5.000000 40.607178 -12.086506
v -5.000000 38.387978 -16.845707
v -4.998000 38.220779 -17.169107
v -9.916300 37.497681 -16.430504
v -9.912400 37.330780 -16.754105
v -4.992200 38.100975 -17.320808
v -9.900800 37.211975 -16.906303
v -19.132700 33.757774 -15.295506
v -14.642200 35.757477 -16.228004
v -19.155199 33.872475 -15.141406
v -14.659300 35.874580 -16.075005
v -19.162701 34.037979 -14.817306
v -14.665100 36.040878 -15.751205
v -33.190701 23.543480 -4.129604
v -30.400600 27.316177 -5.888804
v -33.177700 23.690475 -3.796704
v -30.388800 27.461578 -5.555304
v -27.091700 30.729675 -7.480505
v -27.081200 30.873779 -7.146404
v -33.138802 23.749580 -3.616704
v -30.353100 27.516380 -5.373204
v -27.049400 30.924576 -6.962504
v -23.288900 33.918777 -8.358706
v -23.316200 33.871475 -8.544306
v -23.325300 33.728577 -8.878905
v -23.325300 31.509274 -13.638103
v -23.316200 31.344875 -13.962804
v -27.091700 28.510475 -12.239704
v -27.081200 28.347176 -12.564904
v -23.288900 31.233074 -14.118204
v -27.049400 28.238873 -12.722004
v -33.138802 21.063881 -9.376304
v -30.353100 24.830681 -11.132704
v -33.177700 21.163780 -9.215304
v -30.388800 24.934875 -10.973804
v -33.190701 21.324280 -8.888803
v -30.400600 25.096878 -10.648004
v -38.325298 6.176279 3.968899
v -37.990398 10.707779 1.855798
v -38.310299 6.329979 4.298600
v -37.975498 10.859680 2.186298
v -37.007999 15.163376 -0.221902
v -36.993599 15.313675 0.109398
v -38.265400 6.409479 4.469100
v -37.931000 10.933975 2.359298
v -36.950199 15.382576 0.284798
v -35.345299 19.679779 -1.718902
v -35.386799 19.615875 -1.896702
v -35.400600 19.467278 -2.228802
v -35.400600 17.248077 -6.988002
v -35.386799 17.089180 -7.315202
v -37.007999 12.944176 -4.981102
v -36.993599 12.786980 -5.309102
v -35.345299 16.994080 -7.478502
v -36.950199 12.696877 -5.474702
v -38.265400 3.723778 -1.290400
v -37.931000 8.248177 -3.400202
v -38.310299 3.803276 -1.119900
v -37.975498 8.333076 -3.232202
v -38.325298 3.956978 -0.790300
v -37.990398 8.488476 -2.903402
v -33.190701 -11.191019 12.067402
v -35.400600 -7.114820 10.166702
v -33.177700 -11.030519 12.393902
v -35.386799 -6.955919 10.493902
v -37.007999 -2.810919 8.159700
v -36.993500 -2.653719 8.487700
v -33.138802 -10.930620 12.554902
v -35.345299 -6.860819 10.657102
v -36.950199 -2.563719 8.653300
v -37.931000 1.884979 6.578900
v -37.975498 1.800179 6.410800
v -37.990398 1.644676 6.082000
v -37.990398 -0.574524 1.322800
v -37.975498 -0.726524 0.992300
v -37.007999 -5.030222 3.400501
v -36.993500 -5.180424 3.069201
v -37.931000 -0.800724 0.819400
v -36.950199 -5.249424 2.893800
v -33.138802 -13.616419 6.795402
v -35.345299 -9.546524 4.897602
v -33.177700 -13.557222 6.975402
v -35.386799 -9.482624 5.075402
v -33.190701 -13.410322 7.308202
v -35.400600 -9.334023 5.407500
v -19.162701 -23.904718 17.995903
v -23.325300 -21.376120 16.816803
v -19.155199 -23.739319 18.320105
v -23.316200 -21.211618 17.141403
v -27.091700 -18.377220 15.418402
v -27.081200 -18.213921 15.743602
v -19.132700 -23.624519 18.474203
v -23.288900 -21.099819 17.296904
v -27.049400 -18.105618 15.900702
v -30.353100 -14.697420 14.311402
v -30.388800 -14.801721 14.152402
v -30.400600 -14.963720 13.826602
v -30.400600 -17.182922 9.067402
v -30.388800 -17.328423 8.733902
v -27.091700 -20.596523 10.659204
v -27.081200 -20.740623 10.325104
v -30.353100 -17.383121 8.551902
v -27.049400 -20.791321 10.141104
v -19.132700 -26.310219 12.714604
v -23.288900 -23.785522 11.537304
v -19.155199 -26.266018 12.901604
v -23.316200 -23.738323 11.722904
v -19.162701 -26.124020 13.236704
v -23.325300 -23.595322 12.057604
v 0.000000 -28.558319 20.165903
v -5.000000 -28.254719 20.024405
v 0.000000 -28.391018 20.489204
v -4.998000 -28.087519 20.347704
v -9.916300 -27.364418 19.609203
v -9.912400 -27.197618 19.932703
v 0.000000 -28.270819 20.640804
v -4.992200 -27.967718 20.499403
v -9.900800 -27.078819 20.084904
v -14.642100 -25.624218 19.406704
v -14.659300 -25.741419 19.253704
v -14.665100 -25.907619 18.929903
v -14.665100 -28.126919 14.170704
v -14.659300 -28.268118 13.835204
v -9.916300 -29.583618 14.850004
v -9.912400 -29.724319 14.514204
v -14.642100 -28.310019 13.647104
v -9.900800 -29.764519 14.325404
v 0.000000 -30.956518 14.881204
v -4.992200 -30.653419 14.739903
v 0.000000 -30.917719 15.070704
v -4.998000 -30.614220 14.929204
v 0.000000 -30.777519 15.406704
v -5.000000 -30.474018 15.265203
v 19.162701 -23.904718 17.995903
v 14.665100 -25.907619 18.929903
v 19.155199 -23.739319 18.320105
v 14.659300 -25.741419 19.253704
v 9.916300 -27.364418 19.609203
v 9.912400 -27.197618 19.932703
v 19.132700 -23.624519 18.474203
v 14.642200 -25.624218 19.406704
v 9.900800 -27.078718 20.084904
v 4.992200 -27.967718 20.499403
v 4.998100 -28.087519 20.347704
v 5.000000 -28.254719 20.024405
v 5.000000 -30.474018 15.265203
v 4.998100 -30.614220 14.929204
v 9.916300 -29.583618 14.850004
v 9.912400 -29.724319 14.514204
v 4.992200 -30.653419 14.739903
v 9.900800 -29.764519 14.325404
v 19.132700 -26.310219 12.714604
v 14.642200 -28.310019 13.647104
v 19.155199 -26.266018 12.901604
v 14.659300 -28.268019 13.835204
v 19.162701 -26.124020 13.236704
v 14.665100 -28.126919 14.170704
v 33.190701 -11.191019 12.067402
v 30.400600 -14.963720 13.826602
v 33.177700 -11.030519 12.393902
v 30.388800 -14.801721 14.152402
v 27.091700 -18.377220 15.418402
v 27.081200 -18.213921 15.743602
v 33.138802 -10.930620 12.554902
v 30.353100 -14.697420 14.311402
v 27.049400 -18.105618 15.900702
v 23.288900 -21.099819 17.296904
v 23.316200 -21.211618 17.141403
v 23.325300 -21.376120 16.816803
v 23.325300 -23.595322 12.057604
v 23.316200 -23.738323 11.722904
v 27.091700 -20.596424 10.659204
v 27.081200 -20.740623 10.325104
v 23.288900 -23.785522 11.537304
v 27.049400 -20.791321 10.141104
v 33.138802 -13.616320 6.795402
v 30.353100 -17.383121 8.551902
v 33.177700 -13.557222 6.975402
v 30.388800 -17.328423 8.733902
v 33.190701 -13.410219 7.308202
v 30.400600 -17.182922 9.067402
v 37.990398 1.644676 6.082000
v 37.975498 1.800179 6.410800
v 37.007999 -2.810919 8.159700
v 36.993599 -2.653719 8.487700
v 37.931000 1.884979 6.578900
v 36.950199 -2.563719 8.653300
v 35.345299 -6.860819 10.657102
v 35.386799 -6.955919 10.493902
v 35.400600 -7.114820 10.166602
v 35.400600 -9.334023 5.407500
v 35.386799 -9.482624 5.075402
v 37.007999 -5.030222 3.400501
v 36.993599 -5.180424 3.069201
v 35.345299 -9.546524 4.897602
v 36.950199 -5.249424 2.893800
v 37.931000 -0.800724 0.819300
v 37.975498 -0.726524 0.992300
v 37.990398 -0.574524 1.322800
vn 0.8660 -0.0000 -0.5000
vn 0.9245 0.0008 -0.3812
vn 0.9661 0.0009 -0.2583
vn 0.9661 0.0008 -0.2583
vn 1.0000 -0.0000 -0.0000
vn 0.9914 0.0008 -0.1312
vn 0.5000 -0.0000 -0.8660
vn 0.5001 -0.0000 -0.8660
vn 0.6094 -0.0009 -0.7929
vn 0.6094 -0.0009 -0.7928
vn 0.6094 -0.0010 -0.7929
vn 0.7068 -0.0010 -0.7074
vn 0.7068 -0.0009 -0.7074
vn 0.4999 -0.0000 -0.8661
vn 0.7068 -0.0009 -0.7075
vn 0.7924 -0.0009 -0.6101
vn 0.7924 -0.0009 -0.6100
vn 0.7923 -0.0008 -0.6101
vn 0.7924 -0.0010 -0.6101
vn -0.0003 0.0010 -1.0000
vn -0.0001 0.0011 -1.0000
vn 0.1318 0.0009 -0.9913
vn 0.1317 0.0010 -0.9913
vn -0.0001 0.0010 -1.0000
vn 0.2589 0.0009 -0.9659
vn 0.2590 0.0009 -0.9659
vn -0.0000 0.0010 -1.0000
vn 0.1317 0.0012 -0.9913
vn 0.1316 0.0010 -0.9913
vn 0.2590 0.0012 -0.9659
vn 0.3816 -0.0000 -0.9243
vn -0.5000 -0.0000 -0.8660
vn -0.3816 -0.0000 -0.9243
vn -0.3815 0.0001 -0.9244
vn -0.2589 0.0009 -0.9659
vn -0.4999 -0.0000 -0.8661
vn -0.3815 -0.0000 -0.9244
vn -0.2590 0.0012 -0.9659
vn -0.1318 0.0009 -0.9913
vn -0.1317 0.0012 -0.9913
vn -0.1318 0.0012 -0.9913
vn -0.1318 0.0010 -0.9913
vn -0.1317 0.0010 -0.9913
vn -0.8660 -0.0000 -0.5000
vn -0.7923 -0.0009 -0.6101
vn -0.7924 -0.0010 -0.6101
vn -0.7923 -0.0008 -0.6101
vn -0.7068 -0.0010 -0.7074
vn -0.7068 -0.0011 -0.7074
vn -0.7068 -0.0009 -0.7074
vn -0.7924 -0.0010 -0.6100
vn -0.7068 -0.0009 -0.7075
vn -0.6095 -0.0009 -0.7928
vn -0.6094 -0.0009 -0.7928
vn -1.0000 -0.0000 -0.0000
vn -0.9914 0.0008 -0.1312
vn -0.9661 0.0009 -0.2583
vn -0.9661 0.0008 -0.2583
vn -0.9245 0.0008 -0.3811
vn -0.9245 0.0008 -0.3812
vn -0.8660 -0.0000 0.5000
vn -0.9245 -0.0008 0.3811
vn -0.9245 -0.0008 0.3812
vn -0.9661 -0.0009 0.2583
vn -0.9661 -0.0008 0.2583
vn -0.9914 -0.0008 0.1312
vn -0.5000 -0.0000 0.8661
vn -0.5000 0.0001 0.8660
vn -0.6094 0.0009 0.7929
vn -0.6094 0.0009 0.7928
vn -0.5001 -0.0000 0.8660
vn -0.6095 0.0009 0.7928
vn -0.7067 0.0010 0.7075
vn -0.7069 0.0011 0.7074
vn -0.7068 0.0010 0.7074
vn -0.5000 -0.0000 0.8660
vn -0.6093 0.0010 0.7929
vn -0.7068 0.0009 0.7074
vn -0.7923 0.0008 0.6101
vn -0.7924 0.0009 0.6100
vn -0.7923 0.0010 0.6101
vn -0.7923 0.0009 0.6101
vn -0.7924 0.0010 0.6101
vn -0.0000 -0.0012 1.0000
vn 0.0001 -0.0010 1.0000
vn -0.1318 -0.0010 0.9913
vn -0.1317 -0.0011 0.9913
vn -0.2589 -0.0010 0.9659
vn -0.2590 -0.0009 0.9659
vn -0.2588 -0.0009 0.9659
vn -0.0000 -0.0010 1.0000
vn -0.1317 -0.0010 0.9913
vn -0.2590 -0.0010 0.9659
vn -0.3816 -0.0000 0.9243
vn -0.3815 -0.0001 0.9244
vn -0.3815 -0.0000 0.9244
vn 0.5000 -0.0000 0.8660
vn 0.3816 -0.0000 0.9243
vn 0.2589 -0.0010 0.9659
vn 0.2588 -0.0009 0.9659
vn 0.2589 -0.0009 0.9659
vn 0.1319 -0.0011 0.9913
vn 0.1317 -0.0010 0.9913
vn 0.1317 -0.0011 0.9913
vn 0.1317 -0.0012 0.9913
vn 0.8660 -0.0000 0.5000
vn 0.7924 0.0009 0.6100
vn 0.7067 0.0010 0.7075
vn 0.7068 0.0011 0.7074
vn 0.7068 0.0010 0.7074
vn 0.6094 0.0009 0.7928
vn 0.6094 0.0009 0.7929
vn 0.6093 0.0008 0.7930
vn 0.9914 -0.0008 0.1312
vn 0.9661 -0.0009 0.2583
vn 0.9661 -0.0008 0.2583
vn 0.9245 -0.0008 0.3811
vn 0.9245 -0.0008 0.3812
vn 0.4485 -0.8555 -0.2589
vn 0.4785 -0.8556 -0.1975
vn 0.1727 -0.9823 -0.0723
vn 0.1611 -0.9825 -0.0940
vn 0.5000 -0.8556 -0.1340
vn 0.1812 -0.9822 -0.0494
vn 0.0219 -0.9997 -0.0103
vn 0.0196 -0.9997 -0.0125
vn 0.0240 -0.9997 -0.0074
vn 0.5131 -0.8556 -0.0682
vn 0.5177 -0.8556 -0.0000
vn 0.1861 -0.9825 -0.0010
vn 0.1851 -0.9824 -0.0255
vn 0.0229 -0.9997 -0.0011
vn 0.0237 -0.9997 -0.0040
vn -0.0000 -1.0000 -0.0012
vn -0.0000 -1.0000 -0.0010
vn 0.0029 -1.0000 -0.0012
vn 0.0026 -1.0000 -0.0012
vn 0.0031 -1.0000 -0.0020
vn 0.0001 -1.0000 -0.0011
vn 0.0001 -1.0000 -0.0010
vn 0.0024 -1.0000 -0.0026
vn 0.0027 -1.0000 -0.0020
vn 0.5132 -0.8556 0.0682
vn 0.1851 -0.9824 0.0235
vn 0.5000 -0.8556 0.1340
vn 0.1811 -0.9823 0.0475
vn 0.0234 -0.9997 0.0018
vn 0.0240 -0.9997 0.0053
vn 0.4784 -0.8556 0.1975
vn 0.4484 -0.8555 0.2589
vn 0.1612 -0.9826 0.0920
vn 0.1725 -0.9825 0.0702
vn 0.0198 -0.9997 0.0104
vn 0.0220 -0.9997 0.0082
vn -0.0001 -1.0000 -0.0010
vn 0.0027 -1.0000 0.0001
vn 0.0024 -1.0000 0.0004
vn 0.0030 -1.0000 -0.0001
vn 0.0028 -1.0000 -0.0009
vn 0.4102 -0.8556 0.3156
vn 0.1481 -0.9826 0.1125
vn 0.3661 -0.8556 0.3660
vn 0.1326 -0.9824 0.1315
vn 0.0190 -0.9997 0.0133
vn 0.0176 -0.9997 0.0166
vn 0.3156 -0.8556 0.4103
vn 0.2591 -0.8559 0.4475
vn 0.0931 -0.9827 0.1600
vn 0.1138 -0.9826 0.1469
vn 0.0116 -0.9998 0.0187
vn 0.0144 -0.9997 0.0179
vn -0.0000 -1.0000 -0.0011
vn 0.0017 -1.0000 0.0014
vn 0.0015 -1.0000 0.0013
vn -0.0001 -1.0000 -0.0012
vn 0.0022 -1.0000 0.0011
vn 0.0023 -1.0000 0.0007
vn 0.1977 -0.8561 0.4775
vn 0.0712 -0.9826 0.1715
vn 0.1340 -0.8561 0.4991
vn 0.0484 -0.9825 0.1800
vn 0.0091 -0.9997 0.0209
vn 0.0064 -0.9997 0.0230
vn 0.0682 -0.8561 0.5122
vn -0.0001 -0.8561 0.5168
vn 0.0001 -0.9827 0.1850
vn 0.0245 -0.9826 0.1840
vn 0.0001 -0.9998 0.0216
vn 0.0031 -0.9997 0.0227
vn -0.0000 -1.0000 -0.0009
vn 0.0003 -1.0000 0.0019
vn -0.0001 -1.0000 0.0018
vn 0.0008 -1.0000 0.0018
vn 0.0012 -1.0000 0.0015
vn -0.0682 -0.8561 0.5122
vn -0.0246 -0.9826 0.1840
vn -0.1340 -0.8561 0.4991
vn -0.0486 -0.9825 0.1800
vn -0.0030 -0.9997 0.0226
vn -0.0066 -0.9997 0.0230
vn -0.1976 -0.8561 0.4775
vn -0.2591 -0.8559 0.4475
vn -0.0930 -0.9827 0.1601
vn -0.0712 -0.9826 0.1714
vn -0.0113 -0.9998 0.0188
vn -0.0092 -0.9997 0.0209
vn -0.0011 -1.0000 0.0016
vn -0.0015 -1.0000 0.0013
vn -0.0001 -1.0000 -0.0011
vn -0.0008 -1.0000 0.0018
vn -0.0004 -1.0000 0.0019
vn -0.3156 -0.8556 0.4103
vn -0.1138 -0.9826 0.1470
vn -0.3661 -0.8556 0.3660
vn -0.1326 -0.9824 0.1315
vn -0.0145 -0.9997 0.0179
vn -0.0177 -0.9997 0.0166
vn -0.4104 -0.8556 0.3156
vn -0.4482 -0.8556 0.2589
vn -0.1612 -0.9826 0.0920
vn -0.1480 -0.9825 0.1127
vn -0.0198 -0.9998 0.0103
vn -0.0189 -0.9997 0.0132
vn -0.0022 -1.0000 0.0007
vn -0.0024 -1.0000 0.0004
vn -0.0022 -1.0000 0.0011
vn -0.0017 -1.0000 0.0014
vn -0.4782 -0.8558 0.1975
vn -0.1727 -0.9825 0.0703
vn -0.5000 -0.8556 0.1340
vn -0.1811 -0.9823 0.0474
vn -0.0219 -0.9997 0.0081
vn -0.0240 -0.9997 0.0053
vn -0.5131 -0.8556 0.0682
vn -0.5177 -0.8556 -0.0000
vn -0.1861 -0.9825 -0.0010
vn -0.1852 -0.9824 0.0235
vn -0.0227 -0.9997 -0.0011
vn -0.0237 -0.9997 0.0019
vn 0.0083 -1.0000 -0.0010
vn 0.0001 -1.0000 -0.0012
vn -0.0029 -1.0000 -0.0009
vn -0.0026 -1.0000 -0.0012
vn -0.0030 -1.0000 -0.0001
vn -0.0028 -1.0000 0.0002
vn -0.5132 -0.8556 -0.0682
vn -0.1851 -0.9824 -0.0255
vn -0.5000 -0.8556 -0.1340
vn -0.1812 -0.9822 -0.0497
vn -0.0235 -0.9997 -0.0039
vn -0.0240 -0.9997 -0.0074
vn -0.4784 -0.8556 -0.1975
vn -0.4483 -0.8556 -0.2589
vn -0.1612 -0.9824 -0.0940
vn -0.1725 -0.9824 -0.0722
vn -0.0199 -0.9997 -0.0123
vn -0.0218 -0.9997 -0.0103
vn -0.0027 -1.0000 -0.0024
vn -0.0024 -1.0000 -0.0026
vn -0.0031 -1.0000 -0.0020
vn -0.0083 -1.0000 -0.0012
vn -0.0029 -1.0000 -0.0012
vn -0.4103 -0.8556 -0.3156
vn -0.1480 -0.9823 -0.1148
vn -0.3661 -0.8556 -0.3660
vn -0.1325 -0.9821 -0.1336
vn -0.0190 -0.9997 -0.0156
vn -0.0175 -0.9997 -0.0186
vn -0.3156 -0.8556 -0.4103
vn -0.2591 -0.8550 -0.4493
vn -0.0930 -0.9824 -0.1620
vn -0.1139 -0.9823 -0.1489
vn -0.0115 -0.9997 -0.0208
vn -0.0145 -0.9997 -0.0199
vn -0.0018 -1.0000 -0.0032
vn -0.0014 -1.0000 -0.0034
vn -0.0021 -1.0000 -0.0031
vn -0.0023 -1.0000 -0.0029
vn -0.1976 -0.8551 -0.4794
vn -0.0713 -0.9823 -0.1735
vn -0.1341 -0.8551 -0.5009
vn -0.0484 -0.9821 -0.1820
vn -0.0092 -0.9997 -0.0228
vn -0.0065 -0.9997 -0.0252
vn -0.0681 -0.8551 -0.5140
vn -0.0000 -0.8551 -0.5185
vn -0.0000 -0.9823 -0.1871
vn -0.0245 -0.9823 -0.1860
vn -0.0000 -0.9997 -0.0238
vn -0.0031 -0.9997 -0.0248
vn -0.0002 -1.0000 -0.0040
vn -0.0000 -1.0000 -0.0036
vn -0.0008 -1.0000 -0.0039
vn -0.0011 -1.0000 -0.0037
vn 0.0682 -0.8551 -0.5140
vn 0.0245 -0.9822 -0.1861
vn 0.1340 -0.8551 -0.5009
vn 0.0485 -0.9821 -0.1822
vn 0.0029 -0.9997 -0.0244
vn 0.0065 -0.9997 -0.0252
vn 0.1977 -0.8551 -0.4793
vn 0.2591 -0.8550 -0.4493
vn 0.0930 -0.9824 -0.1621
vn 0.0712 -0.9822 -0.1736
vn 0.0113 -0.9997 -0.0207
vn 0.0091 -0.9997 -0.0229
vn 0.0012 -1.0000 -0.0039
vn 0.0014 -1.0000 -0.0033
vn 0.0008 -1.0000 -0.0039
vn 0.0003 -1.0000 -0.0040
vn 0.3157 -0.8556 -0.4103
vn 0.1137 -0.9823 -0.1490
vn 0.3661 -0.8556 -0.3660
vn 0.1326 -0.9821 -0.1337
vn 0.0144 -0.9997 -0.0200
vn 0.0175 -0.9997 -0.0185
vn 0.4103 -0.8556 -0.3156
vn 0.1480 -0.9823 -0.1147
vn 0.0189 -0.9997 -0.0156
vn 0.0023 -1.0000 -0.0029
vn 0.0022 -1.0000 -0.0031
vn 0.0017 -1.0000 -0.0032
vn 0.5177 0.8555 -0.0000
vn 0.5132 0.8556 -0.0682
vn 0.1851 0.9824 -0.0234
vn 0.1860 0.9825 0.0011
vn 0.5000 0.8556 -0.1340
vn 0.1811 0.9823 -0.0474
vn 0.0234 0.9997 -0.0020
vn 0.0228 0.9997 0.0010
vn 0.0239 0.9997 -0.0053
vn 0.4785 0.8556 -0.1975
vn 0.4483 0.8555 -0.2589
vn 0.1612 0.9826 -0.0920
vn 0.1726 0.9825 -0.0702
vn 0.0198 0.9997 -0.0104
vn 0.0219 0.9997 -0.0081
vn 0.0001 1.0000 0.0010
vn 0.0002 1.0000 0.0009
vn 0.0027 1.0000 -0.0003
vn 0.0024 1.0000 -0.0004
vn 0.0001 1.0000 0.0012
vn 0.0030 1.0000 0.0003
vn -0.0000 1.0000 0.0009
vn -0.0000 1.0000 0.0010
vn 0.0026 1.0000 0.0009
vn 0.0028 1.0000 0.0007
vn 0.4102 0.8556 -0.3156
vn 0.1481 0.9825 -0.1126
vn 0.3661 0.8556 -0.3660
vn 0.1326 0.9824 -0.1315
vn 0.0190 0.9997 -0.0134
vn 0.0176 0.9997 -0.0164
vn 0.3156 0.8556 -0.4103
vn 0.2591 0.8559 -0.4475
vn 0.0931 0.9827 -0.1598
vn 0.1138 0.9826 -0.1469
vn 0.0114 0.9998 -0.0187
vn 0.0144 0.9997 -0.0179
vn -0.0000 1.0000 0.0012
vn 0.0017 1.0000 -0.0014
vn 0.0015 1.0000 -0.0014
vn 0.0022 1.0000 -0.0011
vn 0.0023 1.0000 -0.0005
vn 0.1977 0.8561 -0.4775
vn 0.0714 0.9826 -0.1715
vn 0.1342 0.8561 -0.4991
vn 0.0485 0.9825 -0.1800
vn 0.0091 0.9997 -0.0209
vn 0.0064 0.9997 -0.0231
vn 0.0682 0.8561 -0.5122
vn -0.0003 0.8562 -0.5167
vn 0.0001 0.9827 -0.1850
vn 0.0245 0.9827 -0.1838
vn 0.0001 0.9998 -0.0219
vn 0.0031 0.9997 -0.0227
vn 0.0003 1.0000 -0.0018
vn -0.0001 1.0000 -0.0018
vn 0.0008 1.0000 -0.0021
vn 0.0012 1.0000 -0.0018
vn -0.0683 0.8561 -0.5122
vn -0.0245 0.9826 -0.1840
vn -0.1342 0.8561 -0.4991
vn -0.0486 0.9825 -0.1800
vn -0.0030 0.9997 -0.0223
vn -0.0066 0.9997 -0.0230
vn -0.1976 0.8561 -0.4776
vn -0.2593 0.8559 -0.4474
vn -0.0931 0.9827 -0.1601
vn -0.0712 0.9826 -0.1713
vn -0.0113 0.9998 -0.0188
vn -0.0092 0.9997 -0.0210
vn -0.0001 1.0000 0.0010
vn -0.0001 1.0000 0.0012
vn -0.0011 1.0000 -0.0017
vn -0.0015 1.0000 -0.0015
vn -0.0008 1.0000 -0.0021
vn 0.0001 1.0000 0.0009
vn -0.0004 1.0000 -0.0018
vn -0.3157 0.8556 -0.4103
vn -0.1138 0.9826 -0.1470
vn -0.3661 0.8556 -0.3660
vn -0.1326 0.9824 -0.1315
vn -0.0145 0.9997 -0.0180
vn -0.0177 0.9997 -0.0165
vn -0.4104 0.8556 -0.3156
vn -0.4482 0.8556 -0.2589
vn -0.1612 0.9826 -0.0919
vn -0.1480 0.9825 -0.1127
vn -0.0197 0.9998 -0.0105
vn -0.0189 0.9997 -0.0134
vn -0.0022 1.0000 -0.0008
vn -0.0023 1.0000 -0.0004
vn -0.0022 1.0000 -0.0013
vn -0.0001 1.0000 0.0011
vn -0.0016 1.0000 -0.0014
vn -0.4784 0.8557 -0.1975
vn -0.1727 0.9825 -0.0701
vn -0.5000 0.8556 -0.1340
vn -0.1811 0.9823 -0.0473
vn -0.0220 0.9997 -0.0081
vn -0.0240 0.9997 -0.0055
vn -0.5131 0.8556 -0.0682
vn -0.5177 0.8556 -0.0000
vn -0.1861 0.9825 0.0011
vn -0.1852 0.9824 -0.0234
vn -0.0228 0.9997 0.0009
vn -0.0236 0.9997 -0.0021
vn 0.0083 1.0000 0.0012
vn -0.0029 1.0000 0.0007
vn -0.0026 1.0000 0.0010
vn -0.0030 1.0000 0.0002
vn -0.0027 1.0000 -0.0002
vn -0.5131 0.8556 0.0682
vn -0.1851 0.9824 0.0255
vn -0.5001 0.8556 0.1340
vn -0.1812 0.9822 0.0495
vn -0.0236 0.9997 0.0040
vn -0.0240 0.9997 0.0077
vn -0.4786 0.8555 0.1975
vn -0.4483 0.8556 0.2589
vn -0.1614 0.9824 0.0940
vn -0.1725 0.9824 0.0722
vn -0.0199 0.9997 0.0123
vn -0.0218 0.9997 0.0101
vn -0.0028 1.0000 0.0024
vn -0.0024 1.0000 0.0026
vn -0.0000 1.0000 0.0011
vn -0.0030 1.0000 0.0017
vn -0.0083 1.0000 0.0010
vn -0.0030 1.0000 0.0012
vn -0.4103 0.8556 0.3156
vn -0.1481 0.9823 0.1149
vn -0.3660 0.8556 0.3660
vn -0.1325 0.9822 0.1335
vn -0.0190 0.9997 0.0154
vn -0.0175 0.9997 0.0185
vn -0.3156 0.8556 0.4103
vn -0.2590 0.8550 0.4493
vn -0.0930 0.9823 0.1623
vn -0.1138 0.9823 0.1489
vn -0.0115 0.9997 0.0206
vn -0.0144 0.9997 0.0199
vn -0.0018 1.0000 0.0032
vn -0.0014 1.0000 0.0033
vn -0.0021 1.0000 0.0031
vn -0.0023 1.0000 0.0027
vn -0.1976 0.8551 0.4794
vn -0.0714 0.9822 0.1735
vn -0.1340 0.8550 0.5009
vn -0.0486 0.9821 0.1820
vn -0.0092 0.9997 0.0229
vn -0.0064 0.9997 0.0250
vn -0.0682 0.8551 0.5140
vn -0.0000 0.8551 0.5185
vn -0.0000 0.9824 0.1870
vn -0.0246 0.9822 0.1862
vn -0.0000 0.9997 0.0239
vn -0.0031 0.9997 0.0248
vn -0.0002 1.0000 0.0038
vn -0.0000 1.0000 0.0037
vn -0.0008 1.0000 0.0040
vn -0.0011 1.0000 0.0039
vn 0.0683 0.8551 0.5140
vn 0.0246 0.9822 0.1862
vn 0.1340 0.8551 0.5009
vn 0.0485 0.9821 0.1820
vn 0.0030 0.9997 0.0247
vn 0.0065 0.9997 0.0250
vn 0.1977 0.8551 0.4794
vn 0.2590 0.8550 0.4493
vn 0.0930 0.9824 0.1621
vn 0.0713 0.9823 0.1734
vn 0.0113 0.9997 0.0207
vn 0.0090 0.9997 0.0229
vn 0.0012 1.0000 0.0039
vn 0.0014 1.0000 0.0033
vn 0.0008 1.0000 0.0040
vn 0.0003 1.0000 0.0038
vn 0.3157 0.8556 0.4103
vn 0.1137 0.9822 0.1492
vn 0.3660 0.8556 0.3660
vn 0.1326 0.9821 0.1335
vn 0.0144 0.9997 0.0200
vn 0.0175 0.9997 0.0184
vn 0.4103 0.8556 0.3156
vn 0.4483 0.8555 0.2590
vn 0.1612 0.9824 0.0940
vn 0.1480 0.9823 0.1147
vn 0.0197 0.9997 0.0126
vn 0.0189 0.9997 0.0156
vn 0.0023 1.0000 0.0026
vn 0.0024 1.0000 0.0026
vn 0.0022 1.0000 0.0031
vn 0.0017 1.0000 0.0032
vn 0.4784 0.8556 0.1975
vn 0.1728 0.9823 0.0723
vn 0.4999 0.8556 0.1340
vn 0.1812 0.9822 0.0496
vn 0.0219 0.9997 0.0100
vn 0.0240 0.9997 0.0073
vn 0.5131 0.8556 0.0682
vn 0.1851 0.9824 0.0255
vn 0.0237 0.9997 0.0041
vn 0.0029 1.0000 0.0013
vn 0.0031 1.0000 0.0017
vn 0.0027 1.0000 0.0023
vn 0.0001 1.0000 0.0011
vn 0.0002 1.0000 0.0010
vn -0.0002 1.0000 0.0010
vn 0.0002 1.0000 0.0011
vn 0.0001 -1.0000 -0.0009
vn -0.0001 -1.0000 -0.0009
vn 0.8658 0.0205 -0.4999
vn 0.9243 0.0213 -0.3810
vn 0.8579 0.1368 -0.4953
vn 0.9156 0.1367 -0.3780
vn 0.9658 0.0213 -0.2583
vn 0.9570 0.1372 -0.2555
vn 0.7505 0.4979 -0.4345
vn 0.8010 0.4983 -0.3319
vn 0.8374 0.4984 -0.2244
vn 0.8670 0.4983 -0.0000
vn 0.8594 0.4984 -0.1141
vn 0.9907 0.1362 0.0008
vn 0.9821 0.1369 -0.1294
vn 0.9998 0.0206 -0.0000
vn 0.9912 0.0212 -0.1309
vn 0.9998 -0.0206 -0.0000
vn 0.9912 -0.0196 -0.1312
vn 0.9907 -0.1362 -0.0008
vn 0.9821 -0.1356 -0.1307
vn 0.9658 -0.0196 -0.2584
vn 0.9570 -0.1357 -0.2564
vn 0.8670 -0.4983 -0.0000
vn 0.8594 -0.4984 -0.1141
vn 0.8374 -0.4985 -0.2244
vn 0.7506 -0.4992 -0.4330
vn 0.8010 -0.4992 -0.3303
vn 0.8579 -0.1367 -0.4953
vn 0.9157 -0.1367 -0.3780
vn 0.8658 -0.0205 -0.4999
vn 0.9243 -0.0197 -0.3811
vn 0.4999 0.0205 -0.8658
vn 0.6092 0.0196 -0.7928
vn 0.4952 0.1368 -0.8579
vn 0.6037 0.1358 -0.7856
vn 0.7066 0.0194 -0.7073
vn 0.7001 0.1359 -0.7010
vn 0.4335 0.4984 -0.7508
vn 0.5285 0.4984 -0.6872
vn 0.6127 0.4978 -0.6139
vn 0.6870 0.4976 -0.5295
vn 0.7849 0.1359 -0.6045
vn 0.7922 0.0196 -0.6099
vn 0.7922 -0.0215 -0.6098
vn 0.7849 -0.1378 -0.6041
vn 0.7066 -0.0214 -0.7073
vn 0.7001 -0.1378 -0.7006
vn 0.6868 -0.4994 -0.5281
vn 0.6127 -0.4993 -0.6126
vn 0.4336 -0.4983 -0.7508
vn 0.5286 -0.4984 -0.6871
vn 0.4953 -0.1367 -0.8579
vn 0.6036 -0.1376 -0.7853
vn 0.4999 -0.0205 -0.8659
vn 0.6092 -0.0214 -0.7927
vn -0.0000 0.0216 -0.9998
vn 0.1317 0.0215 -0.9911
vn 0.0001 0.1377 -0.9905
vn 0.1305 0.1377 -0.9818
vn 0.2589 0.0215 -0.9657
vn 0.2565 0.1377 -0.9567
vn -0.0008 0.4993 -0.8664
vn 0.1142 0.4993 -0.8589
vn 0.2246 0.4993 -0.8368
vn 0.3308 0.4984 -0.8013
vn 0.3780 0.1367 -0.9156
vn 0.3815 0.0205 -0.9242
vn 0.3815 -0.0205 -0.9241
vn 0.3780 -0.1367 -0.9156
vn 0.2589 -0.0195 -0.9657
vn 0.2565 -0.1357 -0.9570
vn 0.3308 -0.4984 -0.8013
vn 0.2245 -0.4975 -0.8379
vn -0.0000 -0.4974 -0.8675
vn 0.1142 -0.4975 -0.8599
vn -0.0000 -0.1357 -0.9907
vn 0.1305 -0.1356 -0.9821
vn -0.0008 -0.0196 -0.9998
vn 0.1317 -0.0193 -0.9911
vn -0.4999 0.0205 -0.8658
vn -0.3815 0.0205 -0.9242
vn -0.4954 0.1368 -0.8578
vn -0.3780 0.1367 -0.9157
vn -0.2589 0.0215 -0.9657
vn -0.2565 0.1376 -0.9567
vn -0.4335 0.4984 -0.7508
vn -0.3309 0.4984 -0.8013
vn -0.2246 0.4993 -0.8368
vn -0.1142 0.4993 -0.8589
vn -0.1305 0.1377 -0.9818
vn -0.1316 0.0215 -0.9911
vn -0.1317 -0.0195 -0.9911
vn -0.1305 -0.1357 -0.9821
vn -0.2589 -0.0195 -0.9657
vn -0.2565 -0.1357 -0.9570
vn -0.1141 -0.4975 -0.8599
vn -0.2246 -0.4975 -0.8379
vn -0.4335 -0.4983 -0.7508
vn -0.3309 -0.4984 -0.8013
vn -0.4953 -0.1367 -0.8579
vn -0.3780 -0.1367 -0.9156
vn -0.4999 -0.0205 -0.8659
vn -0.3815 -0.0205 -0.9241
vn -0.8658 0.0205 -0.4999
vn -0.7922 0.0197 -0.6099
vn -0.8579 0.1368 -0.4953
vn -0.7849 0.1359 -0.6045
vn -0.7067 0.0196 -0.7072
vn -0.7001 0.1359 -0.7010
vn -0.7506 0.4978 -0.4345
vn -0.6868 0.4979 -0.5295
vn -0.6128 0.4978 -0.6138
vn -0.5286 0.4984 -0.6872
vn -0.6037 0.1358 -0.7856
vn -0.6092 0.0195 -0.7928
vn -0.6093 -0.0214 -0.7927
vn -0.6037 -0.1376 -0.7852
vn -0.7066 -0.0214 -0.7073
vn -0.7001 -0.1378 -0.7006
vn -0.5285 -0.4984 -0.6872
vn -0.6125 -0.4994 -0.6127
vn -0.7506 -0.4992 -0.4328
vn -0.6869 -0.4993 -0.5281
vn -0.8579 -0.1367 -0.4953
vn -0.7849 -0.1379 -0.6041
vn -0.8658 -0.0205 -0.4999
vn -0.7923 -0.0214 -0.6098
vn -0.9998 0.0206 -0.0000
vn -0.9912 0.0212 -0.1310
vn -0.9907 0.1362 0.0008
vn -0.9821 0.1369 -0.1293
vn -0.9658 0.0213 -0.2582
vn -0.9570 0.1372 -0.2556
vn -0.8670 0.4983 -0.0000
vn -0.8594 0.4983 -0.1141
vn -0.8374 0.4984 -0.2244
vn -0.8011 0.4982 -0.3318
vn -0.9156 0.1367 -0.3780
vn -0.9243 0.0213 -0.3810
vn -0.9243 -0.0197 -0.3811
vn -0.9157 -0.1367 -0.3779
vn -0.9659 -0.0196 -0.2583
vn -0.9570 -0.1356 -0.2564
vn -0.8010 -0.4992 -0.3303
vn -0.8374 -0.4984 -0.2244
vn -0.8670 -0.4983 -0.0000
vn -0.8594 -0.4984 -0.1141
vn -0.9907 -0.1362 -0.0008
vn -0.9821 -0.1357 -0.1306
vn -0.9998 -0.0206 -0.0000
vn -0.9912 -0.0196 -0.1312
vn -0.8658 0.0205 0.4999
vn -0.9243 0.0197 0.3811
vn -0.8579 0.1368 0.4953
vn -0.9157 0.1367 0.3779
vn -0.9658 0.0196 0.2584
vn -0.9570 0.1357 0.2563
vn -0.7505 0.4993 0.4330
vn -0.8011 0.4992 0.3303
vn -0.8374 0.4984 0.2244
vn -0.8594 0.4984 0.1140
vn -0.9821 0.1356 0.1307
vn -0.9912 0.0196 0.1312
vn -0.9912 -0.0213 0.1310
vn -0.9821 -0.1369 0.1292
vn -0.9658 -0.0213 0.2582
vn -0.9570 -0.1372 0.2555
vn -0.8594 -0.4983 0.1141
vn -0.8374 -0.4984 0.2244
vn -0.7505 -0.4980 0.4346
vn -0.8010 -0.4982 0.3319
vn -0.8579 -0.1367 0.4953
vn -0.9156 -0.1367 0.3780
vn -0.8658 -0.0205 0.4999
vn -0.9243 -0.0213 0.3810
vn -0.4999 0.0205 0.8658
vn -0.6092 0.0214 0.7927
vn -0.4953 0.1368 0.8579
vn -0.6036 0.1377 0.7853
vn -0.7065 0.0214 0.7074
vn -0.7001 0.1378 0.7006
vn -0.4336 0.4983 0.7508
vn -0.5286 0.4984 0.6872
vn -0.6127 0.4994 0.6126
vn -0.6869 0.4993 0.5281
vn -0.7850 0.1378 0.6040
vn -0.7923 0.0214 0.6098
vn -0.7922 -0.0196 0.6099
vn -0.7849 -0.1359 0.6045
vn -0.7066 -0.0194 0.7073
vn -0.7001 -0.1358 0.7010
vn -0.6868 -0.4979 0.5295
vn -0.6128 -0.4978 0.6138
vn -0.4336 -0.4983 0.7508
vn -0.5286 -0.4984 0.6872
vn -0.4954 -0.1367 0.8579
vn -0.6036 -0.1357 0.7857
vn -0.4999 -0.0205 0.8658
vn -0.6092 -0.0195 0.7928
vn -0.0001 0.0196 0.9998
vn -0.1317 0.0195 0.9911
vn -0.0000 0.1356 0.9908
vn -0.1305 0.1357 0.9821
vn -0.2589 0.0194 0.9657
vn -0.2565 0.1357 0.9570
vn -0.0000 0.4974 0.8675
vn -0.1142 0.4974 0.8600
vn -0.2246 0.4975 0.8379
vn -0.3308 0.4984 0.8013
vn -0.3779 0.1367 0.9157
vn -0.3816 0.0205 0.9241
vn -0.3815 -0.0205 0.9241
vn -0.3780 -0.1367 0.9156
vn -0.2590 -0.0214 0.9656
vn -0.2566 -0.1376 0.9567
vn -0.3309 -0.4984 0.8013
vn -0.2245 -0.4993 0.8368
vn -0.0000 -0.4993 0.8664
vn -0.1142 -0.4993 0.8589
vn -0.0001 -0.1377 0.9905
vn -0.1305 -0.1377 0.9818
vn -0.0000 -0.0216 0.9998
vn -0.1316 -0.0216 0.9911
vn 0.4999 0.0205 0.8659
vn 0.3815 0.0205 0.9241
vn 0.4953 0.1368 0.8579
vn 0.3778 0.1367 0.9157
vn 0.2589 0.0195 0.9657
vn 0.2565 0.1357 0.9570
vn 0.4336 0.4983 0.7508
vn 0.3309 0.4984 0.8013
vn 0.2245 0.4975 0.8379
vn 0.1142 0.4975 0.8599
vn 0.1306 0.1355 0.9821
vn 0.1317 0.0196 0.9911
vn 0.1317 -0.0215 0.9911
vn 0.1305 -0.1378 0.9818
vn 0.2590 -0.0215 0.9656
vn 0.2566 -0.1376 0.9567
vn 0.1142 -0.4993 0.8589
vn 0.2246 -0.4993 0.8368
vn 0.4335 -0.4983 0.7508
vn 0.3309 -0.4984 0.8013
vn 0.4952 -0.1368 0.8579
vn 0.3780 -0.1367 0.9156
vn 0.4999 -0.0205 0.8658
vn 0.3815 -0.0205 0.9242
vn 0.8658 0.0205 0.4999
vn 0.7922 0.0215 0.6099
vn 0.8579 0.1368 0.4953
vn 0.7849 0.1379 0.6041
vn 0.7065 0.0214 0.7074
vn 0.7001 0.1378 0.7006
vn 0.7505 0.4992 0.4331
vn 0.6869 0.4993 0.5281
vn 0.6127 0.4994 0.6125
vn 0.5288 0.4984 0.6870
vn 0.6037 0.1376 0.7853
vn 0.6093 0.0214 0.7926
vn 0.6092 -0.0196 0.7927
vn 0.6035 -0.1358 0.7857
vn 0.7066 -0.0196 0.7073
vn 0.7001 -0.1358 0.7010
vn 0.5285 -0.4984 0.6872
vn 0.6127 -0.4978 0.6138
vn 0.7504 -0.4980 0.4346
vn 0.6869 -0.4978 0.5295
vn 0.8579 -0.1366 0.4953
vn 0.7849 -0.1359 0.6045
vn 0.8658 -0.0205 0.4999
vn 0.7922 -0.0197 0.6099
vn 0.9912 0.0196 0.1312
vn 0.9821 0.1357 0.1307
vn 0.9659 0.0195 0.2583
vn 0.9570 0.1357 0.2563
vn 0.8594 0.4984 0.1141
vn 0.8374 0.4984 0.2244
vn 0.8010 0.4993 0.3303
vn 0.9157 0.1367 0.3779
vn 0.9243 0.0196 0.3811
vn 0.9243 -0.0213 0.3810
vn 0.9156 -0.1367 0.3780
vn 0.9658 -0.0213 0.2583
vn 0.9570 -0.1372 0.2556
vn 0.8010 -0.4983 0.3319
vn 0.8374 -0.4984 0.2244
vn 0.8594 -0.4985 0.1141
vn 0.9821 -0.1369 0.1293
vn 0.9912 -0.0212 0.1310
vt 0.251000 0.987200
vt 0.251000 0.981700
vt 0.220000 0.981700
vt 0.220000 0.987200
vt 0.251000 0.975100
vt 0.220000 0.975100
vt 0.188900 0.981700
vt 0.188900 0.987200
vt 0.188900 0.975100
vt 0.251000 0.968600
vt 0.251000 0.963000
vt 0.220000 0.963000
vt 0.220000 0.968600
vt 0.188900 0.963000
vt 0.188900 0.968600
vt 0.126800 0.963000
vt 0.126800 0.968600
vt 0.157900 0.968600
vt 0.157900 0.963000
vt 0.126800 0.975100
vt 0.157900 0.975100
vt 0.126800 0.981700
vt 0.126800 0.987200
vt 0.157900 0.987200
vt 0.157900 0.981700
vt 0.375300 0.987200
vt 0.375300 0.981700
vt 0.344200 0.981700
vt 0.344200 0.987200
vt 0.375300 0.975100
vt 0.344200 0.975100
vt 0.313100 0.981700
vt 0.313100 0.987200
vt 0.313100 0.975100
vt 0.375300 0.968600
vt 0.375300 0.963000
vt 0.344200 0.963000
vt 0.344200 0.968600
vt 0.313100 0.963000
vt 0.313100 0.968600
vt 0.282100 0.968600
vt 0.282100 0.963000
vt 0.282100 0.975100
vt 0.282100 0.987200
vt 0.282100 0.981700
vt 0.499500 0.987200
vt 0.499500 0.981700
vt 0.468400 0.981700
vt 0.468400 0.987200
vt 0.499500 0.975100
vt 0.468400 0.975100
vt 0.437400 0.981700
vt 0.437400 0.987200
vt 0.437400 0.975100
vt 0.499500 0.968600
vt 0.499500 0.963000
vt 0.468400 0.963000
vt 0.468400 0.968600
vt 0.437400 0.963000
vt 0.437400 0.968600
vt 0.406300 0.968600
vt 0.406300 0.963000
vt 0.406300 0.975100
vt 0.406300 0.987200
vt 0.406300 0.981700
vt 0.623700 0.987200
vt 0.623700 0.981700
vt 0.592600 0.981700
vt 0.592600 0.987200
vt 0.623700 0.975100
vt 0.592600 0.975100
vt 0.561600 0.981700
vt 0.561600 0.987200
vt 0.561600 0.975100
vt 0.623700 0.968600
vt 0.623700 0.963000
vt 0.592600 0.963000
vt 0.592600 0.968600
vt 0.561600 0.963000
vt 0.561600 0.968600
vt 0.530500 0.968600
vt 0.530500 0.963000
vt 0.530500 0.975100
vt 0.530500 0.987200
vt 0.530500 0.981700
vt 0.747900 0.987200
vt 0.747900 0.981700
vt 0.716900 0.981700
vt 0.716900 0.987200
vt 0.747900 0.975100
vt 0.716900 0.975100
vt 0.685800 0.981700
vt 0.685800 0.987200
vt 0.685800 0.975100
vt 0.747900 0.968600
vt 0.747900 0.963000
vt 0.716900 0.963000
vt 0.716900 0.968600
vt 0.685800 0.963000
vt 0.685800 0.968600
vt 0.654800 0.968600
vt 0.654800 0.963000
vt 0.654800 0.975100
vt 0.654800 0.987200
vt 0.654800 0.981700
vt 0.872100 0.987200
vt 0.872100 0.981700
vt 0.841100 0.981700
vt 0.841100 0.987200
vt 0.872100 0.975100
vt 0.841100 0.975100
vt 0.810000 0.981700
vt 0.810000 0.987200
vt 0.810000 0.975100
vt 0.872100 0.968600
vt 0.872100 0.963000
vt 0.841100 0.963000
vt 0.841100 0.968600
vt 0.810000 0.963000
vt 0.810000 0.968600
vt 0.779000 0.968600
vt 0.779000 0.963000
vt 0.779000 0.975100
vt 0.779000 0.987200
vt 0.779000 0.981700
vt 0.996400 0.992000
vt 0.996400 0.983600
vt 0.965300 0.982600
vt 0.965300 0.988700
vt 0.996400 0.975100
vt 0.965300 0.975100
vt 0.934300 0.981900
vt 0.934300 0.987600
vt 0.934300 0.975100
vt 0.996400 0.966700
vt 0.996400 0.958300
vt 0.965300 0.961600
vt 0.965300 0.967700
vt 0.934300 0.962700
vt 0.934300 0.968400
vt 0.903200 0.968600
vt 0.903200 0.963000
vt 0.903200 0.975100
vt 0.903200 0.987200
vt 0.903200 0.981700
vt 0.623800 0.938200
vt 0.623800 0.932700
vt 0.592700 0.932700
vt 0.592700 0.938200
vt 0.623800 0.926200
vt 0.592700 0.926200
vt 0.561700 0.932900
vt 0.561700 0.938600
vt 0.561700 0.926200
vt 0.623800 0.919600
vt 0.623800 0.914100
vt 0.592700 0.914100
vt 0.592700 0.919600
vt 0.561700 0.913700
vt 0.561700 0.919400
vt 0.499500 0.909300
vt 0.499500 0.917700
vt 0.530600 0.918700
vt 0.530600 0.912600
vt 0.499500 0.926200
vt 0.530600 0.926200
vt 0.499500 0.934600
vt 0.499500 0.943000
vt 0.530600 0.939700
vt 0.530600 0.933600
vt 0.748000 0.938200
vt 0.748000 0.932700
vt 0.716900 0.932700
vt 0.716900 0.938200
vt 0.748000 0.926200
vt 0.716900 0.926200
vt 0.685900 0.932700
vt 0.685900 0.938200
vt 0.685900 0.926200
vt 0.748000 0.919600
vt 0.748000 0.914100
vt 0.716900 0.914100
vt 0.716900 0.919600
vt 0.685900 0.914100
vt 0.685900 0.919600
vt 0.654800 0.919600
vt 0.654800 0.914100
vt 0.654800 0.926200
vt 0.654800 0.938200
vt 0.654800 0.932700
vt 0.872200 0.938200
vt 0.872200 0.932700
vt 0.841200 0.932700
vt 0.841200 0.938200
vt 0.872200 0.926200
vt 0.841200 0.926200
vt 0.810100 0.932700
vt 0.810100 0.938200
vt 0.810100 0.926200
vt 0.872200 0.919600
vt 0.872200 0.914100
vt 0.841200 0.914100
vt 0.841200 0.919600
vt 0.810100 0.914100
vt 0.810100 0.919600
vt 0.779000 0.919600
vt 0.779000 0.914100
vt 0.779000 0.926200
vt 0.779000 0.938200
vt 0.779000 0.932700
vt 0.996400 0.943000
vt 0.996400 0.934600
vt 0.965400 0.933600
vt 0.965400 0.939700
vt 0.996400 0.926200
vt 0.965400 0.926200
vt 0.934300 0.932900
vt 0.934300 0.938600
vt 0.934300 0.926200
vt 0.996400 0.917700
vt 0.996400 0.909300
vt 0.965400 0.912600
vt 0.965400 0.918700
vt 0.934300 0.913700
vt 0.934300 0.919400
vt 0.903300 0.919600
vt 0.903300 0.914100
vt 0.903300 0.926200
vt 0.903300 0.938200
vt 0.903300 0.932700
vt 0.095800 0.981700
vt 0.095800 0.987200
vt 0.095800 0.975100
vt 0.064700 0.981900
vt 0.064700 0.987600
vt 0.064700 0.975100
vt 0.095800 0.963000
vt 0.095800 0.968600
vt 0.064700 0.962700
vt 0.064700 0.968400
vt 0.002600 0.958300
vt 0.002600 0.966700
vt 0.033600 0.967700
vt 0.033600 0.961600
vt 0.002600 0.975100
vt 0.033600 0.975100
vt 0.002600 0.983600
vt 0.002600 0.992000
vt 0.033600 0.988700
vt 0.033600 0.982600
vt 0.460500 0.828500
vt 0.468600 0.798200
vt 0.465500 0.796700
vt 0.453100 0.824300
vt 0.476700 0.767900
vt 0.474400 0.767300
vt 0.460500 0.794300
vt 0.447500 0.821000
vt 0.470000 0.766100
vt 0.484900 0.737600
vt 0.493000 0.707300
vt 0.484400 0.707300
vt 0.481400 0.737500
vt 0.478000 0.707300
vt 0.475900 0.737000
vt 0.449700 0.707300
vt 0.449500 0.733900
vt 0.466300 0.735900
vt 0.467600 0.707300
vt 0.445900 0.759700
vt 0.461300 0.763800
vt 0.436100 0.783800
vt 0.423100 0.806900
vt 0.438500 0.815800
vt 0.451600 0.790500
vt 0.484900 0.677000
vt 0.481400 0.677200
vt 0.476700 0.646700
vt 0.474400 0.647400
vt 0.475900 0.677700
vt 0.470000 0.648600
vt 0.468600 0.616500
vt 0.460500 0.586200
vt 0.453100 0.590400
vt 0.465500 0.618000
vt 0.447500 0.593700
vt 0.460500 0.620400
vt 0.423100 0.607800
vt 0.436100 0.630900
vt 0.451600 0.624200
vt 0.438500 0.598900
vt 0.445900 0.655000
vt 0.461300 0.650900
vt 0.449500 0.680800
vt 0.466300 0.678800
vt 0.438300 0.564000
vt 0.435400 0.565900
vt 0.416200 0.541800
vt 0.414400 0.543500
vt 0.430900 0.569100
vt 0.411200 0.546800
vt 0.394000 0.519600
vt 0.371800 0.497400
vt 0.367500 0.504800
vt 0.392100 0.522500
vt 0.364300 0.510400
vt 0.388900 0.527100
vt 0.350200 0.534900
vt 0.373100 0.548400
vt 0.383200 0.534800
vt 0.359100 0.519500
vt 0.393600 0.564400
vt 0.404900 0.553100
vt 0.409600 0.584900
vt 0.423100 0.574800
vt 0.341500 0.489300
vt 0.339900 0.492400
vt 0.311200 0.481200
vt 0.310600 0.483600
vt 0.337600 0.497400
vt 0.309400 0.488000
vt 0.280900 0.473100
vt 0.250600 0.465000
vt 0.250600 0.473500
vt 0.280700 0.476600
vt 0.250600 0.480000
vt 0.280200 0.482100
vt 0.250600 0.508200
vt 0.277200 0.508500
vt 0.279200 0.491700
vt 0.250600 0.490400
vt 0.302900 0.512000
vt 0.307100 0.496600
vt 0.327000 0.521800
vt 0.333700 0.506300
vt 0.220300 0.473100
vt 0.220500 0.476600
vt 0.190000 0.481200
vt 0.190600 0.483600
vt 0.221000 0.482100
vt 0.191800 0.488000
vt 0.159700 0.489300
vt 0.129400 0.497400
vt 0.133700 0.504800
vt 0.161300 0.492400
vt 0.136900 0.510400
vt 0.163600 0.497400
vt 0.151000 0.534900
vt 0.174200 0.521800
vt 0.167500 0.506300
vt 0.142100 0.519500
vt 0.198300 0.512000
vt 0.194100 0.496600
vt 0.224000 0.508500
vt 0.222100 0.491700
vt 0.107200 0.519600
vt 0.109100 0.522500
vt 0.085100 0.541800
vt 0.086800 0.543500
vt 0.112300 0.527100
vt 0.090000 0.546800
vt 0.062900 0.564000
vt 0.040700 0.586200
vt 0.048100 0.590400
vt 0.065800 0.565900
vt 0.053700 0.593700
vt 0.070300 0.569100
vt 0.078200 0.607800
vt 0.091700 0.584900
vt 0.078100 0.574800
vt 0.062700 0.598900
vt 0.107600 0.564400
vt 0.096400 0.553100
vt 0.128100 0.548400
vt 0.118100 0.534800
vt 0.032600 0.616500
vt 0.035700 0.618000
vt 0.024500 0.646700
vt 0.026800 0.647400
vt 0.040700 0.620400
vt 0.031300 0.648600
vt 0.016300 0.677000
vt 0.008200 0.707300
vt 0.016800 0.707300
vt 0.019800 0.677200
vt 0.023200 0.707300
vt 0.025300 0.677700
vt 0.051500 0.707300
vt 0.051700 0.680800
vt 0.034900 0.678800
vt 0.033600 0.707300
vt 0.055300 0.655000
vt 0.039900 0.650900
vt 0.065100 0.630900
vt 0.049600 0.624200
vt 0.016300 0.737600
vt 0.019800 0.737500
vt 0.024500 0.767900
vt 0.026800 0.767300
vt 0.025300 0.737000
vt 0.031300 0.766100
vt 0.032600 0.798200
vt 0.040700 0.828500
vt 0.048100 0.824300
vt 0.035700 0.796700
vt 0.053700 0.821000
vt 0.040700 0.794300
vt 0.078200 0.806900
vt 0.065100 0.783800
vt 0.049600 0.790500
vt 0.062700 0.815800
vt 0.055300 0.759700
vt 0.039900 0.763800
vt 0.051700 0.733900
vt 0.034900 0.735900
vt 0.062900 0.850700
vt 0.065800 0.848800
vt 0.085100 0.872900
vt 0.086800 0.871200
vt 0.070300 0.845600
vt 0.090000 0.867900
vt 0.107200 0.895100
vt 0.129400 0.917200
vt 0.133700 0.909800
vt 0.109100 0.892200
vt 0.136900 0.904200
vt 0.112300 0.887600
vt 0.151000 0.879800
vt 0.128100 0.866300
vt 0.118100 0.879800
vt 0.142100 0.895200
vt 0.107600 0.850300
vt 0.096400 0.861600
vt 0.091700 0.829800
vt 0.078100 0.839900
vt 0.159700 0.925400
vt 0.161300 0.922300
vt 0.190000 0.933500
vt 0.190600 0.931100
vt 0.163600 0.917200
vt 0.191800 0.926700
vt 0.220300 0.941600
vt 0.250600 0.949700
vt 0.250600 0.941200
vt 0.220500 0.938100
vt 0.250600 0.934700
vt 0.221000 0.932600
vt 0.250600 0.906500
vt 0.224000 0.906200
vt 0.222100 0.923000
vt 0.250600 0.924300
vt 0.198300 0.902600
vt 0.194100 0.918100
vt 0.174200 0.892900
vt 0.167500 0.908400
vt 0.280900 0.941600
vt 0.280700 0.938100
vt 0.311200 0.933500
vt 0.310600 0.931100
vt 0.280200 0.932600
vt 0.309400 0.926700
vt 0.341500 0.925400
vt 0.371800 0.917200
vt 0.367500 0.909800
vt 0.339900 0.922300
vt 0.364300 0.904200
vt 0.337600 0.917200
vt 0.350200 0.879800
vt 0.327000 0.892900
vt 0.333700 0.908400
vt 0.359100 0.895200
vt 0.302900 0.902600
vt 0.307100 0.918100
vt 0.277200 0.906200
vt 0.279200 0.923000
vt 0.394000 0.895100
vt 0.392100 0.892200
vt 0.416200 0.872900
vt 0.414400 0.871200
vt 0.388900 0.887600
vt 0.411200 0.867900
vt 0.438300 0.850700
vt 0.435400 0.848800
vt 0.430900 0.845600
vt 0.409600 0.829800
vt 0.423100 0.839900
vt 0.393600 0.850300
vt 0.404900 0.861600
vt 0.373100 0.866300
vt 0.383200 0.879800
vt 0.991700 0.630400
vt 0.983500 0.660700
vt 0.980100 0.660500
vt 0.983100 0.630400
vt 0.975400 0.691000
vt 0.973100 0.690300
vt 0.974600 0.660000
vt 0.976600 0.630400
vt 0.968600 0.689100
vt 0.967300 0.721300
vt 0.959200 0.751600
vt 0.951800 0.747300
vt 0.964200 0.719700
vt 0.946200 0.744100
vt 0.959200 0.717400
vt 0.921700 0.729900
vt 0.934800 0.706800
vt 0.950300 0.713500
vt 0.937200 0.738900
vt 0.944600 0.682700
vt 0.960000 0.686800
vt 0.948200 0.657000
vt 0.948400 0.630400
vt 0.966200 0.630400
vt 0.964900 0.658900
vt 0.937000 0.773700
vt 0.934100 0.771800
vt 0.914800 0.795900
vt 0.913100 0.794200
vt 0.929600 0.768700
vt 0.909800 0.790900
vt 0.892600 0.818100
vt 0.870500 0.840300
vt 0.866200 0.832900
vt 0.890700 0.815200
vt 0.863000 0.827300
vt 0.887600 0.810700
vt 0.848800 0.802800
vt 0.871700 0.789300
vt 0.881800 0.802900
vt 0.857800 0.818300
vt 0.892300 0.773400
vt 0.903500 0.784600
vt 0.908200 0.752800
vt 0.921800 0.762900
vt 0.840200 0.848400
vt 0.838600 0.845300
vt 0.809900 0.856500
vt 0.809200 0.854200
vt 0.836300 0.840300
vt 0.808100 0.849700
vt 0.779600 0.864600
vt 0.749300 0.872800
vt 0.749300 0.864200
vt 0.779400 0.861200
vt 0.749300 0.857700
vt 0.778900 0.855600
vt 0.749300 0.829500
vt 0.775900 0.829300
vt 0.777800 0.846000
vt 0.749300 0.847300
vt 0.801600 0.825700
vt 0.805700 0.841100
vt 0.825700 0.815900
vt 0.832400 0.831400
vt 0.719000 0.864600
vt 0.719200 0.861200
vt 0.688700 0.856500
vt 0.689300 0.854200
vt 0.719700 0.855600
vt 0.690500 0.849700
vt 0.658400 0.848400
vt 0.628100 0.840300
vt 0.632400 0.832900
vt 0.660000 0.845300
vt 0.635600 0.827300
vt 0.662300 0.840300
vt 0.649700 0.802800
vt 0.672900 0.815900
vt 0.666200 0.831400
vt 0.640800 0.818300
vt 0.696900 0.825700
vt 0.692800 0.841100
vt 0.722700 0.829300
vt 0.720700 0.846000
vt 0.605900 0.818100
vt 0.607800 0.815200
vt 0.583700 0.795900
vt 0.585400 0.794200
vt 0.611000 0.810700
vt 0.588700 0.790900
vt 0.561600 0.773700
vt 0.539400 0.751600
vt 0.546800 0.747300
vt 0.564500 0.771800
vt 0.552400 0.744100
vt 0.569000 0.768700
vt 0.576800 0.729900
vt 0.590300 0.752800
vt 0.576800 0.762900
vt 0.561400 0.738900
vt 0.606300 0.773400
vt 0.595000 0.784600
vt 0.626800 0.789300
vt 0.616700 0.802900
vt 0.531300 0.721300
vt 0.534400 0.719700
vt 0.523100 0.691000
vt 0.525500 0.690300
vt 0.539400 0.717400
vt 0.529900 0.689100
vt 0.515000 0.660700
vt 0.506900 0.630400
vt 0.515500 0.630400
vt 0.518500 0.660500
vt 0.521900 0.630400
vt 0.524000 0.660000
vt 0.550100 0.630400
vt 0.550400 0.657000
vt 0.533600 0.658900
vt 0.532300 0.630400
vt 0.554000 0.682700
vt 0.538600 0.686800
vt 0.563700 0.706800
vt 0.548200 0.713500
vt 0.515000 0.600100
vt 0.518500 0.600300
vt 0.523100 0.569800
vt 0.525500 0.570400
vt 0.524000 0.600800
vt 0.529900 0.571600
vt 0.531300 0.539500
vt 0.539400 0.509200
vt 0.546800 0.513500
vt 0.534400 0.541100
vt 0.552400 0.516700
vt 0.539400 0.543400
vt 0.576800 0.530800
vt 0.563700 0.554000
vt 0.548200 0.547300
vt 0.561400 0.521900
vt 0.554000 0.578000
vt 0.538600 0.573900
vt 0.550400 0.603800
vt 0.533600 0.601800
vt 0.561600 0.487000
vt 0.564500 0.488900
vt 0.583700 0.464800
vt 0.585400 0.466500
vt 0.569000 0.492100
vt 0.588700 0.469800
vt 0.605900 0.442700
vt 0.628100 0.420500
vt 0.632400 0.427900
vt 0.607800 0.445600
vt 0.635600 0.433500
vt 0.611000 0.450100
vt 0.649700 0.457900
vt 0.626800 0.471400
vt 0.616700 0.457900
vt 0.640800 0.442500
vt 0.606300 0.487400
vt 0.595000 0.476100
vt 0.590300 0.507900
vt 0.576800 0.497800
vt 0.658400 0.412400
vt 0.660000 0.415500
vt 0.688700 0.404200
vt 0.689300 0.406600
vt 0.662300 0.420500
vt 0.690500 0.411000
vt 0.719000 0.396100
vt 0.749300 0.388000
vt 0.749300 0.396600
vt 0.719200 0.399600
vt 0.749300 0.403000
vt 0.719700 0.405100
vt 0.749300 0.431200
vt 0.722700 0.431500
vt 0.720700 0.414700
vt 0.749300 0.413400
vt 0.696900 0.435100
vt 0.692800 0.419700
vt 0.672900 0.444800
vt 0.666200 0.429300
vt 0.779600 0.396100
vt 0.779400 0.399600
vt 0.809900 0.404200
vt 0.809200 0.406600
vt 0.778900 0.405100
vt 0.808100 0.411000
vt 0.840200 0.412400
vt 0.870500 0.420500
vt 0.866200 0.427900
vt 0.838600 0.415500
vt 0.863000 0.433500
vt 0.836300 0.420500
vt 0.848800 0.457900
vt 0.825700 0.444800
vt 0.832400 0.429300
vt 0.857800 0.442500
vt 0.801600 0.435100
vt 0.805700 0.419700
vt 0.775900 0.431500
vt 0.777800 0.414700
vt 0.892600 0.442700
vt 0.890700 0.445600
vt 0.914800 0.464800
vt 0.913100 0.466500
vt 0.887600 0.450100
vt 0.909800 0.469800
vt 0.937000 0.487000
vt 0.959200 0.509200
vt 0.951800 0.513500
vt 0.934100 0.488900
vt 0.946200 0.516700
vt 0.929600 0.492100
vt 0.921700 0.530800
vt 0.908200 0.507900
vt 0.921800 0.497800
vt 0.937200 0.521900
vt 0.892300 0.487400
vt 0.903500 0.476100
vt 0.871700 0.471400
vt 0.881800 0.457900
vt 0.967300 0.539500
vt 0.964200 0.541100
vt 0.975400 0.569800
vt 0.973100 0.570400
vt 0.959200 0.543400
vt 0.968600 0.571600
vt 0.983500 0.600100
vt 0.980100 0.600300
vt 0.974600 0.600800
vt 0.948200 0.603800
vt 0.964900 0.601800
vt 0.944600 0.578000
vt 0.960000 0.573900
vt 0.934800 0.554000
vt 0.950300 0.547300
vt 0.896800 0.715600
vt 0.909900 0.696000
vt 0.863000 0.696000
vt 0.879500 0.679800
vt 0.919800 0.676100
vt 0.896200 0.669700
vt 0.820700 0.671600
vt 0.749300 0.630400
vt 0.831700 0.630400
vt 0.847900 0.656800
vt 0.880600 0.630400
vt 0.886800 0.652700
vt 0.921200 0.653800
vt 0.919700 0.630400
vt 0.834500 0.777900
vt 0.855500 0.767500
vt 0.814900 0.744100
vt 0.837400 0.738300
vt 0.874100 0.755200
vt 0.856800 0.737900
vt 0.790500 0.701800
vt 0.821500 0.702600
vt 0.857200 0.718500
vt 0.886400 0.736600
vt 0.749300 0.800800
vt 0.772700 0.802300
vt 0.749300 0.761700
vt 0.771600 0.767900
vt 0.795000 0.800900
vt 0.788600 0.777300
vt 0.749300 0.712800
vt 0.775700 0.729000
vt 0.798700 0.760600
vt 0.814900 0.791000
vt 0.664100 0.777900
vt 0.683600 0.791000
vt 0.683600 0.744100
vt 0.699800 0.760600
vt 0.703600 0.800900
vt 0.709900 0.777300
vt 0.708100 0.701800
vt 0.722900 0.729000
vt 0.727000 0.767900
vt 0.725800 0.802300
vt 0.601700 0.715600
vt 0.612100 0.736600
vt 0.635600 0.696000
vt 0.641300 0.718500
vt 0.624400 0.755200
vt 0.641700 0.737900
vt 0.677900 0.671600
vt 0.677100 0.702600
vt 0.661200 0.738300
vt 0.643000 0.767500
vt 0.578900 0.630400
vt 0.577400 0.653800
vt 0.618000 0.630400
vt 0.611800 0.652700
vt 0.578700 0.676100
vt 0.602400 0.669700
vt 0.666800 0.630400
vt 0.650700 0.656800
vt 0.619000 0.679800
vt 0.588700 0.696000
vt 0.601700 0.545200
vt 0.588700 0.564700
vt 0.635600 0.564700
vt 0.619000 0.580900
vt 0.578700 0.584700
vt 0.602400 0.591000
vt 0.677900 0.589200
vt 0.650700 0.604000
vt 0.611800 0.608100
vt 0.577400 0.606900
vt 0.664100 0.482800
vt 0.643000 0.493200
vt 0.683600 0.516700
vt 0.661200 0.522400
vt 0.624400 0.505500
vt 0.641700 0.522800
vt 0.708100 0.559000
vt 0.677100 0.558200
vt 0.641300 0.542300
vt 0.612100 0.524100
vt 0.749300 0.460000
vt 0.725800 0.458500
vt 0.749300 0.499100
vt 0.727000 0.492900
vt 0.703600 0.459800
vt 0.709900 0.483500
vt 0.749300 0.547900
vt 0.722900 0.531800
vt 0.699800 0.500100
vt 0.683600 0.469800
vt 0.834500 0.482800
vt 0.814900 0.469800
vt 0.814900 0.516700
vt 0.798700 0.500100
vt 0.795000 0.459800
vt 0.788600 0.483500
vt 0.790500 0.559000
vt 0.775700 0.531800
vt 0.771600 0.492900
vt 0.772700 0.458500
vt 0.896800 0.545200
vt 0.886400 0.524100
vt 0.863000 0.564700
vt 0.857200 0.542300
vt 0.874100 0.505500
vt 0.856800 0.522800
vt 0.820700 0.589200
vt 0.821500 0.558200
vt 0.837400 0.522400
vt 0.855500 0.493200
vt 0.921200 0.606900
vt 0.886800 0.608100
vt 0.919800 0.584700
vt 0.896200 0.591000
vt 0.847900 0.604000
vt 0.879500 0.580900
vt 0.909900 0.564700
vt 0.421000 0.707300
vt 0.422500 0.730800
vt 0.381900 0.707300
vt 0.388100 0.729700
vt 0.421200 0.753000
vt 0.397500 0.746700
vt 0.333000 0.707300
vt 0.250600 0.707300
vt 0.322000 0.748600
vt 0.349200 0.733800
vt 0.364300 0.773000
vt 0.380900 0.756800
vt 0.411200 0.773000
vt 0.398200 0.792500
vt 0.398200 0.622200
vt 0.411200 0.641700
vt 0.364300 0.641700
vt 0.380900 0.657900
vt 0.421200 0.661600
vt 0.397500 0.668000
vt 0.322000 0.666100
vt 0.349200 0.680900
vt 0.388100 0.685000
vt 0.422500 0.683900
vt 0.335800 0.559800
vt 0.356800 0.570200
vt 0.316300 0.593600
vt 0.338700 0.599400
vt 0.375500 0.582500
vt 0.358200 0.599800
vt 0.291800 0.635900
vt 0.322800 0.635200
vt 0.358500 0.619300
vt 0.387800 0.601100
vt 0.250600 0.537000
vt 0.274000 0.535500
vt 0.250600 0.576000
vt 0.272900 0.569800
vt 0.296300 0.536800
vt 0.290000 0.560400
vt 0.250600 0.624900
vt 0.277000 0.608700
vt 0.300000 0.577100
vt 0.316300 0.546800
vt 0.165400 0.559800
vt 0.185000 0.546800
vt 0.185000 0.593600
vt 0.201200 0.577100
vt 0.204900 0.536800
vt 0.211200 0.560400
vt 0.209400 0.635900
vt 0.224200 0.608700
vt 0.228300 0.569800
vt 0.227200 0.535500
vt 0.103000 0.622200
vt 0.113500 0.601100
vt 0.136900 0.641700
vt 0.142700 0.619300
vt 0.125700 0.582500
vt 0.143100 0.599800
vt 0.179200 0.666100
vt 0.178400 0.635200
vt 0.162500 0.599400
vt 0.144400 0.570200
vt 0.080200 0.707300
vt 0.078700 0.683900
vt 0.119300 0.707300
vt 0.113100 0.685000
vt 0.080000 0.661600
vt 0.103700 0.668000
vt 0.168200 0.707300
vt 0.152000 0.680900
vt 0.120400 0.657900
vt 0.090000 0.641700
vt 0.103000 0.792500
vt 0.090000 0.773000
vt 0.136900 0.773000
vt 0.120400 0.756800
vt 0.080000 0.753000
vt 0.103700 0.746700
vt 0.179200 0.748600
vt 0.152000 0.733800
vt 0.113100 0.729700
vt 0.078700 0.730800
vt 0.165400 0.854900
vt 0.144400 0.844500
vt 0.185000 0.821000
vt 0.162500 0.815300
vt 0.125700 0.832200
vt 0.143100 0.814900
vt 0.209400 0.778700
vt 0.178400 0.779500
vt 0.142700 0.795400
vt 0.113500 0.813600
vt 0.250600 0.877700
vt 0.227200 0.879200
vt 0.250600 0.838600
vt 0.228300 0.844900
vt 0.204900 0.877900
vt 0.211200 0.854300
vt 0.250600 0.789800
vt 0.224200 0.805900
vt 0.201200 0.837600
vt 0.185000 0.867900
vt 0.335800 0.854900
vt 0.316300 0.867900
vt 0.316300 0.821000
vt 0.300000 0.837600
vt 0.296300 0.877900
vt 0.290000 0.854300
vt 0.291800 0.778700
vt 0.277000 0.805900
vt 0.272900 0.844900
vt 0.274000 0.879200
vt 0.387800 0.813600
vt 0.358500 0.795400
vt 0.375500 0.832200
vt 0.358200 0.814900
vt 0.322800 0.779500
vt 0.338700 0.815300
vt 0.356800 0.844500
vt 0.251000 0.959400
vt 0.220000 0.959400
vt 0.251000 0.957100
vt 0.220000 0.957100
vt 0.188900 0.959400
vt 0.188900 0.957100
vt 0.251000 0.955900
vt 0.251000 0.955100
vt 0.220000 0.955100
vt 0.220000 0.955900
vt 0.188900 0.955100
vt 0.188900 0.955900
vt 0.126800 0.955100
vt 0.126800 0.955900
vt 0.157900 0.955900
vt 0.157900 0.955100
vt 0.126800 0.957100
vt 0.157900 0.957100
vt 0.126800 0.959400
vt 0.157900 0.959400
vt 0.126800 0.990900
vt 0.157900 0.990900
vt 0.126800 0.993100
vt 0.157900 0.993100
vt 0.188900 0.990900
vt 0.188900 0.993100
vt 0.126800 0.994400
vt 0.126800 0.995200
vt 0.157900 0.995200
vt 0.157900 0.994400
vt 0.188900 0.995200
vt 0.188900 0.994400
vt 0.251000 0.995200
vt 0.251000 0.994400
vt 0.220000 0.994400
vt 0.220000 0.995200
vt 0.251000 0.993100
vt 0.220000 0.993100
vt 0.251000 0.990900
vt 0.220000 0.990900
vt 0.375300 0.959400
vt 0.344200 0.959400
vt 0.375300 0.957100
vt 0.344200 0.957100
vt 0.313100 0.959400
vt 0.313100 0.957100
vt 0.375300 0.955900
vt 0.375300 0.955100
vt 0.344200 0.955100
vt 0.344200 0.955900
vt 0.313100 0.955100
vt 0.313100 0.955900
vt 0.282100 0.955900
vt 0.282100 0.955100
vt 0.282100 0.957100
vt 0.282100 0.959400
vt 0.282100 0.990900
vt 0.282100 0.993100
vt 0.313100 0.990900
vt 0.313100 0.993100
vt 0.282100 0.995200
vt 0.282100 0.994400
vt 0.313100 0.995200
vt 0.313100 0.994400
vt 0.375300 0.995200
vt 0.375300 0.994400
vt 0.344200 0.994400
vt 0.344200 0.995200
vt 0.375300 0.993100
vt 0.344200 0.993100
vt 0.375300 0.990900
vt 0.344200 0.990900
vt 0.499500 0.959400
vt 0.468400 0.959400
vt 0.499500 0.957100
vt 0.468400 0.957100
vt 0.437400 0.959400
vt 0.437400 0.957100
vt 0.499500 0.955900
vt 0.499500 0.955100
vt 0.468400 0.955100
vt 0.468400 0.955900
vt 0.437400 0.955100
vt 0.437400 0.955900
vt 0.406300 0.955900
vt 0.406300 0.955100
vt 0.406300 0.957100
vt 0.406300 0.959400
vt 0.406300 0.990900
vt 0.406300 0.993100
vt 0.437400 0.990900
vt 0.437400 0.993100
vt 0.406300 0.995200
vt 0.406300 0.994400
vt 0.437400 0.995200
vt 0.437400 0.994400
vt 0.499500 0.995200
vt 0.499500 0.994400
vt 0.468400 0.994400
vt 0.468400 0.995200
vt 0.499500 0.993100
vt 0.468400 0.993100
vt 0.499500 0.990900
vt 0.468400 0.990900
vt 0.623700 0.959400
vt 0.592600 0.959400
vt 0.623700 0.957100
vt 0.592600 0.957100
vt 0.561600 0.959400
vt 0.561600 0.957100
vt 0.623700 0.955900
vt 0.623700 0.955100
vt 0.592600 0.955100
vt 0.592600 0.955900
vt 0.561600 0.955100
vt 0.561600 0.955900
vt 0.530500 0.955900
vt 0.530500 0.955100
vt 0.530500 0.957100
vt 0.530500 0.959400
vt 0.530500 0.990900
vt 0.530500 0.993100
vt 0.561600 0.990900
vt 0.561600 0.993100
vt 0.530500 0.995200
vt 0.530500 0.994400
vt 0.561600 0.995200
vt 0.561600 0.994400
vt 0.623700 0.995200
vt 0.623700 0.994400
vt 0.592600 0.994400
vt 0.592600 0.995200
vt 0.623700 0.993100
vt 0.592600 0.993100
vt 0.623700 0.990900
vt 0.592600 0.990900
vt 0.747900 0.959400
vt 0.716900 0.959400
vt 0.747900 0.957100
vt 0.716900 0.957100
vt 0.685800 0.959400
vt 0.685800 0.957100
vt 0.747900 0.955900
vt 0.747900 0.955100
vt 0.716900 0.955100
vt 0.716900 0.955900
vt 0.685800 0.955100
vt 0.685800 0.955900
vt 0.654800 0.955900
vt 0.654800 0.955100
vt 0.654800 0.957100
vt 0.654800 0.959400
vt 0.654800 0.990900
vt 0.654800 0.993100
vt 0.685800 0.990900
vt 0.685800 0.993100
vt 0.654800 0.995200
vt 0.654800 0.994400
vt 0.685800 0.995200
vt 0.685800 0.994400
vt 0.747900 0.995200
vt 0.747900 0.994400
vt 0.716900 0.994400
vt 0.716900 0.995200
vt 0.747900 0.993100
vt 0.716900 0.993100
vt 0.747900 0.990900
vt 0.716900 0.990900
vt 0.872100 0.959400
vt 0.841100 0.959400
vt 0.872100 0.957100
vt 0.841100 0.957100
vt 0.810000 0.959400
vt 0.810000 0.957100
vt 0.872100 0.955900
vt 0.872100 0.955100
vt 0.841100 0.955100
vt 0.841100 0.955900
vt 0.810000 0.955100
vt 0.810000 0.955900
vt 0.779000 0.955900
vt 0.779000 0.955100
vt 0.779000 0.957100
vt 0.779000 0.959400
vt 0.779000 0.990900
vt 0.779000 0.993100
vt 0.810000 0.990900
vt 0.810000 0.993100
vt 0.779000 0.995200
vt 0.779000 0.994400
vt 0.810000 0.995200
vt 0.810000 0.994400
vt 0.872100 0.995200
vt 0.872100 0.994400
vt 0.841100 0.994400
vt 0.841100 0.995200
vt 0.872100 0.993100
vt 0.841100 0.993100
vt 0.872100 0.990900
vt 0.841100 0.990900
vt 0.996400 0.957500
vt 0.965300 0.958400
vt 0.996400 0.956700
vt 0.965300 0.956900
vt 0.934300 0.959100
vt 0.934300 0.957100
vt 0.996400 0.955900
vt 0.996400 0.955100
vt 0.965300 0.955100
vt 0.965300 0.955900
vt 0.934300 0.955100
vt 0.934300 0.955900
vt 0.903200 0.955900
vt 0.903200 0.955100
vt 0.903200 0.957100
vt 0.903200 0.959400
vt 0.903200 0.990900
vt 0.903200 0.993100
vt 0.934300 0.991100
vt 0.934300 0.993200
vt 0.903200 0.995200
vt 0.903200 0.994400
vt 0.934300 0.995200
vt 0.934300 0.994400
vt 0.996400 0.995200
vt 0.996400 0.994400
vt 0.965300 0.994400
vt 0.965300 0.995200
vt 0.996400 0.993600
vt 0.965300 0.993400
vt 0.996400 0.992800
vt 0.965300 0.991800
vt 0.623800 0.910400
vt 0.592700 0.910400
vt 0.623800 0.908200
vt 0.592700 0.908200
vt 0.561700 0.910200
vt 0.561700 0.908100
vt 0.623800 0.906900
vt 0.623800 0.906100
vt 0.592700 0.906100
vt 0.592700 0.906900
vt 0.561700 0.906100
vt 0.561700 0.906900
vt 0.499500 0.906100
vt 0.499500 0.906900
vt 0.530600 0.906900
vt 0.530600 0.906100
vt 0.499500 0.907700
vt 0.530600 0.907900
vt 0.499500 0.908500
vt 0.530600 0.909400
vt 0.499500 0.943800
vt 0.530600 0.942900
vt 0.499500 0.944600
vt 0.530600 0.944400
vt 0.561700 0.942100
vt 0.561700 0.944200
vt 0.499500 0.945400
vt 0.499500 0.946200
vt 0.530600 0.946200
vt 0.530600 0.945400
vt 0.561700 0.946200
vt 0.561700 0.945400
vt 0.623800 0.946200
vt 0.623800 0.945400
vt 0.592700 0.945400
vt 0.592700 0.946200
vt 0.623800 0.944100
vt 0.592700 0.944100
vt 0.623800 0.941900
vt 0.592700 0.941900
vt 0.748000 0.910400
vt 0.716900 0.910400
vt 0.748000 0.908200
vt 0.716900 0.908200
vt 0.685900 0.910400
vt 0.685900 0.908200
vt 0.748000 0.906900
vt 0.748000 0.906100
vt 0.716900 0.906100
vt 0.716900 0.906900
vt 0.685900 0.906100
vt 0.685900 0.906900
vt 0.654800 0.906900
vt 0.654800 0.906100
vt 0.654800 0.908200
vt 0.654800 0.910400
vt 0.654800 0.941900
vt 0.654800 0.944100
vt 0.685900 0.941900
vt 0.685900 0.944100
vt 0.654800 0.946200
vt 0.654800 0.945400
vt 0.685900 0.946200
vt 0.685900 0.945400
vt 0.748000 0.946200
vt 0.748000 0.945400
vt 0.716900 0.945400
vt 0.716900 0.946200
vt 0.748000 0.944100
vt 0.716900 0.944100
vt 0.748000 0.941900
vt 0.716900 0.941900
vt 0.872200 0.910400
vt 0.841200 0.910400
vt 0.872200 0.908200
vt 0.841200 0.908200
vt 0.810100 0.910400
vt 0.810100 0.908200
vt 0.872200 0.906900
vt 0.872200 0.906100
vt 0.841200 0.906100
vt 0.841200 0.906900
vt 0.810100 0.906100
vt 0.810100 0.906900
vt 0.779000 0.906900
vt 0.779000 0.906100
vt 0.779000 0.908200
vt 0.779000 0.910400
vt 0.779000 0.941900
vt 0.779000 0.944100
vt 0.810100 0.941900
vt 0.810100 0.944100
vt 0.779000 0.946200
vt 0.779000 0.945400
vt 0.810100 0.946200
vt 0.810100 0.945400
vt 0.872200 0.946200
vt 0.872200 0.945400
vt 0.841200 0.945400
vt 0.841200 0.946200
vt 0.872200 0.944100
vt 0.841200 0.944100
vt 0.872200 0.941900
vt 0.841200 0.941900
vt 0.996400 0.908500
vt 0.965400 0.909400
vt 0.996400 0.907700
vt 0.965400 0.907900
vt 0.934300 0.910200
vt 0.934300 0.908100
vt 0.996400 0.906900
vt 0.996400 0.906100
vt 0.965400 0.906100
vt 0.965400 0.906900
vt 0.934300 0.906100
vt 0.934300 0.906900
vt 0.903300 0.906900
vt 0.903300 0.906100
vt 0.903300 0.908200
vt 0.903300 0.910400
vt 0.903300 0.941900
vt 0.903300 0.944100
vt 0.934300 0.942100
vt 0.934300 0.944200
vt 0.903300 0.946200
vt 0.903300 0.945400
vt 0.934300 0.946200
vt 0.934300 0.945400
vt 0.996400 0.946200
vt 0.996400 0.945400
vt 0.965400 0.945400
vt 0.965400 0.946200
vt 0.996400 0.944600
vt 0.965400 0.944400
vt 0.996400 0.943800
vt 0.965400 0.942900
vt 0.095800 0.959400
vt 0.095800 0.957100
vt 0.064700 0.959100
vt 0.064700 0.957100
vt 0.095800 0.955100
vt 0.095800 0.955900
vt 0.064700 0.955100
vt 0.064700 0.955900
vt 0.002600 0.955100
vt 0.002600 0.955900
vt 0.033600 0.955900
vt 0.033600 0.955100
vt 0.002600 0.956700
vt 0.033600 0.956900
vt 0.002600 0.957500
vt 0.033600 0.958400
vt 0.002600 0.992800
vt 0.033600 0.991800
vt 0.002600 0.993600
vt 0.033600 0.993400
vt 0.064700 0.991100
vt 0.064700 0.993200
vt 0.002600 0.994400
vt 0.002600 0.995200
vt 0.033600 0.995200
vt 0.033600 0.994400
vt 0.064700 0.995200
vt 0.064700 0.994400
vt 0.095800 0.994400
vt 0.095800 0.995200
vt 0.095800 0.993100
vt 0.095800 0.990900
s 1
usemtl 01___Default
f 1/1/1 2/2/1 3/3/2 4/4/2
f 2/2/1 5/5/1 6/6/2 3/3/2
f 4/4/2 3/3/2 7/7/3 8/8/4
f 3/3/2 6/6/2 9/9/3 7/7/3
f 10/10/1 11/11/1 12/12/2 13/13/2
f 13/13/2 12/12/2 14/14/4 15/15/3
f 5/5/1 10/10/1 13/13/2 6/6/2
f 6/6/2 13/13/2 15/15/3 9/9/3
f 16/16/5 17/17/5 18/18/6 19/19/6
f 17/17/5 20/20/5 21/21/6 18/18/6
f 19/19/6 18/18/6 15/15/3 14/14/4
f 18/18/6 21/21/6 9/9/3 15/15/3
f 22/22/5 23/23/5 24/24/6 25/25/6
f 25/25/6 24/24/6 8/8/4 7/7/3
f 20/20/5 22/22/5 25/25/6 21/21/6
f 21/21/6 25/25/6 7/7/3 9/9/3
f 26/26/7 27/27/8 28/28/9 29/29/10
f 27/27/8 30/30/8 31/31/11 28/28/9
f 29/29/10 28/28/9 32/32/12 33/33/13
f 28/28/9 31/31/11 34/34/13 32/32/12
f 35/35/14 36/36/8 37/37/11 38/38/10
f 38/38/10 37/37/11 39/39/15 40/40/13
f 30/30/8 35/35/14 38/38/10 31/31/11
f 31/31/11 38/38/10 40/40/13 34/34/13
f 11/11/1 10/10/1 41/41/16 42/42/17
f 10/10/1 5/5/1 43/43/18 41/41/16
f 42/42/17 41/41/16 40/40/13 39/39/15
f 41/41/16 43/43/18 34/34/13 40/40/13
f 2/2/1 1/1/1 44/44/17 45/45/19
f 45/45/19 44/44/17 33/33/13 32/32/12
f 5/5/1 2/2/1 45/45/19 43/43/18
f 43/43/18 45/45/19 32/32/12 34/34/13
f 46/46/20 47/47/21 48/48/22 49/49/23
f 47/47/21 50/50/24 51/51/23 48/48/22
f 49/49/23 48/48/22 52/52/25 53/53/26
f 48/48/22 51/51/23 54/54/25 52/52/25
f 55/55/24 56/56/27 57/57/28 58/58/29
f 58/58/29 57/57/28 59/59/30 60/60/26
f 50/50/24 55/55/24 58/58/29 51/51/23
f 51/51/23 58/58/29 60/60/26 54/54/25
f 36/36/8 35/35/14 61/61/31 62/62/31
f 35/35/14 30/30/8 63/63/31 61/61/31
f 62/62/31 61/61/31 60/60/26 59/59/30
f 61/61/31 63/63/31 54/54/25 60/60/26
f 27/27/8 26/26/7 64/64/31 65/65/31
f 65/65/31 64/64/31 53/53/26 52/52/25
f 30/30/8 27/27/8 65/65/31 63/63/31
f 63/63/31 65/65/31 52/52/25 54/54/25
f 66/66/32 67/67/32 68/68/33 69/69/33
f 67/67/32 70/70/32 71/71/34 68/68/33
f 69/69/33 68/68/33 72/72/35 73/73/35
f 68/68/33 71/71/34 74/74/35 72/72/35
f 75/75/36 76/76/32 77/77/37 78/78/33
f 78/78/33 77/77/37 79/79/38 80/80/35
f 70/70/32 75/75/36 78/78/33 71/71/34
f 71/71/34 78/78/33 80/80/35 74/74/35
f 56/56/27 55/55/24 81/81/39 82/82/40
f 55/55/24 50/50/24 83/83/41 81/81/39
f 82/82/40 81/81/39 80/80/35 79/79/38
f 81/81/39 83/83/41 74/74/35 80/80/35
f 47/47/21 46/46/20 84/84/42 85/85/43
f 85/85/43 84/84/42 73/73/35 72/72/35
f 50/50/24 47/47/21 85/85/43 83/83/41
f 83/83/41 85/85/43 72/72/35 74/74/35
f 86/86/44 87/87/44 88/88/45 89/89/46
f 87/87/44 90/90/44 91/91/47 88/88/45
f 89/89/46 88/88/45 92/92/48 93/93/49
f 88/88/45 91/91/47 94/94/50 92/92/48
f 95/95/44 96/96/44 97/97/47 98/98/51
f 98/98/51 97/97/47 99/99/52 100/100/49
f 90/90/44 95/95/44 98/98/51 91/91/47
f 91/91/47 98/98/51 100/100/49 94/94/50
f 76/76/32 75/75/36 101/101/53 102/102/54
f 75/75/36 70/70/32 103/103/53 101/101/53
f 102/102/54 101/101/53 100/100/49 99/99/52
f 101/101/53 103/103/53 94/94/50 100/100/49
f 67/67/32 66/66/32 104/104/53 105/105/54
f 105/105/54 104/104/53 93/93/49 92/92/48
f 70/70/32 67/67/32 105/105/54 103/103/53
f 103/103/53 105/105/54 92/92/48 94/94/50
f 106/106/55 107/107/55 108/108/56 109/109/56
f 107/107/55 110/110/55 111/111/56 108/108/56
f 109/109/56 108/108/56 112/112/57 113/113/58
f 108/108/56 111/111/56 114/114/57 112/112/57
f 115/115/55 116/116/55 117/117/56 118/118/56
f 118/118/56 117/117/56 119/119/58 120/120/57
f 110/110/55 115/115/55 118/118/56 111/111/56
f 111/111/56 118/118/56 120/120/57 114/114/57
f 96/96/44 95/95/44 121/121/59 122/122/60
f 95/95/44 90/90/44 123/123/60 121/121/59
f 122/122/60 121/121/59 120/120/57 119/119/58
f 121/121/59 123/123/60 114/114/57 120/120/57
f 87/87/44 86/86/44 124/124/59 125/125/60
f 125/125/60 124/124/59 113/113/58 112/112/57
f 90/90/44 87/87/44 125/125/60 123/123/60
f 123/123/60 125/125/60 112/112/57 114/114/57
f 126/126/61 127/127/61 128/128/62 129/129/63
f 127/127/61 130/130/61 131/131/63 128/128/62
f 129/129/63 128/128/62 132/132/64 133/133/65
f 128/128/62 131/131/63 134/134/65 132/132/64
f 135/135/61 136/136/61 137/137/63 138/138/63
f 138/138/63 137/137/63 139/139/64 140/140/64
f 130/130/61 135/135/61 138/138/63 131/131/63
f 131/131/63 138/138/63 140/140/64 134/134/65
f 116/116/55 115/115/55 141/141/66 142/142/66
f 115/115/55 110/110/55 143/143/66 141/141/66
f 142/142/66 141/141/66 140/140/64 139/139/64
f 141/141/66 143/143/66 134/134/65 140/140/64
f 107/107/55 106/106/55 144/144/66 145/145/66
f 145/145/66 144/144/66 133/133/65 132/132/64
f 110/110/55 107/107/55 145/145/66 143/143/66
f 143/143/66 145/145/66 132/132/64 134/134/65
f 146/146/67 147/147/68 148/148/69 149/149/70
f 147/147/68 150/150/71 151/151/72 148/148/69
f 149/149/70 148/148/69 152/152/73 153/153/74
f 148/148/69 151/151/72 154/154/75 152/152/73
f 155/155/76 156/156/71 157/157/77 158/158/70
f 158/158/70 157/157/77 159/159/75 160/160/78
f 150/150/71 155/155/76 158/158/70 151/151/72
f 151/151/72 158/158/70 160/160/78 154/154/75
f 136/161/61 135/162/61 161/163/79 162/164/80
f 135/162/61 130/165/61 163/166/81 161/163/79
f 162/164/80 161/163/79 160/160/78 159/159/75
f 161/163/79 163/166/81 154/154/75 160/160/78
f 127/167/61 126/168/61 164/169/82 165/170/83
f 165/170/83 164/169/82 153/153/74 152/152/73
f 130/165/61 127/167/61 165/170/83 163/166/81
f 163/166/81 165/170/83 152/152/73 154/154/75
f 166/171/84 167/172/85 168/173/86 169/174/87
f 167/172/85 170/175/85 171/176/86 168/173/86
f 169/174/87 168/173/86 172/177/88 173/178/89
f 168/173/86 171/176/86 174/179/90 172/177/88
f 175/180/91 176/181/84 177/182/86 178/183/92
f 178/183/92 177/182/86 179/184/93 180/185/93
f 170/175/85 175/180/91 178/183/92 171/176/86
f 171/176/86 178/183/92 180/185/93 174/179/90
f 156/156/71 155/155/76 181/186/94 182/187/94
f 155/155/76 150/150/71 183/188/95 181/186/94
f 182/187/94 181/186/94 180/185/93 179/184/93
f 181/186/94 183/188/95 174/179/90 180/185/93
f 147/147/68 146/146/67 184/189/96 185/190/94
f 185/190/94 184/189/96 173/178/89 172/177/88
f 150/150/71 147/147/68 185/190/94 183/188/95
f 183/188/95 185/190/94 172/177/88 174/179/90
f 186/191/97 187/192/97 188/193/98 189/194/98
f 187/192/97 190/195/97 191/196/98 188/193/98
f 189/194/98 188/193/98 192/197/99 193/198/99
f 188/193/98 191/196/98 194/199/100 192/197/99
f 195/200/97 196/201/97 197/202/98 198/203/98
f 198/203/98 197/202/98 199/204/101 200/205/101
f 190/195/97 195/200/97 198/203/98 191/196/98
f 191/196/98 198/203/98 200/205/101 194/199/100
f 176/181/84 175/180/91 201/206/102 202/207/103
f 175/180/91 170/175/85 203/208/104 201/206/102
f 202/207/103 201/206/102 200/205/101 199/204/101
f 201/206/102 203/208/104 194/199/100 200/205/101
f 167/172/85 166/171/84 204/209/105 205/210/104
f 205/210/104 204/209/105 193/198/99 192/197/99
f 170/175/85 167/172/85 205/210/104 203/208/104
f 203/208/104 205/210/104 192/197/99 194/199/100
f 206/211/106 207/212/106 208/213/107 209/214/107
f 207/212/106 210/215/106 211/216/107 208/213/107
f 209/214/107 208/213/107 212/217/108 213/218/109
f 208/213/107 211/216/107 214/219/110 212/217/108
f 215/220/106 216/221/106 217/222/107 218/223/107
f 218/223/107 217/222/107 219/224/110 220/225/109
f 210/215/106 215/220/106 218/223/107 211/216/107
f 211/216/107 218/223/107 220/225/109 214/219/110
f 196/201/97 195/200/97 221/226/111 222/227/111
f 195/200/97 190/195/97 223/228/112 221/226/111
f 222/227/111 221/226/111 220/225/109 219/224/110
f 221/226/111 223/228/112 214/219/110 220/225/109
f 187/192/97 186/191/97 224/229/113 225/230/111
f 225/230/111 224/229/113 213/218/109 212/217/108
f 190/195/97 187/192/97 225/230/111 223/228/112
f 223/228/112 225/230/111 212/217/108 214/219/110
f 23/23/5 22/22/5 226/231/114 227/232/114
f 22/22/5 20/20/5 228/233/114 226/231/114
f 227/232/114 226/231/114 229/234/115 230/235/115
f 226/231/114 228/233/114 231/236/116 229/234/115
f 17/17/5 16/16/5 232/237/114 233/238/114
f 233/238/114 232/237/114 234/239/116 235/240/116
f 20/20/5 17/17/5 233/238/114 228/233/114
f 228/233/114 233/238/114 235/240/116 231/236/116
f 216/241/106 215/242/106 236/243/117 237/244/118
f 215/242/106 210/245/106 238/246/118 236/243/117
f 237/244/118 236/243/117 235/240/116 234/239/116
f 236/243/117 238/246/118 231/236/116 235/240/116
f 207/247/106 206/248/106 239/249/118 240/250/118
f 240/250/118 239/249/118 230/235/115 229/234/115
f 210/245/106 207/247/106 240/250/118 238/246/118
f 238/246/118 240/250/118 229/234/115 231/236/116
f 241/251/119 242/252/120 243/253/121 244/254/122
f 242/252/120 245/255/123 246/256/124 243/253/121
f 244/254/122 243/253/121 247/257/125 248/258/126
f 243/253/121 246/256/124 249/259/127 247/257/125
f 250/260/128 251/261/129 252/262/130 253/263/131
f 253/263/131 252/262/130 254/264/132 255/265/133
f 245/255/123 250/260/128 253/263/131 246/256/124
f 246/256/124 253/263/131 255/265/133 249/259/127
f 256/266/134 257/267/135 258/268/136 259/269/137
f 257/267/135 260/270/134 261/271/138 258/268/136
f 259/269/137 258/268/136 255/265/133 254/264/132
f 258/268/136 261/271/138 249/259/127 255/265/133
f 262/272/139 263/273/140 264/274/141 265/275/142
f 265/275/142 264/274/141 248/258/126 247/257/125
f 260/270/134 262/272/139 265/275/142 261/271/138
f 261/271/138 265/275/142 247/257/125 249/259/127
f 251/261/129 266/276/143 267/277/144 252/262/130
f 266/276/143 268/278/145 269/279/146 267/277/144
f 252/262/130 267/277/144 270/280/147 254/264/132
f 267/277/144 269/279/146 271/281/148 270/280/147
f 272/282/149 273/283/150 274/284/151 275/285/152
f 275/285/152 274/284/151 276/286/153 277/287/154
f 268/278/145 272/282/149 275/285/152 269/279/146
f 269/279/146 275/285/152 277/287/154 271/281/148
f 278/288/155 279/289/135 280/290/156 281/291/157
f 279/289/135 282/292/140 283/293/158 280/290/156
f 281/291/157 280/290/156 277/287/154 276/286/153
f 280/290/156 283/293/158 271/281/148 277/287/154
f 284/294/134 256/266/134 259/269/137 285/295/159
f 285/295/159 259/269/137 254/264/132 270/280/147
f 282/292/140 284/294/134 285/295/159 283/293/158
f 283/293/158 285/295/159 270/280/147 271/281/148
f 273/283/150 286/296/160 287/297/161 274/284/151
f 286/296/160 288/298/162 289/299/163 287/297/161
f 274/284/151 287/297/161 290/300/164 276/286/153
f 287/297/161 289/299/163 291/301/165 290/300/164
f 292/302/166 293/303/167 294/304/168 295/305/169
f 295/305/169 294/304/168 296/306/170 297/307/171
f 288/298/162 292/302/166 295/305/169 289/299/163
f 289/299/163 295/305/169 297/307/171 291/301/165
f 298/308/134 299/309/172 300/310/173 301/311/174
f 299/309/172 302/312/175 303/313/176 300/310/173
f 301/311/174 300/310/173 297/307/171 296/306/170
f 300/310/173 303/313/176 291/301/165 297/307/171
f 304/314/140 278/288/155 281/291/157 305/315/177
f 305/315/177 281/291/157 276/286/153 290/300/164
f 302/312/175 304/314/140 305/315/177 303/313/176
f 303/313/176 305/315/177 290/300/164 291/301/165
f 293/303/167 306/316/178 307/317/179 294/304/168
f 306/316/178 308/318/180 309/319/181 307/317/179
f 294/304/168 307/317/179 310/320/182 296/306/170
f 307/317/179 309/319/181 311/321/183 310/320/182
f 312/322/184 313/323/185 314/324/186 315/325/187
f 315/325/187 314/324/186 316/326/188 317/327/189
f 308/318/180 312/322/184 315/325/187 309/319/181
f 309/319/181 315/325/187 317/327/189 311/321/183
f 318/328/135 319/329/190 320/330/191 321/331/192
f 319/329/190 322/332/139 323/333/193 320/330/191
f 321/331/192 320/330/191 317/327/189 316/326/188
f 320/330/191 323/333/193 311/321/183 317/327/189
f 324/334/135 298/308/134 301/311/174 325/335/194
f 325/335/194 301/311/174 296/306/170 310/320/182
f 322/332/139 324/334/135 325/335/194 323/333/193
f 323/333/193 325/335/194 310/320/182 311/321/183
f 313/323/185 326/336/195 327/337/196 314/324/186
f 326/336/195 328/338/197 329/339/198 327/337/196
f 314/324/186 327/337/196 330/340/199 316/326/188
f 327/337/196 329/339/198 331/341/200 330/340/199
f 332/342/201 333/343/202 334/344/203 335/345/204
f 335/345/204 334/344/203 336/346/205 337/347/206
f 328/338/197 332/342/201 335/345/204 329/339/198
f 329/339/198 335/345/204 337/347/206 331/341/200
f 338/348/175 339/349/155 340/350/207 341/351/208
f 339/349/155 342/352/209 343/353/210 340/350/207
f 341/351/208 340/350/207 337/347/206 336/346/205
f 340/350/207 343/353/210 331/341/200 337/347/206
f 344/354/190 318/328/135 321/331/192 345/355/211
f 345/355/211 321/331/192 316/326/188 330/340/199
f 342/352/209 344/354/190 345/355/211 343/353/210
f 343/353/210 345/355/211 330/340/199 331/341/200
f 333/343/202 346/356/212 347/357/213 334/344/203
f 346/356/212 348/358/214 349/359/215 347/357/213
f 334/344/203 347/357/213 350/360/216 336/346/205
f 347/357/213 349/359/215 351/361/217 350/360/216
f 352/362/218 353/363/219 354/364/220 355/365/221
f 355/365/221 354/364/220 356/366/222 357/367/223
f 348/358/214 352/362/218 355/365/221 349/359/215
f 349/359/215 355/365/221 357/367/223 351/361/217
f 358/368/135 359/369/135 360/370/224 361/371/225
f 359/369/135 362/372/134 363/373/226 360/370/224
f 361/371/225 360/370/224 357/367/223 356/366/222
f 360/370/224 363/373/226 351/361/217 357/367/223
f 364/374/209 338/348/175 341/351/208 365/375/227
f 365/375/227 341/351/208 336/346/205 350/360/216
f 362/372/134 364/374/209 365/375/227 363/373/226
f 363/373/226 365/375/227 350/360/216 351/361/217
f 353/363/219 366/376/228 367/377/229 354/364/220
f 366/376/228 368/378/230 369/379/231 367/377/229
f 354/364/220 367/377/229 370/380/232 356/366/222
f 367/377/229 369/379/231 371/381/233 370/380/232
f 372/382/234 373/383/235 374/384/236 375/385/237
f 375/385/237 374/384/236 376/386/238 377/387/239
f 368/378/230 372/382/234 375/385/237 369/379/231
f 369/379/231 375/385/237 377/387/239 371/381/233
f 378/388/240 379/389/241 380/390/242 381/391/243
f 379/389/241 382/392/155 383/393/244 380/390/242
f 381/391/243 380/390/242 377/387/239 376/386/238
f 380/390/242 383/393/244 371/381/233 377/387/239
f 384/394/135 358/368/135 361/371/225 385/395/245
f 385/395/245 361/371/225 356/366/222 370/380/232
f 382/392/155 384/394/135 385/395/245 383/393/244
f 383/393/244 385/395/245 370/380/232 371/381/233
f 373/383/235 386/396/246 387/397/247 374/384/236
f 386/396/246 388/398/248 389/399/249 387/397/247
f 374/384/236 387/397/247 390/400/250 376/386/238
f 387/397/247 389/399/249 391/401/251 390/400/250
f 392/402/252 393/403/253 394/404/254 395/405/255
f 395/405/255 394/404/254 396/406/256 397/407/257
f 388/398/248 392/402/252 395/405/255 389/399/249
f 389/399/249 395/405/255 397/407/257 391/401/251
f 398/408/135 399/409/139 400/410/258 401/411/259
f 399/409/139 402/412/134 403/413/260 400/410/258
f 401/411/259 400/410/258 397/407/257 396/406/256
f 400/410/258 403/413/260 391/401/251 397/407/257
f 404/414/261 378/388/240 381/391/243 405/415/262
f 405/415/262 381/391/243 376/386/238 390/400/250
f 402/412/134 404/414/261 405/415/262 403/413/260
f 403/413/260 405/415/262 390/400/250 391/401/251
f 393/403/253 406/416/263 407/417/264 394/404/254
f 406/416/263 408/418/265 409/419/266 407/417/264
f 394/404/254 407/417/264 410/420/267 396/406/256
f 407/417/264 409/419/266 411/421/268 410/420/267
f 412/422/269 413/423/270 414/424/271 415/425/272
f 415/425/272 414/424/271 416/426/273 417/427/274
f 408/418/265 412/422/269 415/425/272 409/419/266
f 409/419/266 415/425/272 417/427/274 411/421/268
f 418/428/140 419/429/172 420/430/275 421/431/276
f 419/429/172 422/432/175 423/433/277 420/430/275
f 421/431/276 420/430/275 417/427/274 416/426/273
f 420/430/275 423/433/277 411/421/268 417/427/274
f 424/434/172 398/408/135 401/411/259 425/435/278
f 425/435/278 401/411/259 396/406/256 410/420/267
f 422/432/175 424/434/172 425/435/278 423/433/277
f 423/433/277 425/435/278 410/420/267 411/421/268
f 413/423/270 426/436/279 427/437/280 414/424/271
f 426/436/279 428/438/281 429/439/282 427/437/280
f 414/424/271 427/437/280 430/440/283 416/426/273
f 427/437/280 429/439/282 431/441/284 430/440/283
f 432/442/285 433/443/286 434/444/287 435/445/288
f 435/445/288 434/444/287 436/446/289 437/447/290
f 428/438/281 432/442/285 435/445/288 429/439/282
f 429/439/282 435/445/288 437/447/290 431/441/284
f 438/448/135 439/449/139 440/450/291 441/451/292
f 439/449/139 442/452/190 443/453/293 440/450/291
f 441/451/292 440/450/291 437/447/290 436/446/289
f 440/450/291 443/453/293 431/441/284 437/447/290
f 444/454/139 418/428/140 421/431/276 445/455/294
f 445/455/294 421/431/276 416/426/273 430/440/283
f 442/452/190 444/454/139 445/455/294 443/453/293
f 443/453/293 445/455/294 430/440/283 431/441/284
f 433/443/286 446/456/295 447/457/296 434/444/287
f 446/456/295 448/458/297 449/459/298 447/457/296
f 434/444/287 447/457/296 450/460/299 436/446/289
f 447/457/296 449/459/298 451/461/300 450/460/299
f 452/462/301 453/463/302 454/464/303 455/465/304
f 455/465/304 454/464/303 456/466/305 457/467/306
f 448/458/297 452/462/301 455/465/304 449/459/298
f 449/459/298 455/465/304 457/467/306 451/461/300
f 458/468/135 459/469/172 460/470/307 461/471/308
f 459/469/172 462/472/190 463/473/309 460/470/307
f 461/471/308 460/470/307 457/467/306 456/466/305
f 460/470/307 463/473/309 451/461/300 457/467/306
f 464/474/172 438/448/135 441/451/292 465/475/310
f 465/475/310 441/451/292 436/446/289 450/460/299
f 462/472/190 464/474/172 465/475/310 463/473/309
f 463/473/309 465/475/310 450/460/299 451/461/300
f 453/463/302 466/476/311 467/477/312 454/464/303
f 466/476/311 468/478/313 469/479/314 467/477/312
f 454/464/303 467/477/312 470/480/315 456/466/305
f 467/477/312 469/479/314 471/481/316 470/480/315
f 472/482/317 241/251/119 244/254/122 473/483/318
f 473/483/318 244/254/122 248/258/126 474/484/319
f 468/478/313 472/482/317 473/483/318 469/479/314
f 469/479/314 473/483/318 474/484/319 471/481/316
f 263/273/140 475/485/172 476/486/320 264/274/141
f 475/485/172 477/487/241 478/488/321 476/486/320
f 264/274/141 476/486/320 474/484/319 248/258/126
f 476/486/320 478/488/321 471/481/316 474/484/319
f 479/489/135 458/468/135 461/471/308 480/490/322
f 480/490/322 461/471/308 456/466/305 470/480/315
f 477/487/241 479/489/135 480/490/322 478/488/321
f 478/488/321 480/490/322 470/480/315 471/481/316
f 481/491/323 482/492/324 483/493/325 484/494/326
f 482/492/324 485/495/327 486/496/328 483/493/325
f 484/494/326 483/493/325 487/497/329 488/498/330
f 483/493/325 486/496/328 489/499/331 487/497/329
f 490/500/332 491/501/333 492/502/334 493/503/335
f 493/503/335 492/502/334 494/504/336 495/505/337
f 485/495/327 490/500/332 493/503/335 486/496/328
f 486/496/328 493/503/335 495/505/337 489/499/331
f 496/506/338 497/507/339 498/508/340 499/509/341
f 497/507/339 500/510/342 501/511/343 498/508/340
f 499/509/341 498/508/340 495/505/337 494/504/336
f 498/508/340 501/511/343 489/499/331 495/505/337
f 502/512/344 503/513/345 504/514/346 505/515/347
f 505/515/347 504/514/346 488/498/330 487/497/329
f 500/510/342 502/512/344 505/515/347 501/511/343
f 501/511/343 505/515/347 487/497/329 489/499/331
f 491/501/333 506/516/348 507/517/349 492/502/334
f 506/516/348 508/518/350 509/519/351 507/517/349
f 492/502/334 507/517/349 510/520/352 494/504/336
f 507/517/349 509/519/351 511/521/353 510/520/352
f 512/522/354 513/523/355 514/524/356 515/525/357
f 515/525/357 514/524/356 516/526/358 517/527/359
f 508/518/350 512/522/354 515/525/357 509/519/351
f 509/519/351 515/525/357 517/527/359 511/521/353
f 518/528/360 519/529/345 520/530/361 521/531/362
f 519/529/345 522/532/360 523/533/363 520/530/361
f 521/531/362 520/530/361 517/527/359 516/526/358
f 520/530/361 523/533/363 511/521/353 517/527/359
f 524/534/338 496/506/338 499/509/341 525/535/364
f 525/535/364 499/509/341 494/504/336 510/520/352
f 522/532/360 524/534/338 525/535/364 523/533/363
f 523/533/363 525/535/364 510/520/352 511/521/353
f 513/523/355 526/536/365 527/537/366 514/524/356
f 526/536/365 528/538/367 529/539/368 527/537/366
f 514/524/356 527/537/366 530/540/369 516/526/358
f 527/537/366 529/539/368 531/541/370 530/540/369
f 532/542/371 533/543/372 534/544/373 535/545/374
f 535/545/374 534/544/373 536/546/375 537/547/376
f 528/538/367 532/542/371 535/545/374 529/539/368
f 529/539/368 535/545/374 537/547/376 531/541/370
f 538/548/345 539/549/344 540/550/377 541/551/378
f 539/549/344 542/552/344 543/553/379 540/550/377
f 541/551/378 540/550/377 537/547/376 536/546/375
f 540/550/377 543/553/379 531/541/370 537/547/376
f 544/554/360 518/528/360 521/531/362 545/555/380
f 545/555/380 521/531/362 516/526/358 530/540/369
f 542/552/344 544/554/360 545/555/380 543/553/379
f 543/553/379 545/555/380 530/540/369 531/541/370
f 533/543/372 546/556/381 547/557/382 534/544/373
f 546/556/381 548/558/383 549/559/384 547/557/382
f 534/544/373 547/557/382 550/560/385 536/546/375
f 547/557/382 549/559/384 551/561/386 550/560/385
f 552/562/387 553/563/388 554/564/389 555/565/390
f 555/565/390 554/564/389 556/566/391 557/567/392
f 548/558/383 552/562/387 555/565/390 549/559/384
f 549/559/384 555/565/390 557/567/392 551/561/386
f 558/568/393 559/569/394 560/570/395 561/571/396
f 559/569/394 562/572/344 563/573/397 560/570/395
f 561/571/396 560/570/395 557/567/392 556/566/391
f 560/570/395 563/573/397 551/561/386 557/567/392
f 564/574/398 538/548/345 541/551/378 565/575/399
f 565/575/399 541/551/378 536/546/375 550/560/385
f 562/572/344 564/574/398 565/575/399 563/573/397
f 563/573/397 565/575/399 550/560/385 551/561/386
f 553/563/388 566/576/400 567/577/401 554/564/389
f 566/576/400 568/578/402 569/579/403 567/577/401
f 554/564/389 567/577/401 570/580/404 556/566/391
f 567/577/401 569/579/403 571/581/405 570/580/404
f 572/582/406 573/583/407 574/584/408 575/585/409
f 575/585/409 574/584/408 576/586/410 577/587/411
f 568/578/402 572/582/406 575/585/409 569/579/403
f 569/579/403 575/585/409 577/587/411 571/581/405
f 578/588/360 579/589/345 580/590/412 581/591/413
f 579/589/345 582/592/342 583/593/414 580/590/412
f 581/591/413 580/590/412 577/587/411 576/586/410
f 580/590/412 583/593/414 571/581/405 577/587/411
f 584/594/415 558/568/393 561/571/396 585/595/416
f 585/595/416 561/571/396 556/566/391 570/580/404
f 582/592/342 584/594/415 585/595/416 583/593/414
f 583/593/414 585/595/416 570/580/404 571/581/405
f 573/583/407 586/596/417 587/597/418 574/584/408
f 586/596/417 588/598/419 589/599/420 587/597/418
f 574/584/408 587/597/418 590/600/421 576/586/410
f 587/597/418 589/599/420 591/601/422 590/600/421
f 592/602/423 593/603/424 594/604/425 595/605/426
f 595/605/426 594/604/425 596/606/427 597/607/428
f 588/598/419 592/602/423 595/605/426 589/599/420
f 589/599/420 595/605/426 597/607/428 591/601/422
f 598/608/429 599/609/344 600/610/430 601/611/431
f 599/609/344 602/612/394 603/613/432 600/610/430
f 601/611/431 600/610/430 597/607/428 596/606/427
f 600/610/430 603/613/432 591/601/422 597/607/428
f 604/614/360 578/588/360 581/591/413 605/615/433
f 605/615/433 581/591/413 576/586/410 590/600/421
f 602/612/394 604/614/360 605/615/433 603/613/432
f 603/613/432 605/615/433 590/600/421 591/601/422
f 593/603/424 606/616/434 607/617/435 594/604/425
f 606/616/434 608/618/436 609/619/437 607/617/435
f 594/604/425 607/617/435 610/620/438 596/606/427
f 607/617/435 609/619/437 611/621/439 610/620/438
f 612/622/440 613/623/441 614/624/442 615/625/443
f 615/625/443 614/624/442 616/626/444 617/627/445
f 608/618/436 612/622/440 615/625/443 609/619/437
f 609/619/437 615/625/443 617/627/445 611/621/439
f 618/628/345 619/629/338 620/630/446 621/631/447
f 619/629/338 622/632/448 623/633/449 620/630/446
f 621/631/447 620/630/446 617/627/445 616/626/444
f 620/630/446 623/633/449 611/621/439 617/627/445
f 624/634/450 598/608/429 601/611/431 625/635/451
f 625/635/451 601/611/431 596/606/427 610/620/438
f 622/632/448 624/634/450 625/635/451 623/633/449
f 623/633/449 625/635/451 610/620/438 611/621/439
f 613/623/441 626/636/452 627/637/453 614/624/442
f 626/636/452 628/638/454 629/639/455 627/637/453
f 614/624/442 627/637/453 630/640/456 616/626/444
f 627/637/453 629/639/455 631/641/457 630/640/456
f 632/642/458 633/643/459 634/644/460 635/645/461
f 635/645/461 634/644/460 636/646/462 637/647/463
f 628/638/454 632/642/458 635/645/461 629/639/455
f 629/639/455 635/645/461 637/647/463 631/641/457
f 638/648/338 639/649/345 640/650/464 641/651/465
f 639/649/345 642/652/415 643/653/466 640/650/464
f 641/651/465 640/650/464 637/647/463 636/646/462
f 640/650/464 643/653/466 631/641/457 637/647/463
f 644/654/345 618/628/345 621/631/447 645/655/467
f 645/655/467 621/631/447 616/626/444 630/640/456
f 642/652/415 644/654/345 645/655/467 643/653/466
f 643/653/466 645/655/467 630/640/456 631/641/457
f 633/643/459 646/656/468 647/657/469 634/644/460
f 646/656/468 648/658/470 649/659/471 647/657/469
f 634/644/460 647/657/469 650/660/472 636/646/462
f 647/657/469 649/659/471 651/661/473 650/660/472
f 652/662/474 653/663/475 654/664/476 655/665/477
f 655/665/477 654/664/476 656/666/478 657/667/479
f 648/658/470 652/662/474 655/665/477 649/659/471
f 649/659/471 655/665/477 657/667/479 651/661/473
f 658/668/448 659/669/338 660/670/480 661/671/481
f 659/669/338 662/672/360 663/673/482 660/670/480
f 661/671/481 660/670/480 657/667/479 656/666/478
f 660/670/480 663/673/482 651/661/473 657/667/479
f 664/674/338 638/648/338 641/651/465 665/675/483
f 665/675/483 641/651/465 636/646/462 650/660/472
f 662/672/360 664/674/338 665/675/483 663/673/482
f 663/673/482 665/675/483 650/660/472 651/661/473
f 653/663/475 666/676/484 667/677/485 654/664/476
f 666/676/484 668/678/486 669/679/487 667/677/485
f 654/664/476 667/677/485 670/680/488 656/666/478
f 667/677/485 669/679/487 671/681/489 670/680/488
f 672/682/490 673/683/491 674/684/492 675/685/493
f 675/685/493 674/684/492 676/686/494 677/687/495
f 668/678/486 672/682/490 675/685/493 669/679/487
f 669/679/487 675/685/493 677/687/495 671/681/489
f 678/688/345 679/689/345 680/690/496 681/691/497
f 679/689/345 682/692/360 683/693/498 680/690/496
f 681/691/497 680/690/496 677/687/495 676/686/494
f 680/690/496 683/693/498 671/681/489 677/687/495
f 684/694/345 658/668/448 661/671/481 685/695/499
f 685/695/499 661/671/481 656/666/478 670/680/488
f 682/692/360 684/694/345 685/695/499 683/693/498
f 683/693/498 685/695/499 670/680/488 671/681/489
f 673/683/491 686/696/500 687/697/501 674/684/492
f 686/696/500 688/698/502 689/699/503 687/697/501
f 674/684/492 687/697/501 690/700/504 676/686/494
f 687/697/501 689/699/503 691/701/505 690/700/504
f 692/702/506 693/703/507 694/704/508 695/705/509
f 695/705/509 694/704/508 696/706/510 697/707/511
f 688/698/502 692/702/506 695/705/509 689/699/503
f 689/699/503 695/705/509 697/707/511 691/701/505
f 698/708/393 699/709/360 700/710/512 701/711/513
f 699/709/360 702/712/338 703/713/514 700/710/512
f 701/711/513 700/710/512 697/707/511 696/706/510
f 700/710/512 703/713/514 691/701/505 697/707/511
f 704/714/448 678/688/345 681/691/497 705/715/515
f 705/715/515 681/691/497 676/686/494 690/700/504
f 702/712/338 704/714/448 705/715/515 703/713/514
f 703/713/514 705/715/515 690/700/504 691/701/505
f 693/703/507 706/716/516 707/717/517 694/704/508
f 706/716/516 708/718/518 709/719/519 707/717/517
f 694/704/508 707/717/517 710/720/520 696/706/510
f 707/717/517 709/719/519 711/721/521 710/720/520
f 712/722/522 481/491/323 484/494/326 713/723/523
f 713/723/523 484/494/326 488/498/330 714/724/524
f 708/718/518 712/722/522 713/723/523 709/719/519
f 709/719/519 713/723/523 714/724/524 711/721/521
f 503/513/345 715/725/448 716/726/525 504/514/346
f 715/725/448 717/727/360 718/728/526 716/726/525
f 504/514/346 716/726/525 714/724/524 488/498/330
f 716/726/525 718/728/526 711/721/521 714/724/524
f 719/729/393 698/708/393 701/711/513 720/730/527
f 720/730/527 701/711/513 696/706/510 710/720/520
f 717/727/360 719/729/393 720/730/527 718/728/526
f 718/728/526 720/730/527 710/720/520 711/721/521
f 496/506/338 721/731/360 722/732/342 497/507/339
f 721/731/360 723/733/342 724/734/338 722/732/342
f 497/507/339 722/732/342 725/735/338 500/510/342
f 722/732/342 724/734/338 726/736/338 725/735/338
f 727/737/415 728/738/345 729/739/345 730/740/338
f 730/740/338 729/739/345 731/741/338 732/742/344
f 723/733/342 727/737/415 730/740/338 724/734/338
f 724/734/338 730/740/338 732/742/344 726/736/338
f 503/513/345 502/512/344 733/743/528 734/744/345
f 502/512/344 500/510/342 725/735/338 733/743/528
f 734/744/345 733/743/528 732/742/344 731/741/338
f 733/743/528 725/735/338 726/736/338 732/742/344
f 518/528/360 735/745/415 736/746/345 519/529/345
f 735/745/415 737/747/448 738/748/345 736/746/345
f 519/529/345 736/746/345 739/749/345 522/532/360
f 736/746/345 738/748/345 740/750/448 739/749/345
f 741/751/448 728/738/345 727/737/415 742/752/448
f 742/752/448 727/737/415 723/733/342 743/753/345
f 737/747/448 741/751/448 742/752/448 738/748/345
f 738/748/345 742/752/448 743/753/345 740/750/448
f 496/506/338 524/534/338 744/754/345 721/731/360
f 524/534/338 522/532/360 739/749/345 744/754/345
f 721/731/360 744/754/345 743/753/345 723/733/342
f 744/754/345 739/749/345 740/750/448 743/753/345
f 538/548/345 745/755/448 746/756/338 539/549/344
f 745/755/448 747/757/528 748/758/528 746/756/338
f 539/549/344 746/756/338 749/759/345 542/552/344
f 746/756/338 748/758/528 750/760/529 749/759/345
f 751/761/415 728/738/345 741/751/448 752/762/448
f 752/762/448 741/751/448 737/747/448 753/763/393
f 747/757/528 751/761/415 752/762/448 748/758/528
f 748/758/528 752/762/448 753/763/393 750/760/529
f 518/528/360 544/554/360 754/764/338 735/745/415
f 544/554/360 542/552/344 749/759/345 754/764/338
f 735/745/415 754/764/338 753/763/393 737/747/448
f 754/764/338 749/759/345 750/760/529 753/763/393
f 558/568/393 755/765/360 756/766/448 559/569/394
f 755/765/360 757/767/448 758/768/345 756/766/448
f 559/569/394 756/766/448 759/769/345 562/572/344
f 756/766/448 758/768/345 760/770/530 759/769/345
f 761/771/448 728/738/345 751/761/415 762/772/415
f 762/772/415 751/761/415 747/757/528 763/773/448
f 757/767/448 761/771/448 762/772/415 758/768/345
f 758/768/345 762/772/415 763/773/448 760/770/530
f 538/548/345 564/574/398 764/774/338 745/755/448
f 564/574/398 562/572/344 759/769/345 764/774/338
f 745/755/448 764/774/338 763/773/448 747/757/528
f 764/774/338 759/769/345 760/770/530 763/773/448
f 578/588/360 765/775/394 766/776/345 579/589/345
f 765/775/394 767/777/360 768/778/345 766/776/345
f 579/589/345 766/776/345 769/779/345 582/592/342
f 766/776/345 768/778/345 770/780/448 769/779/345
f 771/781/528 728/738/345 761/771/448 772/782/448
f 772/782/448 761/771/448 757/767/448 773/783/393
f 767/777/360 771/781/528 772/782/448 768/778/345
f 768/778/345 772/782/448 773/783/393 770/780/448
f 558/568/393 584/594/415 774/784/345 755/765/360
f 584/594/415 582/592/342 769/779/345 774/784/345
f 755/765/360 774/784/345 773/783/393 757/767/448
f 774/784/345 769/779/345 770/780/448 773/783/393
f 598/608/429 775/785/345 776/786/528 599/609/344
f 775/785/345 777/787/415 778/788/398 776/786/528
f 599/609/344 776/786/528 779/789/393 602/612/394
f 776/786/528 778/788/398 780/790/393 779/789/393
f 781/791/345 728/738/345 771/781/528 782/792/338
f 782/792/338 771/781/528 767/777/360 783/793/345
f 777/787/415 781/791/345 782/792/338 778/788/398
f 778/788/398 782/792/338 783/793/345 780/790/393
f 578/588/360 604/614/360 784/794/394 765/775/394
f 604/614/360 602/612/394 779/789/393 784/794/394
f 765/775/394 784/794/394 783/793/345 767/777/360
f 784/794/394 779/789/393 780/790/393 783/793/345
f 618/628/345 785/795/528 786/796/345 619/629/338
f 785/795/528 787/797/345 788/798/448 786/796/345
f 619/629/338 786/796/345 789/799/448 622/632/448
f 786/796/345 788/798/448 790/800/344 789/799/448
f 791/801/360 728/738/345 781/791/345 792/802/360
f 792/802/360 781/791/345 777/787/415 793/803/344
f 787/797/345 791/801/360 792/802/360 788/798/448
f 788/798/448 792/802/360 793/803/344 790/800/344
f 598/608/429 624/634/450 794/804/360 775/785/345
f 624/634/450 622/632/448 789/799/448 794/804/360
f 775/785/345 794/804/360 793/803/344 777/787/415
f 794/804/360 789/799/448 790/800/344 793/803/344
f 638/648/338 795/805/448 796/806/393 639/649/345
f 795/805/448 797/807/394 798/808/393 796/806/393
f 639/649/345 796/806/393 799/809/394 642/652/415
f 796/806/393 798/808/393 800/810/360 799/809/394
f 801/811/394 728/738/345 791/801/360 802/812/338
f 802/812/338 791/801/360 787/797/345 803/813/345
f 797/807/394 801/811/394 802/812/338 798/808/393
f 798/808/393 802/812/338 803/813/345 800/810/360
f 618/628/345 644/654/345 804/814/338 785/795/528
f 644/654/345 642/652/415 799/809/394 804/814/338
f 785/795/528 804/814/338 803/813/345 787/797/345
f 804/814/338 799/809/394 800/810/360 803/813/345
f 658/668/448 805/815/345 806/816/448 659/669/338
f 805/815/345 807/817/345 808/818/345 806/816/448
f 659/669/338 806/816/448 809/819/345 662/672/360
f 806/816/448 808/818/345 810/820/360 809/819/345
f 811/821/448 728/738/345 801/811/394 812/822/448
f 812/822/448 801/811/394 797/807/394 813/823/344
f 807/817/345 811/821/448 812/822/448 808/818/345
f 808/818/345 812/822/448 813/823/344 810/820/360
f 638/648/338 664/674/338 814/824/360 795/805/448
f 664/674/338 662/672/360 809/819/345 814/824/360
f 795/805/448 814/824/360 813/823/344 797/807/394
f 814/824/360 809/819/345 810/820/360 813/823/344
f 678/688/345 815/825/415 816/826/360 679/689/345
f 815/825/415 817/827/394 818/828/344 816/826/360
f 679/689/345 816/826/360 819/829/345 682/692/360
f 816/826/360 818/828/344 820/830/360 819/829/345
f 821/831/342 728/738/345 811/821/448 822/832/448
f 822/832/448 811/821/448 807/817/345 823/833/338
f 817/827/394 821/831/342 822/832/448 818/828/344
f 818/828/344 822/832/448 823/833/338 820/830/360
f 658/668/448 684/694/345 824/834/531 805/815/345
f 684/694/345 682/692/360 819/829/345 824/834/531
f 805/815/345 824/834/531 823/833/338 807/817/345
f 824/834/531 819/829/345 820/830/360 823/833/338
f 698/708/393 825/835/360 826/836/393 699/709/360
f 825/835/360 827/837/338 828/838/345 826/836/393
f 699/709/360 826/836/393 829/839/528 702/712/338
f 826/836/393 828/838/345 830/840/342 829/839/528
f 831/841/360 728/738/345 821/831/342 832/842/393
f 832/842/393 821/831/342 817/827/394 833/843/345
f 827/837/338 831/841/360 832/842/393 828/838/345
f 828/838/345 832/842/393 833/843/345 830/840/342
f 678/688/345 704/714/448 834/844/338 815/825/415
f 704/714/448 702/712/338 829/839/528 834/844/338
f 815/825/415 834/844/338 833/843/345 817/827/394
f 834/844/338 829/839/528 830/840/342 833/843/345
f 503/513/345 734/744/345 835/845/360 715/725/448
f 734/744/345 731/741/338 836/846/344 835/845/360
f 715/725/448 835/845/360 837/847/360 717/727/360
f 835/845/360 836/846/344 838/848/345 837/847/360
f 729/739/345 728/738/345 831/841/360 839/849/360
f 839/849/360 831/841/360 827/837/338 840/850/342
f 731/741/338 729/739/345 839/849/360 836/846/344
f 836/846/344 839/849/360 840/850/342 838/848/345
f 698/708/393 719/729/393 841/851/345 825/835/360
f 719/729/393 717/727/360 837/847/360 841/851/345
f 825/835/360 841/851/345 840/850/342 827/837/338
f 841/851/345 837/847/360 838/848/345 840/850/342
f 256/266/134 842/852/175 843/853/134 257/267/135
f 842/852/175 844/854/135 845/855/135 843/853/134
f 257/267/135 843/853/134 846/856/135 260/270/134
f 843/853/134 845/855/135 847/857/134 846/856/135
f 848/858/135 849/859/140 850/860/140 851/861/135
f 851/861/135 850/860/140 852/862/172 853/863/140
f 844/854/135 848/858/135 851/861/135 845/855/135
f 845/855/135 851/861/135 853/863/140 847/857/134
f 263/273/140 262/272/139 854/864/134 855/865/140
f 262/272/139 260/270/134 846/856/135 854/864/134
f 855/865/140 854/864/134 853/863/140 852/862/172
f 854/864/134 846/856/135 847/857/134 853/863/140
f 278/288/155 856/866/134 857/867/532 279/289/135
f 856/866/134 858/868/139 859/869/140 857/867/532
f 279/289/135 857/867/532 860/870/241 282/292/140
f 857/867/532 859/869/140 861/871/139 860/870/241
f 862/872/155 849/859/140 848/858/135 863/873/209
f 863/873/209 848/858/135 844/854/135 864/874/134
f 858/868/139 862/872/155 863/873/209 859/869/140
f 859/869/140 863/873/209 864/874/134 861/871/139
f 256/266/134 284/294/134 865/875/140 842/852/175
f 284/294/134 282/292/140 860/870/241 865/875/140
f 842/852/175 865/875/140 864/874/134 844/854/135
f 865/875/140 860/870/241 861/871/139 864/874/134
f 298/308/134 866/876/172 867/877/172 299/309/172
f 866/876/172 868/878/134 869/879/135 867/877/172
f 299/309/172 867/877/172 870/880/134 302/312/175
f 867/877/172 869/879/135 871/881/134 870/880/134
f 872/882/172 849/859/140 862/872/155 873/883/172
f 873/883/172 862/872/155 858/868/139 874/884/172
f 868/878/134 872/882/172 873/883/172 869/879/135
f 869/879/135 873/883/172 874/884/172 871/881/134
f 278/288/155 304/314/140 875/885/135 856/866/134
f 304/314/140 302/312/175 870/880/134 875/885/135
f 856/866/134 875/885/135 874/884/172 858/868/139
f 875/885/135 870/880/134 871/881/134 874/884/172
f 318/328/135 876/886/172 877/887/139 319/329/190
f 876/886/172 878/888/241 879/889/140 877/887/139
f 319/329/190 877/887/139 880/890/135 322/332/139
f 877/887/139 879/889/140 881/891/241 880/890/135
f 882/892/209 849/859/140 872/882/172 883/893/172
f 883/893/172 872/882/172 868/878/134 884/894/209
f 878/888/241 882/892/209 883/893/172 879/889/140
f 879/889/140 883/893/172 884/894/209 881/891/241
f 298/308/134 324/334/135 885/895/139 866/876/172
f 324/334/135 322/332/139 880/890/135 885/895/139
f 866/876/172 885/895/139 884/894/209 868/878/134
f 885/895/139 880/890/135 881/891/241 884/894/209
f 338/348/175 886/896/172 887/897/172 339/349/155
f 886/896/172 888/898/134 889/899/172 887/897/172
f 339/349/155 887/897/172 890/900/135 342/352/209
f 887/897/172 889/899/172 891/901/175 890/900/135
f 892/902/172 849/859/140 882/892/209 893/903/209
f 893/903/209 882/892/209 878/888/241 894/904/135
f 888/898/134 892/902/172 893/903/209 889/899/172
f 889/899/172 893/903/209 894/904/135 891/901/175
f 318/328/135 344/354/190 895/905/139 876/886/172
f 344/354/190 342/352/209 890/900/135 895/905/139
f 876/886/172 895/905/139 894/904/135 878/888/241
f 895/905/139 890/900/135 891/901/175 894/904/135
f 358/368/135 896/906/175 897/907/135 359/369/135
f 896/906/175 898/908/172 899/909/172 897/907/135
f 359/369/135 897/907/135 900/910/134 362/372/134
f 897/907/135 899/909/172 901/911/134 900/910/134
f 902/912/140 849/859/140 892/902/172 903/913/172
f 903/913/172 892/902/172 888/898/134 904/914/155
f 898/908/172 902/912/140 903/913/172 899/909/172
f 899/909/172 903/913/172 904/914/155 901/911/134
f 338/348/175 364/374/209 905/915/172 886/896/172
f 364/374/209 362/372/134 900/910/134 905/915/172
f 886/896/172 905/915/172 904/914/155 888/898/134
f 905/915/172 900/910/134 901/911/134 904/914/155
f 378/388/240 906/916/134 907/917/140 379/389/241
f 906/916/134 908/918/155 909/919/241 907/917/140
f 379/389/241 907/917/140 910/920/175 382/392/155
f 907/917/140 909/919/241 911/921/175 910/920/175
f 912/922/135 849/859/140 902/912/140 913/923/139
f 913/923/139 902/912/140 898/908/172 914/924/135
f 908/918/155 912/922/135 913/923/139 909/919/241
f 909/919/241 913/923/139 914/924/135 911/921/175
f 358/368/135 384/394/135 915/925/533 896/906/175
f 384/394/135 382/392/155 910/920/175 915/925/533
f 896/906/175 915/925/533 914/924/135 898/908/172
f 915/925/533 910/920/175 911/921/175 914/924/135
f 398/408/135 916/926/532 917/927/134 399/409/139
f 916/926/532 918/928/135 919/929/134 917/927/134
f 399/409/139 917/927/134 920/930/135 402/412/134
f 917/927/134 919/929/134 921/931/134 920/930/135
f 922/932/135 849/859/140 912/922/135 923/933/135
f 923/933/135 912/922/135 908/918/155 924/934/140
f 918/928/135 922/932/135 923/933/135 919/929/134
f 919/929/134 923/933/135 924/934/140 921/931/134
f 378/388/240 404/414/261 925/935/134 906/916/134
f 404/414/261 402/412/134 920/930/135 925/935/134
f 906/916/134 925/935/134 924/934/140 908/918/155
f 925/935/134 920/930/135 921/931/134 924/934/140
f 418/428/140 926/936/209 927/937/175 419/429/172
f 926/936/209 928/938/140 929/939/241 927/937/175
f 419/429/172 927/937/175 930/940/155 422/432/175
f 927/937/175 929/939/241 931/941/155 930/940/155
f 932/942/155 849/859/140 922/932/135 933/943/134
f 933/943/134 922/932/135 918/928/135 934/944/172
f 928/938/140 932/942/155 933/943/134 929/939/241
f 929/939/241 933/943/134 934/944/172 931/941/155
f 398/408/135 424/434/172 935/945/241 916/926/532
f 424/434/172 422/432/175 930/940/155 935/945/241
f 916/926/532 935/945/241 934/944/172 918/928/135
f 935/945/241 930/940/155 931/941/155 934/944/172
f 438/448/135 936/946/209 937/947/172 439/449/139
f 936/946/209 938/948/172 939/949/134 937/947/172
f 439/449/139 937/947/172 940/950/172 442/452/190
f 937/947/172 939/949/134 941/951/135 940/950/172
f 942/952/172 849/859/140 932/942/155 943/953/209
f 943/953/209 932/942/155 928/938/140 944/954/134
f 938/948/172 942/952/172 943/953/209 939/949/134
f 939/949/134 943/953/209 944/954/134 941/951/135
f 418/428/140 444/454/139 945/955/134 926/936/209
f 444/454/139 442/452/190 940/950/172 945/955/134
f 926/936/209 945/955/134 944/954/134 928/938/140
f 945/955/134 940/950/172 941/951/135 944/954/134
f 458/468/135 946/956/209 947/957/241 459/469/172
f 946/956/209 948/958/155 949/959/134 947/957/241
f 459/469/172 947/957/241 950/960/209 462/472/190
f 947/957/241 949/959/134 951/961/135 950/960/209
f 952/962/140 849/859/140 942/952/172 953/963/172
f 953/963/172 942/952/172 938/948/172 954/964/241
f 948/958/155 952/962/140 953/963/172 949/959/134
f 949/959/134 953/963/172 954/964/241 951/961/135
f 438/448/135 464/474/172 955/965/172 936/946/209
f 464/474/172 462/472/190 950/960/209 955/965/172
f 936/946/209 955/965/172 954/964/241 938/948/172
f 955/965/172 950/960/209 951/961/135 954/964/241
f 263/273/140 855/865/140 956/966/134 475/485/172
f 855/865/140 852/862/172 957/967/172 956/966/134
f 475/485/172 956/966/134 958/968/140 477/487/241
f 956/966/134 957/967/172 959/969/140 958/968/140
f 850/860/140 849/859/140 952/962/140 960/970/175
f 960/970/175 952/962/140 948/958/155 961/971/134
f 852/862/172 850/860/140 960/970/175 957/967/172
f 957/967/172 960/970/175 961/971/134 959/969/140
f 458/468/135 479/489/135 962/972/134 946/956/209
f 479/489/135 477/487/241 958/968/140 962/972/134
f 946/956/209 962/972/134 961/971/134 948/958/155
f 962/972/134 958/968/140 959/969/140 961/971/134
f 11/11/1 963/973/534 964/974/535 12/12/2
f 963/973/534 965/975/536 966/976/537 964/974/535
f 12/12/2 964/974/535 967/977/538 14/14/4
f 964/974/535 966/976/537 968/978/539 967/977/538
f 969/979/540 491/980/333 490/981/332 970/982/541
f 970/982/541 490/981/332 485/983/327 971/984/542
f 965/975/536 969/979/540 970/982/541 966/976/537
f 966/976/537 970/982/541 971/984/542 968/978/539
f 481/985/323 972/986/543 973/987/544 482/988/324
f 972/986/543 974/989/545 975/990/546 973/987/544
f 482/988/324 973/987/544 971/984/542 485/983/327
f 973/987/544 975/990/546 968/978/539 971/984/542
f 976/991/547 16/16/5 19/19/6 977/992/548
f 977/992/548 19/19/6 14/14/4 967/977/538
f 974/989/545 976/991/547 977/992/548 975/990/546
f 975/990/546 977/992/548 967/977/538 968/978/539
f 23/23/5 978/993/549 979/994/550 24/24/6
f 978/993/549 980/995/551 981/996/552 979/994/550
f 24/24/6 979/994/550 982/997/553 8/8/4
f 979/994/550 981/996/552 983/998/554 982/997/553
f 984/999/555 251/1000/129 250/1001/128 985/1002/556
f 985/1002/556 250/1001/128 245/1003/123 986/1004/557
f 980/995/551 984/999/555 985/1002/556 981/996/552
f 981/996/552 985/1002/556 986/1004/557 983/998/554
f 241/1005/119 987/1006/558 988/1007/559 242/1008/120
f 987/1006/558 989/1009/560 990/1010/561 988/1007/559
f 242/1008/120 988/1007/559 986/1004/557 245/1003/123
f 988/1007/559 990/1010/561 983/998/554 986/1004/557
f 991/1011/562 1/1/1 4/4/2 992/1012/563
f 992/1012/563 4/4/2 8/8/4 982/997/553
f 989/1009/560 991/1011/562 992/1012/563 990/1010/561
f 990/1010/561 992/1012/563 982/997/553 983/998/554
f 36/36/8 993/1013/564 994/1014/565 37/37/11
f 993/1013/564 995/1015/566 996/1016/567 994/1014/565
f 37/37/11 994/1014/565 997/1017/568 39/39/15
f 994/1014/565 996/1016/567 998/1018/569 997/1017/568
f 999/1019/570 513/1020/355 512/1021/354 1000/1022/571
f 1000/1022/571 512/1021/354 508/1023/350 1001/1024/572
f 995/1015/566 999/1019/570 1000/1022/571 996/1016/567
f 996/1016/567 1000/1022/571 1001/1024/572 998/1018/569
f 491/980/333 969/979/540 1002/1025/573 506/1026/348
f 969/979/540 965/975/536 1003/1027/574 1002/1025/573
f 506/1026/348 1002/1025/573 1001/1024/572 508/1023/350
f 1002/1025/573 1003/1027/574 998/1018/569 1001/1024/572
f 963/973/534 11/11/1 42/42/17 1004/1028/575
f 1004/1028/575 42/42/17 39/39/15 997/1017/568
f 965/975/536 963/973/534 1004/1028/575 1003/1027/574
f 1003/1027/574 1004/1028/575 997/1017/568 998/1018/569
f 1/1/1 991/1011/562 1005/1029/576 44/44/17
f 991/1011/562 989/1009/560 1006/1030/577 1005/1029/576
f 44/44/17 1005/1029/576 1007/1031/578 33/33/13
f 1005/1029/576 1006/1030/577 1008/1032/579 1007/1031/578
f 987/1006/558 241/1005/119 472/1033/317 1009/1034/580
f 1009/1034/580 472/1033/317 468/1035/313 1010/1036/581
f 989/1009/560 987/1006/558 1009/1034/580 1006/1030/577
f 1006/1030/577 1009/1034/580 1010/1036/581 1008/1032/579
f 453/1037/302 1011/1038/582 1012/1039/583 466/1040/311
f 1011/1038/582 1013/1041/584 1014/1042/585 1012/1039/583
f 466/1040/311 1012/1039/583 1010/1036/581 468/1035/313
f 1012/1039/583 1014/1042/585 1008/1032/579 1010/1036/581
f 1015/1043/586 26/26/7 29/29/10 1016/1044/587
f 1016/1044/587 29/29/10 33/33/13 1007/1031/578
f 1013/1041/584 1015/1043/586 1016/1044/587 1014/1042/585
f 1014/1042/585 1016/1044/587 1007/1031/578 1008/1032/579
f 56/56/27 1017/1045/588 1018/1046/589 57/57/28
f 1017/1045/588 1019/1047/590 1020/1048/591 1018/1046/589
f 57/57/28 1018/1046/589 1021/1049/592 59/59/30
f 1018/1046/589 1020/1048/591 1022/1050/593 1021/1049/592
f 1023/1051/594 533/1052/372 532/1053/371 1024/1054/595
f 1024/1054/595 532/1053/371 528/1055/367 1025/1056/596
f 1019/1047/590 1023/1051/594 1024/1054/595 1020/1048/591
f 1020/1048/591 1024/1054/595 1025/1056/596 1022/1050/593
f 513/1020/355 999/1019/570 1026/1057/597 526/1058/365
f 999/1019/570 995/1015/566 1027/1059/598 1026/1057/597
f 526/1058/365 1026/1057/597 1025/1056/596 528/1055/367
f 1026/1057/597 1027/1059/598 1022/1050/593 1025/1056/596
f 993/1013/564 36/36/8 62/62/31 1028/1060/599
f 1028/1060/599 62/62/31 59/59/30 1021/1049/592
f 995/1015/566 993/1013/564 1028/1060/599 1027/1059/598
f 1027/1059/598 1028/1060/599 1021/1049/592 1022/1050/593
f 26/26/7 1015/1043/586 1029/1061/600 64/64/31
f 1015/1043/586 1013/1041/584 1030/1062/601 1029/1061/600
f 64/64/31 1029/1061/600 1031/1063/602 53/53/26
f 1029/1061/600 1030/1062/601 1032/1064/603 1031/1063/602
f 1011/1038/582 453/1037/302 452/1065/301 1033/1066/604
f 1033/1066/604 452/1065/301 448/1067/297 1034/1068/605
f 1013/1041/584 1011/1038/582 1033/1066/604 1030/1062/601
f 1030/1062/601 1033/1066/604 1034/1068/605 1032/1064/603
f 433/1069/286 1035/1070/606 1036/1071/607 446/1072/295
f 1035/1070/606 1037/1073/608 1038/1074/609 1036/1071/607
f 446/1072/295 1036/1071/607 1034/1068/605 448/1067/297
f 1036/1071/607 1038/1074/609 1032/1064/603 1034/1068/605
f 1039/1075/610 46/46/20 49/49/23 1040/1076/611
f 1040/1076/611 49/49/23 53/53/26 1031/1063/602
f 1037/1073/608 1039/1075/610 1040/1076/611 1038/1074/609
f 1038/1074/609 1040/1076/611 1031/1063/602 1032/1064/603
f 76/76/32 1041/1077/612 1042/1078/613 77/77/37
f 1041/1077/612 1043/1079/614 1044/1080/615 1042/1078/613
f 77/77/37 1042/1078/613 1045/1081/616 79/79/38
f 1042/1078/613 1044/1080/615 1046/1082/617 1045/1081/616
f 1047/1083/618 553/1084/388 552/1085/387 1048/1086/619
f 1048/1086/619 552/1085/387 548/1087/383 1049/1088/620
f 1043/1079/614 1047/1083/618 1048/1086/619 1044/1080/615
f 1044/1080/615 1048/1086/619 1049/1088/620 1046/1082/617
f 533/1052/372 1023/1051/594 1050/1089/621 546/1090/381
f 1023/1051/594 1019/1047/590 1051/1091/622 1050/1089/621
f 546/1090/381 1050/1089/621 1049/1088/620 548/1087/383
f 1050/1089/621 1051/1091/622 1046/1082/617 1049/1088/620
f 1017/1045/588 56/56/27 82/82/40 1052/1092/623
f 1052/1092/623 82/82/40 79/79/38 1045/1081/616
f 1019/1047/590 1017/1045/588 1052/1092/623 1051/1091/622
f 1051/1091/622 1052/1092/623 1045/1081/616 1046/1082/617
f 46/46/20 1039/1075/610 1053/1093/624 84/84/42
f 1039/1075/610 1037/1073/608 1054/1094/625 1053/1093/624
f 84/84/42 1053/1093/624 1055/1095/626 73/73/35
f 1053/1093/624 1054/1094/625 1056/1096/627 1055/1095/626
f 1035/1070/606 433/1069/286 432/1097/285 1057/1098/628
f 1057/1098/628 432/1097/285 428/1099/281 1058/1100/629
f 1037/1073/608 1035/1070/606 1057/1098/628 1054/1094/625
f 1054/1094/625 1057/1098/628 1058/1100/629 1056/1096/627
f 413/1101/270 1059/1102/630 1060/1103/631 426/1104/279
f 1059/1102/630 1061/1105/632 1062/1106/633 1060/1103/631
f 426/1104/279 1060/1103/631 1058/1100/629 428/1099/281
f 1060/1103/631 1062/1106/633 1056/1096/627 1058/1100/629
f 1063/1107/634 66/66/32 69/69/33 1064/1108/635
f 1064/1108/635 69/69/33 73/73/35 1055/1095/626
f 1061/1105/632 1063/1107/634 1064/1108/635 1062/1106/633
f 1062/1106/633 1064/1108/635 1055/1095/626 1056/1096/627
f 96/96/44 1065/1109/636 1066/1110/637 97/97/47
f 1065/1109/636 1067/1111/638 1068/1112/639 1066/1110/637
f 97/97/47 1066/1110/637 1069/1113/640 99/99/52
f 1066/1110/637 1068/1112/639 1070/1114/641 1069/1113/640
f 1071/1115/642 573/1116/407 572/1117/406 1072/1118/643
f 1072/1118/643 572/1117/406 568/1119/402 1073/1120/644
f 1067/1111/638 1071/1115/642 1072/1118/643 1068/1112/639
f 1068/1112/639 1072/1118/643 1073/1120/644 1070/1114/641
f 553/1084/388 1047/1083/618 1074/1121/645 566/1122/400
f 1047/1083/618 1043/1079/614 1075/1123/646 1074/1121/645
f 566/1122/400 1074/1121/645 1073/1120/644 568/1119/402
f 1074/1121/645 1075/1123/646 1070/1114/641 1073/1120/644
f 1041/1077/612 76/76/32 102/102/54 1076/1124/647
f 1076/1124/647 102/102/54 99/99/52 1069/1113/640
f 1043/1079/614 1041/1077/612 1076/1124/647 1075/1123/646
f 1075/1123/646 1076/1124/647 1069/1113/640 1070/1114/641
f 66/66/32 1063/1107/634 1077/1125/648 104/104/53
f 1063/1107/634 1061/1105/632 1078/1126/649 1077/1125/648
f 104/104/53 1077/1125/648 1079/1127/650 93/93/49
f 1077/1125/648 1078/1126/649 1080/1128/651 1079/1127/650
f 1059/1102/630 413/1101/270 412/1129/269 1081/1130/652
f 1081/1130/652 412/1129/269 408/1131/265 1082/1132/653
f 1061/1105/632 1059/1102/630 1081/1130/652 1078/1126/649
f 1078/1126/649 1081/1130/652 1082/1132/653 1080/1128/651
f 393/1133/253 1083/1134/654 1084/1135/655 406/1136/263
f 1083/1134/654 1085/1137/656 1086/1138/657 1084/1135/655
f 406/1136/263 1084/1135/655 1082/1132/653 408/1131/265
f 1084/1135/655 1086/1138/657 1080/1128/651 1082/1132/653
f 1087/1139/658 86/86/44 89/89/46 1088/1140/659
f 1088/1140/659 89/89/46 93/93/49 1079/1127/650
f 1085/1137/656 1087/1139/658 1088/1140/659 1086/1138/657
f 1086/1138/657 1088/1140/659 1079/1127/650 1080/1128/651
f 116/116/55 1089/1141/660 1090/1142/661 117/117/56
f 1089/1141/660 1091/1143/662 1092/1144/663 1090/1142/661
f 117/117/56 1090/1142/661 1093/1145/664 119/119/58
f 1090/1142/661 1092/1144/663 1094/1146/665 1093/1145/664
f 1095/1147/666 593/1148/424 592/1149/423 1096/1150/667
f 1096/1150/667 592/1149/423 588/1151/419 1097/1152/668
f 1091/1143/662 1095/1147/666 1096/1150/667 1092/1144/663
f 1092/1144/663 1096/1150/667 1097/1152/668 1094/1146/665
f 573/1116/407 1071/1115/642 1098/1153/669 586/1154/417
f 1071/1115/642 1067/1111/638 1099/1155/670 1098/1153/669
f 586/1154/417 1098/1153/669 1097/1152/668 588/1151/419
f 1098/1153/669 1099/1155/670 1094/1146/665 1097/1152/668
f 1065/1109/636 96/96/44 122/122/60 1100/1156/671
f 1100/1156/671 122/122/60 119/119/58 1093/1145/664
f 1067/1111/638 1065/1109/636 1100/1156/671 1099/1155/670
f 1099/1155/670 1100/1156/671 1093/1145/664 1094/1146/665
f 86/86/44 1087/1139/658 1101/1157/672 124/124/59
f 1087/1139/658 1085/1137/656 1102/1158/673 1101/1157/672
f 124/124/59 1101/1157/672 1103/1159/674 113/113/58
f 1101/1157/672 1102/1158/673 1104/1160/675 1103/1159/674
f 1083/1134/654 393/1133/253 392/1161/252 1105/1162/676
f 1105/1162/676 392/1161/252 388/1163/248 1106/1164/677
f 1085/1137/656 1083/1134/654 1105/1162/676 1102/1158/673
f 1102/1158/673 1105/1162/676 1106/1164/677 1104/1160/675
f 373/1165/235 1107/1166/678 1108/1167/679 386/1168/246
f 1107/1166/678 1109/1169/680 1110/1170/681 1108/1167/679
f 386/1168/246 1108/1167/679 1106/1164/677 388/1163/248
f 1108/1167/679 1110/1170/681 1104/1160/675 1106/1164/677
f 1111/1171/682 106/106/55 109/109/56 1112/1172/683
f 1112/1172/683 109/109/56 113/113/58 1103/1159/674
f 1109/1169/680 1111/1171/682 1112/1172/683 1110/1170/681
f 1110/1170/681 1112/1172/683 1103/1159/674 1104/1160/675
f 136/136/61 1113/1173/684 1114/1174/685 137/137/63
f 1113/1173/684 1115/1175/686 1116/1176/687 1114/1174/685
f 137/137/63 1114/1174/685 1117/1177/688 139/139/64
f 1114/1174/685 1116/1176/687 1118/1178/689 1117/1177/688
f 1119/1179/690 613/1180/441 612/1181/440 1120/1182/691
f 1120/1182/691 612/1181/440 608/1183/436 1121/1184/692
f 1115/1175/686 1119/1179/690 1120/1182/691 1116/1176/687
f 1116/1176/687 1120/1182/691 1121/1184/692 1118/1178/689
f 593/1148/424 1095/1147/666 1122/1185/693 606/1186/434
f 1095/1147/666 1091/1143/662 1123/1187/694 1122/1185/693
f 606/1186/434 1122/1185/693 1121/1184/692 608/1183/436
f 1122/1185/693 1123/1187/694 1118/1178/689 1121/1184/692
f 1089/1141/660 116/116/55 142/142/66 1124/1188/695
f 1124/1188/695 142/142/66 139/139/64 1117/1177/688
f 1091/1143/662 1089/1141/660 1124/1188/695 1123/1187/694
f 1123/1187/694 1124/1188/695 1117/1177/688 1118/1178/689
f 106/106/55 1111/1171/682 1125/1189/696 144/144/66
f 1111/1171/682 1109/1169/680 1126/1190/697 1125/1189/696
f 144/144/66 1125/1189/696 1127/1191/698 133/133/65
f 1125/1189/696 1126/1190/697 1128/1192/699 1127/1191/698
f 1107/1166/678 373/1165/235 372/1193/234 1129/1194/700
f 1129/1194/700 372/1193/234 368/1195/230 1130/1196/701
f 1109/1169/680 1107/1166/678 1129/1194/700 1126/1190/697
f 1126/1190/697 1129/1194/700 1130/1196/701 1128/1192/699
f 353/1197/219 1131/1198/702 1132/1199/703 366/1200/228
f 1131/1198/702 1133/1201/704 1134/1202/705 1132/1199/703
f 366/1200/228 1132/1199/703 1130/1196/701 368/1195/230
f 1132/1199/703 1134/1202/705 1128/1192/699 1130/1196/701
f 1135/1203/706 126/126/61 129/129/63 1136/1204/707
f 1136/1204/707 129/129/63 133/133/65 1127/1191/698
f 1133/1201/704 1135/1203/706 1136/1204/707 1134/1202/705
f 1134/1202/705 1136/1204/707 1127/1191/698 1128/1192/699
f 156/156/71 1137/1205/708 1138/1206/709 157/157/77
f 1137/1205/708 1139/1207/710 1140/1208/711 1138/1206/709
f 157/157/77 1138/1206/709 1141/1209/712 159/159/75
f 1138/1206/709 1140/1208/711 1142/1210/713 1141/1209/712
f 1143/1211/714 633/1212/459 632/1213/458 1144/1214/715
f 1144/1214/715 632/1213/458 628/1215/454 1145/1216/716
f 1139/1207/710 1143/1211/714 1144/1214/715 1140/1208/711
f 1140/1208/711 1144/1214/715 1145/1216/716 1142/1210/713
f 613/1217/441 1119/1218/690 1146/1219/717 626/1220/452
f 1119/1218/690 1115/1221/686 1147/1222/718 1146/1219/717
f 626/1220/452 1146/1219/717 1145/1216/716 628/1215/454
f 1146/1219/717 1147/1222/718 1142/1210/713 1145/1216/716
f 1113/1223/684 136/161/61 162/164/80 1148/1224/719
f 1148/1224/719 162/164/80 159/159/75 1141/1209/712
f 1115/1221/686 1113/1223/684 1148/1224/719 1147/1222/718
f 1147/1222/718 1148/1224/719 1141/1209/712 1142/1210/713
f 126/168/61 1135/1225/706 1149/1226/720 164/169/82
f 1135/1225/706 1133/1227/704 1150/1228/721 1149/1226/720
f 164/169/82 1149/1226/720 1151/1229/722 153/153/74
f 1149/1226/720 1150/1228/721 1152/1230/723 1151/1229/722
f 1131/1231/702 353/1232/219 352/1233/218 1153/1234/724
f 1153/1234/724 352/1233/218 348/1235/214 1154/1236/725
f 1133/1227/704 1131/1231/702 1153/1234/724 1150/1228/721
f 1150/1228/721 1153/1234/724 1154/1236/725 1152/1230/723
f 333/1237/202 1155/1238/726 1156/1239/727 346/1240/212
f 1155/1238/726 1157/1241/728 1158/1242/729 1156/1239/727
f 346/1240/212 1156/1239/727 1154/1236/725 348/1235/214
f 1156/1239/727 1158/1242/729 1152/1230/723 1154/1236/725
f 1159/1243/730 146/146/67 149/149/70 1160/1244/731
f 1160/1244/731 149/149/70 153/153/74 1151/1229/722
f 1157/1241/728 1159/1243/730 1160/1244/731 1158/1242/729
f 1158/1242/729 1160/1244/731 1151/1229/722 1152/1230/723
f 176/181/84 1161/1245/732 1162/1246/733 177/182/86
f 1161/1245/732 1163/1247/734 1164/1248/735 1162/1246/733
f 177/182/86 1162/1246/733 1165/1249/736 179/184/93
f 1162/1246/733 1164/1248/735 1166/1250/737 1165/1249/736
f 1167/1251/738 653/1252/475 652/1253/474 1168/1254/739
f 1168/1254/739 652/1253/474 648/1255/470 1169/1256/740
f 1163/1247/734 1167/1251/738 1168/1254/739 1164/1248/735
f 1164/1248/735 1168/1254/739 1169/1256/740 1166/1250/737
f 633/1212/459 1143/1211/714 1170/1257/741 646/1258/468
f 1143/1211/714 1139/1207/710 1171/1259/742 1170/1257/741
f 646/1258/468 1170/1257/741 1169/1256/740 648/1255/470
f 1170/1257/741 1171/1259/742 1166/1250/737 1169/1256/740
f 1137/1205/708 156/156/71 182/187/94 1172/1260/743
f 1172/1260/743 182/187/94 179/184/93 1165/1249/736
f 1139/1207/710 1137/1205/708 1172/1260/743 1171/1259/742
f 1171/1259/742 1172/1260/743 1165/1249/736 1166/1250/737
f 146/146/67 1159/1243/730 1173/1261/744 184/189/96
f 1159/1243/730 1157/1241/728 1174/1262/745 1173/1261/744
f 184/189/96 1173/1261/744 1175/1263/746 173/178/89
f 1173/1261/744 1174/1262/745 1176/1264/747 1175/1263/746
f 1155/1238/726 333/1237/202 332/1265/201 1177/1266/748
f 1177/1266/748 332/1265/201 328/1267/197 1178/1268/749
f 1157/1241/728 1155/1238/726 1177/1266/748 1174/1262/745
f 1174/1262/745 1177/1266/748 1178/1268/749 1176/1264/747
f 313/1269/185 1179/1270/750 1180/1271/751 326/1272/195
f 1179/1270/750 1181/1273/752 1182/1274/753 1180/1271/751
f 326/1272/195 1180/1271/751 1178/1268/749 328/1267/197
f 1180/1271/751 1182/1274/753 1176/1264/747 1178/1268/749
f 1183/1275/754 166/171/84 169/174/87 1184/1276/755
f 1184/1276/755 169/174/87 173/178/89 1175/1263/746
f 1181/1273/752 1183/1275/754 1184/1276/755 1182/1274/753
f 1182/1274/753 1184/1276/755 1175/1263/746 1176/1264/747
f 196/201/97 1185/1277/756 1186/1278/757 197/202/98
f 1185/1277/756 1187/1279/758 1188/1280/759 1186/1278/757
f 197/202/98 1186/1278/757 1189/1281/760 199/204/101
f 1186/1278/757 1188/1280/759 1190/1282/761 1189/1281/760
f 1191/1283/762 673/1284/491 672/1285/490 1192/1286/763
f 1192/1286/763 672/1285/490 668/1287/486 1193/1288/764
f 1187/1279/758 1191/1283/762 1192/1286/763 1188/1280/759
f 1188/1280/759 1192/1286/763 1193/1288/764 1190/1282/761
f 653/1252/475 1167/1251/738 1194/1289/765 666/1290/484
f 1167/1251/738 1163/1247/734 1195/1291/766 1194/1289/765
f 666/1290/484 1194/1289/765 1193/1288/764 668/1287/486
f 1194/1289/765 1195/1291/766 1190/1282/761 1193/1288/764
f 1161/1245/732 176/181/84 202/207/103 1196/1292/767
f 1196/1292/767 202/207/103 199/204/101 1189/1281/760
f 1163/1247/734 1161/1245/732 1196/1292/767 1195/1291/766
f 1195/1291/766 1196/1292/767 1189/1281/760 1190/1282/761
f 166/171/84 1183/1275/754 1197/1293/768 204/209/105
f 1183/1275/754 1181/1273/752 1198/1294/769 1197/1293/768
f 204/209/105 1197/1293/768 1199/1295/770 193/198/99
f 1197/1293/768 1198/1294/769 1200/1296/771 1199/1295/770
f 1179/1270/750 313/1269/185 312/1297/184 1201/1298/772
f 1201/1298/772 312/1297/184 308/1299/180 1202/1300/773
f 1181/1273/752 1179/1270/750 1201/1298/772 1198/1294/769
f 1198/1294/769 1201/1298/772 1202/1300/773 1200/1296/771
f 293/1301/167 1203/1302/774 1204/1303/775 306/1304/178
f 1203/1302/774 1205/1305/776 1206/1306/777 1204/1303/775
f 306/1304/178 1204/1303/775 1202/1300/773 308/1299/180
f 1204/1303/775 1206/1306/777 1200/1296/771 1202/1300/773
f 1207/1307/778 186/191/97 189/194/98 1208/1308/779
f 1208/1308/779 189/194/98 193/198/99 1199/1295/770
f 1205/1305/776 1207/1307/778 1208/1308/779 1206/1306/777
f 1206/1306/777 1208/1308/779 1199/1295/770 1200/1296/771
f 216/221/106 1209/1309/780 1210/1310/781 217/222/107
f 1209/1309/780 1211/1311/782 1212/1312/783 1210/1310/781
f 217/222/107 1210/1310/781 1213/1313/784 219/224/110
f 1210/1310/781 1212/1312/783 1214/1314/785 1213/1313/784
f 1215/1315/786 693/1316/507 692/1317/506 1216/1318/787
f 1216/1318/787 692/1317/506 688/1319/502 1217/1320/788
f 1211/1311/782 1215/1315/786 1216/1318/787 1212/1312/783
f 1212/1312/783 1216/1318/787 1217/1320/788 1214/1314/785
f 673/1284/491 1191/1283/762 1218/1321/789 686/1322/500
f 1191/1283/762 1187/1279/758 1219/1323/790 1218/1321/789
f 686/1322/500 1218/1321/789 1217/1320/788 688/1319/502
f 1218/1321/789 1219/1323/790 1214/1314/785 1217/1320/788
f 1185/1277/756 196/201/97 222/227/111 1220/1324/791
f 1220/1324/791 222/227/111 219/224/110 1213/1313/784
f 1187/1279/758 1185/1277/756 1220/1324/791 1219/1323/790
f 1219/1323/790 1220/1324/791 1213/1313/784 1214/1314/785
f 186/191/97 1207/1307/778 1221/1325/792 224/229/113
f 1207/1307/778 1205/1305/776 1222/1326/793 1221/1325/792
f 224/229/113 1221/1325/792 1223/1327/794 213/218/109
f 1221/1325/792 1222/1326/793 1224/1328/795 1223/1327/794
f 1203/1302/774 293/1301/167 292/1329/166 1225/1330/796
f 1225/1330/796 292/1329/166 288/1331/162 1226/1332/797
f 1205/1305/776 1203/1302/774 1225/1330/796 1222/1326/793
f 1222/1326/793 1225/1330/796 1226/1332/797 1224/1328/795
f 273/1333/150 1227/1334/798 1228/1335/799 286/1336/160
f 1227/1334/798 1229/1337/800 1230/1338/801 1228/1335/799
f 286/1336/160 1228/1335/799 1226/1332/797 288/1331/162
f 1228/1335/799 1230/1338/801 1224/1328/795 1226/1332/797
f 1231/1339/802 206/211/106 209/214/107 1232/1340/803
f 1232/1340/803 209/214/107 213/218/109 1223/1327/794
f 1229/1337/800 1231/1339/802 1232/1340/803 1230/1338/801
f 1230/1338/801 1232/1340/803 1223/1327/794 1224/1328/795
f 16/16/5 976/991/547 1233/1341/804 232/237/114
f 976/991/547 974/989/545 1234/1342/805 1233/1341/804
f 232/237/114 1233/1341/804 1235/1343/806 234/239/116
f 1233/1341/804 1234/1342/805 1236/1344/807 1235/1343/806
f 972/986/543 481/985/323 712/1345/522 1237/1346/808
f 1237/1346/808 712/1345/522 708/1347/518 1238/1348/809
f 974/989/545 972/986/543 1237/1346/808 1234/1342/805
f 1234/1342/805 1237/1346/808 1238/1348/809 1236/1344/807
f 693/1349/507 1215/1350/786 1239/1351/810 706/1352/516
f 1215/1350/786 1211/1353/782 1240/1354/811 1239/1351/810
f 706/1352/516 1239/1351/810 1238/1348/809 708/1347/518
f 1239/1351/810 1240/1354/811 1236/1344/807 1238/1348/809
f 1209/1355/780 216/241/106 237/244/118 1241/1356/812
f 1241/1356/812 237/244/118 234/239/116 1235/1343/806
f 1211/1353/782 1209/1355/780 1241/1356/812 1240/1354/811
f 1240/1354/811 1241/1356/812 1235/1343/806 1236/1344/807
f 206/248/106 1231/1357/802 1242/1358/813 239/249/118
f 1231/1357/802 1229/1359/800 1243/1360/814 1242/1358/813
f 239/249/118 1242/1358/813 1244/1361/815 230/235/115
f 1242/1358/813 1243/1360/814 1245/1362/816 1244/1361/815
f 1227/1363/798 273/1364/150 272/1365/149 1246/1366/817
f 1246/1366/817 272/1365/149 268/1367/145 1247/1368/818
f 1229/1359/800 1227/1363/798 1246/1366/817 1243/1360/814
f 1243/1360/814 1246/1366/817 1247/1368/818 1245/1362/816
f 251/1000/129 984/999/555 1248/1369/819 266/1370/143
f 984/999/555 980/995/551 1249/1371/820 1248/1369/819
f 266/1370/143 1248/1369/819 1247/1368/818 268/1367/145
f 1248/1369/819 1249/1371/820 1245/1362/816 1247/1368/818
f 978/993/549 23/23/5 227/232/114 1250/1372/821
f 1250/1372/821 227/232/114 230/235/115 1244/1361/815
f 980/995/551 978/993/549 1250/1372/821 1249/1371/820
f 1249/1371/820 1250/1372/821 1244/1361/815 1245/1362/816
